pozo_id,empresa_grupo,yacimiento,petroleo_prom_m3,meses,water_cut_prom,gor_prom,tipo_fluido,etapa_pozo
3640,Petrolera,EL CARACOL,66.70775850730386,181,63.4,61.8,Petrolífero,Maduro (>60%)
3640,Tango,EL CARACOL,24.97609187,3,68.6,84.1,Petrolífero,Maduro (>60%)
3640,Vista Energy,EL CARACOL,46.94255357142857,56,64.9,111.0,Petrolífero,Maduro (>60%)
8043,Tecpetrol,FORTIN DE PIEDRA,32.259998466666666,15,53.8,5832.3,Gasífero,Intermedio (30-60%)
34769,Pan American Energy,LINDERO ATRAVESADO OCCIDENTAL,2.0812484545454546,11,52.2,14442.6,Gasífero,Intermedio (30-60%)
42900,Petrobras,BAJADA DEL PALO,38.86836363636364,22,0.0,0.0,Petrolífero,Temprano (<30%)
42900,Petrolera,BAJADA DEL PALO,96.18448695000001,120,61.1,160.1,Petrolífero,Maduro (>60%)
42900,Vista Energy,BAJADA DEL PALO,59.55325,52,66.7,176.5,Petrolífero,Maduro (>60%)
42905,Petrobras,BAJADA DEL PALO,159.9823181818182,22,6.0,90.6,Petrolífero,Temprano (<30%)
42905,Petrolera,BAJADA DEL PALO,263.80618210236224,127,6.7,98.6,Petrolífero,Temprano (<30%)
42905,Vista Energy,BAJADA DEL PALO,151.85796618333333,60,30.6,62.1,Petrolífero,Intermedio (30-60%)
42927,Petrobras,BORDE MONTUOSO,2.1666666666666665,3,13.3,0.0,Petrolífero,Temprano (<30%)
42927,Petrolera,BORDE MONTUOSO,142.1939234423077,52,61.1,189.3,Petrolífero,Maduro (>60%)
42927,Vista Energy,BORDE MONTUOSO,40.22027272727273,11,74.3,254.5,Petrolífero,Maduro (>60%)
42933,Petrobras,MEDANO DE LA MORA,9.499166666666667,6,0.0,0.0,Petrolífero,Temprano (<30%)
42933,Petrolera,MEDANO DE LA MORA,409.93095228,50,8.8,205.9,Petrolífero,Temprano (<30%)
42933,Vista Energy,MEDANO DE LA MORA,333.60806451612905,31,2.9,186.4,Petrolífero,Temprano (<30%)
42936,Petrobras,PUESTO SIN NOMBRE,35.581,16,0.0,0.0,Petrolífero,Temprano (<30%)
42936,Petrolera,PUESTO SIN NOMBRE,47.3369233826087,115,10.5,151.9,Petrolífero,Temprano (<30%)
42936,Vista Energy,PUESTO SIN NOMBRE,14.8895,6,0.7,0.0,Petrolífero,Temprano (<30%)
78404,Flxs,CENTENARIO CENTRO,1.723753636363636,11,70.8,27322.3,Gasífero,Maduro (>60%)
109930,Quintana,CERRO LIUPUCA,64.43068370579556,10,78.4,24.4,Petrolífero,Maduro (>60%)
109930,YPF,CERRO LIUPUCA,67.34777777777778,18,83.2,40.1,Petrolífero,Maduro (>60%)
113912,YPF,LOMA ALTA,94.52548387096775,31,91.8,718.6,Petrolífero,Maduro (>60%)
113941,YPF,LOS CAVAOS,33.0675,32,84.8,1604.9,Petrolífero,Maduro (>60%)
114039,YPF,LOS CAVAOS,32.57266666666667,30,94.7,204.2,Petrolífero,Maduro (>60%)
114270,YPF,LOS CAVAOS,75.88677419354838,31,91.8,221.3,Petrolífero,Maduro (>60%)
114277,YPF,LOS CAVAOS,19.5471875,32,98.1,418.0,Petrolífero,Maduro (>60%)
114371,YPF,LOS CAVAOS,22.520625,32,93.7,1499.6,Petrolífero,Maduro (>60%)
114437,YPF,LOS CAVAOS,14.204137931034483,29,77.5,380.4,Petrolífero,Maduro (>60%)
114502,YPF,LOS CAVAOS,37.353793103448275,29,94.7,780.0,Petrolífero,Maduro (>60%)
114515,YPF,LOS CAVAOS,5.62875,32,92.6,411.8,Petrolífero,Maduro (>60%)
114517,YPF,LOS CAVAOS,73.08,32,87.1,63.7,Petrolífero,Maduro (>60%)
114543,YPF,LOS CAVAOS,13.246363636363638,22,83.8,2406.7,Petrolífero,Maduro (>60%)
114546,YPF,LOS CAVAOS,18.488666666666667,30,92.2,4439.0,Gasífero,Maduro (>60%)
114550,YPF,LOS CAVAOS,5.8156,25,96.0,1355.4,Petrolífero,Maduro (>60%)
114557,YPF,RIO GRANDE,64.85533333333333,30,91.9,1142.4,Petrolífero,Maduro (>60%)
114616,YPF,MALAL DEL MEDIO,9.878181818181817,22,89.8,88.4,Petrolífero,Maduro (>60%)
114621,YPF,MALAL DEL MEDIO,42.01870967741935,31,87.3,661.1,Petrolífero,Maduro (>60%)
114668,YPF,MALAL DEL MEDIO,30.80290322580645,31,98.0,2909.9,Petrolífero,Maduro (>60%)
114670,YPF,MALAL DEL MEDIO,230.3878125,32,85.3,869.7,Petrolífero,Maduro (>60%)
114682,YPF,MALAL DEL MEDIO,46.29346153846154,26,78.6,34.6,Petrolífero,Maduro (>60%)
114694,YPF,MALAL DEL MEDIO,16.27225806451613,31,64.4,3188.9,Gasífero,Maduro (>60%)
114711,YPF,RIO GRANDE,66.7815625,32,75.5,1266.2,Petrolífero,Maduro (>60%)
120022,Quintana,CERRO NEGRO,435.7653975659081,14,88.6,106.7,Petrolífero,Maduro (>60%)
120022,YPF,CERRO NEGRO,567.2783333333333,18,84.8,25.8,Petrolífero,Maduro (>60%)
125143,Quintana,CERRO NEGRO,17.34752169249156,14,30.8,156.7,Petrolífero,Intermedio (30-60%)
125143,YPF,CERRO NEGRO,14.808125,16,42.7,232.6,Petrolífero,Intermedio (30-60%)
126238,YPF,LOS CAVAOS,27.46206896551724,29,96.0,1109.1,Petrolífero,Maduro (>60%)
126393,YPF,LOS CAVAOS,3.6306249999999998,32,95.3,2156.6,Petrolífero,Maduro (>60%)
126808,Capex,AGUA DEL CAJON,54.474736842105266,228,39.1,498.0,Petrolífero,Intermedio (30-60%)
128164,YPF,LOMA ALTA,5.765000000000001,4,61.8,467.0,Petrolífero,Maduro (>60%)
131098,YPF,MALAL DEL MEDIO,13.572857142857144,21,66.8,18.2,Petrolífero,Maduro (>60%)
134528,YPF,LOMA CAMPANA-LLL,129.57419354838711,31,62.4,1740.3,Petrolífero,Maduro (>60%)
135147,YPF,LOMA CAMPANA-LLL,99.94886363636364,88,23.3,300.2,Petrolífero,Temprano (<30%)
135480,YPF,LOMA CAMPANA-LLL,41.84010810810811,185,21.3,517.3,Petrolífero,Temprano (<30%)
135484,YPF,LOMA CAMPANA,149.31923076923078,143,9.8,131.9,Petrolífero,Temprano (<30%)
135803,YPF,LOMA LA LATA,72.22520231213872,173,27.2,849.3,Petrolífero,Temprano (<30%)
135925,YPF,LOMA CAMPANA-LLL,62.42463157894737,95,20.6,2337.9,Petrolífero,Temprano (<30%)
136044,YPF,BAJADA DE AÑELO,165.80555555555554,45,17.9,328.4,Petrolífero,Temprano (<30%)
136057,YPF,MALAL DEL MEDIO,22.72142857142857,28,98.7,2450.4,Petrolífero,Maduro (>60%)
136060,YPF,LOMA CAMPANA-LLL,123.07681318681318,182,33.0,994.5,Petrolífero,Intermedio (30-60%)
136085,Madalena,COIRON AMARGO SUR ESTE,2.616032,3,6.0,53.5,Petrolífero,Temprano (<30%)
136085,Pan American Energy,COIRON AMARGO SUR ESTE,22.58478836,25,80.1,0.0,Petrolífero,Maduro (>60%)
136085,Roch,COIRON AMARGO SUR ESTE,64.3824045263158,57,39.4,6.7,Petrolífero,Intermedio (30-60%)
136203,YPF,LOMA CAMPANA-LLL,106.77269230769231,182,36.7,943.4,Petrolífero,Intermedio (30-60%)
136211,YPF,LOMA CAMPANA-LLL,544.7666964285714,112,2.8,615.7,Petrolífero,Temprano (<30%)
136381,YPF,LOMA CAMPANA-LLL,172.75884955752213,113,25.6,391.1,Petrolífero,Temprano (<30%)
136402,YPF,LOMA CAMPANA-LLL,110.83052631578947,133,54.9,485.9,Petrolífero,Intermedio (30-60%)
136404,YPF,LOMA CAMPANA-LLL,217.36012578616354,159,42.0,272.4,Petrolífero,Intermedio (30-60%)
136469,YPF,LOMA CAMPANA-LLL,901.534,10,0.4,386.2,Petrolífero,Temprano (<30%)
136588,YPF,LA AMARGA CHICA,155.3892391304348,92,34.0,76.3,Petrolífero,Intermedio (30-60%)
136589,YPF,LOMA CAMPANA-LLL,75.25889570552148,163,48.7,449.9,Petrolífero,Intermedio (30-60%)
136725,YPF,LOMA CAMPANA-LLL,228.06898305084746,59,4.9,487.8,Petrolífero,Temprano (<30%)
136735,YPF,LOMA CAMPANA-LLL,65.3545197740113,177,29.3,403.1,Petrolífero,Temprano (<30%)
136895,YPF,LOMA CAMPANA-LLL,86.46102409638554,166,24.6,567.9,Petrolífero,Temprano (<30%)
136897,YPF,LOMA CAMPANA-LLL,49.57084745762711,177,70.8,715.4,Petrolífero,Maduro (>60%)
136903,YPF,LOMA CAMPANA-LLL,102.855,4,89.3,1156.5,Petrolífero,Maduro (>60%)
136917,YPF,MATA MORA NORTE,132.572,5,5.6,107.1,Petrolífero,Temprano (<30%)
136996,YPF,LOMA CAMPANA-LLL,254.84462365591398,93,12.9,326.6,Petrolífero,Temprano (<30%)
136997,YPF,LOMA CAMPANA-LLL,40.71204081632653,147,32.9,496.9,Petrolífero,Intermedio (30-60%)
136999,YPF,MALAL DEL MEDIO,11.453125,32,93.8,2027.0,Petrolífero,Maduro (>60%)
137000,YPF,RIO GRANDE,28.677083333333332,24,91.4,1503.2,Petrolífero,Maduro (>60%)
137007,YPF,LOMA AMARILLA,63.28000000000001,3,81.0,401.2,Petrolífero,Maduro (>60%)
137008,YPF,LOMA CAMPANA,281.0551666666667,120,22.9,174.8,Petrolífero,Temprano (<30%)
137082,Pluspetrol,LOMA JARILLOSA ESTE,66.39879120879121,91,4.4,22.6,Petrolífero,Temprano (<30%)
137229,YPF,PAYUN OESTE,39.39573529411764,68,53.4,92.0,Petrolífero,Intermedio (30-60%)
137233,YPF,MALAL DEL MEDIO,43.5205,20,66.8,118.5,Petrolífero,Maduro (>60%)
137237,YPF,EL OREJANO,3.9200000000000004,5,97.2,252676.5,Gasífero,Maduro (>60%)
137238,YPF,LOMA CAMPANA-LLL,173.63532258064515,124,36.7,599.8,Petrolífero,Intermedio (30-60%)
137239,YPF,LOMA CAMPANA-LLL,72.19999999999999,2,0.0,514.2,Petrolífero,Temprano (<30%)
137240,YPF,LOMA CAMPANA-LLL,118.70311827956989,93,65.5,540.4,Petrolífero,Maduro (>60%)
137242,YPF,SIERRA BARROSA,61.91905405405406,148,32.0,451.5,Petrolífero,Intermedio (30-60%)
137388,YPF,CORRALERA NORESTE,24.29,2,91.7,10672.1,Gasífero,Maduro (>60%)
137389,YPF,LOMA DEL MOLLE,1.16,1,99.9,1006931.0,Gasífero,Maduro (>60%)
137390,YPF,LOMA CAMPANA-LLL,123.18963855421687,83,72.7,582.3,Petrolífero,Maduro (>60%)
137416,Pan American Energy,LINDERO ATRAVESADO OCCIDENTAL,70.80872327906977,86,31.1,673.6,Petrolífero,Intermedio (30-60%)
137438,Pluspetrol,LOMA JARILLOSA ESTE,61.187444444444445,90,7.7,27.1,Petrolífero,Temprano (<30%)
137473,YPF,BAJO DEL TORO NORTE,171.6584,50,24.8,188.4,Petrolífero,Temprano (<30%)
137475,YPF,LOMA CAMPANA-LLL,97.29339285714286,168,29.2,747.1,Petrolífero,Temprano (<30%)
137534,Pan American Energy,LINDERO ATRAVESADO ORIENTAL,32.76961294117647,51,50.6,28.8,Petrolífero,Intermedio (30-60%)
137564,Geopark,PUESTO SILVA OESTE,33.240654,10,0.0,0.0,Petrolífero,Temprano (<30%)
137564,Pluspetrol,PUESTO SILVA OESTE,89.18881118881119,143,0.3,1.2,Petrolífero,Temprano (<30%)
137565,Pluspetrol,CENTENARIO CENTRO,37.93761904761905,63,60.6,586.0,Petrolífero,Maduro (>60%)
137592,TotalEnergies,AGUADA PICHANA ESTE VACA MUERTA,10.213333333333333,3,84.2,73720.1,Gasífero,Maduro (>60%)
137609,YPF,LOMA CAMPANA-LLL,98.9609195402299,87,75.5,597.7,Petrolífero,Maduro (>60%)
137610,YPF,LOMA CAMPANA-LLL,69.29622754491018,167,38.8,1202.6,Petrolífero,Intermedio (30-60%)
137680,Capetrol,AGUADA DEL CHIVATO,24.604,10,25.5,1373.2,Petrolífero,Temprano (<30%)
137680,Medanito,AGUADA DEL CHIVATO,116.29124225225226,111,46.2,389.7,Petrolífero,Intermedio (30-60%)
137680,Patagonia,AGUADA DEL CHIVATO,23.732590909090906,22,24.5,1258.2,Petrolífero,Temprano (<30%)
137741,YPF,LOMA CAMPANA-LLL,205.2449494949495,99,40.9,424.0,Petrolífero,Intermedio (30-60%)
137742,YPF,LOMA CAMPANA-LLL,43.23513888888888,144,56.3,877.2,Petrolífero,Intermedio (30-60%)
137745,YPF,LOMA CAMPANA-LLL,36.46598802395209,167,34.5,505.7,Petrolífero,Intermedio (30-60%)
137789,Pluspetrol,CENTENARIO CENTRO,15.842790697674419,43,38.6,3844.0,Gasífero,Intermedio (30-60%)
143869,YPF,LOMA CAMPANA-LLL,769.705,2,34.6,193.7,Petrolífero,Intermedio (30-60%)
143870,YPF,LOMA CAMPANA-LLL,73.02207792207793,77,27.4,871.1,Petrolífero,Temprano (<30%)
143875,YPF,LOMA AMARILLA SUR,99.9212,75,32.9,117.0,Petrolífero,Intermedio (30-60%)
143959,Geopark,PUESTO SILVA OESTE,33.240654,10,0.0,0.0,Petrolífero,Temprano (<30%)
143959,Pluspetrol,PUESTO SILVA OESTE,68.90505050505051,99,1.2,0.6,Petrolífero,Temprano (<30%)
143963,Americas Petrogas,LOS TOLDOS ESTE,162.24902857142857,35,39.7,171.6,Petrolífero,Intermedio (30-60%)
144007,Bentia,BAJO BARDA GONZALEZ,71.196,12,37.9,183.5,Petrolífero,Intermedio (30-60%)
144007,YPF,BAJO BARDA GONZALEZ,66.22764705882352,17,18.9,248.3,Petrolífero,Temprano (<30%)
144107,TotalEnergies,SAN ROQUE VACA MUERTA,156.98173811320754,53,41.6,223.1,Petrolífero,Intermedio (30-60%)
144136,YPF,LOMA CAMPANA-LLL,78.6148148148148,108,39.7,652.7,Petrolífero,Intermedio (30-60%)
144263,YPF,LOMA CAMPANA-LLL,37.245185185185186,54,49.8,548.2,Petrolífero,Intermedio (30-60%)
144264,YPF,LOMA CAMPANA-LLL,130.15782608695653,46,25.7,1040.6,Petrolífero,Temprano (<30%)
144266,Bentia,BARDA GONZALEZ,23.606333333333332,9,24.9,827.0,Petrolífero,Temprano (<30%)
144266,YPF,BARDA GONZALEZ,17.305,2,38.8,570.6,Petrolífero,Intermedio (30-60%)
144272,Pluspetrol,LOMA JARILLOSA ESTE,45.9525,84,4.6,3.5,Petrolífero,Temprano (<30%)
144287,Petrolera,AGUADA DEL PONCHO,97.76321212121212,33,18.9,186.3,Petrolífero,Temprano (<30%)
144287,Vista Energy,AGUADA DEL PONCHO,76.30397344444445,27,0.0,279.6,Petrolífero,Temprano (<30%)
144344,Americas Petrogas,TOTORAL,93.35,2,89.0,24.5,Petrolífero,Maduro (>60%)
144384,YPF,LA AMARGA CHICA,196.31212962962962,108,17.0,106.6,Petrolífero,Temprano (<30%)
144385,YPF,BANDURRIA SUR,482.5981159420289,69,8.4,149.0,Petrolífero,Temprano (<30%)
144386,YPF,LOMA CAMPANA-LLL,210.08303030303028,33,57.2,1284.1,Petrolífero,Intermedio (30-60%)
144387,YPF,LOMA CAMPANA-LLL,60.38980769230769,156,68.1,457.9,Petrolífero,Maduro (>60%)
144388,YPF,LOMA CAMPANA-LLL,133.33638036809816,163,32.1,622.9,Petrolífero,Intermedio (30-60%)
144416,YPF,MALAL DEL MEDIO,4.2773076923076925,26,95.7,459.0,Petrolífero,Maduro (>60%)
144520,YPF,LOMA CAMPANA-LLL,68.04978102189781,137,36.9,453.6,Petrolífero,Intermedio (30-60%)
144521,YPF,LOMA CAMPANA-LLL,157.18712962962962,108,39.1,344.5,Petrolífero,Intermedio (30-60%)
144522,YPF,LOMA CAMPANA-LLL,191.3777922077922,77,57.6,411.3,Petrolífero,Intermedio (30-60%)
144556,Pluspetrol,PUESTO SILVA OESTE,32.74690476190476,84,0.6,1.9,Petrolífero,Temprano (<30%)
144634,O&G Developments,SIERRAS BLANCAS,327.6836754244876,51,7.0,98.3,Petrolífero,Temprano (<30%)
144634,Shell,SIERRAS BLANCAS,148.89796296296296,54,5.3,92.1,Petrolífero,Temprano (<30%)
144652,YPF,LOMA CAMPANA-LLL,45.99595744680851,141,45.3,619.7,Petrolífero,Intermedio (30-60%)
144653,YPF,LOMA CAMPANA-LLL,74.1327536231884,69,64.5,640.5,Petrolífero,Maduro (>60%)
144654,YPF,LOMA CAMPANA-LLL,22.941811594202896,138,75.0,701.1,Petrolífero,Maduro (>60%)
144655,YPF,LOMA CAMPANA-LLL,73.61814814814815,162,42.2,1164.7,Petrolífero,Intermedio (30-60%)
144656,YPF,LOMA CAMPANA-LLL,130.87646153846154,130,32.3,933.4,Petrolífero,Intermedio (30-60%)
144657,YPF,LOMA CAMPANA-LLL,191.93805970149253,67,38.5,806.2,Petrolífero,Intermedio (30-60%)
144658,YPF,LAS TACANAS I,26.76,1,94.5,23320.3,Gasífero,Maduro (>60%)
144689,Capetrol,AGUADA DEL CHIVATO,47.806,10,47.5,217.6,Petrolífero,Intermedio (30-60%)
144689,Medanito,AGUADA DEL CHIVATO,59.468453980582524,103,46.2,332.6,Petrolífero,Intermedio (30-60%)
144689,Patagonia,AGUADA DEL CHIVATO,44.86554838709678,31,44.7,186.1,Petrolífero,Intermedio (30-60%)
144701,TotalEnergies,RINCON LA CENIZA,328.40000000000003,4,43.4,819.4,Petrolífero,Intermedio (30-60%)
144710,Flxs,CENTENARIO CENTRO,1.6432594545454544,11,69.5,25634.3,Gasífero,Maduro (>60%)
144796,YPF,LOS CAVAOS,60.7888,25,97.0,739.2,Petrolífero,Maduro (>60%)
144850,YPF,BANDURRIA SUR,122.71139130434783,115,35.9,363.3,Petrolífero,Intermedio (30-60%)
144852,YPF,LOMA CAMPANA-LLL,119.97341772151898,158,18.3,700.1,Petrolífero,Temprano (<30%)
144853,YPF,LOMA CAMPANA-LLL,80.15949367088608,158,37.6,463.0,Petrolífero,Intermedio (30-60%)
144856,YPF,NARAMBUENA,115.06605769230768,104,24.7,128.9,Petrolífero,Temprano (<30%)
144882,Chevron,EL TRAPIAL,81.7,12,90.5,4275.3,Gasífero,Maduro (>60%)
144940,YPF,LOMA CAMPANA-LLL,50.818924050632916,158,68.3,1727.8,Petrolífero,Maduro (>60%)
144941,YPF,LOMA CAMPANA-LLL,104.0008,100,69.7,1152.7,Petrolífero,Maduro (>60%)
144942,YPF,LOMA CAMPANA-LLL,92.86087378640777,103,63.9,881.5,Petrolífero,Maduro (>60%)
144943,YPF,LOMA CAMPANA-LLL,53.79051282051282,78,80.2,1314.1,Petrolífero,Maduro (>60%)
144946,YPF,LOMA CAMPANA-LLL,59.516,160,46.5,409.8,Petrolífero,Intermedio (30-60%)
145001,Pampa Energía,RINCON DE ARANDA,162.24755555555555,9,3.4,62.8,Petrolífero,Temprano (<30%)
145001,Petrobras,RINCON DE ARANDA,222.69121875,32,12.4,76.0,Petrolífero,Temprano (<30%)
145032,Americas Petrogas,AGUADA LOS LOROS,44.5,2,96.0,25179.8,Gasífero,Maduro (>60%)
145032,ExxonMobil,AGUADA LOS LOROS,85.13095238095238,63,48.8,6111.3,Gasífero,Intermedio (30-60%)
145043,O&G Developments,SIERRAS BLANCAS,359.1254270791803,54,6.8,83.2,Petrolífero,Temprano (<30%)
145043,Shell,SIERRAS BLANCAS,89.64704545454546,44,3.4,84.4,Petrolífero,Temprano (<30%)
145081,YPF,LOMA CAMPANA-LLL,100.8268674698795,83,58.8,816.0,Petrolífero,Intermedio (30-60%)
145082,YPF,LOMA CAMPANA-LLL,70.74815789473683,152,41.2,1785.9,Petrolífero,Intermedio (30-60%)
145083,YPF,LOMA CAMPANA-LLL,40.13213836477988,159,46.1,514.4,Petrolífero,Intermedio (30-60%)
145084,YPF,LOMA CAMPANA-LLL,65.45364779874214,159,32.9,614.2,Petrolífero,Intermedio (30-60%)
145085,YPF,LOMA CAMPANA-LLL,122.978417721519,158,26.6,426.4,Petrolífero,Temprano (<30%)
145086,YPF,LOMA CAMPANA-LLL,81.5556129032258,155,36.9,533.4,Petrolífero,Intermedio (30-60%)
145087,YPF,LOMA CAMPANA-LLL,83.9198,150,27.2,448.8,Petrolífero,Temprano (<30%)
145088,YPF,LOMA CAMPANA-LLL,79.39158273381295,139,33.3,387.7,Petrolífero,Intermedio (30-60%)
145089,YPF,LOMA CAMPANA-LLL,105.93161764705881,68,20.6,921.2,Petrolífero,Temprano (<30%)
145090,YPF,LOMA CAMPANA-LLL,73.18879746835442,158,28.3,432.0,Petrolífero,Temprano (<30%)
145091,YPF,LOMA CAMPANA-LLL,75.36182389937106,159,25.6,352.9,Petrolífero,Temprano (<30%)
145092,YPF,LOMA CAMPANA-LLL,52.37930817610063,159,31.7,439.4,Petrolífero,Intermedio (30-60%)
145093,YPF,LOMA CAMPANA-LLL,123.72454545454545,99,25.3,259.6,Petrolífero,Temprano (<30%)
145136,Bentia,GUANACO,4.1706666666666665,12,62.0,24891.3,Gasífero,Maduro (>60%)
145136,YPF,GUANACO,10.833529411764705,17,54.0,9769.8,Gasífero,Intermedio (30-60%)
145199,TotalEnergies,SAN ROQUE VACA MUERTA,167.98666666666665,3,61.8,238.9,Petrolífero,Maduro (>60%)
145200,TotalEnergies,LA ESCALONADA,590.819575,4,37.2,308.6,Petrolífero,Intermedio (30-60%)
145244,YPF,LOS CAVAOS,117.42724137931035,29,86.5,496.7,Petrolífero,Maduro (>60%)
145256,YPF,LOMA CAMPANA-LLL,157.64372262773722,137,34.1,819.0,Petrolífero,Intermedio (30-60%)
145261,YPF,LOMA CAMPANA-LLL,79.10816326530613,98,60.5,987.8,Petrolífero,Maduro (>60%)
145263,YPF,LOMA CAMPANA-LLL,137.18307189542483,153,15.2,210.3,Petrolífero,Temprano (<30%)
145264,YPF,LOMA CAMPANA-LLL,117.20620000000001,100,18.5,254.8,Petrolífero,Temprano (<30%)
145295,Petrobras,SIERRA CHATA,3.7016666666666667,3,99.3,266869.2,Gasífero,Maduro (>60%)
145386,YPF,LOMA CAMPANA-LLL,143.46076433121019,157,29.5,701.1,Petrolífero,Temprano (<30%)
145387,YPF,LOMA CAMPANA-LLL,146.48573248407644,157,26.2,641.3,Petrolífero,Temprano (<30%)
145388,YPF,LOMA CAMPANA-LLL,101.67096153846154,156,33.4,842.7,Petrolífero,Intermedio (30-60%)
145389,YPF,LOMA CAMPANA-LLL,100.39224358974359,156,40.3,797.9,Petrolífero,Intermedio (30-60%)
145390,YPF,LOMA CAMPANA-LLL,92.24153846153847,156,15.5,225.1,Petrolífero,Temprano (<30%)
145458,O&G Developments,AGUILA MORA,575.6363636363636,11,44.1,287.1,Petrolífero,Intermedio (30-60%)
145458,Vista Energy,AGUILA MORA,158.7799756097561,41,25.3,230.8,Petrolífero,Temprano (<30%)
145475,Chevron,EL TRAPIAL,65.9315,20,51.1,580.7,Petrolífero,Intermedio (30-60%)
145536,YPF,MALAL DEL MEDIO,26.270799999999998,25,91.0,167.7,Petrolífero,Maduro (>60%)
145542,YPF,LOMA CAMPANA-LLL,50.78416,125,55.0,630.9,Petrolífero,Intermedio (30-60%)
145543,YPF,LOMA CAMPANA-LLL,39.41232258064516,155,66.5,932.0,Petrolífero,Maduro (>60%)
145544,YPF,LOMA CAMPANA-LLL,59.5470707070707,99,61.4,782.4,Petrolífero,Maduro (>60%)
145545,YPF,LOMA CAMPANA-LLL,103.84043103448276,116,37.4,292.4,Petrolífero,Intermedio (30-60%)
145546,YPF,LOMA CAMPANA-LLL,58.5751282051282,156,65.5,242.1,Petrolífero,Maduro (>60%)
145550,YPF,LOMA CAMPANA,379.4422727272727,66,13.6,152.7,Petrolífero,Temprano (<30%)
145551,YPF,LOMA CAMPANA,133.54885964912282,114,31.2,354.9,Petrolífero,Intermedio (30-60%)
145552,YPF,LOMA CAMPANA,102.2840909090909,66,47.6,176.9,Petrolífero,Intermedio (30-60%)
145608,TotalEnergies,PAMPA DE LAS YEGUAS II,230.47766666666666,3,65.7,1425.3,Petrolífero,Maduro (>60%)
145713,YPF,LOMA CAMPANA-LLL,29.63309677419355,155,81.6,1210.5,Petrolífero,Maduro (>60%)
145714,YPF,LOMA CAMPANA-LLL,77.73761904761905,126,59.5,942.3,Petrolífero,Intermedio (30-60%)
145715,YPF,LOMA CAMPANA-LLL,56.045741935483875,155,59.3,809.2,Petrolífero,Intermedio (30-60%)
145716,YPF,LOMA CAMPANA-LLL,60.88818181818182,154,61.2,944.3,Petrolífero,Maduro (>60%)
145717,YPF,LOMA CAMPANA-LLL,77.08356643356643,143,69.6,869.4,Petrolífero,Maduro (>60%)
145718,YPF,LOMA CAMPANA-LLL,88.60344155844156,154,66.9,778.0,Petrolífero,Maduro (>60%)
145719,YPF,LOMA CAMPANA-LLL,59.32857142857143,154,59.1,1119.3,Petrolífero,Intermedio (30-60%)
145720,YPF,LOMA CAMPANA-LLL,43.43412162162162,148,68.2,1018.5,Petrolífero,Maduro (>60%)
145721,YPF,LOMA CAMPANA-LLL,116.511452991453,117,26.1,289.4,Petrolífero,Temprano (<30%)
145722,YPF,LOMA CAMPANA-LLL,81.20114093959731,149,65.4,256.2,Petrolífero,Maduro (>60%)
145723,YPF,LOMA CAMPANA-LLL,74.22742424242425,132,35.0,337.5,Petrolífero,Intermedio (30-60%)
145724,YPF,LOMA CAMPANA-LLL,158.08853932584267,89,26.1,254.6,Petrolífero,Temprano (<30%)
145734,YPF,LOMA CAMPANA,260.0660294117647,68,14.7,166.9,Petrolífero,Temprano (<30%)
145735,YPF,LOMA CAMPANA,135.55948717948718,117,21.1,179.4,Petrolífero,Temprano (<30%)
145736,YPF,LOMA CAMPANA,122.48321167883212,137,20.0,225.4,Petrolífero,Temprano (<30%)
145737,YPF,LOMA CAMPANA,42.57330645161291,124,48.1,1310.7,Petrolífero,Intermedio (30-60%)
145738,YPF,LOMA CAMPANA,88.17021978021978,91,27.3,107.2,Petrolífero,Temprano (<30%)
145739,YPF,LOMA CAMPANA,105.38373626373627,91,28.2,219.4,Petrolífero,Temprano (<30%)
145740,YPF,LOMA CAMPANA,119.71926470588235,68,20.3,147.6,Petrolífero,Temprano (<30%)
145752,Americas Petrogas,AGUA DE AFUERA,143.4296923076923,26,55.6,468.7,Petrolífero,Intermedio (30-60%)
145808,Gas y Petróleo Nqn,AGUADA FEDERAL,205.91666666666666,3,68.4,182.3,Petrolífero,Maduro (>60%)
145808,Wintershall,AGUADA FEDERAL,160.3612857142857,7,28.7,1721.9,Petrolífero,Temprano (<30%)
145869,YPF,LOMA CAMPANA-LLL,74.160875,80,77.4,458.8,Petrolífero,Maduro (>60%)
145870,YPF,LOMA CAMPANA-LLL,50.753181818181815,88,58.9,284.2,Petrolífero,Intermedio (30-60%)
145871,YPF,LOMA CAMPANA-LLL,114.75054054054056,74,43.5,509.5,Petrolífero,Intermedio (30-60%)
145872,YPF,LOMA CAMPANA-LLL,162.14642105263158,95,27.6,238.0,Petrolífero,Temprano (<30%)
145873,YPF,LOMA CAMPANA-LLL,248.8814492753623,69,50.2,274.1,Petrolífero,Intermedio (30-60%)
145874,YPF,LOMA CAMPANA-LLL,136.76866071428572,112,28.0,238.5,Petrolífero,Temprano (<30%)
145875,YPF,LOMA CAMPANA-LLL,199.5748979591837,98,32.7,286.0,Petrolífero,Intermedio (30-60%)
145881,YPF,LOMA CAMPANA,107.28581818181819,110,69.7,152.8,Petrolífero,Maduro (>60%)
145882,YPF,LOMA CAMPANA,139.82516666666666,60,15.7,136.6,Petrolífero,Temprano (<30%)
145883,YPF,LOMA CAMPANA,204.13826086956524,69,27.4,157.3,Petrolífero,Temprano (<30%)
145884,YPF,LOMA CAMPANA,96.30227272727274,88,24.6,142.1,Petrolífero,Temprano (<30%)
145885,YPF,LOMA CAMPANA,96.03500000000001,96,20.4,197.4,Petrolífero,Temprano (<30%)
145886,YPF,LOMA CAMPANA,93.38474452554745,137,15.8,206.2,Petrolífero,Temprano (<30%)
145887,YPF,LOMA CAMPANA,72.95341269841269,126,24.4,326.1,Petrolífero,Temprano (<30%)
145888,YPF,LOMA CAMPANA,112.33793103448275,87,13.0,195.4,Petrolífero,Temprano (<30%)
145889,YPF,LOMA CAMPANA,129.8451,100,15.6,176.5,Petrolífero,Temprano (<30%)
145890,YPF,LOMA CAMPANA,168.501,40,24.2,66.3,Petrolífero,Temprano (<30%)
145972,Chevron,CURAMCHED,128.2120833333333,48,57.6,1056.1,Petrolífero,Intermedio (30-60%)
145974,O&G Developments,POZOS SIN YACIMIENTO,360.5,4,72.9,276.1,Petrolífero,Maduro (>60%)
145976,TotalEnergies,SAN ROQUE VACA MUERTA,127.00250000000001,29,51.0,599.3,Petrolífero,Intermedio (30-60%)
145984,TotalEnergies,AGUADA PICHANA ESTE VACA MUERTA,14.991540452991453,117,81.6,29751.7,Gasífero,Maduro (>60%)
146039,YPF,LOMA CAMPANA-LLL,73.94533333333334,60,65.9,262.6,Petrolífero,Maduro (>60%)
146040,YPF,LOMA CAMPANA-LLL,84.18204545454546,88,29.9,365.3,Petrolífero,Temprano (<30%)
146046,YPF,LOMA CAMPANA,187.9192523364486,107,17.7,136.4,Petrolífero,Temprano (<30%)
146047,YPF,LOMA CAMPANA,152.67,121,18.8,162.2,Petrolífero,Temprano (<30%)
146048,YPF,LOMA CAMPANA,144.56258333333332,120,37.8,96.8,Petrolífero,Intermedio (30-60%)
146049,YPF,LOMA CAMPANA,117.10639344262295,122,42.3,163.3,Petrolífero,Intermedio (30-60%)
146050,YPF,LOMA CAMPANA,97.43022556390977,133,11.9,133.2,Petrolífero,Temprano (<30%)
146051,YPF,LOMA CAMPANA,81.08963636363637,110,24.6,192.6,Petrolífero,Temprano (<30%)
146207,YPF,CERRO AVISPA,35.01846153846154,26,58.0,0.0,Petrolífero,Intermedio (30-60%)
146212,YPF,LOMA CAMPANA-LLL,108.09525423728813,59,39.8,206.2,Petrolífero,Intermedio (30-60%)
146213,YPF,LOMA CAMPANA-LLL,21.154999999999998,106,54.3,512.1,Petrolífero,Intermedio (30-60%)
146214,YPF,LOMA CAMPANA-LLL,155.37857142857143,77,32.4,224.7,Petrolífero,Intermedio (30-60%)
146215,YPF,LOMA CAMPANA-LLL,174.11458823529412,85,23.2,208.4,Petrolífero,Temprano (<30%)
146221,YPF,LOMA CAMPANA,94.39160493827161,81,43.6,134.5,Petrolífero,Intermedio (30-60%)
146222,YPF,LOMA CAMPANA,91.41806201550388,129,74.7,125.2,Petrolífero,Maduro (>60%)
146223,YPF,LOMA CAMPANA,112.78590476190476,105,56.8,139.7,Petrolífero,Intermedio (30-60%)
146224,YPF,LOMA CAMPANA,469.1044525547445,137,6.4,137.0,Petrolífero,Temprano (<30%)
146225,YPF,LOMA CAMPANA,207.67070175438596,114,20.8,207.7,Petrolífero,Temprano (<30%)
146226,YPF,LOMA CAMPANA,254.3761739130435,115,12.1,157.2,Petrolífero,Temprano (<30%)
146227,YPF,LOMA CAMPANA,240.6892452830189,106,14.5,237.9,Petrolífero,Temprano (<30%)
146275,Argenta,BAJO GUANACO,40.25,4,88.6,398.4,Petrolífero,Maduro (>60%)
146278,Chevron,EL TRAPIAL,105.7654054054054,74,59.0,296.6,Petrolífero,Intermedio (30-60%)
146712,TotalEnergies,RINCON LA CENIZA,114.37902405714286,35,51.2,1439.9,Petrolífero,Intermedio (30-60%)
146773,YPF,LOMA CAMPANA-LLL,97.91056737588652,141,41.4,314.7,Petrolífero,Intermedio (30-60%)
146774,YPF,LOMA CAMPANA-LLL,37.04527559055118,127,48.5,644.4,Petrolífero,Intermedio (30-60%)
146775,YPF,LOMA CAMPANA-LLL,110.90578125,64,44.3,447.0,Petrolífero,Intermedio (30-60%)
146776,YPF,LOMA CAMPANA-LLL,62.68368421052631,114,67.4,421.1,Petrolífero,Maduro (>60%)
146777,YPF,LOMA CAMPANA-LLL,72.45626666666666,75,13.9,418.1,Petrolífero,Temprano (<30%)
146779,YPF,LOMA CAMPANA,119.10915094339623,106,13.5,121.0,Petrolífero,Temprano (<30%)
146887,TotalEnergies,SAN ROQUE VACA MUERTA,110.63296108547009,117,65.2,308.6,Petrolífero,Maduro (>60%)
146977,YPF,EL OREJANO,2.37,4,99.0,339940.9,Gasífero,Maduro (>60%)
146978,YPF,EL OREJANO,2.01,2,99.5,2365589.6,Gasífero,Maduro (>60%)
146979,YPF,EL OREJANO,2.5033333333333334,6,99.1,354757.7,Gasífero,Maduro (>60%)
146980,YPF,EL OREJANO,9.245999999999999,5,97.9,330606.7,Gasífero,Maduro (>60%)
146981,YPF,LOMA CAMPANA-LLL,186.15349999999998,60,14.3,171.9,Petrolífero,Temprano (<30%)
146982,YPF,LOMA CAMPANA-LLL,71.09027397260274,146,34.2,459.6,Petrolífero,Intermedio (30-60%)
146983,YPF,LOMA CAMPANA-LLL,116.9575,88,30.7,400.9,Petrolífero,Intermedio (30-60%)
146984,YPF,LOMA CAMPANA-LLL,81.16551020408163,147,26.6,340.2,Petrolífero,Temprano (<30%)
146985,YPF,LOMA CAMPANA-LLL,111.07506493506494,77,44.1,293.6,Petrolífero,Intermedio (30-60%)
146986,YPF,LOMA CAMPANA-LLL,52.56751937984496,129,26.9,354.6,Petrolífero,Temprano (<30%)
146987,YPF,LOMA CAMPANA-LLL,73.54203007518797,133,22.6,291.9,Petrolífero,Temprano (<30%)
146988,YPF,LOMA CAMPANA-LLL,89.20017857142857,112,53.3,330.0,Petrolífero,Intermedio (30-60%)
146989,YPF,LOMA CAMPANA-LLL,190.418125,16,50.6,406.0,Petrolífero,Intermedio (30-60%)
146990,YPF,LOMA CAMPANA-LLL,45.11107142857143,84,56.0,574.2,Petrolífero,Intermedio (30-60%)
146991,YPF,LOMA CAMPANA-LLL,94.88519607843138,102,35.7,302.5,Petrolífero,Intermedio (30-60%)
146992,YPF,LOMA CAMPANA-LLL,157.58489208633094,139,22.5,262.1,Petrolífero,Temprano (<30%)
146999,YPF,LOMA CAMPANA,170.18112149532712,107,23.5,147.6,Petrolífero,Temprano (<30%)
147000,YPF,LOMA CAMPANA,155.17142857142858,91,14.3,145.6,Petrolífero,Temprano (<30%)
147001,YPF,LOMA CAMPANA,146.05858695652174,92,8.3,144.6,Petrolífero,Temprano (<30%)
147002,YPF,LOMA CAMPANA,110.8670802919708,137,11.5,203.7,Petrolífero,Temprano (<30%)
147021,O&G Developments,CRUZ DE LORENA,758.2345384660599,49,4.5,86.2,Petrolífero,Temprano (<30%)
147021,Shell,CRUZ DE LORENA,328.1695,80,8.8,106.2,Petrolífero,Temprano (<30%)
147153,YPF,LOMA CAMPANA-LLL,50.066206896551726,145,47.6,364.5,Petrolífero,Intermedio (30-60%)
147154,YPF,LOMA CAMPANA-LLL,43.71601449275363,138,19.7,272.7,Petrolífero,Temprano (<30%)
147155,YPF,LOMA CAMPANA-LLL,119.79053691275169,149,35.9,729.9,Petrolífero,Intermedio (30-60%)
147156,YPF,LOMA CAMPANA-LLL,105.41442953020135,149,28.6,719.2,Petrolífero,Temprano (<30%)
147157,YPF,LOMA CAMPANA-LLL,123.3768456375839,149,30.4,858.9,Petrolífero,Intermedio (30-60%)
147158,YPF,LOMA CAMPANA-LLL,99.97462585034013,147,38.9,866.7,Petrolífero,Intermedio (30-60%)
147165,YPF,LOMA CAMPANA,211.42426573426573,143,23.6,179.1,Petrolífero,Temprano (<30%)
147166,YPF,LOMA CAMPANA,151.29633663366337,101,15.9,217.0,Petrolífero,Temprano (<30%)
147167,YPF,LOMA CAMPANA,140.5760396039604,101,18.5,169.9,Petrolífero,Temprano (<30%)
147190,ExxonMobil,BAJO DEL CHOIQUE,611.3535632183908,87,26.2,497.2,Petrolífero,Temprano (<30%)
147190,Pluspetrol,BAJO DEL CHOIQUE,481.82800000000003,15,48.4,413.0,Petrolífero,Intermedio (30-60%)
147284,YPF,BAJADA DE AÑELO,183.445,20,58.7,1555.9,Petrolífero,Intermedio (30-60%)
147292,YPF,LOMA CAMPANA-LLL,163.02205882352942,102,17.8,245.9,Petrolífero,Temprano (<30%)
147293,YPF,LOMA CAMPANA-LLL,124.03121621621621,148,34.3,631.3,Petrolífero,Intermedio (30-60%)
147294,YPF,LOMA CAMPANA-LLL,64.70904761904761,147,53.2,772.1,Petrolífero,Intermedio (30-60%)
147295,YPF,LOMA CAMPANA-LLL,85.90877551020408,147,40.4,731.0,Petrolífero,Intermedio (30-60%)
147296,YPF,LOMA CAMPANA-LLL,75.53108843537414,147,44.7,745.5,Petrolífero,Intermedio (30-60%)
147297,YPF,LOMA CAMPANA-LLL,137.3079054054054,148,20.1,659.3,Petrolífero,Temprano (<30%)
147298,YPF,LOMA CAMPANA-LLL,107.19844594594593,148,27.2,701.5,Petrolífero,Temprano (<30%)
147299,YPF,LOMA CAMPANA-LLL,129.65216216216217,148,24.0,617.7,Petrolífero,Temprano (<30%)
147300,YPF,LOMA CAMPANA-LLL,94.31716216216216,148,35.7,672.0,Petrolífero,Intermedio (30-60%)
147301,YPF,LOMA CAMPANA-LLL,85.0095918367347,147,25.6,660.5,Petrolífero,Temprano (<30%)
147302,YPF,LOMA CAMPANA-LLL,84.32367346938776,147,28.7,682.2,Petrolífero,Temprano (<30%)
147312,YPF,LOMA CAMPANA,96.43226666666666,75,11.0,206.0,Petrolífero,Temprano (<30%)
147313,YPF,LOMA CAMPANA,108.50235294117647,68,20.7,181.2,Petrolífero,Temprano (<30%)
147314,YPF,LOMA CAMPANA,92.39590361445782,83,14.6,132.6,Petrolífero,Temprano (<30%)
147315,YPF,LOMA CAMPANA,52.70583333333334,72,26.4,177.3,Petrolífero,Temprano (<30%)
147316,YPF,LOMA CAMPANA,135.3728431372549,102,21.8,202.3,Petrolífero,Temprano (<30%)
147317,YPF,LOMA CAMPANA,118.49411290322581,124,20.8,234.6,Petrolífero,Temprano (<30%)
147318,YPF,LOMA CAMPANA,42.25928,125,34.9,246.4,Petrolífero,Intermedio (30-60%)
147327,Tecpetrol,FORTIN DE PIEDRA,132.57748735353536,99,42.8,10715.0,Gasífero,Intermedio (30-60%)
147415,O&G Developments,AGUILA MORA,853.2857142857143,7,36.6,282.6,Petrolífero,Intermedio (30-60%)
147463,YPF,LOMA CAMPANA-LLL,58.027142857142856,77,65.9,535.7,Petrolífero,Maduro (>60%)
147465,YPF,LOMA CAMPANA-LLL,59.19493150684931,146,23.7,582.7,Petrolífero,Temprano (<30%)
147466,YPF,LOMA CAMPANA-LLL,71.21006802721088,147,29.5,738.3,Petrolífero,Temprano (<30%)
147467,YPF,LOMA CAMPANA-LLL,156.36144827586207,145,29.0,802.7,Petrolífero,Temprano (<30%)
147468,YPF,LOMA CAMPANA-LLL,84.82489795918367,147,46.3,776.5,Petrolífero,Intermedio (30-60%)
147469,YPF,LOMA CAMPANA-LLL,126.83857142857143,147,29.4,511.3,Petrolífero,Temprano (<30%)
147470,YPF,LOMA CAMPANA-LLL,80.71698630136987,146,22.9,615.5,Petrolífero,Temprano (<30%)
147471,YPF,LOMA CAMPANA-LLL,84.39789855072463,138,24.7,768.1,Petrolífero,Temprano (<30%)
147472,YPF,LOMA CAMPANA-LLL,217.18619047619046,147,19.3,1002.6,Petrolífero,Temprano (<30%)
147473,YPF,LOMA CAMPANA-LLL,116.74394557823129,147,26.5,747.7,Petrolífero,Temprano (<30%)
147474,YPF,LOMA CAMPANA-LLL,77.07096774193549,93,37.3,1042.2,Petrolífero,Intermedio (30-60%)
147486,YPF,LOMA CAMPANA,93.51297872340425,94,47.9,206.9,Petrolífero,Intermedio (30-60%)
147487,YPF,LOMA CAMPANA,172.88622950819672,61,33.3,152.1,Petrolífero,Intermedio (30-60%)
147488,YPF,LOMA CAMPANA,483.61499999999995,94,16.0,157.8,Petrolífero,Temprano (<30%)
147617,YPF,LOMA CAMPANA-LLL,135.26534246575343,146,26.7,804.3,Petrolífero,Temprano (<30%)
147618,YPF,LOMA CAMPANA-LLL,97.1545205479452,146,16.2,600.7,Petrolífero,Temprano (<30%)
147619,YPF,LOMA CAMPANA-LLL,112.02061643835617,146,17.6,907.5,Petrolífero,Temprano (<30%)
147620,YPF,LOMA CAMPANA-LLL,90.96606896551724,145,20.7,449.8,Petrolífero,Temprano (<30%)
147621,YPF,LOMA CAMPANA-LLL,117.66471014492754,138,29.3,955.7,Petrolífero,Temprano (<30%)
147622,YPF,LOMA CAMPANA-LLL,77.29904109589042,146,31.1,466.0,Petrolífero,Intermedio (30-60%)
147623,YPF,LOMA CAMPANA-LLL,96.21416666666667,144,38.2,706.1,Petrolífero,Intermedio (30-60%)
147624,YPF,LOMA CAMPANA-LLL,187.08219178082192,146,15.1,347.2,Petrolífero,Temprano (<30%)
147625,YPF,LOMA CAMPANA-LLL,98.1648275862069,145,34.3,1026.7,Petrolífero,Intermedio (30-60%)
147626,YPF,LOMA CAMPANA-LLL,134.51161971830987,142,33.7,936.7,Petrolífero,Intermedio (30-60%)
147627,YPF,LOMA CAMPANA-LLL,129.85164383561644,146,23.1,1006.9,Petrolífero,Temprano (<30%)
147628,YPF,LOMA CAMPANA-LLL,109.29506849315068,146,24.1,727.9,Petrolífero,Temprano (<30%)
147629,YPF,LOMA CAMPANA-LLL,65.10520547945205,146,27.7,725.8,Petrolífero,Temprano (<30%)
147630,YPF,LOMA CAMPANA-LLL,92.30424657534246,146,26.8,984.6,Petrolífero,Temprano (<30%)
147631,YPF,LOMA CAMPANA-LLL,83.26438356164384,146,21.0,685.5,Petrolífero,Temprano (<30%)
147641,YPF,LOMA CAMPANA,103.94828571428572,70,51.8,144.8,Petrolífero,Intermedio (30-60%)
147642,YPF,LOMA CAMPANA,85.97052083333334,96,54.2,129.3,Petrolífero,Intermedio (30-60%)
152794,Geopark,PUESTO SILVA OESTE,108.09019,10,0.0,0.0,Petrolífero,Temprano (<30%)
152794,Pluspetrol,PUESTO SILVA OESTE,178.2614503816794,131,0.9,1.7,Petrolífero,Temprano (<30%)
152850,YPF,LOMA CAMPANA-LLL,39.81372413793103,145,72.9,906.3,Petrolífero,Maduro (>60%)
152851,YPF,LOMA CAMPANA-LLL,20.82868965517241,145,75.4,1046.3,Petrolífero,Maduro (>60%)
152852,YPF,LOMA CAMPANA-LLL,25.430827586206895,145,83.8,1231.8,Petrolífero,Maduro (>60%)
152853,YPF,LOMA CAMPANA-LLL,117.35510344827587,145,22.3,767.4,Petrolífero,Temprano (<30%)
152854,YPF,LOMA CAMPANA-LLL,122.34420689655173,145,18.4,776.0,Petrolífero,Temprano (<30%)
152855,YPF,LOMA CAMPANA-LLL,85.262,145,17.1,734.3,Petrolífero,Temprano (<30%)
152856,YPF,LOMA CAMPANA-LLL,93.10572413793103,145,23.0,525.2,Petrolífero,Temprano (<30%)
152857,YPF,LOMA CAMPANA-LLL,124.2923448275862,145,21.6,803.3,Petrolífero,Temprano (<30%)
152858,YPF,LOMA CAMPANA-LLL,109.43324137931035,145,19.7,675.0,Petrolífero,Temprano (<30%)
152859,YPF,LOMA CAMPANA-LLL,77.45077464788733,142,31.1,987.9,Petrolífero,Intermedio (30-60%)
152860,YPF,LOMA CAMPANA-LLL,110.93144827586207,145,17.0,741.0,Petrolífero,Temprano (<30%)
152861,YPF,LOMA CAMPANA-LLL,119.23268965517242,145,19.1,660.8,Petrolífero,Temprano (<30%)
152863,YPF,LOMA CAMPANA-LLL,318.9223076923077,13,51.0,748.6,Petrolífero,Intermedio (30-60%)
152876,YPF,LOMA CAMPANA,139.10690721649485,97,10.5,191.5,Petrolífero,Temprano (<30%)
152877,YPF,LOMA CAMPANA,132.85522727272726,88,18.0,272.4,Petrolífero,Temprano (<30%)
152937,Capex,AGUA DEL CAJON,53.17059259259259,135,17.5,106.4,Petrolífero,Temprano (<30%)
152938,Capex,AGUA DEL CAJON,22.607260273972603,146,35.7,528.2,Petrolífero,Intermedio (30-60%)
152939,Capex,AGUA DEL CAJON,31.445128205128203,156,63.7,488.0,Petrolífero,Maduro (>60%)
152940,Capex,AGUA DEL CAJON,25.5892,150,36.5,212.2,Petrolífero,Intermedio (30-60%)
152986,YPF,LOMA CAMPANA-LLL,130.02895833333335,144,22.1,861.1,Petrolífero,Temprano (<30%)
152987,YPF,LOMA CAMPANA-LLL,81.89423611111111,144,28.4,830.6,Petrolífero,Temprano (<30%)
152988,YPF,LOMA CAMPANA-LLL,62.65532258064516,124,29.8,1199.0,Petrolífero,Temprano (<30%)
152989,YPF,LOMA CAMPANA-LLL,75.29840277777777,144,32.1,1190.2,Petrolífero,Intermedio (30-60%)
152990,YPF,LOMA CAMPANA-LLL,57.618811188811186,143,33.0,1053.4,Petrolífero,Intermedio (30-60%)
152991,YPF,LOMA CAMPANA-LLL,73.95118055555555,144,29.6,1207.4,Petrolífero,Temprano (<30%)
152993,YPF,LOMA CAMPANA-LLL,342.29496183206106,131,16.2,239.4,Petrolífero,Temprano (<30%)
152994,YPF,LOMA CAMPANA-LLL,194.66105263157894,114,23.5,357.1,Petrolífero,Temprano (<30%)
152995,YPF,LOMA CAMPANA-LLL,103.75576923076923,104,18.7,223.4,Petrolífero,Temprano (<30%)
153074,TotalEnergies,RINCON LA CENIZA,19.677290122623642,86,86.5,20970.5,Gasífero,Maduro (>60%)
153076,ExxonMobil,LA INVERNADA,1035.76,9,55.1,409.8,Petrolífero,Intermedio (30-60%)
153144,YPF,BAJADA DE AÑELO,168.3535294117647,17,51.2,2108.8,Petrolífero,Intermedio (30-60%)
153154,YPF,LOMA CAMPANA-LLL,66.87167832167832,143,36.2,1084.1,Petrolífero,Intermedio (30-60%)
153155,YPF,LOMA CAMPANA-LLL,88.98724137931035,87,32.6,1255.3,Petrolífero,Intermedio (30-60%)
153156,YPF,LOMA CAMPANA-LLL,91.7437062937063,143,24.3,731.6,Petrolífero,Temprano (<30%)
153157,YPF,LOMA CAMPANA-LLL,60.236993006993,143,51.2,1536.7,Petrolífero,Intermedio (30-60%)
153158,YPF,LOMA CAMPANA-LLL,67.6311888111888,143,50.4,1861.4,Petrolífero,Intermedio (30-60%)
153159,YPF,LOMA CAMPANA-LLL,69.57454545454546,143,52.1,1172.5,Petrolífero,Intermedio (30-60%)
153160,YPF,LOMA CAMPANA-LLL,71.04986013986013,143,52.7,1181.7,Petrolífero,Intermedio (30-60%)
153161,YPF,LOMA CAMPANA-LLL,61.12657342657343,143,52.9,1057.3,Petrolífero,Intermedio (30-60%)
153162,YPF,LOMA CAMPANA-LLL,61.46538461538461,143,58.2,1659.6,Petrolífero,Intermedio (30-60%)
153163,YPF,LOMA CAMPANA-LLL,60.79598591549296,142,46.2,1071.8,Petrolífero,Intermedio (30-60%)
153164,YPF,LOMA CAMPANA-LLL,49.35338028169014,142,57.4,1387.1,Petrolífero,Intermedio (30-60%)
153313,YPF,CERRO PARTIDO,75.00999999999999,4,70.1,1447.2,Petrolífero,Maduro (>60%)
153318,YPF,EL OREJANO,4.292,5,99.2,265624.9,Gasífero,Maduro (>60%)
153319,YPF,EL OREJANO,3.402857142857143,7,99.4,330667.9,Gasífero,Maduro (>60%)
153322,YPF,LOMA CAMPANA-LLL,76.90602836879432,141,32.9,700.4,Petrolífero,Intermedio (30-60%)
153323,YPF,LOMA CAMPANA-LLL,75.63475177304964,141,21.2,945.6,Petrolífero,Temprano (<30%)
153324,YPF,LOMA CAMPANA-LLL,54.931338028169016,142,21.0,1022.1,Petrolífero,Temprano (<30%)
153325,YPF,LOMA CAMPANA-LLL,58.839014084507035,142,38.0,1047.2,Petrolífero,Intermedio (30-60%)
153326,YPF,LOMA CAMPANA-LLL,53.14774647887324,142,25.2,861.3,Petrolífero,Temprano (<30%)
153327,YPF,LOMA CAMPANA-LLL,101.95183098591549,142,25.7,1026.0,Petrolífero,Temprano (<30%)
153328,YPF,LOMA CAMPANA-LLL,56.53985915492957,142,34.3,1337.2,Petrolífero,Intermedio (30-60%)
153329,YPF,LOMA CAMPANA-LLL,53.40685714285714,140,41.9,1139.4,Petrolífero,Intermedio (30-60%)
153330,YPF,LOMA CAMPANA-LLL,61.34647887323944,142,55.3,1226.7,Petrolífero,Intermedio (30-60%)
153331,YPF,LOMA CAMPANA-LLL,64.0275352112676,142,45.3,1325.1,Petrolífero,Intermedio (30-60%)
153332,YPF,LOMA CAMPANA-LLL,79.73992957746479,142,50.5,1303.8,Petrolífero,Intermedio (30-60%)
153333,YPF,LOMA CAMPANA-LLL,41.3426618705036,139,51.0,1527.1,Petrolífero,Intermedio (30-60%)
153336,YPF,LOMA CAMPANA-LLL,33.613454545454545,110,61.4,1019.7,Petrolífero,Maduro (>60%)
153338,YPF,LOMA CAMPANA-LLL,57.937234042553186,141,50.8,1086.0,Petrolífero,Intermedio (30-60%)
153346,YPF,LOMA CAMPANA,164.32744186046511,86,15.0,227.8,Petrolífero,Temprano (<30%)
153358,O&G Developments,AGUILA MORA,1488.6363636363637,11,33.3,194.4,Petrolífero,Intermedio (30-60%)
153358,Vista Energy,AGUILA MORA,356.00575675675674,37,12.2,226.2,Petrolífero,Temprano (<30%)
153389,G,VEGA GRANDE,77.44190476190477,21,63.6,425.1,Petrolífero,Maduro (>60%)
153389,Grecoil,VEGA GRANDE,100.22556097560975,41,30.7,82.4,Petrolífero,Intermedio (30-60%)
153389,Venoil,VEGA GRANDE,96.15607142857142,28,7.0,894.2,Petrolífero,Temprano (<30%)
153461,YPF,EL OREJANO,3.8325,4,99.4,268059.4,Gasífero,Maduro (>60%)
153462,YPF,EL OREJANO,15.780000000000001,5,98.4,73059.4,Gasífero,Maduro (>60%)
153468,YPF,LOMA CAMPANA-LLL,93.01328571428571,140,27.8,1123.3,Petrolífero,Temprano (<30%)
153469,YPF,LOMA CAMPANA-LLL,77.93527559055119,127,51.3,1311.5,Petrolífero,Intermedio (30-60%)
153470,YPF,LOMA CAMPANA-LLL,46.425886524822694,141,52.5,1460.7,Petrolífero,Intermedio (30-60%)
153471,YPF,LOMA CAMPANA-LLL,44.97964539007092,141,51.9,1274.2,Petrolífero,Intermedio (30-60%)
153472,YPF,LOMA CAMPANA-LLL,54.22235714285714,140,58.6,1261.1,Petrolífero,Intermedio (30-60%)
153473,YPF,LOMA CAMPANA-LLL,36.79920863309353,139,62.9,1421.2,Petrolífero,Maduro (>60%)
153474,YPF,LOMA CAMPANA-LLL,188.26130434782607,115,36.3,197.4,Petrolífero,Intermedio (30-60%)
153594,YPF,LOMA CAMPANA-LLL,51.31764285714286,140,32.5,1466.4,Petrolífero,Intermedio (30-60%)
153595,YPF,LOMA CAMPANA-LLL,61.10607142857143,140,33.9,993.9,Petrolífero,Intermedio (30-60%)
153596,YPF,LOMA CAMPANA-LLL,61.71485714285714,140,32.1,1469.9,Petrolífero,Intermedio (30-60%)
153597,YPF,LOMA CAMPANA-LLL,46.91511278195489,133,37.8,1291.0,Petrolífero,Intermedio (30-60%)
153598,YPF,LOMA CAMPANA-LLL,69.25864285714285,140,32.5,1088.0,Petrolífero,Intermedio (30-60%)
153599,YPF,LOMA CAMPANA-LLL,46.327714285714286,140,40.3,1455.6,Petrolífero,Intermedio (30-60%)
153600,YPF,LOMA CAMPANA-LLL,64.45314285714286,140,33.7,1554.9,Petrolífero,Intermedio (30-60%)
153601,YPF,LOMA CAMPANA-LLL,17.28864,125,53.3,2263.8,Petrolífero,Intermedio (30-60%)
153602,YPF,LOMA CAMPANA-LLL,21.82918918918919,111,65.9,2455.8,Petrolífero,Maduro (>60%)
153603,YPF,LOMA CAMPANA-LLL,83.10145985401459,137,57.1,1842.7,Petrolífero,Intermedio (30-60%)
153604,YPF,LOMA CAMPANA-LLL,111.24553956834532,139,53.2,1931.6,Petrolífero,Intermedio (30-60%)
153605,YPF,LOMA CAMPANA-LLL,52.99035714285714,140,47.8,1118.7,Petrolífero,Intermedio (30-60%)
153606,YPF,LOMA CAMPANA-LLL,51.641285714285715,140,43.1,849.7,Petrolífero,Intermedio (30-60%)
153607,YPF,LOMA CAMPANA-LLL,42.28485507246377,138,49.0,1610.5,Petrolífero,Intermedio (30-60%)
153608,YPF,LOMA CAMPANA-LLL,1.14,1,90.5,315.8,Petrolífero,Maduro (>60%)
153620,YPF,LOMA CAMPANA,520.4142975206611,121,5.2,162.4,Petrolífero,Temprano (<30%)
153621,YPF,LOMA CAMPANA,695.1372727272728,110,12.6,167.8,Petrolífero,Temprano (<30%)
153622,YPF,LOMA CAMPANA,404.6478899082569,109,28.1,242.3,Petrolífero,Temprano (<30%)
153644,Madalena,COIRON AMARGO SUR ESTE,18.11301,3,0.3,93.9,Petrolífero,Temprano (<30%)
153644,Pan American Energy,COIRON AMARGO SUR ESTE,13.409582408163265,49,0.0,0.0,Petrolífero,Temprano (<30%)
153644,Roch,COIRON AMARGO SUR ESTE,47.074826071428575,14,1.0,193.4,Petrolífero,Temprano (<30%)
153745,YPF,LOMA CAMPANA-LLL,76.9773381294964,139,35.1,467.6,Petrolífero,Intermedio (30-60%)
153746,YPF,LOMA CAMPANA-LLL,43.17181818181818,121,70.3,957.0,Petrolífero,Maduro (>60%)
153747,YPF,LOMA CAMPANA-LLL,29.981449275362323,138,61.8,974.5,Petrolífero,Maduro (>60%)
153748,YPF,LOMA CAMPANA-LLL,34.75769784172662,139,53.9,666.4,Petrolífero,Intermedio (30-60%)
153749,YPF,LOMA CAMPANA-LLL,68.33420289855071,138,25.7,982.6,Petrolífero,Temprano (<30%)
153751,YPF,LOMA CAMPANA-LLL,49.639568345323745,139,65.9,1278.9,Petrolífero,Maduro (>60%)
153752,YPF,LOMA CAMPANA-LLL,50.30028776978417,139,57.3,1216.2,Petrolífero,Intermedio (30-60%)
153753,YPF,LOMA CAMPANA-LLL,34.59753846153846,130,52.8,1373.8,Petrolífero,Intermedio (30-60%)
153754,YPF,LOMA CAMPANA-LLL,51.746043165467626,139,49.8,1184.9,Petrolífero,Intermedio (30-60%)
153755,YPF,LOMA CAMPANA-LLL,29.05762962962963,135,63.6,1450.0,Petrolífero,Maduro (>60%)
153756,YPF,LOMA CAMPANA-LLL,40.39517985611511,139,60.9,1502.4,Petrolífero,Maduro (>60%)
153757,YPF,LOMA CAMPANA-LLL,41.98384057971015,138,61.3,1255.3,Petrolífero,Maduro (>60%)
153758,YPF,LOMA CAMPANA-LLL,32.63376811594203,138,52.2,1228.4,Petrolífero,Intermedio (30-60%)
153759,YPF,LOMA CAMPANA-LLL,51.1068345323741,139,52.1,1440.1,Petrolífero,Intermedio (30-60%)
153760,YPF,LOMA CAMPANA-LLL,29.90594202898551,138,47.8,933.3,Petrolífero,Intermedio (30-60%)
153761,YPF,LOMA CAMPANA-LLL,44.418273381294966,139,51.5,992.5,Petrolífero,Intermedio (30-60%)
153762,YPF,LOMA CAMPANA-LLL,40.526376811594204,138,39.8,1831.1,Petrolífero,Intermedio (30-60%)
153764,YPF,LA RIBERA BLOQUE I,113.02065420560749,107,70.0,5117.5,Gasífero,Maduro (>60%)
153773,YPF,LOMA CAMPANA,473.4894444444444,126,13.1,205.3,Petrolífero,Temprano (<30%)
153861,YPF,BAJO DEL TORO NORTE,424.6598076923077,52,29.3,129.8,Petrolífero,Temprano (<30%)
153867,YPF,LOMA CAMPANA-LLL,52.863941605839415,137,34.0,2103.1,Petrolífero,Intermedio (30-60%)
153869,YPF,LOMA CAMPANA-LLL,17.189708029197078,137,20.0,857.6,Petrolífero,Temprano (<30%)
153872,YPF,LOMA CAMPANA-LLL,57.955,138,45.9,1064.5,Petrolífero,Intermedio (30-60%)
153873,YPF,LOMA CAMPANA-LLL,37.97067164179104,134,44.5,2028.3,Petrolífero,Intermedio (30-60%)
153874,YPF,LOMA CAMPANA-LLL,22.865073529411767,136,62.6,2712.2,Petrolífero,Maduro (>60%)
153875,YPF,LOMA CAMPANA-LLL,66.06712121212121,132,40.7,1629.7,Petrolífero,Intermedio (30-60%)
153876,YPF,LOMA CAMPANA-LLL,67.6136231884058,138,46.2,1379.9,Petrolífero,Intermedio (30-60%)
153877,YPF,LOMA CAMPANA-LLL,45.83554744525548,137,43.8,1825.2,Petrolífero,Intermedio (30-60%)
153878,YPF,LOMA CAMPANA-LLL,62.86124087591241,137,32.5,1148.9,Petrolífero,Intermedio (30-60%)
153879,YPF,LOMA CAMPANA-LLL,57.44161764705882,136,45.6,1497.1,Petrolífero,Intermedio (30-60%)
153880,YPF,LOMA CAMPANA-LLL,79.84101449275362,138,33.4,1313.0,Petrolífero,Intermedio (30-60%)
153881,YPF,LOMA CAMPANA-LLL,37.61804347826087,138,46.1,1071.3,Petrolífero,Intermedio (30-60%)
153882,YPF,LOMA CAMPANA-LLL,39.920072463768115,138,40.7,1257.1,Petrolífero,Intermedio (30-60%)
153890,YPF,SIERRA BARROSA,23.011666666666667,6,45.3,6633.7,Gasífero,Intermedio (30-60%)
154185,YPF,EL OREJANO,5.43,2,98.8,361183.2,Gasífero,Maduro (>60%)
154186,YPF,EL OREJANO,3.41,1,98.9,594492.7,Gasífero,Maduro (>60%)
154187,YPF,EL OREJANO,38.443333333333335,9,85.5,9493.0,Gasífero,Maduro (>60%)
154188,YPF,EL OREJANO,4.675,2,99.3,652192.5,Gasífero,Maduro (>60%)
154190,Pan American Energy,BANDURRIA CENTRO,201.1734141984733,131,44.7,210.4,Petrolífero,Intermedio (30-60%)
154190,YPF,BANDURRIA CENTRO,737.605,4,37.3,175.7,Petrolífero,Intermedio (30-60%)
154191,YPF,LOMA CAMPANA-LLL,38.18094890510949,137,53.0,2297.8,Petrolífero,Intermedio (30-60%)
154192,YPF,LOMA CAMPANA-LLL,65.5414598540146,137,57.1,921.2,Petrolífero,Intermedio (30-60%)
154193,YPF,LOMA CAMPANA-LLL,117.2775,136,50.8,247.6,Petrolífero,Intermedio (30-60%)
154194,YPF,LOMA CAMPANA-LLL,44.07441176470588,136,21.6,323.6,Petrolífero,Temprano (<30%)
154199,YPF,LOMA CAMPANA-LLL,42.46036496350365,137,49.7,1495.1,Petrolífero,Intermedio (30-60%)
154200,YPF,LOMA CAMPANA-LLL,44.51481751824817,137,43.9,1372.3,Petrolífero,Intermedio (30-60%)
154201,YPF,LOMA CAMPANA-LLL,51.521824817518244,137,50.5,1842.6,Petrolífero,Intermedio (30-60%)
154202,YPF,LOMA CAMPANA-LLL,49.7170802919708,137,51.6,904.7,Petrolífero,Intermedio (30-60%)
154203,YPF,LOMA CAMPANA-LLL,35.87570370370371,135,52.0,1207.7,Petrolífero,Intermedio (30-60%)
154211,YPF,LOMA CAMPANA,348.39905982905987,117,7.4,129.0,Petrolífero,Temprano (<30%)
154212,YPF,LOMA CAMPANA,478.1091304347826,92,7.8,138.4,Petrolífero,Temprano (<30%)
154554,Vista Energy,BANDURRIA NORTE,468.467,1,6.9,392.2,Petrolífero,Temprano (<30%)
154554,Wintershall,BANDURRIA NORTE,203.5441153846154,26,44.3,537.0,Petrolífero,Intermedio (30-60%)
154554,YPF,BANDURRIA NORTE,274.34,3,73.8,644.2,Petrolífero,Maduro (>60%)
154555,YPF,LOMA DEL MOLLE,33.06333333333333,3,92.6,20866.0,Gasífero,Maduro (>60%)
154556,YPF,LOMA CAMPANA-LLL,62.52352941176471,136,42.4,1453.6,Petrolífero,Intermedio (30-60%)
154557,YPF,LOMA CAMPANA-LLL,35.812148148148154,135,61.7,2427.2,Petrolífero,Maduro (>60%)
154558,YPF,LOMA CAMPANA-LLL,70.69725925925925,135,25.6,876.7,Petrolífero,Temprano (<30%)
154559,YPF,LOMA CAMPANA-LLL,70.02462121212122,132,30.1,809.6,Petrolífero,Intermedio (30-60%)
154562,YPF,LOMA CAMPANA-LLL,10.531343283582089,134,74.8,1199.3,Petrolífero,Maduro (>60%)
154563,YPF,LOMA CAMPANA-LLL,10.34015037593985,133,70.2,1216.7,Petrolífero,Maduro (>60%)
154564,YPF,LOMA CAMPANA-LLL,12.689838709677419,124,66.1,2306.3,Petrolífero,Maduro (>60%)
154565,YPF,LOMA CAMPANA-LLL,25.06816176470588,136,50.9,828.5,Petrolífero,Intermedio (30-60%)
154566,YPF,LOMA CAMPANA-LLL,13.1825,132,61.8,890.8,Petrolífero,Maduro (>60%)
154567,YPF,LOMA CAMPANA-LLL,10.941968503937009,127,64.1,1313.0,Petrolífero,Maduro (>60%)
154568,YPF,LOMA CAMPANA-LLL,10.154,135,63.8,784.9,Petrolífero,Maduro (>60%)
154569,YPF,LOMA CAMPANA-LLL,13.517340425531916,94,60.9,969.6,Petrolífero,Maduro (>60%)
154570,YPF,LOMA CAMPANA-LLL,36.788970588235294,136,51.0,2162.5,Petrolífero,Intermedio (30-60%)
154571,YPF,LA RIBERA BLOQUE II,73.71428571428571,21,49.8,9568.1,Gasífero,Intermedio (30-60%)
154744,YPF,EL OREJANO,17.416315789473682,19,96.6,43848.8,Gasífero,Maduro (>60%)
154745,YPF,EL OREJANO,23.252857142857142,35,80.1,10274.9,Gasífero,Maduro (>60%)
154746,YPF,EL OREJANO,25.09764705882353,17,90.7,20694.0,Gasífero,Maduro (>60%)
154747,YPF,EL OREJANO,47.64666666666667,15,92.9,24650.6,Gasífero,Maduro (>60%)
154748,YPF,LOMA CAMPANA-LLL,50.67052631578947,133,45.8,746.9,Petrolífero,Intermedio (30-60%)
154749,YPF,LOMA CAMPANA-LLL,53.540676691729324,133,52.7,955.0,Petrolífero,Intermedio (30-60%)
154750,YPF,LOMA CAMPANA-LLL,48.95777777777778,135,39.0,1076.8,Petrolífero,Intermedio (30-60%)
154751,YPF,LOMA CAMPANA-LLL,50.79614814814814,135,41.7,1280.3,Petrolífero,Intermedio (30-60%)
154752,YPF,LOMA CAMPANA-LLL,27.05126050420168,119,56.0,1063.5,Petrolífero,Intermedio (30-60%)
154753,YPF,LOMA CAMPANA-LLL,50.823851851851856,135,51.5,874.8,Petrolífero,Intermedio (30-60%)
154754,YPF,LOMA CAMPANA-LLL,62.41733333333333,135,45.6,763.5,Petrolífero,Intermedio (30-60%)
154755,YPF,LOMA CAMPANA-LLL,57.64152671755725,131,54.7,684.6,Petrolífero,Intermedio (30-60%)
154756,YPF,LOMA CAMPANA-LLL,45.072148148148145,135,51.9,793.2,Petrolífero,Intermedio (30-60%)
154776,YPF,LOMA CAMPANA,244.0911009174312,109,18.0,151.3,Petrolífero,Temprano (<30%)
154777,YPF,LOMA CAMPANA,348.82925925925923,108,14.2,133.5,Petrolífero,Temprano (<30%)
154790,O&G Developments,SIERRAS BLANCAS,1576.1720147781457,35,1.4,95.8,Petrolífero,Temprano (<30%)
154790,Shell,SIERRAS BLANCAS,320.3225316455696,79,26.8,100.2,Petrolífero,Temprano (<30%)
154791,O&G Developments,SIERRAS BLANCAS,1388.9427580029815,34,3.1,113.7,Petrolífero,Temprano (<30%)
154791,Shell,SIERRAS BLANCAS,366.5464935064935,77,15.5,111.0,Petrolífero,Temprano (<30%)
154792,TotalEnergies,LA ESCALONADA,345.18600000000004,4,50.4,611.2,Petrolífero,Intermedio (30-60%)
154906,YPF,LOMA CAMPANA-LLL,56.72253731343283,134,47.6,780.7,Petrolífero,Intermedio (30-60%)
154907,YPF,LOMA CAMPANA-LLL,69.9370895522388,134,53.4,576.8,Petrolífero,Intermedio (30-60%)
154908,YPF,LOMA CAMPANA-LLL,48.37604477611941,134,43.7,716.0,Petrolífero,Intermedio (30-60%)
154909,YPF,LOMA CAMPANA-LLL,32.23892307692308,130,50.3,738.3,Petrolífero,Intermedio (30-60%)
154910,YPF,LOMA CAMPANA-LLL,25.07236641221374,131,49.0,522.9,Petrolífero,Intermedio (30-60%)
154911,YPF,LOMA CAMPANA-LLL,51.3012213740458,131,39.2,546.6,Petrolífero,Intermedio (30-60%)
154912,YPF,LOMA CAMPANA-LLL,108.22011235955057,89,59.0,572.5,Petrolífero,Intermedio (30-60%)
154929,YPF,LOMA CAMPANA,386.7737735849057,106,11.7,134.8,Petrolífero,Temprano (<30%)
154930,YPF,LOMA CAMPANA,488.5446226415095,106,9.9,140.9,Petrolífero,Temprano (<30%)
154931,YPF,LOMA CAMPANA,179.00799999999998,100,32.2,152.9,Petrolífero,Intermedio (30-60%)
154932,YPF,LOMA CAMPANA,457.6060162601626,123,19.9,194.3,Petrolífero,Temprano (<30%)
154933,YPF,LOMA CAMPANA,427.83765306122444,98,30.4,157.2,Petrolífero,Intermedio (30-60%)
155029,YPF,LOMA CAMPANA-LLL,55.92593984962406,133,48.5,919.7,Petrolífero,Intermedio (30-60%)
155030,YPF,LOMA CAMPANA-LLL,40.85318181818182,132,38.1,577.5,Petrolífero,Intermedio (30-60%)
155031,YPF,LOMA CAMPANA-LLL,38.4566917293233,133,37.4,619.9,Petrolífero,Intermedio (30-60%)
155032,YPF,LOMA CAMPANA-LLL,40.208872180451124,133,37.9,680.3,Petrolífero,Intermedio (30-60%)
155033,YPF,LOMA CAMPANA,671.9898333333333,120,17.0,188.8,Petrolífero,Temprano (<30%)
155040,YPF,LOMA CAMPANA,111.05313432835821,67,41.4,157.7,Petrolífero,Intermedio (30-60%)
155041,YPF,LOMA CAMPANA,491.13018518518516,108,11.7,149.5,Petrolífero,Temprano (<30%)
155042,YPF,LOMA CAMPANA,204.35603174603176,63,32.5,128.0,Petrolífero,Intermedio (30-60%)
155043,YPF,LOMA CAMPANA,275.4225225225225,111,5.6,109.1,Petrolífero,Temprano (<30%)
155095,Vista Energy,AGUADA FEDERAL,94.8851539032258,31,19.4,315.7,Petrolífero,Temprano (<30%)
155095,Wintershall,AGUADA FEDERAL,184.83350000000002,30,46.0,131.9,Petrolífero,Intermedio (30-60%)
155096,Vista Energy,AGUADA FEDERAL,117.36058372222223,54,44.9,176.3,Petrolífero,Intermedio (30-60%)
155096,Wintershall,AGUADA FEDERAL,164.0806,35,32.3,124.8,Petrolífero,Intermedio (30-60%)
155217,YPF,BANDURRIA SUR,458.45461538461535,52,21.5,147.1,Petrolífero,Temprano (<30%)
155218,YPF,LOMA CAMPANA-LLL,203.71469696969697,132,12.5,726.8,Petrolífero,Temprano (<30%)
155219,YPF,LOMA CAMPANA-LLL,100.0618320610687,131,24.4,805.3,Petrolífero,Temprano (<30%)
155220,YPF,LOMA CAMPANA-LLL,81.21854961832062,131,26.6,851.2,Petrolífero,Temprano (<30%)
155221,YPF,LOMA CAMPANA-LLL,116.40833333333333,132,23.7,758.4,Petrolífero,Temprano (<30%)
155222,YPF,LOMA CAMPANA-LLL,73.14145038167939,131,44.8,634.9,Petrolífero,Intermedio (30-60%)
155223,YPF,LOMA CAMPANA-LLL,38.989384615384616,130,65.6,1047.7,Petrolífero,Maduro (>60%)
155224,YPF,LOMA CAMPANA-LLL,39.69069767441861,129,63.2,656.7,Petrolífero,Maduro (>60%)
155225,YPF,LOMA CAMPANA-LLL,41.00968,125,68.1,699.0,Petrolífero,Maduro (>60%)
155226,YPF,LOMA CAMPANA-LLL,89.80763358778626,131,35.3,650.0,Petrolífero,Intermedio (30-60%)
155233,YPF,NARAMBUENA,94.59175,80,21.3,135.9,Petrolífero,Temprano (<30%)
155239,YPF,LOMA CAMPANA,341.39443037974684,79,12.9,172.8,Petrolífero,Temprano (<30%)
155240,YPF,LOMA CAMPANA,379.83009803921567,102,8.9,155.9,Petrolífero,Temprano (<30%)
155241,YPF,LOMA CAMPANA,161.38248000000002,125,13.2,199.7,Petrolífero,Temprano (<30%)
155411,YPF,LOMA CAMPANA-LLL,84.843515625,128,35.2,583.2,Petrolífero,Intermedio (30-60%)
155412,YPF,LOMA CAMPANA-LLL,90.01297709923665,131,32.7,574.9,Petrolífero,Intermedio (30-60%)
155413,YPF,LOMA CAMPANA-LLL,43.329307692307694,130,43.7,497.4,Petrolífero,Intermedio (30-60%)
155414,YPF,LOMA CAMPANA-LLL,54.39854961832061,131,41.9,624.1,Petrolífero,Intermedio (30-60%)
155415,YPF,LOMA CAMPANA-LLL,72.33991304347826,115,44.3,528.7,Petrolífero,Intermedio (30-60%)
155416,YPF,LOMA CAMPANA-LLL,40.59377952755906,127,44.4,748.8,Petrolífero,Intermedio (30-60%)
155417,YPF,LOMA CAMPANA-LLL,64.26335877862596,131,43.4,596.0,Petrolífero,Intermedio (30-60%)
155418,YPF,LOMA CAMPANA-LLL,50.52427480916031,131,52.1,644.2,Petrolífero,Intermedio (30-60%)
155419,YPF,LOMA CAMPANA-LLL,90.20809160305343,131,45.9,646.3,Petrolífero,Intermedio (30-60%)
155420,YPF,LOMA CAMPANA-LLL,54.13885496183206,131,46.2,851.8,Petrolífero,Intermedio (30-60%)
155424,YPF,NARAMBUENA,252.3646,50,17.9,79.4,Petrolífero,Temprano (<30%)
155430,YPF,LOMA CAMPANA,267.11247191011233,89,7.5,131.1,Petrolífero,Temprano (<30%)
155526,YPF,LOMA CAMPANA-LLL,125.33503875968992,129,68.4,584.9,Petrolífero,Maduro (>60%)
155527,YPF,LOMA CAMPANA-LLL,108.144375,128,34.4,501.6,Petrolífero,Intermedio (30-60%)
155528,YPF,LOMA CAMPANA-LLL,90.45976744186046,129,35.8,455.1,Petrolífero,Intermedio (30-60%)
155529,YPF,LOMA CAMPANA-LLL,33.27899224806201,129,39.1,676.9,Petrolífero,Intermedio (30-60%)
155530,YPF,LOMA CAMPANA-LLL,86.31653846153846,130,44.3,497.4,Petrolífero,Intermedio (30-60%)
155531,YPF,LOMA CAMPANA-LLL,36.34623076923077,130,53.6,731.8,Petrolífero,Intermedio (30-60%)
155532,YPF,LOMA CAMPANA-LLL,26.254297520661158,121,51.4,550.6,Petrolífero,Intermedio (30-60%)
155533,YPF,LOMA CAMPANA-LLL,49.03,122,51.7,576.5,Petrolífero,Intermedio (30-60%)
155535,YPF,LOMA CAMPANA-LLL,551.8848818897638,127,28.6,223.8,Petrolífero,Temprano (<30%)
155536,YPF,LOMA CAMPANA-LLL,607.7144094488189,127,34.8,277.9,Petrolífero,Intermedio (30-60%)
155544,YPF,LOMA CAMPANA,386.4270247933884,121,13.6,273.4,Petrolífero,Temprano (<30%)
155545,YPF,LOMA CAMPANA,344.58508620689656,116,17.9,283.4,Petrolífero,Temprano (<30%)
155546,YPF,LOMA CAMPANA,682.7792063492063,126,16.6,179.6,Petrolífero,Temprano (<30%)
155547,YPF,LOMA CAMPANA,571.9110434782609,115,20.0,183.4,Petrolífero,Temprano (<30%)
155624,YPF,LOMA CAMPANA-LLL,71.41612403100775,129,30.6,511.3,Petrolífero,Intermedio (30-60%)
155625,YPF,LOMA CAMPANA-LLL,45.787984496124025,129,49.8,795.3,Petrolífero,Intermedio (30-60%)
155626,YPF,LOMA CAMPANA-LLL,77.60108527131783,129,38.9,1096.3,Petrolífero,Intermedio (30-60%)
155627,YPF,LOMA CAMPANA-LLL,33.577209302325585,129,39.9,702.1,Petrolífero,Intermedio (30-60%)
155628,YPF,LOMA CAMPANA-LLL,51.064651162790696,129,41.4,869.1,Petrolífero,Intermedio (30-60%)
155629,YPF,LOMA CAMPANA-LLL,19.326639344262293,122,45.6,833.5,Petrolífero,Intermedio (30-60%)
155630,YPF,LOMA CAMPANA-LLL,47.03139534883721,129,37.8,816.9,Petrolífero,Intermedio (30-60%)
155631,YPF,LOMA CAMPANA-LLL,40.23296875,128,48.7,848.0,Petrolífero,Intermedio (30-60%)
155632,YPF,LOMA CAMPANA-LLL,57.310403225806446,124,41.6,704.5,Petrolífero,Intermedio (30-60%)
155633,YPF,LOMA CAMPANA-LLL,102.49038759689923,129,34.3,669.7,Petrolífero,Intermedio (30-60%)
155634,YPF,LOMA CAMPANA-LLL,104.99248062015505,129,31.3,605.9,Petrolífero,Intermedio (30-60%)
155635,YPF,LOMA CAMPANA-LLL,123.61341085271317,129,26.4,486.4,Petrolífero,Temprano (<30%)
155636,YPF,LOMA CAMPANA-LLL,278.45775193798454,129,18.1,535.5,Petrolífero,Temprano (<30%)
155639,YPF,LOMA CAMPANA-LLL,350.90473684210525,114,20.2,228.9,Petrolífero,Temprano (<30%)
155712,O&G Developments,CRUZ DE LORENA,249.98590203104175,9,24.8,109.8,Petrolífero,Temprano (<30%)
155712,Shell,CRUZ DE LORENA,187.39,1,0.0,150.2,Petrolífero,Temprano (<30%)
155713,O&G Developments,CRUZ DE LORENA,594.5407820146787,26,25.7,134.0,Petrolífero,Temprano (<30%)
155713,Shell,CRUZ DE LORENA,229.501125,80,6.4,147.8,Petrolífero,Temprano (<30%)
155785,Capex,AGUA DEL CAJON,20.87531746031746,126,24.9,711.3,Petrolífero,Temprano (<30%)
155821,YPF,BAJADA DE AÑELO,605.706875,16,37.5,1050.7,Petrolífero,Intermedio (30-60%)
155826,YPF,EL OREJANO,11.14125,8,77.4,24846.9,Gasífero,Maduro (>60%)
155827,YPF,EL OREJANO,19.27625,8,95.5,17906.5,Gasífero,Maduro (>60%)
155828,YPF,EL OREJANO,73.80833333333334,12,88.4,16232.0,Gasífero,Maduro (>60%)
155829,YPF,EL OREJANO,8.344285714285714,7,88.6,31891.3,Gasífero,Maduro (>60%)
155831,YPF,LAS TACANAS II,25.23,3,85.8,56464.4,Gasífero,Maduro (>60%)
156320,YPF,LA AMARGA CHICA,477.24258620689653,116,18.4,129.0,Petrolífero,Temprano (<30%)
156331,YPF,LOMA CAMPANA,433.2480833333333,120,16.2,207.1,Petrolífero,Temprano (<30%)
156332,YPF,LOMA CAMPANA,375.5457446808511,94,13.1,186.3,Petrolífero,Temprano (<30%)
156333,YPF,LOMA CAMPANA,529.9958407079646,113,8.6,150.8,Petrolífero,Temprano (<30%)
156334,YPF,LOMA CAMPANA,489.9237398373984,123,12.9,178.3,Petrolífero,Temprano (<30%)
156335,YPF,LOMA CAMPANA,541.7677669902913,103,15.6,215.4,Petrolífero,Temprano (<30%)
156336,YPF,LOMA CAMPANA,475.1796551724138,116,9.4,251.6,Petrolífero,Temprano (<30%)
156337,YPF,LOMA CAMPANA,1310.6855555555555,18,12.1,153.6,Petrolífero,Temprano (<30%)
156338,YPF,LOMA CAMPANA,381.3021428571428,112,13.5,270.7,Petrolífero,Temprano (<30%)
156339,YPF,LOMA CAMPANA,636.8002150537634,93,14.3,237.2,Petrolífero,Temprano (<30%)
156379,O&G Developments,CRUZ DE LORENA,801.1010670435176,29,4.0,95.3,Petrolífero,Temprano (<30%)
156379,Shell,CRUZ DE LORENA,360.585,84,9.6,66.3,Petrolífero,Temprano (<30%)
156469,YPF,EL OREJANO,21.66769230769231,26,10.9,16067.7,Gasífero,Temprano (<30%)
156470,YPF,EL OREJANO,144.57685714285714,35,84.3,21855.2,Gasífero,Maduro (>60%)
156471,YPF,EL OREJANO,127.90605263157896,38,80.7,23984.1,Gasífero,Maduro (>60%)
156472,YPF,EL OREJANO,36.97071428571429,14,42.4,20307.7,Gasífero,Intermedio (30-60%)
156473,YPF,LA AMARGA CHICA,495.70475,120,15.8,167.8,Petrolífero,Temprano (<30%)
156474,YPF,LA AMARGA CHICA,200.16393162393163,117,12.7,214.6,Petrolífero,Temprano (<30%)
156475,YPF,LA AMARGA CHICA,742.9633043478261,115,18.7,150.0,Petrolífero,Temprano (<30%)
156476,YPF,LOMA CAMPANA-LLL,120.0795238095238,126,21.2,876.4,Petrolífero,Temprano (<30%)
156477,YPF,LOMA CAMPANA-LLL,157.7236507936508,126,22.2,739.5,Petrolífero,Temprano (<30%)
156478,YPF,LOMA CAMPANA-LLL,106.81206349206349,126,28.4,750.2,Petrolífero,Temprano (<30%)
156479,YPF,LOMA CAMPANA-LLL,133.8068253968254,126,26.2,768.7,Petrolífero,Temprano (<30%)
156488,YPF,LOMA CAMPANA,576.9241322314049,121,12.2,177.2,Petrolífero,Temprano (<30%)
156489,YPF,LOMA CAMPANA,1259.0099180327868,122,9.5,205.2,Petrolífero,Temprano (<30%)
156490,YPF,LOMA CAMPANA,435.18909836065575,122,15.9,238.4,Petrolífero,Temprano (<30%)
156491,YPF,LOMA CAMPANA,470.8689830508475,118,11.4,188.2,Petrolífero,Temprano (<30%)
156492,YPF,LOMA CAMPANA,440.5053465346535,101,12.0,219.5,Petrolífero,Temprano (<30%)
156493,YPF,LOMA CAMPANA,541.6276991150443,113,12.4,161.6,Petrolífero,Temprano (<30%)
156550,YPF,LA AMARGA CHICA,659.5238333333333,120,34.4,156.5,Petrolífero,Intermedio (30-60%)
156551,YPF,LA AMARGA CHICA,241.76766990291262,103,39.4,165.9,Petrolífero,Intermedio (30-60%)
156552,YPF,BANDURRIA SUR,909.1332608695651,46,15.3,455.0,Petrolífero,Temprano (<30%)
156553,YPF,LOMA CAMPANA-LLL,921.5938157894738,76,21.7,183.6,Petrolífero,Temprano (<30%)
156554,YPF,LOMA CAMPANA-LLL,876.5615686274509,102,26.6,206.6,Petrolífero,Temprano (<30%)
156555,YPF,LOMA CAMPANA-LLL,813.9850833333333,120,16.7,182.1,Petrolífero,Temprano (<30%)
156697,YPF,LOMA CAMPANA-LLL,1097.1591666666666,108,20.4,189.3,Petrolífero,Temprano (<30%)
156698,YPF,LOMA CAMPANA-LLL,811.0978217821782,101,9.3,204.9,Petrolífero,Temprano (<30%)
156707,YPF,LOMA CAMPANA,604.346,120,9.9,194.8,Petrolífero,Temprano (<30%)
156708,YPF,LOMA CAMPANA,218.69217948717952,78,12.8,282.4,Petrolífero,Temprano (<30%)
156709,YPF,LOMA CAMPANA,637.1832786885246,122,17.0,167.2,Petrolífero,Temprano (<30%)
156710,YPF,LOMA CAMPANA,836.1875925925925,108,15.5,156.5,Petrolífero,Temprano (<30%)
156714,TotalEnergies,AGUADA PICHANA ESTE VACA MUERTA,22.190671185185185,54,96.2,29928.8,Gasífero,Maduro (>60%)
156715,TotalEnergies,RINCON LA CENIZA,270.25451452736553,110,41.7,2985.2,Petrolífero,Intermedio (30-60%)
156715,Vaca,RINCON LA CENIZA,92.3809090909091,11,42.4,612.5,Petrolífero,Intermedio (30-60%)
156716,TotalEnergies,RINCON LA CENIZA,117.35218233083029,107,64.2,1269.8,Petrolífero,Maduro (>60%)
156716,Vaca,RINCON LA CENIZA,57.37625,8,67.1,638.6,Petrolífero,Maduro (>60%)
156741,YPF,EL OREJANO,31.580000000000002,31,92.2,18082.5,Gasífero,Maduro (>60%)
156742,YPF,EL OREJANO,123.445625,32,60.5,15477.8,Gasífero,Maduro (>60%)
156743,YPF,EL OREJANO,8.481333333333334,15,98.2,125659.1,Gasífero,Maduro (>60%)
156744,YPF,LA AMARGA CHICA,349.0888888888889,27,30.5,151.9,Petrolífero,Intermedio (30-60%)
156751,YPF,NARAMBUENA,465.6731578947369,76,29.9,183.6,Petrolífero,Temprano (<30%)
156756,YPF,LOMA CAMPANA,572.1882524271845,103,7.9,169.0,Petrolífero,Temprano (<30%)
156757,YPF,LOMA CAMPANA,745.1831707317073,123,12.7,164.1,Petrolífero,Temprano (<30%)
156758,YPF,LOMA CAMPANA,467.5886458333334,96,12.0,172.4,Petrolífero,Temprano (<30%)
156759,YPF,LOMA CAMPANA,512.7942045454546,88,17.1,152.5,Petrolífero,Temprano (<30%)
156760,YPF,LOMA CAMPANA,478.99316831683166,101,23.6,215.0,Petrolífero,Temprano (<30%)
156761,YPF,LOMA CAMPANA,456.6449504950495,101,17.4,155.5,Petrolífero,Temprano (<30%)
156802,TotalEnergies,RINCON LA CENIZA,63.96569080161461,98,51.5,2595.0,Petrolífero,Intermedio (30-60%)
156803,TotalEnergies,RINCON LA CENIZA,90.93328106233336,99,43.7,835.5,Petrolífero,Intermedio (30-60%)
156803,Vaca,RINCON LA CENIZA,42.855000000000004,2,26.0,743.2,Petrolífero,Temprano (<30%)
156871,YPF,EL OREJANO,45.730000000000004,4,51.3,9802.3,Gasífero,Intermedio (30-60%)
156872,YPF,EL OREJANO,95.224,5,82.5,38320.7,Gasífero,Maduro (>60%)
156873,YPF,LOMA CAMPANA-LLL,524.0563513513513,74,22.1,230.3,Petrolífero,Temprano (<30%)
156874,YPF,LOMA CAMPANA-LLL,382.01000000000005,101,28.6,282.8,Petrolífero,Temprano (<30%)
156875,YPF,LOMA CAMPANA-LLL,477.7645918367347,98,18.4,229.1,Petrolífero,Temprano (<30%)
156965,YPF,EL OREJANO,67.97814814814815,54,88.9,29223.6,Gasífero,Maduro (>60%)
156966,YPF,EL OREJANO,62.28272727272727,44,88.6,25043.5,Gasífero,Maduro (>60%)
156967,YPF,LA AMARGA CHICA,1043.1961403508772,114,28.4,89.6,Petrolífero,Temprano (<30%)
156968,YPF,LA AMARGA CHICA,809.8716239316238,117,17.9,97.4,Petrolífero,Temprano (<30%)
156969,YPF,LOMA CAMPANA-LLL,961.4968376068376,117,10.9,177.5,Petrolífero,Temprano (<30%)
156970,YPF,LOMA CAMPANA-LLL,723.5284536082473,97,15.4,202.0,Petrolífero,Temprano (<30%)
156971,YPF,LOMA CAMPANA-LLL,736.6589908256881,109,14.2,171.5,Petrolífero,Temprano (<30%)
156972,YPF,LOMA CAMPANA-LLL,725.3644036697248,109,22.0,208.8,Petrolífero,Temprano (<30%)
156973,YPF,LOMA CAMPANA-LLL,225.3647619047619,105,32.5,429.3,Petrolífero,Intermedio (30-60%)
156981,YPF,NARAMBUENA,143.11696969696968,66,18.2,94.8,Petrolífero,Temprano (<30%)
157109,YPF,LOMA CAMPANA-LLL,841.2722321428572,112,11.2,179.0,Petrolífero,Temprano (<30%)
157110,YPF,LOMA CAMPANA-LLL,454.9134736842105,95,13.5,204.5,Petrolífero,Temprano (<30%)
157111,YPF,LOMA CAMPANA-LLL,974.663076923077,104,14.0,164.0,Petrolífero,Temprano (<30%)
157112,YPF,LOMA CAMPANA-LLL,531.9541666666667,96,11.1,215.7,Petrolífero,Temprano (<30%)
157113,YPF,LOMA CAMPANA-LLL,548.1446315789474,95,16.0,196.2,Petrolífero,Temprano (<30%)
157114,YPF,LOMA CAMPANA-LLL,582.6485714285714,105,14.2,168.5,Petrolífero,Temprano (<30%)
157190,YPF,LOMA CAMPANA-LLL,714.0704716981132,106,22.1,209.1,Petrolífero,Temprano (<30%)
157191,YPF,LOMA CAMPANA-LLL,635.4691566265061,83,26.7,198.4,Petrolífero,Temprano (<30%)
157224,O&G Developments,SIERRAS BLANCAS,539.7564388793392,28,8.0,112.9,Petrolífero,Temprano (<30%)
157224,Shell,SIERRAS BLANCAS,141.2908,75,7.8,86.6,Petrolífero,Temprano (<30%)
157249,TotalEnergies,LA ESCALONADA,767.2839230769231,52,31.0,461.2,Petrolífero,Intermedio (30-60%)
157322,YPF,EL OREJANO,59.1,1,8.5,3253.0,Gasífero,Temprano (<30%)
157329,YPF,LOMA CAMPANA,369.65574468085106,94,20.2,170.3,Petrolífero,Temprano (<30%)
157330,YPF,LOMA CAMPANA,419.63934210526315,76,21.2,164.5,Petrolífero,Temprano (<30%)
157331,YPF,LOMA CAMPANA,455.3148039215686,102,16.2,141.3,Petrolífero,Temprano (<30%)
157332,YPF,LOMA CAMPANA,429.0560576923077,104,15.9,181.4,Petrolífero,Temprano (<30%)
157333,YPF,LOMA CAMPANA,431.8064077669903,103,14.4,145.0,Petrolífero,Temprano (<30%)
157334,YPF,LOMA CAMPANA,322.001511627907,86,17.4,180.4,Petrolífero,Temprano (<30%)
157335,YPF,LOMA CAMPANA,517.8217346938775,98,13.5,136.6,Petrolífero,Temprano (<30%)
157336,YPF,LOMA CAMPANA,359.29336956521735,92,12.4,175.2,Petrolífero,Temprano (<30%)
157364,Tecpetrol,FORTIN DE PIEDRA,63.7819254084507,71,47.3,7380.1,Gasífero,Intermedio (30-60%)
157409,YPF,LOMA CAMPANA-LLL,501.5931896551724,116,23.4,604.5,Petrolífero,Temprano (<30%)
157410,YPF,LOMA CAMPANA-LLL,485.9430701754386,114,25.4,444.8,Petrolífero,Temprano (<30%)
157516,Pan American Energy,BANDURRIA CENTRO,246.5437131304348,115,46.9,301.2,Petrolífero,Intermedio (30-60%)
157537,Pan American Energy,BANDURRIA CENTRO,107.73843758928571,112,48.8,481.1,Petrolífero,Intermedio (30-60%)
157552,Americas Petrogas,LOS TOLDOS ESTE,1222.5403684210526,19,48.5,160.8,Petrolífero,Intermedio (30-60%)
157552,Tecpetrol,LOS TOLDOS ESTE,491.9052208333333,24,32.7,196.8,Petrolífero,Intermedio (30-60%)
157567,Vista Energy,AGUADA FEDERAL,183.96875862068967,29,21.4,264.1,Petrolífero,Temprano (<30%)
157567,Wintershall,AGUADA FEDERAL,427.3088333333333,24,38.4,146.9,Petrolífero,Intermedio (30-60%)
157570,Bentia,BAJO BARDA GONZALEZ,20.2902,10,22.1,91.2,Petrolífero,Temprano (<30%)
157570,YPF,BAJO BARDA GONZALEZ,25.627333333333333,15,19.0,177.7,Petrolífero,Temprano (<30%)
157679,Oilstone,BORDE ESPINOSO,8.87391072413793,29,66.0,0.0,Petrolífero,Maduro (>60%)
157733,Vista Energy,AGUADA FEDERAL,154.36511010344827,29,30.1,299.4,Petrolífero,Intermedio (30-60%)
157733,Wintershall,AGUADA FEDERAL,267.71073684210523,19,63.2,151.0,Petrolífero,Maduro (>60%)
157860,YPF,EL OREJANO,39.623333333333335,3,76.5,12636.7,Gasífero,Maduro (>60%)
157861,YPF,LA AMARGA CHICA,736.9894690265487,113,23.9,136.8,Petrolífero,Temprano (<30%)
157862,YPF,LA AMARGA CHICA,878.7136363636364,66,15.2,153.5,Petrolífero,Temprano (<30%)
157863,YPF,LA AMARGA CHICA,700.0104629629631,108,27.7,118.8,Petrolífero,Temprano (<30%)
157871,YPF,LOMA CAMPANA,368.8387368421053,95,12.9,120.4,Petrolífero,Temprano (<30%)
157872,YPF,LOMA CAMPANA,1184.177415730337,89,5.8,96.8,Petrolífero,Temprano (<30%)
157873,YPF,LOMA CAMPANA,574.721625,80,13.7,102.0,Petrolífero,Temprano (<30%)
157874,YPF,LOMA CAMPANA,512.1791891891892,111,13.1,119.6,Petrolífero,Temprano (<30%)
157875,YPF,LOMA CAMPANA,604.0772115384615,104,13.8,128.6,Petrolífero,Temprano (<30%)
157876,YPF,LOMA CAMPANA,493.35763440860217,93,13.5,134.9,Petrolífero,Temprano (<30%)
157884,Tecpetrol,FORTIN DE PIEDRA,31.822703550724636,69,79.3,49895.4,Gasífero,Maduro (>60%)
157903,Wintershall,BANDURRIA NORTE,320.96792592592595,27,64.8,559.3,Petrolífero,Maduro (>60%)
157907,Tecpetrol,FORTIN DE PIEDRA,33.74870877611941,67,80.4,47582.5,Gasífero,Maduro (>60%)
157969,YPF,EL OREJANO,27.19,1,84.8,137998.5,Gasífero,Maduro (>60%)
157970,YPF,EL OREJANO,21.903333333333336,3,96.9,246930.6,Gasífero,Maduro (>60%)
157972,YPF,LOMA CAMPANA-LLL,729.2098275862069,58,12.9,170.2,Petrolífero,Temprano (<30%)
157973,YPF,LOMA CAMPANA-LLL,496.4291089108911,101,16.3,216.0,Petrolífero,Temprano (<30%)
157977,YPF,LOMA CAMPANA,502.4092929292929,99,13.0,139.2,Petrolífero,Temprano (<30%)
157978,YPF,LOMA CAMPANA,400.8296590909091,88,16.1,144.6,Petrolífero,Temprano (<30%)
157986,O&G Developments,CRUZ DE LORENA,1607.3206867007025,21,9.4,106.0,Petrolífero,Temprano (<30%)
157986,Shell,CRUZ DE LORENA,515.622,65,17.4,154.1,Petrolífero,Temprano (<30%)
158040,YPF,EL OREJANO,11.973333333333334,3,98.3,258233.9,Gasífero,Maduro (>60%)
158041,YPF,LA AMARGA CHICA,829.6977777777778,99,30.8,135.0,Petrolífero,Intermedio (30-60%)
158042,YPF,LA AMARGA CHICA,593.9654716981132,106,25.1,153.5,Petrolífero,Temprano (<30%)
158043,YPF,LOMA CAMPANA-LLL,464.8511538461538,104,16.1,359.7,Petrolífero,Temprano (<30%)
158044,YPF,LOMA CAMPANA-LLL,699.3717924528303,106,20.8,277.2,Petrolífero,Temprano (<30%)
158045,YPF,LOMA CAMPANA-LLL,550.568,110,22.3,220.2,Petrolífero,Temprano (<30%)
158046,YPF,LOMA CAMPANA-LLL,575.092,85,12.1,174.2,Petrolífero,Temprano (<30%)
158080,O&G Developments,CRUZ DE LORENA,1687.6867279825983,21,5.6,112.2,Petrolífero,Temprano (<30%)
158080,Shell,CRUZ DE LORENA,423.84940476190474,84,13.0,167.5,Petrolífero,Temprano (<30%)
158143,YPF,LOMA ALTA,6.942666666666667,30,60.8,32.6,Petrolífero,Maduro (>60%)
158148,YPF,LOMA CAMPANA-LLL,517.540101010101,99,18.3,228.4,Petrolífero,Temprano (<30%)
158149,YPF,LOMA CAMPANA-LLL,526.4711340206185,97,15.1,188.0,Petrolífero,Temprano (<30%)
158150,YPF,LOMA CAMPANA-LLL,422.20238095238096,84,10.5,243.1,Petrolífero,Temprano (<30%)
158151,YPF,LOMA CAMPANA-LLL,418.9318367346939,98,10.0,195.4,Petrolífero,Temprano (<30%)
158152,YPF,LOMA CAMPANA-LLL,414.05392156862746,102,11.6,241.2,Petrolífero,Temprano (<30%)
158171,Pan American Energy,COIRON AMARGO SUR ESTE,243.20158054054053,111,7.0,12.1,Petrolífero,Temprano (<30%)
158177,Vista Energy,AGUADA FEDERAL,226.08100000000002,4,11.7,191.8,Petrolífero,Temprano (<30%)
158177,Wintershall,AGUADA FEDERAL,323.54494444444447,18,49.8,153.8,Petrolífero,Intermedio (30-60%)
158178,Vista Energy,AGUADA FEDERAL,528.5791666666667,6,15.9,184.1,Petrolífero,Temprano (<30%)
158178,Wintershall,AGUADA FEDERAL,694.5147777777778,18,32.8,147.2,Petrolífero,Intermedio (30-60%)
158179,Capex,AGUA DEL CAJON,16.18642857142857,14,15.4,1204.5,Petrolífero,Temprano (<30%)
158238,YPF,LA AMARGA CHICA,896.5170093457943,107,34.5,96.7,Petrolífero,Intermedio (30-60%)
158239,YPF,LA AMARGA CHICA,634.1514563106796,103,32.3,117.4,Petrolífero,Intermedio (30-60%)
158288,Tecpetrol,FORTIN DE PIEDRA,231.53485121153847,104,47.8,6896.8,Gasífero,Intermedio (30-60%)
158304,Petrolera El Trébol,PUESTO ROJAS,49.43272727272727,11,51.3,1509.7,Petrolífero,Intermedio (30-60%)
158305,Petrolera El Trébol,PUESTO ROJAS,50.92636363636364,11,39.4,457.1,Petrolífero,Intermedio (30-60%)
158333,Tecpetrol,FORTIN DE PIEDRA,228.04333131958765,97,45.7,7404.3,Gasífero,Intermedio (30-60%)
158334,Tecpetrol,FORTIN DE PIEDRA,210.46148830097087,103,42.2,8465.0,Gasífero,Intermedio (30-60%)
158362,YPF,LOMA CAMPANA-LLL,903.3509708737863,103,10.4,332.0,Petrolífero,Temprano (<30%)
158363,YPF,LOMA CAMPANA-LLL,1193.6095327102803,107,18.2,434.3,Petrolífero,Temprano (<30%)
158364,YPF,LOMA CAMPANA-LLL,914.2143925233645,107,15.2,339.5,Petrolífero,Temprano (<30%)
158365,YPF,LOMA CAMPANA-LLL,797.4796226415094,106,25.1,242.7,Petrolífero,Temprano (<30%)
158421,YPF,EL OREJANO,8.318461538461538,13,98.3,349213.3,Gasífero,Maduro (>60%)
158422,YPF,EL OREJANO,36.75666666666667,6,89.4,116603.2,Gasífero,Maduro (>60%)
158423,YPF,EL OREJANO,38.99909090909091,22,92.7,82283.0,Gasífero,Maduro (>60%)
158424,YPF,EL OREJANO,63.376666666666665,9,95.0,87229.6,Gasífero,Maduro (>60%)
158425,YPF,EL OREJANO,12.06,1,99.1,479170.0,Gasífero,Maduro (>60%)
158426,YPF,EL OREJANO,32.64642857142857,14,96.5,145071.5,Gasífero,Maduro (>60%)
158427,YPF,LOMA CAMPANA-LLL,794.8045744680852,94,16.2,231.3,Petrolífero,Temprano (<30%)
158430,YPF,RINCON DEL MANGRULLO,19.760212765957448,47,97.0,140063.5,Gasífero,Maduro (>60%)
158431,YPF,RINCON DEL MANGRULLO,23.33086956521739,46,90.8,134071.4,Gasífero,Maduro (>60%)
158432,YPF,RINCON DEL MANGRULLO,26.718695652173913,46,91.8,141437.8,Gasífero,Maduro (>60%)
158443,YPF,LOMA CAMPANA-LLL,873.5157142857144,98,13.5,234.6,Petrolífero,Temprano (<30%)
158469,O&G Developments,SIERRAS BLANCAS,1215.296527638128,18,7.2,97.5,Petrolífero,Temprano (<30%)
158469,Shell,SIERRAS BLANCAS,422.419,80,13.1,78.7,Petrolífero,Temprano (<30%)
158470,O&G Developments,SIERRAS BLANCAS,1239.0626522796504,18,7.1,94.1,Petrolífero,Temprano (<30%)
158470,Shell,SIERRAS BLANCAS,390.15071428571434,84,19.9,95.1,Petrolífero,Temprano (<30%)
158471,O&G Developments,SIERRAS BLANCAS,1288.9112669612814,18,7.2,88.3,Petrolífero,Temprano (<30%)
158471,Shell,SIERRAS BLANCAS,428.203625,80,16.0,91.1,Petrolífero,Temprano (<30%)
158493,TotalEnergies,RINCON LA CENIZA,312.9244424930372,96,47.6,2413.4,Petrolífero,Intermedio (30-60%)
158493,Vaca,RINCON LA CENIZA,157.67818181818183,11,31.6,1297.6,Petrolífero,Intermedio (30-60%)
158494,TotalEnergies,RINCON LA CENIZA,259.17559900524606,87,50.8,2350.6,Petrolífero,Intermedio (30-60%)
158513,Pan American Energy,BANDURRIA CENTRO,150.3161654716981,106,47.2,426.0,Petrolífero,Intermedio (30-60%)
158514,Pan American Energy,BANDURRIA CENTRO,211.8749160952381,105,60.7,394.0,Petrolífero,Maduro (>60%)
158520,Pan American Energy,BANDURRIA CENTRO,338.2356472380953,105,43.3,318.8,Petrolífero,Intermedio (30-60%)
158526,Pan American Energy,BANDURRIA CENTRO,246.96256981132075,106,46.2,280.3,Petrolífero,Intermedio (30-60%)
158560,YPF,LOMA CAMPANA-LLL,984.7492771084337,83,11.6,245.8,Petrolífero,Temprano (<30%)
158561,YPF,LOMA CAMPANA-LLL,588.4179545454546,88,8.1,191.5,Petrolífero,Temprano (<30%)
158562,YPF,LOMA CAMPANA-LLL,570.29,90,10.6,213.0,Petrolífero,Temprano (<30%)
158570,YPF,LA RIBERA BLOQUE I,58.74096385542169,83,74.4,6818.4,Gasífero,Maduro (>60%)
158571,YPF,LA RIBERA BLOQUE I,105.33526881720431,93,80.6,8935.4,Gasífero,Maduro (>60%)
158686,ExxonMobil,BAJO DEL CHOIQUE,1524.4225,72,24.1,446.7,Petrolífero,Temprano (<30%)
158686,Pluspetrol,BAJO DEL CHOIQUE,719.759375,16,44.3,490.8,Petrolífero,Intermedio (30-60%)
158753,YPF,LA AMARGA CHICA,666.2477528089888,89,32.6,267.1,Petrolífero,Intermedio (30-60%)
158754,YPF,LA AMARGA CHICA,771.1691208791209,91,14.4,78.2,Petrolífero,Temprano (<30%)
158755,YPF,BANDURRIA SUR,1117.6759595959595,99,33.3,163.3,Petrolífero,Intermedio (30-60%)
158756,YPF,LOMA CAMPANA-LLL,666.7772941176471,85,27.8,308.4,Petrolífero,Temprano (<30%)
158757,YPF,LOMA CAMPANA-LLL,1157.0925773195877,97,16.0,298.9,Petrolífero,Temprano (<30%)
158802,Pluspetrol,LA CALERA,520.4852235294118,85,30.0,3139.0,Gasífero,Intermedio (30-60%)
158807,TotalEnergies,AGUADA PICHANA ESTE VACA MUERTA,6.442087,1,99.7,632798.8,Gasífero,Maduro (>60%)
158833,Pan American Energy,BANDURRIA CENTRO,243.3996,102,64.3,315.5,Petrolífero,Maduro (>60%)
158889,YPF,MALAL DEL MEDIO,49.2409375,32,93.8,3961.7,Gasífero,Maduro (>60%)
158891,YPF,EL OREJANO,50.22,1,93.7,143981.5,Gasífero,Maduro (>60%)
158892,YPF,BANDURRIA SUR,1249.0593137254903,102,22.4,178.9,Petrolífero,Temprano (<30%)
158893,YPF,LOMA CAMPANA-LLL,708.6198979591836,98,10.3,237.6,Petrolífero,Temprano (<30%)
158894,YPF,LOMA CAMPANA-LLL,649.3681707317073,82,12.2,136.6,Petrolífero,Temprano (<30%)
158895,YPF,LOMA CAMPANA-LLL,523.592,80,41.1,267.1,Petrolífero,Intermedio (30-60%)
158896,YPF,LOMA CAMPANA-LLL,838.322911392405,79,24.2,269.7,Petrolífero,Temprano (<30%)
158920,Tecpetrol,FORTIN DE PIEDRA,219.536744020202,99,53.5,12890.9,Gasífero,Intermedio (30-60%)
158921,Tecpetrol,FORTIN DE PIEDRA,220.70324415584415,77,44.2,13255.5,Gasífero,Intermedio (30-60%)
158922,Tecpetrol,FORTIN DE PIEDRA,245.24506509900988,101,62.1,11395.5,Gasífero,Maduro (>60%)
158923,ExxonMobil,BAJO DEL CHOIQUE,835.5966666666667,69,56.7,726.3,Petrolífero,Intermedio (30-60%)
158923,Pluspetrol,BAJO DEL CHOIQUE,231.92428571428573,14,55.2,778.2,Petrolífero,Intermedio (30-60%)
158928,Tecpetrol,FORTIN DE PIEDRA,47.8660356744186,86,83.4,50231.4,Gasífero,Maduro (>60%)
158929,Tecpetrol,FORTIN DE PIEDRA,40.064598626506026,83,85.1,48523.7,Gasífero,Maduro (>60%)
158930,Tecpetrol,FORTIN DE PIEDRA,45.81461787234043,94,85.1,48751.7,Gasífero,Maduro (>60%)
158931,Tecpetrol,FORTIN DE PIEDRA,47.54516179569893,93,84.6,48905.1,Gasífero,Maduro (>60%)
158953,Tecpetrol,FORTIN DE PIEDRA,28.243069566037736,53,80.7,51109.9,Gasífero,Maduro (>60%)
158961,Tecpetrol,FORTIN DE PIEDRA,51.41621356410256,78,82.0,48800.1,Gasífero,Maduro (>60%)
158962,Tecpetrol,FORTIN DE PIEDRA,51.58098601265823,79,79.3,48943.0,Gasífero,Maduro (>60%)
158963,Tecpetrol,FORTIN DE PIEDRA,50.73458720731708,82,82.7,49572.7,Gasífero,Maduro (>60%)
158967,Tecpetrol,FORTIN DE PIEDRA,47.27134696428571,84,85.6,46377.8,Gasífero,Maduro (>60%)
158968,Tecpetrol,FORTIN DE PIEDRA,92.99024399999999,5,91.2,60236.7,Gasífero,Maduro (>60%)
158973,O&G Developments,CRUZ DE LORENA,2225.3589249077468,13,7.9,89.9,Petrolífero,Temprano (<30%)
158973,Shell,CRUZ DE LORENA,567.8412941176471,85,5.7,108.4,Petrolífero,Temprano (<30%)
158974,O&G Developments,CRUZ DE LORENA,2633.5757750257953,13,3.5,81.1,Petrolífero,Temprano (<30%)
158974,Shell,CRUZ DE LORENA,655.7802272727272,88,2.6,96.2,Petrolífero,Temprano (<30%)
158975,O&G Developments,CRUZ DE LORENA,2465.8329089749063,13,5.4,85.3,Petrolífero,Temprano (<30%)
158975,Shell,CRUZ DE LORENA,727.7730379746836,79,5.6,90.0,Petrolífero,Temprano (<30%)
159005,Pan American Energy,BANDURRIA CENTRO,201.7879352040816,98,52.9,33.4,Petrolífero,Intermedio (30-60%)
159026,YPF,LA AMARGA CHICA,654.7498876404494,89,31.9,236.7,Petrolífero,Intermedio (30-60%)
159027,YPF,LOMA CAMPANA-LLL,687.8048453608249,97,8.1,250.7,Petrolífero,Temprano (<30%)
159065,Tecpetrol,FORTIN DE PIEDRA,38.245197,84,83.7,46808.9,Gasífero,Maduro (>60%)
159075,Pan American Energy,BANDURRIA CENTRO,743.8805098039217,102,35.4,143.6,Petrolífero,Intermedio (30-60%)
159086,Pan American Energy,COIRON AMARGO SUR ESTE,711.6610421568628,102,1.7,26.0,Petrolífero,Temprano (<30%)
159135,YPF,LA AMARGA CHICA,807.7726804123711,97,25.4,122.1,Petrolífero,Temprano (<30%)
159136,YPF,LA AMARGA CHICA,804.6361386138614,101,4.8,95.0,Petrolífero,Temprano (<30%)
159137,YPF,LOMA CAMPANA-LLL,843.1763000000001,100,17.6,106.9,Petrolífero,Temprano (<30%)
159138,YPF,LA RIBERA BLOQUE I,243.03231578947367,95,59.2,5410.3,Gasífero,Intermedio (30-60%)
159139,YPF,LA RIBERA BLOQUE I,180.63978494623655,93,42.6,6759.4,Gasífero,Intermedio (30-60%)
159168,O&G Developments,COIRON AMARGO SUR OESTE,2717.6711312222224,12,6.4,110.0,Petrolífero,Temprano (<30%)
159168,Shell,COIRON AMARGO SUR OESTE,687.8485227272727,88,24.0,81.8,Petrolífero,Temprano (<30%)
159184,Tecpetrol,FORTIN DE PIEDRA,41.27389369047619,84,84.6,47447.5,Gasífero,Maduro (>60%)
159203,ExxonMobil,AGUADA LOS LOROS,1218.390281690141,71,30.9,1327.3,Petrolífero,Intermedio (30-60%)
159203,Pluspetrol,AGUADA LOS LOROS,464.7757894736842,19,39.6,1569.5,Petrolífero,Intermedio (30-60%)
159219,YPF,AGUADA DE LA ARENA,80.35125000000001,24,83.1,60231.1,Gasífero,Maduro (>60%)
159220,YPF,AGUADA DE LA ARENA,52.489999999999995,19,89.8,88534.0,Gasífero,Maduro (>60%)
159221,YPF,AGUADA DE LA ARENA,103.67826923076925,52,68.9,34939.0,Gasífero,Maduro (>60%)
159222,YPF,LA AMARGA CHICA,879.248947368421,95,17.4,90.0,Petrolífero,Temprano (<30%)
159223,YPF,LA AMARGA CHICA,624.1654,100,8.4,102.4,Petrolífero,Temprano (<30%)
159224,YPF,LA AMARGA CHICA,1255.5197894736843,95,16.3,82.6,Petrolífero,Temprano (<30%)
159225,YPF,LOMA CAMPANA-LLL,908.7629347826087,92,13.5,160.3,Petrolífero,Temprano (<30%)
159226,YPF,LOMA CAMPANA-LLL,755.6478823529412,85,15.6,165.8,Petrolífero,Temprano (<30%)
159227,YPF,LOMA CAMPANA-LLL,1172.5181,100,14.8,161.1,Petrolífero,Temprano (<30%)
159280,YPF,LA AMARGA CHICA,1074.1991666666665,72,17.6,107.4,Petrolífero,Temprano (<30%)
159281,YPF,LOMA CAMPANA-LLL,648.0071428571429,91,8.8,123.4,Petrolífero,Temprano (<30%)
159307,Vista Energy,BANDURRIA NORTE,827.336,2,11.3,678.0,Petrolífero,Temprano (<30%)
159307,Wintershall,BANDURRIA NORTE,609.9106842105263,19,40.6,483.1,Petrolífero,Intermedio (30-60%)
159308,Vista Energy,BANDURRIA NORTE,1095.1085,2,11.1,637.5,Petrolífero,Temprano (<30%)
159308,Wintershall,BANDURRIA NORTE,758.1225999999999,20,39.7,537.9,Petrolífero,Intermedio (30-60%)
159309,Vista Energy,BANDURRIA NORTE,1002.3556666666667,3,12.1,594.9,Petrolífero,Temprano (<30%)
159309,Wintershall,BANDURRIA NORTE,987.8949500000001,20,32.6,490.8,Petrolífero,Intermedio (30-60%)
159313,Pan American Energy,BANDURRIA CENTRO,260.15527882291667,96,37.5,276.1,Petrolífero,Intermedio (30-60%)
159314,Pan American Energy,BANDURRIA CENTRO,442.6406503563218,87,35.3,313.9,Petrolífero,Intermedio (30-60%)
159336,Tecpetrol,FORTIN DE PIEDRA,265.33829196969697,99,55.6,9404.8,Gasífero,Intermedio (30-60%)
159337,Tecpetrol,FORTIN DE PIEDRA,271.39635191919194,99,53.5,8696.2,Gasífero,Intermedio (30-60%)
159338,Tecpetrol,FORTIN DE PIEDRA,289.3415607142857,98,65.1,8960.3,Gasífero,Maduro (>60%)
159339,Tecpetrol,FORTIN DE PIEDRA,313.7400846989247,93,63.8,8428.5,Gasífero,Maduro (>60%)
159351,Tecpetrol,FORTIN DE PIEDRA,359.3951373958333,96,41.8,7582.7,Gasífero,Intermedio (30-60%)
159353,Tecpetrol,FORTIN DE PIEDRA,338.2582730208333,96,36.2,7947.2,Gasífero,Intermedio (30-60%)
159354,Tecpetrol,FORTIN DE PIEDRA,327.1133178125,96,38.5,7994.3,Gasífero,Intermedio (30-60%)
159376,YPF,EL OREJANO,1.92,1,99.3,1270619.8,Gasífero,Maduro (>60%)
159377,YPF,EL OREJANO,3.0366666666666666,3,98.1,513588.4,Gasífero,Maduro (>60%)
159379,YPF,LA AMARGA CHICA,1490.1215384615384,91,19.2,85.0,Petrolífero,Temprano (<30%)
159380,YPF,LOMA CAMPANA-LLL,848.0005882352941,17,17.6,114.1,Petrolífero,Temprano (<30%)
159381,YPF,LOMA CAMPANA-LLL,406.14074074074074,81,14.7,157.7,Petrolífero,Temprano (<30%)
159382,YPF,LOMA CAMPANA-LLL,1811.9386315789475,95,6.3,130.5,Petrolífero,Temprano (<30%)
159398,Tecpetrol,FORTIN DE PIEDRA,291.3889431919192,99,61.3,9815.2,Gasífero,Maduro (>60%)
159399,Tecpetrol,FORTIN DE PIEDRA,378.07627884375,96,53.6,7972.4,Gasífero,Intermedio (30-60%)
159403,Tecpetrol,FORTIN DE PIEDRA,266.912633625,96,66.8,9439.9,Gasífero,Maduro (>60%)
159404,Tecpetrol,FORTIN DE PIEDRA,236.61677525263156,95,64.1,11264.5,Gasífero,Maduro (>60%)
159434,O&G Developments,BAJADA DE AÑELO,2804.394855027778,9,11.6,525.0,Petrolífero,Temprano (<30%)
159434,Shell,BAJADA DE AÑELO,864.393409090909,44,3.7,590.9,Petrolífero,Temprano (<30%)
159463,TotalEnergies,SAN ROQUE VACA MUERTA,869.3583478260871,23,48.3,363.5,Petrolífero,Intermedio (30-60%)
159464,TotalEnergies,SAN ROQUE VACA MUERTA,672.1008003508772,57,49.1,426.3,Petrolífero,Intermedio (30-60%)
159492,YPF,LOMA CAMPANA-LLL,1676.0341237113403,97,6.2,131.0,Petrolífero,Temprano (<30%)
159493,YPF,LOMA CAMPANA-LLL,1065.6106593406594,91,13.2,126.4,Petrolífero,Temprano (<30%)
159498,YPF,LOMA CAMPANA,1656.0851546391752,97,4.4,138.3,Petrolífero,Temprano (<30%)
159499,YPF,LOMA CAMPANA,1198.1016842105264,95,7.0,141.3,Petrolífero,Temprano (<30%)
159500,YPF,LOMA CAMPANA,1831.2395652173914,92,15.5,140.8,Petrolífero,Temprano (<30%)
159501,YPF,LOMA CAMPANA,1078.862875,80,10.4,152.6,Petrolífero,Temprano (<30%)
159527,Pan American Energy,BANDURRIA CENTRO,398.8137154333333,90,51.2,283.3,Petrolífero,Intermedio (30-60%)
159529,Tecpetrol,FORTIN DE PIEDRA,389.1177386458333,96,51.1,7262.2,Gasífero,Intermedio (30-60%)
159530,Tecpetrol,FORTIN DE PIEDRA,67.28415361363636,88,82.2,46735.4,Gasífero,Maduro (>60%)
159531,Tecpetrol,FORTIN DE PIEDRA,60.69931471578948,95,84.7,48088.0,Gasífero,Maduro (>60%)
159532,Tecpetrol,FORTIN DE PIEDRA,63.96953197647059,85,87.7,45065.2,Gasífero,Maduro (>60%)
159559,Tecpetrol,CERRO LAS NIÑAS,45.44045,1,89.0,3749.7,Gasífero,Maduro (>60%)
159561,Tecpetrol,FORTIN DE PIEDRA,259.9526787234043,94,63.7,9394.9,Gasífero,Maduro (>60%)
159565,Tecpetrol,FORTIN DE PIEDRA,284.8437326315789,95,63.8,10757.2,Gasífero,Maduro (>60%)
159566,Tecpetrol,FORTIN DE PIEDRA,298.8861398958333,96,63.9,9656.4,Gasífero,Maduro (>60%)
159580,YPF,LOMA CAMPANA-LLL,1104.711182795699,93,28.4,164.3,Petrolífero,Temprano (<30%)
159581,YPF,LOMA CAMPANA-LLL,1017.4164556962024,79,14.6,137.7,Petrolífero,Temprano (<30%)
159582,YPF,LOMA CAMPANA-LLL,1148.9272527472529,91,21.3,187.2,Petrolífero,Temprano (<30%)
159583,YPF,LOMA CAMPANA-LLL,1262.4534831460674,89,11.7,150.3,Petrolífero,Temprano (<30%)
159584,YPF,LOMA CAMPANA-LLL,913.2115789473685,95,19.2,231.1,Petrolífero,Temprano (<30%)
159590,YPF,LOMA CAMPANA,979.2599999999999,82,5.8,151.0,Petrolífero,Temprano (<30%)
159607,Pan American Energy,BANDURRIA CENTRO,222.85137635416666,96,51.2,356.2,Petrolífero,Intermedio (30-60%)
159619,Pan American Energy,BANDURRIA CENTRO,372.28160041666666,96,43.1,268.2,Petrolífero,Intermedio (30-60%)
159629,Tecpetrol,FORTIN DE PIEDRA,307.29857223333335,60,55.4,9349.1,Gasífero,Intermedio (30-60%)
159634,TotalEnergies,RINCON LA CENIZA,822.3155073317331,82,35.4,1016.5,Petrolífero,Intermedio (30-60%)
159634,Vaca,RINCON LA CENIZA,376.19272727272727,11,23.8,785.1,Petrolífero,Temprano (<30%)
159635,TotalEnergies,RINCON LA CENIZA,791.1172461347812,78,26.2,1002.8,Petrolífero,Temprano (<30%)
159635,Vaca,RINCON LA CENIZA,161.475,10,31.6,1397.5,Petrolífero,Intermedio (30-60%)
159669,Tecpetrol,FORTIN DE PIEDRA,111.03267802272727,88,84.1,46391.0,Gasífero,Maduro (>60%)
159670,Tecpetrol,FORTIN DE PIEDRA,71.10200622727272,66,93.8,49767.5,Gasífero,Maduro (>60%)
159673,Tecpetrol,FORTIN DE PIEDRA,243.62330555056178,89,62.6,24511.2,Gasífero,Maduro (>60%)
159674,Tecpetrol,FORTIN DE PIEDRA,216.25104696923074,65,63.6,20284.7,Gasífero,Maduro (>60%)
159675,Tecpetrol,FORTIN DE PIEDRA,251.25889356626504,83,61.1,18708.2,Gasífero,Maduro (>60%)
159705,YPF,EL OREJANO,55.684000000000005,10,82.5,76697.6,Gasífero,Maduro (>60%)
159707,YPF,EL OREJANO,18.765384615384615,13,95.8,261817.1,Gasífero,Maduro (>60%)
159708,YPF,EL OREJANO,2.45,1,99.7,2448751.0,Gasífero,Maduro (>60%)
159709,YPF,LA AMARGA CHICA,1433.0568292682926,82,11.4,110.5,Petrolífero,Temprano (<30%)
159710,YPF,LA AMARGA CHICA,923.6567073170733,82,18.3,122.6,Petrolífero,Temprano (<30%)
159711,YPF,LA AMARGA CHICA,918.3890425531915,94,21.8,102.0,Petrolífero,Temprano (<30%)
159739,Pan American Energy,BANDURRIA CENTRO,847.4570821052631,95,24.9,297.1,Petrolífero,Temprano (<30%)
159748,Pan American Energy,BANDURRIA CENTRO,419.69416170212764,94,28.8,272.1,Petrolífero,Temprano (<30%)
159769,Tecpetrol,FORTIN DE PIEDRA,82.2564594074074,81,84.6,49097.6,Gasífero,Maduro (>60%)
159770,Tecpetrol,FORTIN DE PIEDRA,78.6062528875,80,85.2,53758.0,Gasífero,Maduro (>60%)
159805,Pan American Energy,BANDURRIA CENTRO,117.64930925531915,94,54.0,679.8,Petrolífero,Intermedio (30-60%)
159809,Petrolera El Trébol,PUESTO ROJAS,93.62215166666667,51,49.4,2.7,Petrolífero,Intermedio (30-60%)
159809,Petroquimica,PUESTO ROJAS,240.90843168749998,32,59.0,276.3,Petrolífero,Intermedio (30-60%)
159813,Petrolera El Trébol,PUESTO ROJAS,24.182307692307692,13,71.1,0.0,Petrolífero,Maduro (>60%)
159834,YPF,EL OREJANO,40.262,10,92.2,123883.5,Gasífero,Maduro (>60%)
159835,YPF,EL OREJANO,43.84125,8,90.1,64514.3,Gasífero,Maduro (>60%)
159836,YPF,EL OREJANO,62.86615384615384,13,86.4,46347.9,Gasífero,Maduro (>60%)
159837,YPF,BANDURRIA SUR,498.4613793103448,58,40.6,332.4,Petrolífero,Intermedio (30-60%)
159838,YPF,BANDURRIA SUR,332.502380952381,63,56.4,328.2,Petrolífero,Intermedio (30-60%)
159840,YPF,LOMA CAMPANA-LLL,600.3203488372093,86,24.2,129.1,Petrolífero,Temprano (<30%)
159841,YPF,LOMA CAMPANA-LLL,980.2470212765958,94,14.6,104.9,Petrolífero,Temprano (<30%)
159842,YPF,LOMA CAMPANA-LLL,775.1192222222222,90,20.1,141.7,Petrolífero,Temprano (<30%)
159843,YPF,LOMA CAMPANA-LLL,941.8869411764706,85,15.9,110.1,Petrolífero,Temprano (<30%)
159847,YPF,LOMA CAMPANA,554.476,90,23.7,80.6,Petrolífero,Temprano (<30%)
159848,YPF,LOMA CAMPANA,2377.115698924731,93,10.1,86.1,Petrolífero,Temprano (<30%)
159864,Petrolera El Trébol,PUESTO ROJAS,136.02659473684213,19,47.5,0.0,Petrolífero,Intermedio (30-60%)
159873,TotalEnergies,AGUADA PICHANA ESTE VACA MUERTA,33.06413323076923,91,76.4,65541.4,Gasífero,Maduro (>60%)
159874,TotalEnergies,AGUADA PICHANA ESTE VACA MUERTA,22.854466637362638,91,79.6,82470.9,Gasífero,Maduro (>60%)
159884,Kilwer,MATA MORA NORTE,994.8466793239438,71,11.0,79.5,Petrolífero,Temprano (<30%)
159884,Petrolera El Trébol,MATA MORA NORTE,324.3965333333333,3,1.2,57.9,Petrolífero,Temprano (<30%)
159884,Phoenix,MATA MORA NORTE,312.4154833333333,6,0.4,43.8,Petrolífero,Temprano (<30%)
159921,Tecpetrol,FORTIN DE PIEDRA,80.01518663157894,76,89.9,47533.3,Gasífero,Maduro (>60%)
159922,Tecpetrol,FORTIN DE PIEDRA,70.93661761428571,70,88.5,51325.9,Gasífero,Maduro (>60%)
159942,Pan American Energy,LINDERO ATRAVESADO OCCIDENTAL,1049.079905376344,93,18.9,100.1,Petrolífero,Temprano (<30%)
159957,Tecpetrol,FORTIN DE PIEDRA,81.01231983116882,77,89.7,47849.6,Gasífero,Maduro (>60%)
159958,Tecpetrol,FORTIN DE PIEDRA,32.860968112500004,80,89.5,51948.5,Gasífero,Maduro (>60%)
159959,Tecpetrol,FORTIN DE PIEDRA,68.32678143333334,90,87.0,50245.1,Gasífero,Maduro (>60%)
159960,Tecpetrol,FORTIN DE PIEDRA,71.15532479069768,86,87.8,48292.4,Gasífero,Maduro (>60%)
159961,Tecpetrol,FORTIN DE PIEDRA,87.78393105128205,78,80.1,46466.7,Gasífero,Maduro (>60%)
159962,Tecpetrol,FORTIN DE PIEDRA,87.70364696153847,78,82.6,47209.9,Gasífero,Maduro (>60%)
159963,Tecpetrol,FORTIN DE PIEDRA,82.9303092125,80,79.5,46853.6,Gasífero,Maduro (>60%)
159964,Tecpetrol,FORTIN DE PIEDRA,98.02761643037974,79,80.4,46466.3,Gasífero,Maduro (>60%)
159980,YPF,EL OREJANO,8.8,1,96.6,367535.2,Gasífero,Maduro (>60%)
159983,YPF,BANDURRIA SUR,1593.531891891892,74,18.3,135.6,Petrolífero,Temprano (<30%)
159984,YPF,BANDURRIA SUR,1631.368817204301,93,24.1,131.6,Petrolífero,Temprano (<30%)
159985,YPF,BANDURRIA SUR,438.56904109589044,73,40.3,333.6,Petrolífero,Intermedio (30-60%)
159986,YPF,BANDURRIA SUR,911.4989285714286,84,25.4,326.9,Petrolífero,Temprano (<30%)
159989,YPF,LOMA CAMPANA,1006.8345679012347,81,13.9,92.6,Petrolífero,Temprano (<30%)
160002,TotalEnergies,AGUADA PICHANA ESTE VACA MUERTA,7.7224713000000005,90,97.0,251959.2,Gasífero,Maduro (>60%)
160004,TotalEnergies,AGUADA PICHANA ESTE VACA MUERTA,26.800393802197803,91,91.3,92447.2,Gasífero,Maduro (>60%)
160005,TotalEnergies,AGUADA PICHANA ESTE VACA MUERTA,31.21852791208791,91,89.1,72575.0,Gasífero,Maduro (>60%)
160021,Petrolera El Trébol,PUESTO ROJAS,186.7814707368421,57,42.5,2.8,Petrolífero,Intermedio (30-60%)
160021,Petroquimica,PUESTO ROJAS,396.63213333333334,33,31.3,225.1,Petrolífero,Intermedio (30-60%)
160023,Tecpetrol,FORTIN DE PIEDRA,68.39241421505376,93,85.3,49129.8,Gasífero,Maduro (>60%)
160024,Tecpetrol,FORTIN DE PIEDRA,67.67202296774194,93,86.6,48498.4,Gasífero,Maduro (>60%)
160026,Tecpetrol,FORTIN DE PIEDRA,67.1743558131868,91,85.7,49712.7,Gasífero,Maduro (>60%)
160027,Tecpetrol,FORTIN DE PIEDRA,66.76076495604396,91,85.5,49733.8,Gasífero,Maduro (>60%)
160049,YPF,LA AMARGA CHICA,1162.0532954545454,88,24.3,164.7,Petrolífero,Temprano (<30%)
160050,YPF,LA AMARGA CHICA,1536.0974725274725,91,19.9,139.3,Petrolífero,Temprano (<30%)
160051,YPF,LA AMARGA CHICA,1579.6710588235296,85,23.7,143.8,Petrolífero,Temprano (<30%)
160052,YPF,BANDURRIA SUR,523.8852808988764,89,36.8,282.0,Petrolífero,Intermedio (30-60%)
160053,YPF,LOMA CAMPANA-LLL,471.0643589743589,78,15.9,171.1,Petrolífero,Temprano (<30%)
160054,YPF,LOMA CAMPANA-LLL,1361.8357142857142,84,5.6,172.3,Petrolífero,Temprano (<30%)
160055,YPF,LOMA CAMPANA-LLL,706.3228571428572,84,13.7,204.5,Petrolífero,Temprano (<30%)
160056,YPF,LOMA CAMPANA-LLL,1205.6627272727271,88,13.1,154.0,Petrolífero,Temprano (<30%)
160057,YPF,LOMA CAMPANA-LLL,1057.4298823529411,85,32.6,209.2,Petrolífero,Intermedio (30-60%)
160146,YPF,LA AMARGA CHICA,1034.273382352941,68,11.7,89.5,Petrolífero,Temprano (<30%)
160148,YPF,LOMA CAMPANA-LLL,991.2827586206897,87,22.8,227.5,Petrolífero,Temprano (<30%)
160149,YPF,LOMA CAMPANA-LLL,2144.2844444444445,81,8.3,247.6,Petrolífero,Temprano (<30%)
160150,YPF,LOMA CAMPANA-LLL,2246.2596226415094,53,14.7,223.6,Petrolífero,Temprano (<30%)
160154,YPF,RINCON DEL MANGRULLO,36.7044,25,94.3,70634.0,Gasífero,Maduro (>60%)
160164,Pan American Energy,LINDERO ATRAVESADO OCCIDENTAL,973.4791693478262,92,19.8,112.3,Petrolífero,Temprano (<30%)
160184,TotalEnergies,RINCON LA CENIZA,10.431761943941208,75,95.2,104871.6,Gasífero,Maduro (>60%)
160184,Vaca,RINCON LA CENIZA,12.8,8,82.5,17075.9,Gasífero,Maduro (>60%)
160191,Pluspetrol,PAMPA DE LAS YEGUAS I,2.29,2,0.0,1399388.6,Gasífero,Temprano (<30%)
160192,ExxonMobil,PAMPA DE LAS YEGUAS I,1.6,1,99.8,2936084.4,Gasífero,Maduro (>60%)
160194,Petrolera El Trébol,PUESTO ROJAS,203.81754342307693,52,9.3,428.5,Petrolífero,Temprano (<30%)
160194,Petroquimica,PUESTO ROJAS,73.8169375,24,42.7,270.8,Petrolífero,Intermedio (30-60%)
160205,Tecpetrol,FORTIN DE PIEDRA,88.47625502222223,90,81.0,45991.4,Gasífero,Maduro (>60%)
160207,Tecpetrol,FORTIN DE PIEDRA,66.28914561445782,83,86.5,45796.9,Gasífero,Maduro (>60%)
160208,Vista Energy,MEDANO DE LA MORA,960.8763316516853,89,33.7,136.0,Petrolífero,Intermedio (30-60%)
160209,Vista Energy,MEDANO DE LA MORA,1420.4740369885058,87,13.5,137.1,Petrolífero,Temprano (<30%)
160210,Vista Energy,MEDANO DE LA MORA,849.9660550348837,86,35.5,153.6,Petrolífero,Intermedio (30-60%)
160211,Vista Energy,MEDANO DE LA MORA,1363.5416513333332,87,23.0,131.0,Petrolífero,Temprano (<30%)
160275,YPF,RINCON DEL MANGRULLO,8.78111111111111,9,98.6,211470.7,Gasífero,Maduro (>60%)
160306,Tecpetrol,FORTIN DE PIEDRA,188.10686389333333,75,78.5,45507.7,Gasífero,Maduro (>60%)
160307,Tecpetrol,FORTIN DE PIEDRA,134.895293,75,92.0,46552.0,Gasífero,Maduro (>60%)
160308,Tecpetrol,FORTIN DE PIEDRA,144.88545911842107,76,84.7,46799.8,Gasífero,Maduro (>60%)
160330,YPF,AGUADA DE LA ARENA,266.58246153846153,65,34.4,1862.7,Petrolífero,Intermedio (30-60%)
160331,YPF,AGUADA DE LA ARENA,548.8749152542373,59,31.7,1968.5,Petrolífero,Intermedio (30-60%)
160332,YPF,LA ANGOSTURA SUR II,1101.7677777777778,90,6.3,395.7,Petrolífero,Temprano (<30%)
160333,YPF,LA AMARGA CHICA,1066.399642857143,84,25.6,133.1,Petrolífero,Temprano (<30%)
160334,YPF,LA AMARGA CHICA,1290.0610227272728,88,22.5,139.1,Petrolífero,Temprano (<30%)
160335,YPF,LOMA CAMPANA-LLL,1560.4720689655173,87,6.2,101.1,Petrolífero,Temprano (<30%)
160338,YPF,LA RIBERA BLOQUE I,447.0916,75,48.4,4595.5,Gasífero,Intermedio (30-60%)
160339,YPF,LA RIBERA BLOQUE I,225.33561643835617,73,53.2,7770.5,Gasífero,Intermedio (30-60%)
160344,Shell,COIRON AMARGO SUR OESTE,874.9416455696203,79,13.4,101.0,Petrolífero,Temprano (<30%)
160345,Shell,COIRON AMARGO SUR OESTE,656.5809523809525,84,13.9,113.9,Petrolífero,Temprano (<30%)
160346,Shell,COIRON AMARGO SUR OESTE,772.9,79,15.8,90.6,Petrolífero,Temprano (<30%)
160426,YPF,AGUADA DE LA ARENA,25.930909090909093,11,94.6,89570.0,Gasífero,Maduro (>60%)
160427,YPF,AGUADA DE LA ARENA,487.64666666666665,9,17.2,1916.2,Petrolífero,Temprano (<30%)
160428,YPF,BAJO DEL TORO NORTE,1025.6118333333334,60,35.2,258.4,Petrolífero,Intermedio (30-60%)
160429,YPF,BAJO DEL TORO NORTE,1164.5542372881355,59,39.4,214.6,Petrolífero,Intermedio (30-60%)
160430,YPF,LA AMARGA CHICA,972.8330232558139,86,17.3,121.3,Petrolífero,Temprano (<30%)
160431,YPF,LA AMARGA CHICA,1092.886265060241,83,28.1,153.7,Petrolífero,Temprano (<30%)
160432,YPF,LOMA CAMPANA-LLL,1122.1056976744185,86,8.4,98.0,Petrolífero,Temprano (<30%)
160433,YPF,LOMA CAMPANA-LLL,1789.590804597701,87,11.5,113.2,Petrolífero,Temprano (<30%)
160434,YPF,LOMA CAMPANA-LLL,714.0320270270271,74,7.6,111.9,Petrolífero,Temprano (<30%)
160435,YPF,LOMA CAMPANA-LLL,1528.2194252873562,87,15.0,163.2,Petrolífero,Temprano (<30%)
160436,YPF,LOMA CAMPANA-LLL,1778.7997701149425,87,21.0,198.6,Petrolífero,Temprano (<30%)
160437,YPF,LOMA CAMPANA-LLL,763.5625882352941,85,26.9,178.6,Petrolífero,Temprano (<30%)
160447,Pan American Energy,BANDURRIA CENTRO,483.5235250588235,85,50.3,193.2,Petrolífero,Intermedio (30-60%)
160455,Pan American Energy,BANDURRIA CENTRO,546.9673916049384,81,40.6,206.4,Petrolífero,Intermedio (30-60%)
160461,TotalEnergies,AGUADA PICHANA ESTE VACA MUERTA,47.116465227272734,88,83.8,75529.4,Gasífero,Maduro (>60%)
160462,TotalEnergies,AGUADA PICHANA ESTE VACA MUERTA,57.97540022727273,88,81.2,76179.5,Gasífero,Maduro (>60%)
160463,Tecpetrol,FORTIN DE PIEDRA,504.0900742988506,87,59.5,9152.1,Gasífero,Intermedio (30-60%)
160464,Tecpetrol,FORTIN DE PIEDRA,512.0997214516129,62,66.4,8966.3,Gasífero,Maduro (>60%)
160466,Tecpetrol,FORTIN DE PIEDRA,500.2327275,88,67.9,9504.8,Gasífero,Maduro (>60%)
160472,Shell,BAJADA DE AÑELO,1478.1480851063832,47,26.2,1299.8,Petrolífero,Temprano (<30%)
160473,Shell,BAJADA DE AÑELO,1092.6694444444445,18,44.7,1298.7,Petrolífero,Intermedio (30-60%)
160518,YPF,AGUADA DE LA ARENA,3.05,4,97.0,60620.5,Gasífero,Maduro (>60%)
160519,YPF,AGUADA DE LA ARENA,10.664444444444444,9,95.2,102791.6,Gasífero,Maduro (>60%)
160520,YPF,LOMA CAMPANA-LLL,1228.8074418604651,86,24.4,163.9,Petrolífero,Temprano (<30%)
160521,YPF,LA RIBERA BLOQUE I,332.8562962962963,81,51.5,5988.6,Gasífero,Intermedio (30-60%)
160522,YPF,LA RIBERA BLOQUE I,323.85771084337347,83,51.1,6600.3,Gasífero,Intermedio (30-60%)
160524,YPF,RINCON DEL MANGRULLO,33.044761904761906,21,77.2,84230.7,Gasífero,Maduro (>60%)
160525,YPF,RINCON DEL MANGRULLO,53.34913043478261,23,82.1,78526.7,Gasífero,Maduro (>60%)
160526,YPF,RINCON DEL MANGRULLO,28.51206896551724,29,94.2,104923.5,Gasífero,Maduro (>60%)
160536,TotalEnergies,SAN ROQUE VACA MUERTA,481.0341294117647,85,26.8,322.8,Petrolífero,Temprano (<30%)
160537,TotalEnergies,SAN ROQUE VACA MUERTA,674.6722625,80,27.1,311.4,Petrolífero,Temprano (<30%)
160557,Shell,BAJADA DE AÑELO,1381.2604166666667,24,32.0,1724.9,Petrolífero,Intermedio (30-60%)
160571,Vista Energy,MEDANO DE LA MORA,1525.2757656588235,85,41.9,139.5,Petrolífero,Intermedio (30-60%)
160572,Vista Energy,MEDANO DE LA MORA,1581.697386764706,85,25.0,141.6,Petrolífero,Temprano (<30%)
160574,Vista Energy,MEDANO DE LA MORA,1300.3406521785714,84,35.9,146.9,Petrolífero,Intermedio (30-60%)
160575,Vista Energy,MEDANO DE LA MORA,1605.0500279647058,85,28.5,128.6,Petrolífero,Temprano (<30%)
160577,Tecpetrol,FORTIN DE PIEDRA,113.1764981,80,88.5,44693.5,Gasífero,Maduro (>60%)
160578,Tecpetrol,FORTIN DE PIEDRA,71.65380273417722,79,93.4,45345.9,Gasífero,Maduro (>60%)
160691,YPF,LOMA CAMPANA,2454.655277777778,36,7.2,162.0,Petrolífero,Temprano (<30%)
160692,YPF,LOMA CAMPANA,1379.0561538461538,78,18.4,167.8,Petrolífero,Temprano (<30%)
160693,YPF,LOMA CAMPANA,2265.2562790697675,86,13.7,165.7,Petrolífero,Temprano (<30%)
160694,YPF,LOMA CAMPANA-LLL,2864.149302325581,86,9.1,160.9,Petrolífero,Temprano (<30%)
160696,YPF,LOMA LA LATA,31.066666666666666,3,91.9,15754.3,Gasífero,Maduro (>60%)
160697,YPF,LOMA LA LATA,535.2524999999999,4,50.7,5486.3,Gasífero,Intermedio (30-60%)
160698,YPF,LAS MANADAS,459.6466666666667,24,53.8,393.9,Petrolífero,Intermedio (30-60%)
160699,YPF,LAS MANADAS,351.5473333333333,30,78.0,429.0,Petrolífero,Maduro (>60%)
160700,YPF,LAS MANADAS,804.5441379310345,29,56.3,194.2,Petrolífero,Intermedio (30-60%)
160742,Kilwer,MATA MORA NORTE,670.4933118955223,67,16.7,75.7,Petrolífero,Temprano (<30%)
160742,Petrolera El Trébol,MATA MORA NORTE,253.6505,3,4.6,63.6,Petrolífero,Temprano (<30%)
160742,Phoenix,MATA MORA NORTE,226.93523333333334,6,1.7,65.0,Petrolífero,Temprano (<30%)
160752,Shell,BAJADA DE AÑELO,990.5646153846153,39,32.9,996.3,Petrolífero,Intermedio (30-60%)
160753,Shell,BAJADA DE AÑELO,1500.9124444444444,45,22.0,1582.8,Petrolífero,Temprano (<30%)
160754,Shell,BAJADA DE AÑELO,1239.611052631579,38,26.2,1199.8,Petrolífero,Temprano (<30%)
160755,Shell,SIERRAS BLANCAS,1421.6618421052633,76,8.2,88.1,Petrolífero,Temprano (<30%)
160786,Pan American Energy,LINDERO ATRAVESADO OCCIDENTAL,1030.8253,85,15.7,83.8,Petrolífero,Temprano (<30%)
160789,Pan American Energy,LINDERO ATRAVESADO OCCIDENTAL,1100.8224430232558,86,12.6,79.9,Petrolífero,Temprano (<30%)
160810,Pluspetrol,LA CALERA,832.450602739726,73,37.2,3307.2,Gasífero,Intermedio (30-60%)
160811,Pluspetrol,LA CALERA,735.7428676470588,68,35.1,3640.0,Gasífero,Intermedio (30-60%)
160812,Pluspetrol,LA CALERA,798.5732083333334,72,37.6,4074.6,Gasífero,Intermedio (30-60%)
160813,Pluspetrol,LA CALERA,449.4757341772152,79,44.0,6876.4,Gasífero,Intermedio (30-60%)
160814,Pluspetrol,LA CALERA,419.7332307692308,78,39.2,7279.2,Gasífero,Intermedio (30-60%)
160815,Pluspetrol,LA CALERA,429.89292207792204,77,44.0,8459.9,Gasífero,Intermedio (30-60%)
160817,TotalEnergies,RINCON LA CENIZA,265.03054968055557,72,53.5,1227.6,Petrolífero,Intermedio (30-60%)
160817,Vaca,RINCON LA CENIZA,38.191250000000004,8,57.6,1736.7,Petrolífero,Intermedio (30-60%)
160818,TotalEnergies,RINCON LA CENIZA,828.3465082975334,74,38.6,932.6,Petrolífero,Intermedio (30-60%)
160818,Vaca,RINCON LA CENIZA,217.12545454545455,11,44.7,1016.4,Petrolífero,Intermedio (30-60%)
160846,Bentia,BARDA GONZALEZ,196.24246666666667,15,19.9,597.6,Petrolífero,Temprano (<30%)
160846,YPF,BARDA GONZALEZ,470.1512676056338,71,23.3,415.3,Petrolífero,Temprano (<30%)
160847,YPF,EL OREJANO,69.13833333333334,6,77.8,42170.6,Gasífero,Maduro (>60%)
160848,YPF,LOMA LA LATA,253.76,2,79.3,3911.1,Gasífero,Maduro (>60%)
160849,YPF,LA RIBERA BLOQUE I,58.18507042253522,71,53.0,4374.3,Gasífero,Intermedio (30-60%)
160850,YPF,RINCON DEL MANGRULLO,32.06322580645161,62,95.5,93275.4,Gasífero,Maduro (>60%)
160851,YPF,RINCON DEL MANGRULLO,52.97741935483871,62,87.4,99171.9,Gasífero,Maduro (>60%)
160852,YPF,RINCON DEL MANGRULLO,50.650882352941174,34,97.0,89699.3,Gasífero,Maduro (>60%)
160854,YPF,LOMA CAMPANA,2018.2714285714285,84,8.0,123.5,Petrolífero,Temprano (<30%)
160855,YPF,LOMA CAMPANA,768.1271428571429,77,11.1,153.9,Petrolífero,Temprano (<30%)
160856,YPF,LOMA CAMPANA,864.2854878048781,82,10.5,149.5,Petrolífero,Temprano (<30%)
160858,ExxonMobil,AGUADA LOS LOROS,647.198524590164,61,47.7,2806.0,Petrolífero,Intermedio (30-60%)
160858,Pluspetrol,AGUADA LOS LOROS,257.5647368421053,19,52.4,3434.3,Gasífero,Intermedio (30-60%)
160859,ExxonMobil,AGUADA LOS LOROS,783.6083870967742,62,43.0,2719.6,Petrolífero,Intermedio (30-60%)
160859,Pluspetrol,AGUADA LOS LOROS,337.9584210526316,19,47.6,2852.6,Petrolífero,Intermedio (30-60%)
160860,ExxonMobil,AGUADA LOS LOROS,1537.425517241379,29,51.0,2559.7,Petrolífero,Intermedio (30-60%)
160865,Shell,SIERRAS BLANCAS,1379.9336144578315,83,4.7,97.0,Petrolífero,Temprano (<30%)
160866,Shell,SIERRAS BLANCAS,1019.2812195121951,82,4.4,100.9,Petrolífero,Temprano (<30%)
160885,Vista Energy,AGUADA FEDERAL,900.0593323148148,54,52.4,132.8,Petrolífero,Intermedio (30-60%)
160885,Wintershall,AGUADA FEDERAL,1721.804724137931,29,31.5,131.7,Petrolífero,Intermedio (30-60%)
160886,Vista Energy,AGUADA FEDERAL,1311.2374312545453,55,36.5,128.7,Petrolífero,Intermedio (30-60%)
160886,Wintershall,AGUADA FEDERAL,2922.724896551724,29,14.6,119.8,Petrolífero,Temprano (<30%)
160888,Pluspetrol,LA CALERA,470.07942857142854,70,36.3,5375.8,Gasífero,Intermedio (30-60%)
160897,Pan American Energy,BANDURRIA CENTRO,379.043526,85,52.6,186.7,Petrolífero,Intermedio (30-60%)
160909,Pan American Energy,BANDURRIA CENTRO,591.5551048809524,84,55.1,214.7,Petrolífero,Intermedio (30-60%)
160911,Pan American Energy,COIRON AMARGO SUR ESTE,1057.7114364705883,85,5.3,56.5,Petrolífero,Temprano (<30%)
160925,YPF,LA AMARGA CHICA,1077.164880952381,84,15.0,143.5,Petrolífero,Temprano (<30%)
160926,YPF,LA AMARGA CHICA,740.775731707317,82,21.0,185.9,Petrolífero,Temprano (<30%)
160927,YPF,LA AMARGA CHICA,1233.4782142857143,84,19.1,136.4,Petrolífero,Temprano (<30%)
160928,YPF,LOMA CAMPANA-LLL,2139.114117647059,85,13.0,211.9,Petrolífero,Temprano (<30%)
160930,YPF,LA ANGOSTURA SUR I,1288.705125,80,5.2,349.3,Petrolífero,Temprano (<30%)
160931,YPF,RINCON DEL MANGRULLO,59.85290909090909,55,87.0,55433.7,Gasífero,Maduro (>60%)
160932,YPF,LOMA CAMPANA,2752.6478571428574,84,3.8,107.7,Petrolífero,Temprano (<30%)
160941,ExxonMobil,BAJO DEL CHOIQUE,2643.8224,50,24.2,344.6,Petrolífero,Temprano (<30%)
160941,Pluspetrol,BAJO DEL CHOIQUE,1754.4692307692308,13,43.3,423.9,Petrolífero,Intermedio (30-60%)
160942,ExxonMobil,BAJO DEL CHOIQUE,2478.8010204081634,49,20.7,394.9,Petrolífero,Temprano (<30%)
160942,Pluspetrol,BAJO DEL CHOIQUE,1415.1682352941177,17,42.6,460.1,Petrolífero,Intermedio (30-60%)
160943,ExxonMobil,BAJO DEL CHOIQUE,2819.998837209302,43,18.0,375.6,Petrolífero,Temprano (<30%)
160943,Pluspetrol,BAJO DEL CHOIQUE,1500.2355555555557,18,40.1,437.0,Petrolífero,Intermedio (30-60%)
160944,ExxonMobil,AGUA DE AFUERA,1437.14,6,72.7,395.5,Petrolífero,Maduro (>60%)
160945,Tecpetrol,FORTIN DE PIEDRA,328.864508375,80,62.4,9450.5,Gasífero,Maduro (>60%)
160950,Tecpetrol,FORTIN DE PIEDRA,818.444518433735,83,49.9,6233.5,Gasífero,Intermedio (30-60%)
160951,Tecpetrol,FORTIN DE PIEDRA,295.15819857142856,77,62.3,6116.7,Gasífero,Maduro (>60%)
161210,Petrolera El Trébol,PUESTO ROJAS,64.19813333333333,15,62.1,2.1,Petrolífero,Maduro (>60%)
161210,Petroquimica,PUESTO ROJAS,73.84065321212121,33,78.0,286.4,Petrolífero,Maduro (>60%)
161222,Pan American Energy,LINDERO ATRAVESADO OCCIDENTAL,1088.2951142857144,84,13.9,78.1,Petrolífero,Temprano (<30%)
161223,Pan American Energy,AGUADA CÁNEPA,1929.0593609756097,82,27.7,43.7,Petrolífero,Temprano (<30%)
161229,Pan American Energy,LINDERO ATRAVESADO OCCIDENTAL,902.6646719047619,84,19.2,117.7,Petrolífero,Temprano (<30%)
161252,YPF,SIERRA BARROSA,524.4417283950617,81,24.8,353.9,Petrolífero,Temprano (<30%)
161253,YPF,LA AMARGA CHICA,1347.9513095238096,84,18.1,135.5,Petrolífero,Temprano (<30%)
161254,YPF,LA AMARGA CHICA,728.988,80,35.0,147.5,Petrolífero,Intermedio (30-60%)
161255,YPF,LA AMARGA CHICA,648.2132098765431,81,22.0,203.5,Petrolífero,Temprano (<30%)
161256,YPF,LA AMARGA CHICA,691.463950617284,81,20.5,186.7,Petrolífero,Temprano (<30%)
161276,Roch,AGUA BOTADA,7.05,2,78.2,0.0,Petrolífero,Maduro (>60%)
161277,Pluspetrol,LA CALERA,644.6207142857143,70,35.7,5795.2,Gasífero,Intermedio (30-60%)
161278,Pluspetrol,LA CALERA,555.3065428571429,70,40.3,5713.2,Gasífero,Intermedio (30-60%)
161279,Pluspetrol,LA CALERA,1188.7193103448276,58,40.5,1839.2,Petrolífero,Intermedio (30-60%)
161307,Pluspetrol,LA CALERA,1159.236432835821,67,34.8,1908.2,Petrolífero,Intermedio (30-60%)
161308,Pluspetrol,LA CALERA,1433.5152083333332,72,37.9,2344.0,Petrolífero,Intermedio (30-60%)
161364,YPF,LA AMARGA CHICA,991.783734939759,83,28.6,136.1,Petrolífero,Temprano (<30%)
161365,YPF,LA AMARGA CHICA,1521.2214634146342,82,45.7,133.0,Petrolífero,Intermedio (30-60%)
161366,YPF,LA AMARGA CHICA,1183.1790666666666,75,24.8,126.7,Petrolífero,Temprano (<30%)
161367,YPF,LA AMARGA CHICA,840.0461194029851,67,15.4,282.8,Petrolífero,Temprano (<30%)
161368,YPF,BANDURRIA SUR,1765.6596296296295,81,18.6,140.2,Petrolífero,Temprano (<30%)
161369,YPF,BANDURRIA SUR,1464.8524691358025,81,28.4,140.6,Petrolífero,Temprano (<30%)
161370,YPF,LOMA CAMPANA-LLL,1560.9048780487803,82,13.7,199.3,Petrolífero,Temprano (<30%)
161371,YPF,LOMA CAMPANA-LLL,1351.928536585366,82,15.7,258.0,Petrolífero,Temprano (<30%)
161372,YPF,LOMA CAMPANA-LLL,1279.1565432098764,81,24.9,217.3,Petrolífero,Temprano (<30%)
161373,YPF,LOMA CAMPANA-LLL,1733.702891566265,83,19.0,201.5,Petrolífero,Temprano (<30%)
161374,YPF,LOMA CAMPANA-LLL,1067.162375,80,31.9,222.0,Petrolífero,Intermedio (30-60%)
161375,YPF,LA RIBERA BLOQUE I,32.417796610169496,59,58.5,8660.1,Gasífero,Intermedio (30-60%)
161376,YPF,LA RIBERA BLOQUE I,72.45212121212121,66,83.5,13892.3,Gasífero,Maduro (>60%)
161377,YPF,LA RIBERA BLOQUE I,25.138870967741934,62,78.9,8192.8,Gasífero,Maduro (>60%)
161421,YPF,LA AMARGA CHICA,1618.640975609756,82,26.7,120.2,Petrolífero,Temprano (<30%)
161422,YPF,LA AMARGA CHICA,1048.8421951219511,82,12.1,87.9,Petrolífero,Temprano (<30%)
161423,YPF,LA AMARGA CHICA,1237.1723749999999,80,17.5,111.5,Petrolífero,Temprano (<30%)
161424,YPF,BANDURRIA SUR,1735.3115000000003,80,27.3,195.8,Petrolífero,Temprano (<30%)
161425,YPF,BANDURRIA SUR,1755.1082716049382,81,17.4,149.2,Petrolífero,Temprano (<30%)
161451,Pan American Energy,COIRON AMARGO SUR ESTE,1761.5607366666668,81,6.2,49.6,Petrolífero,Temprano (<30%)
161460,Shell,SIERRAS BLANCAS,1113.892972972973,74,14.2,105.2,Petrolífero,Temprano (<30%)
161483,Pan American Energy,LINDERO ATRAVESADO OCCIDENTAL,1174.78967375,80,16.1,89.4,Petrolífero,Temprano (<30%)
161485,Pan American Energy,LINDERO ATRAVESADO OCCIDENTAL,585.5781395061728,81,11.3,105.5,Petrolífero,Temprano (<30%)
161512,YPF,LA AMARGA CHICA,1532.9273170731706,41,15.9,111.3,Petrolífero,Temprano (<30%)
161513,YPF,BANDURRIA SUR,2114.36253164557,79,16.4,142.8,Petrolífero,Temprano (<30%)
161514,YPF,BANDURRIA SUR,1140.1695,80,30.6,159.9,Petrolífero,Intermedio (30-60%)
161515,YPF,BANDURRIA SUR,1953.1524050632913,79,21.2,172.7,Petrolífero,Temprano (<30%)
161516,YPF,BANDURRIA SUR,1442.7549999999999,80,29.7,146.8,Petrolífero,Temprano (<30%)
161522,Pampa Energía,RINCON DE ARANDA,1011.7576942,30,26.3,62.6,Petrolífero,Temprano (<30%)
161529,TotalEnergies,RINCON LA CENIZA,718.5200537462687,67,27.1,960.3,Petrolífero,Temprano (<30%)
161529,Vaca,RINCON LA CENIZA,380.4054545454546,11,13.3,777.5,Petrolífero,Temprano (<30%)
161530,TotalEnergies,RINCON LA CENIZA,1209.4636126875,64,29.0,920.6,Petrolífero,Temprano (<30%)
161530,Vaca,RINCON LA CENIZA,400.2827272727273,11,22.4,1293.1,Petrolífero,Temprano (<30%)
161531,Shell,SIERRAS BLANCAS,973.558857142857,70,11.3,106.8,Petrolífero,Temprano (<30%)
161532,Shell,SIERRAS BLANCAS,1016.9508108108108,74,8.9,111.6,Petrolífero,Temprano (<30%)
161533,Shell,SIERRAS BLANCAS,1233.6934666666666,75,6.2,98.5,Petrolífero,Temprano (<30%)
161577,Pan American Energy,AGUADA CÁNEPA,1119.0882916666667,78,26.7,40.1,Petrolífero,Temprano (<30%)
161581,Pan American Energy,COIRON AMARGO SUR ESTE,1081.06984625,80,2.8,58.7,Petrolífero,Temprano (<30%)
161582,Vista Energy,MEDANO DE LA MORA,1498.701253948718,78,23.8,124.5,Petrolífero,Temprano (<30%)
161583,Vista Energy,MEDANO DE LA MORA,1275.78570568,75,32.8,133.4,Petrolífero,Intermedio (30-60%)
161584,Vista Energy,MEDANO DE LA MORA,2048.231901064935,77,26.7,123.0,Petrolífero,Temprano (<30%)
161585,Vista Energy,MEDANO DE LA MORA,1086.8711951428572,77,32.2,226.7,Petrolífero,Intermedio (30-60%)
161603,YPF,CHIHUIDO DE LA SIERRA NEGRA,642.0740789473684,76,61.8,1302.1,Petrolífero,Maduro (>60%)
161604,YPF,CHIHUIDO DE LA SIERRA NEGRA,775.722794117647,68,39.8,571.8,Petrolífero,Intermedio (30-60%)
161605,YPF,LOMA CAMPANA-LLL,1767.3856756756757,74,11.1,95.5,Petrolífero,Temprano (<30%)
161606,YPF,LOMA CAMPANA-LLL,1094.9325675675675,74,15.8,101.0,Petrolífero,Temprano (<30%)
161607,YPF,LOMA CAMPANA-LLL,1269.3710666666666,75,8.3,97.0,Petrolífero,Temprano (<30%)
161608,YPF,LOMA CAMPANA-LLL,1649.0781333333334,75,11.6,90.6,Petrolífero,Temprano (<30%)
161641,Pan American Energy,LINDERO ATRAVESADO OCCIDENTAL,1182.9483393589744,78,15.5,65.1,Petrolífero,Temprano (<30%)
161654,Pan American Energy,COIRON AMARGO SUR ESTE,1313.7115189873418,79,4.1,41.8,Petrolífero,Temprano (<30%)
161685,YPF,LA AMARGA CHICA,1579.0353164556961,79,30.0,145.0,Petrolífero,Intermedio (30-60%)
161686,YPF,LA AMARGA CHICA,1496.4957333333334,75,15.2,182.9,Petrolífero,Temprano (<30%)
161687,YPF,LA AMARGA CHICA,1672.0429487179488,78,16.3,124.8,Petrolífero,Temprano (<30%)
161688,YPF,LA AMARGA CHICA,2184.061012658228,79,25.4,139.1,Petrolífero,Temprano (<30%)
161689,YPF,LOMA CAMPANA-LLL,998.9220512820513,78,17.9,148.7,Petrolífero,Temprano (<30%)
161690,YPF,LOMA CAMPANA-LLL,1767.375974025974,77,12.8,192.7,Petrolífero,Temprano (<30%)
161691,YPF,LOMA CAMPANA-LLL,1373.6060256410258,78,10.7,152.8,Petrolífero,Temprano (<30%)
161692,YPF,LOMA CAMPANA-LLL,734.390253164557,79,16.8,153.6,Petrolífero,Temprano (<30%)
161704,Shell,CRUZ DE LORENA,1217.6070666666667,75,8.2,148.6,Petrolífero,Temprano (<30%)
161705,Shell,CRUZ DE LORENA,945.4522666666667,75,7.2,145.3,Petrolífero,Temprano (<30%)
161706,Shell,CRUZ DE LORENA,1089.1306493506493,77,15.9,159.0,Petrolífero,Temprano (<30%)
161707,Shell,CRUZ DE LORENA,705.7148717948718,78,11.8,142.2,Petrolífero,Temprano (<30%)
161720,YPF,LA AMARGA CHICA,1305.0723913043478,46,16.9,95.9,Petrolífero,Temprano (<30%)
161721,YPF,LA AMARGA CHICA,1363.3625,76,21.7,77.4,Petrolífero,Temprano (<30%)
161722,YPF,LA AMARGA CHICA,998.3188157894737,76,46.2,84.0,Petrolífero,Intermedio (30-60%)
161723,YPF,LOMA CAMPANA-LLL,694.271447368421,76,13.4,194.3,Petrolífero,Temprano (<30%)
161724,YPF,SIERRA BARROSA,284.18320512820515,78,73.3,2175.5,Petrolífero,Maduro (>60%)
161774,Pan American Energy,COIRON AMARGO SUR ESTE,1653.9720066666666,75,4.7,56.7,Petrolífero,Temprano (<30%)
161844,Shell,CRUZ DE LORENA,959.9971830985916,71,7.2,116.1,Petrolífero,Temprano (<30%)
161845,Shell,CRUZ DE LORENA,1016.1497183098592,71,8.1,120.9,Petrolífero,Temprano (<30%)
161846,Shell,CRUZ DE LORENA,1377.9495774647887,71,5.6,120.5,Petrolífero,Temprano (<30%)
161847,Shell,CRUZ DE LORENA,1127.9388235294118,68,7.4,110.8,Petrolífero,Temprano (<30%)
161865,Vista Energy,MEDANO DE LA MORA,1661.823380056338,71,18.7,183.5,Petrolífero,Temprano (<30%)
161866,Vista Energy,MEDANO DE LA MORA,2279.9747552083336,72,19.0,145.2,Petrolífero,Temprano (<30%)
161867,Vista Energy,MEDANO DE LA MORA,1816.0915427183097,71,18.9,174.9,Petrolífero,Temprano (<30%)
161868,Vista Energy,MEDANO DE LA MORA,2737.804742236111,72,21.2,137.4,Petrolífero,Temprano (<30%)
161872,Chevron,EL TRAPIAL,685.42953125,64,49.6,560.3,Petrolífero,Intermedio (30-60%)
161873,Chevron,EL TRAPIAL,1232.560606060606,66,55.7,424.9,Petrolífero,Intermedio (30-60%)
161874,Chevron,EL TRAPIAL,1049.9613636363636,66,67.3,394.4,Petrolífero,Maduro (>60%)
161875,Chevron,EL TRAPIAL,607.1133846153847,65,62.3,386.7,Petrolífero,Maduro (>60%)
161915,Shell,SIERRAS BLANCAS,1228.4410447761195,67,12.0,97.0,Petrolífero,Temprano (<30%)
161916,Shell,SIERRAS BLANCAS,1004.5456521739129,69,14.5,99.0,Petrolífero,Temprano (<30%)
161917,Shell,SIERRAS BLANCAS,825.7322058823529,68,21.0,109.7,Petrolífero,Temprano (<30%)
161918,Shell,SIERRAS BLANCAS,1023.5976811594204,69,16.4,106.7,Petrolífero,Temprano (<30%)
161932,Vista Energy,BAJADA DEL PALO OESTE,1212.8579201884058,69,20.7,194.2,Petrolífero,Temprano (<30%)
161933,Vista Energy,BAJADA DEL PALO OESTE,1500.838263014493,69,20.9,146.4,Petrolífero,Temprano (<30%)
161934,Vista Energy,BAJADA DEL PALO OESTE,1302.370897405797,69,20.6,182.3,Petrolífero,Temprano (<30%)
161935,Vista Energy,BAJADA DEL PALO OESTE,1528.6998701285713,70,24.2,138.0,Petrolífero,Temprano (<30%)
161948,YPF,LA AMARGA CHICA,1403.5132352941175,68,38.0,172.5,Petrolífero,Intermedio (30-60%)
161949,YPF,LA AMARGA CHICA,1762.6182857142858,70,41.4,141.5,Petrolífero,Intermedio (30-60%)
161950,YPF,LA AMARGA CHICA,1671.268,70,16.4,128.9,Petrolífero,Temprano (<30%)
161951,YPF,LA AMARGA CHICA,2377.438,70,33.4,156.0,Petrolífero,Intermedio (30-60%)
161952,YPF,LA AMARGA CHICA,1517.966515151515,66,19.8,157.2,Petrolífero,Temprano (<30%)
161953,YPF,LA AMARGA CHICA,1177.1672463768116,69,15.0,140.9,Petrolífero,Temprano (<30%)
161954,YPF,LA AMARGA CHICA,1294.3030434782609,69,33.1,141.4,Petrolífero,Intermedio (30-60%)
161955,YPF,LA AMARGA CHICA,1378.239,70,20.7,129.8,Petrolífero,Temprano (<30%)
161957,YPF,NARAMBUENA,2029.9667741935484,31,29.3,256.6,Petrolífero,Temprano (<30%)
161958,YPF,NARAMBUENA,689.56625,32,46.5,263.7,Petrolífero,Intermedio (30-60%)
161998,Vista Energy,BAJADA DEL PALO OESTE,2402.8310072985073,67,33.7,119.0,Petrolífero,Intermedio (30-60%)
161999,Vista Energy,BAJADA DEL PALO OESTE,1858.5496546567165,67,28.2,144.3,Petrolífero,Temprano (<30%)
162000,Vista Energy,BAJADA DEL PALO OESTE,1951.156401567164,67,26.0,120.7,Petrolífero,Temprano (<30%)
162001,Vista Energy,BAJADA DEL PALO OESTE,3007.3770495373133,67,23.5,141.4,Petrolífero,Temprano (<30%)
162024,YPF,BANDURRIA SUR,2217.254202898551,69,16.0,116.5,Petrolífero,Temprano (<30%)
162025,YPF,BANDURRIA SUR,1418.419420289855,69,26.8,130.9,Petrolífero,Temprano (<30%)
162026,YPF,BANDURRIA SUR,1871.5908695652174,69,18.1,117.9,Petrolífero,Temprano (<30%)
162027,YPF,BANDURRIA SUR,1672.4964179104477,67,22.4,111.3,Petrolífero,Temprano (<30%)
162028,YPF,LOMA CAMPANA-LLL,2054.121176470588,68,8.9,116.8,Petrolífero,Temprano (<30%)
162029,YPF,LOMA CAMPANA-LLL,852.1119047619048,63,9.6,121.7,Petrolífero,Temprano (<30%)
162030,YPF,LOMA CAMPANA,1553.2067647058823,68,9.1,116.8,Petrolífero,Temprano (<30%)
162031,YPF,LOMA CAMPANA,807.8563636363635,66,8.5,141.4,Petrolífero,Temprano (<30%)
162073,Pluspetrol,LA CALERA,781.8724727272727,55,56.2,1501.8,Petrolífero,Intermedio (30-60%)
162074,Pluspetrol,LA CALERA,1650.6950185185185,54,43.6,1414.0,Petrolífero,Intermedio (30-60%)
162080,YPF,LOMA CAMPANA,1908.094918032787,61,8.0,174.0,Petrolífero,Temprano (<30%)
162081,YPF,LOMA CAMPANA,1671.4082352941175,68,12.1,164.3,Petrolífero,Temprano (<30%)
162082,YPF,LOMA CAMPANA,1253.208382352941,68,13.0,174.3,Petrolífero,Temprano (<30%)
162083,YPF,LOMA CAMPANA,1359.1046268656717,67,10.7,183.1,Petrolífero,Temprano (<30%)
162084,YPF,LOMA CAMPANA,1973.6083333333333,66,8.2,158.1,Petrolífero,Temprano (<30%)
162085,YPF,LOMA CAMPANA,1259.2129850746269,67,14.3,167.3,Petrolífero,Temprano (<30%)
162121,Tecpetrol,FORTIN DE PIEDRA,441.98671415384615,65,57.8,12380.0,Gasífero,Intermedio (30-60%)
162122,Tecpetrol,FORTIN DE PIEDRA,557.3543000000001,66,68.7,11469.6,Gasífero,Maduro (>60%)
162123,Tecpetrol,FORTIN DE PIEDRA,63.70009402985074,67,90.8,43628.8,Gasífero,Maduro (>60%)
162124,Tecpetrol,FORTIN DE PIEDRA,93.57843877611941,67,87.6,41965.6,Gasífero,Maduro (>60%)
162125,Tecpetrol,FORTIN DE PIEDRA,49.76642974242424,66,92.8,42850.8,Gasífero,Maduro (>60%)
162126,Tecpetrol,FORTIN DE PIEDRA,72.6733145,64,89.3,42940.2,Gasífero,Maduro (>60%)
162127,Vista Energy,BAJADA DEL PALO OESTE,1770.1818695454544,66,19.1,122.9,Petrolífero,Temprano (<30%)
162128,Vista Energy,BAJADA DEL PALO OESTE,2404.3954305151515,66,28.9,126.7,Petrolífero,Temprano (<30%)
162130,Vista Energy,BAJADA DEL PALO OESTE,1660.403041409091,66,20.9,121.0,Petrolífero,Temprano (<30%)
162131,Vista Energy,BAJADA DEL PALO OESTE,2281.7558448181817,66,31.7,119.6,Petrolífero,Intermedio (30-60%)
162136,YPF,SIERRA BARROSA,645.4671428571429,63,5.7,172.6,Petrolífero,Temprano (<30%)
162165,Shell,CRUZ DE LORENA,2345.1125714285713,35,5.0,98.2,Petrolífero,Temprano (<30%)
162166,Shell,CRUZ DE LORENA,1561.76015625,64,5.6,102.6,Petrolífero,Temprano (<30%)
162167,Shell,CRUZ DE LORENA,1192.0528125,64,8.0,104.0,Petrolífero,Temprano (<30%)
162168,Shell,CRUZ DE LORENA,988.06234375,64,16.2,112.1,Petrolífero,Temprano (<30%)
162169,Shell,CRUZ DE LORENA,1054.5888524590164,61,5.1,113.0,Petrolífero,Temprano (<30%)
162170,Shell,CRUZ DE LORENA,1232.061612903226,62,6.3,112.8,Petrolífero,Temprano (<30%)
162171,Shell,CRUZ DE LORENA,1061.7383870967742,62,12.0,110.9,Petrolífero,Temprano (<30%)
162172,Shell,CRUZ DE LORENA,1500.4556140350878,57,8.8,115.2,Petrolífero,Temprano (<30%)
162178,Pluspetrol,LA CALERA,882.3560731707317,41,40.7,1605.1,Petrolífero,Intermedio (30-60%)
162179,Pluspetrol,LA CALERA,1658.6514705882355,51,42.6,1779.9,Petrolífero,Intermedio (30-60%)
162180,Pluspetrol,LA CALERA,1353.4651666666666,48,35.1,1634.4,Petrolífero,Intermedio (30-60%)
162181,Pluspetrol,LA CALERA,451.67912727272727,55,65.2,8862.2,Gasífero,Maduro (>60%)
162182,Pluspetrol,LA CALERA,475.44005000000004,60,52.5,9049.5,Gasífero,Intermedio (30-60%)
162183,Pluspetrol,LA CALERA,422.90185185185186,54,67.2,8595.4,Gasífero,Maduro (>60%)
162193,YPF,AGUADA DE LA ARENA,335.9201694915254,59,53.7,6934.3,Gasífero,Intermedio (30-60%)
162194,YPF,AGUADA DE LA ARENA,425.5598387096774,62,40.9,4397.6,Gasífero,Intermedio (30-60%)
162195,YPF,AGUADA DE LA ARENA,335.0066666666667,63,43.6,6956.8,Gasífero,Intermedio (30-60%)
162196,YPF,LA AMARGA CHICA,1190.7065151515153,66,37.4,113.6,Petrolífero,Intermedio (30-60%)
162197,YPF,LA AMARGA CHICA,1994.6646875,64,16.3,118.9,Petrolífero,Temprano (<30%)
162198,YPF,LA AMARGA CHICA,1738.3113636363637,66,15.8,128.5,Petrolífero,Temprano (<30%)
162199,YPF,LA AMARGA CHICA,1185.0281538461538,65,33.3,110.0,Petrolífero,Intermedio (30-60%)
162200,YPF,BANDURRIA SUR,2155.569090909091,66,31.6,388.2,Petrolífero,Intermedio (30-60%)
162201,YPF,BANDURRIA SUR,1455.1947692307692,65,33.1,359.2,Petrolífero,Intermedio (30-60%)
162202,YPF,BANDURRIA SUR,987.3830158730159,63,32.0,315.1,Petrolífero,Intermedio (30-60%)
162203,YPF,BANDURRIA SUR,2863.2541666666666,60,27.3,388.6,Petrolífero,Temprano (<30%)
162204,YPF,LOMA CAMPANA-LLL,1285.3089393939395,66,23.7,270.6,Petrolífero,Temprano (<30%)
162205,YPF,LOMA CAMPANA-LLL,1919.8578787878787,33,12.9,293.3,Petrolífero,Temprano (<30%)
162206,YPF,LOMA CAMPANA-LLL,1045.2359375,64,28.6,261.2,Petrolífero,Temprano (<30%)
162207,YPF,LOMA CAMPANA-LLL,810.6254098360656,61,27.3,256.1,Petrolífero,Temprano (<30%)
162208,YPF,LOMA CAMPANA-LLL,1573.6520634920635,63,18.4,273.0,Petrolífero,Temprano (<30%)
162209,YPF,LOMA CAMPANA-LLL,1632.1595238095238,63,15.6,258.1,Petrolífero,Temprano (<30%)
162210,YPF,LOMA CAMPANA-LLL,1344.1364615384614,65,6.8,128.9,Petrolífero,Temprano (<30%)
162211,YPF,LOMA CAMPANA-LLL,1624.799393939394,66,8.4,145.0,Petrolífero,Temprano (<30%)
162212,YPF,LOMA CAMPANA-LLL,750.7108064516129,62,11.8,156.6,Petrolífero,Temprano (<30%)
162213,YPF,LOMA CAMPANA-LLL,1645.1412307692306,65,9.0,166.1,Petrolífero,Temprano (<30%)
162214,YPF,LOMA CAMPANA-LLL,1513.800909090909,66,7.7,136.9,Petrolífero,Temprano (<30%)
162215,YPF,LA RIBERA BLOQUE I,111.60762711864407,59,84.8,16602.7,Gasífero,Maduro (>60%)
162217,YPF,RINCON DEL MANGRULLO,13.147142857142857,14,87.5,242223.9,Gasífero,Maduro (>60%)
162218,YPF,RINCON DEL MANGRULLO,2.327142857142857,7,99.3,557995.1,Gasífero,Maduro (>60%)
162219,YPF,RINCON DEL MANGRULLO,3.42375,16,97.0,302199.7,Gasífero,Maduro (>60%)
162242,ExxonMobil,BAJO DEL CHOIQUE,3668.56575,40,25.2,432.3,Petrolífero,Temprano (<30%)
162242,Pluspetrol,BAJO DEL CHOIQUE,940.2184210526317,19,51.3,605.9,Petrolífero,Intermedio (30-60%)
162243,ExxonMobil,BAJO DEL CHOIQUE,2990.1325,36,29.6,416.8,Petrolífero,Temprano (<30%)
162243,Pluspetrol,BAJO DEL CHOIQUE,654.0894444444444,18,56.4,579.4,Petrolífero,Intermedio (30-60%)
162244,ExxonMobil,BAJO DEL CHOIQUE,3471.9758333333334,36,23.1,433.8,Petrolífero,Temprano (<30%)
162244,Pluspetrol,BAJO DEL CHOIQUE,1028.9163157894736,19,32.9,742.9,Petrolífero,Intermedio (30-60%)
162245,ExxonMobil,BAJO DEL CHOIQUE,3393.416857142857,35,28.5,416.1,Petrolífero,Temprano (<30%)
162245,Pluspetrol,BAJO DEL CHOIQUE,416.59277777777777,18,44.3,723.9,Petrolífero,Intermedio (30-60%)
162246,ExxonMobil,BAJO DEL CHOIQUE,5160.4826829268295,41,25.0,425.7,Petrolífero,Temprano (<30%)
162246,Pluspetrol,BAJO DEL CHOIQUE,1430.921052631579,19,19.8,754.4,Petrolífero,Temprano (<30%)
162268,Pan American Energy,LINDERO ATRAVESADO OCCIDENTAL,1240.2380292307694,65,13.4,74.6,Petrolífero,Temprano (<30%)
162275,Pan American Energy,LINDERO ATRAVESADO OCCIDENTAL,1197.5501775538462,65,22.0,75.5,Petrolífero,Temprano (<30%)
162314,Chevron,EL TRAPIAL,784.3963636363637,55,41.6,536.5,Petrolífero,Intermedio (30-60%)
162315,Chevron,EL TRAPIAL,1149.0373214285714,56,60.4,262.6,Petrolífero,Maduro (>60%)
162316,Chevron,EL TRAPIAL,1259.7390909090907,55,40.5,326.0,Petrolífero,Intermedio (30-60%)
162319,Tecpetrol,FORTIN DE PIEDRA,199.40922077777776,63,74.6,41215.9,Gasífero,Maduro (>60%)
162320,Tecpetrol,FORTIN DE PIEDRA,120.68880146551724,58,90.4,40046.6,Gasífero,Maduro (>60%)
162321,Tecpetrol,FORTIN DE PIEDRA,192.58290425396825,63,73.3,41921.4,Gasífero,Maduro (>60%)
162322,Tecpetrol,FORTIN DE PIEDRA,526.4753593650794,63,70.7,8736.9,Gasífero,Maduro (>60%)
162323,Tecpetrol,FORTIN DE PIEDRA,506.87559606557375,61,69.3,8649.8,Gasífero,Maduro (>60%)
162324,Pluspetrol,LA CALERA,187.73413559322034,59,63.6,9748.6,Gasífero,Maduro (>60%)
162325,Pluspetrol,LA CALERA,430.3053064516129,62,59.5,10419.6,Gasífero,Intermedio (30-60%)
162326,Pluspetrol,LA CALERA,452.04190163934425,61,61.4,9501.5,Gasífero,Maduro (>60%)
162332,YPF,NARAMBUENA,1402.2090625,32,43.0,306.2,Petrolífero,Intermedio (30-60%)
162333,YPF,NARAMBUENA,985.7013333333333,30,42.4,275.3,Petrolífero,Intermedio (30-60%)
162334,YPF,RINCON DEL MANGRULLO,10.411428571428571,21,91.7,291632.2,Gasífero,Maduro (>60%)
162335,YPF,RINCON DEL MANGRULLO,9.624230769230769,26,69.1,240408.1,Gasífero,Maduro (>60%)
162336,YPF,RINCON DEL MANGRULLO,6.304166666666667,24,62.4,298404.8,Gasífero,Maduro (>60%)
162352,Vista Energy,BAJADA DEL PALO OESTE,2011.7103670000001,63,24.0,132.2,Petrolífero,Temprano (<30%)
162353,Vista Energy,BAJADA DEL PALO OESTE,1336.0613193492063,63,46.7,148.5,Petrolífero,Intermedio (30-60%)
162354,Vista Energy,BAJADA DEL PALO OESTE,1832.5976648888889,63,23.9,131.1,Petrolífero,Temprano (<30%)
162355,Vista Energy,BAJADA DEL PALO OESTE,2144.050679936508,63,44.3,135.7,Petrolífero,Intermedio (30-60%)
162357,Tecpetrol,FORTIN DE PIEDRA,440.66941754098366,61,71.9,10443.5,Gasífero,Maduro (>60%)
162362,Pan American Energy,LINDERO ATRAVESADO OCCIDENTAL,1263.1609523809523,63,10.0,67.4,Petrolífero,Temprano (<30%)
162371,Pan American Energy,LINDERO ATRAVESADO OCCIDENTAL,1014.8583650793651,63,21.1,84.2,Petrolífero,Temprano (<30%)
162385,Shell,CRUZ DE LORENA,1092.4584210526316,57,17.2,99.6,Petrolífero,Temprano (<30%)
162386,Shell,CRUZ DE LORENA,1356.5956140350877,57,16.8,95.6,Petrolífero,Temprano (<30%)
162387,Shell,CRUZ DE LORENA,1739.594912280702,57,11.0,101.0,Petrolífero,Temprano (<30%)
162388,Shell,CRUZ DE LORENA,1599.4724137931034,58,19.1,103.0,Petrolífero,Temprano (<30%)
162390,Tecpetrol,FORTIN DE PIEDRA,77.796829,59,88.8,41252.8,Gasífero,Maduro (>60%)
162391,Tecpetrol,FORTIN DE PIEDRA,100.65915876271187,59,87.2,41080.5,Gasífero,Maduro (>60%)
162397,YPF,AGUADA DE LA ARENA,16.36,1,98.7,657911.4,Gasífero,Maduro (>60%)
162398,YPF,AGUADA DE LA ARENA,7.316666666666666,12,99.5,796203.9,Gasífero,Maduro (>60%)
162399,YPF,AGUADA DE LA ARENA,6.955,10,99.2,975176.6,Gasífero,Maduro (>60%)
162400,YPF,LA AMARGA CHICA,1029.172380952381,63,18.2,174.4,Petrolífero,Temprano (<30%)
162401,YPF,LA AMARGA CHICA,1273.6207936507938,63,12.5,150.3,Petrolífero,Temprano (<30%)
162402,YPF,LA AMARGA CHICA,810.4915873015873,63,41.1,143.5,Petrolífero,Intermedio (30-60%)
162403,YPF,LA AMARGA CHICA,927.6839344262295,61,29.3,111.7,Petrolífero,Temprano (<30%)
162404,YPF,LA AMARGA CHICA,1152.5806451612902,62,23.9,105.6,Petrolífero,Temprano (<30%)
162405,YPF,LA AMARGA CHICA,918.8414754098361,61,31.2,107.5,Petrolífero,Intermedio (30-60%)
162406,YPF,LA AMARGA CHICA,1348.0181666666665,60,29.8,105.5,Petrolífero,Temprano (<30%)
162407,YPF,RINCON DEL MANGRULLO,14.106296296296296,27,97.1,188085.8,Gasífero,Maduro (>60%)
162408,YPF,RINCON DEL MANGRULLO,6.832333333333334,30,97.3,223024.1,Gasífero,Maduro (>60%)
162409,YPF,RINCON DEL MANGRULLO,10.434285714285716,28,97.8,197736.9,Gasífero,Maduro (>60%)
162430,Pan American Energy,LINDERO ATRAVESADO OCCIDENTAL,1145.3718112903225,62,21.4,70.9,Petrolífero,Temprano (<30%)
162431,Pan American Energy,LINDERO ATRAVESADO OCCIDENTAL,1182.6665967741935,62,15.1,80.7,Petrolífero,Temprano (<30%)
162439,Pluspetrol,LA CALERA,197.81396551724137,58,77.5,17680.4,Gasífero,Maduro (>60%)
162440,Pluspetrol,LA CALERA,281.46528813559325,59,64.1,13842.4,Gasífero,Maduro (>60%)
162441,Pluspetrol,LA CALERA,218.53355172413794,58,74.6,18649.9,Gasífero,Maduro (>60%)
162480,YPF,BANDURRIA SUR,2136.7877419354836,62,8.6,148.1,Petrolífero,Temprano (<30%)
162481,YPF,BANDURRIA SUR,1577.1894230769233,52,20.3,136.9,Petrolífero,Temprano (<30%)
162482,YPF,BANDURRIA SUR,1331.2593220338983,59,24.1,164.4,Petrolífero,Temprano (<30%)
162483,YPF,BANDURRIA SUR,1739.599344262295,61,10.1,142.5,Petrolífero,Temprano (<30%)
162484,YPF,BANDURRIA SUR,1499.7051612903226,62,30.0,141.0,Petrolífero,Intermedio (30-60%)
162485,YPF,BANDURRIA SUR,2738.889193548387,62,31.9,164.3,Petrolífero,Intermedio (30-60%)
162486,YPF,BANDURRIA SUR,2541.4861016949153,59,27.8,178.5,Petrolífero,Temprano (<30%)
162487,YPF,BANDURRIA SUR,2489.857258064516,62,25.0,137.7,Petrolífero,Temprano (<30%)
162489,YPF,LA RIBERA BLOQUE I,259.71516129032256,62,59.6,6571.6,Gasífero,Intermedio (30-60%)
162490,YPF,LA RIBERA BLOQUE I,172.8711475409836,61,74.7,9214.5,Gasífero,Maduro (>60%)
162491,YPF,LA RIBERA BLOQUE I,159.5217741935484,62,73.5,11857.1,Gasífero,Maduro (>60%)
162553,YPF,LA AMARGA CHICA,1999.7612068965516,58,22.5,139.5,Petrolífero,Temprano (<30%)
162554,YPF,LA AMARGA CHICA,1606.7877192982455,57,41.5,141.8,Petrolífero,Intermedio (30-60%)
162555,YPF,LA AMARGA CHICA,856.9758620689655,58,41.8,131.9,Petrolífero,Intermedio (30-60%)
162556,YPF,LA AMARGA CHICA,644.0615254237288,59,35.4,138.8,Petrolífero,Intermedio (30-60%)
162557,YPF,LA AMARGA CHICA,1372.4232203389831,59,22.7,154.5,Petrolífero,Temprano (<30%)
162558,YPF,LA AMARGA CHICA,833.1738333333334,60,37.4,115.3,Petrolífero,Intermedio (30-60%)
162559,YPF,LA AMARGA CHICA,1972.3590163934425,61,27.2,118.0,Petrolífero,Temprano (<30%)
162560,YPF,LA AMARGA CHICA,1462.2614545454546,55,24.4,147.4,Petrolífero,Temprano (<30%)
162561,YPF,LA AMARGA CHICA,1309.1504918032788,61,18.8,159.5,Petrolífero,Temprano (<30%)
162562,YPF,LOMA CAMPANA-LLL,2191.108793103448,58,16.6,332.4,Petrolífero,Temprano (<30%)
162563,YPF,LOMA CAMPANA-LLL,1135.4854545454546,55,26.8,268.4,Petrolífero,Temprano (<30%)
162564,YPF,LOMA CAMPANA-LLL,2095.340163934426,61,20.1,280.3,Petrolífero,Temprano (<30%)
162565,YPF,LOMA CAMPANA-LLL,1436.543392857143,56,31.2,287.2,Petrolífero,Intermedio (30-60%)
162566,YPF,LOMA CAMPANA-LLL,1234.3510169491526,59,36.4,258.4,Petrolífero,Intermedio (30-60%)
162567,YPF,LOMA CAMPANA-LLL,1954.0718644067797,59,26.8,297.3,Petrolífero,Temprano (<30%)
162568,YPF,LOMA CAMPANA-LLL,2800.041475409836,61,25.3,298.8,Petrolífero,Temprano (<30%)
162569,YPF,LOMA CAMPANA-LLL,1462.9863333333333,60,17.5,226.1,Petrolífero,Temprano (<30%)
162570,YPF,LOMA CAMPANA-LLL,1244.3028813559322,59,10.5,229.9,Petrolífero,Temprano (<30%)
162571,YPF,RINCON DEL MANGRULLO,34.711363636363636,44,88.1,103972.0,Gasífero,Maduro (>60%)
162572,YPF,RINCON DEL MANGRULLO,31.640454545454546,44,86.8,113977.5,Gasífero,Maduro (>60%)
162590,Vista Energy,BAJADA DEL PALO OESTE,2254.9833777288136,59,31.9,113.0,Petrolífero,Intermedio (30-60%)
162591,Vista Energy,BAJADA DEL PALO OESTE,1806.5372699491527,59,31.3,117.2,Petrolífero,Intermedio (30-60%)
162592,Vista Energy,BAJADA DEL PALO OESTE,2219.5858920666665,60,33.0,113.0,Petrolífero,Intermedio (30-60%)
162593,Vista Energy,BAJADA DEL PALO OESTE,2527.9204468666667,60,26.3,106.8,Petrolífero,Temprano (<30%)
162594,Tecpetrol,FORTIN DE PIEDRA,174.90245837499998,40,94.0,41468.1,Gasífero,Maduro (>60%)
162595,Tecpetrol,FORTIN DE PIEDRA,521.0937035087719,57,64.4,8714.6,Gasífero,Maduro (>60%)
162596,Tecpetrol,FORTIN DE PIEDRA,649.9268420000001,60,61.8,7566.5,Gasífero,Maduro (>60%)
162597,Tecpetrol,FORTIN DE PIEDRA,221.6605805409836,61,77.1,39836.7,Gasífero,Maduro (>60%)
162627,Tecpetrol,FORTIN DE PIEDRA,818.3702626530613,49,55.3,5398.0,Gasífero,Intermedio (30-60%)
162628,Tecpetrol,FORTIN DE PIEDRA,815.9905394915255,59,56.4,5629.8,Gasífero,Intermedio (30-60%)
162636,YPF,LA AMARGA CHICA,804.2450980392157,51,18.7,117.9,Petrolífero,Temprano (<30%)
162637,YPF,LA AMARGA CHICA,2046.375,60,22.3,119.3,Petrolífero,Temprano (<30%)
162638,YPF,LA AMARGA CHICA,1450.903859649123,57,43.5,129.9,Petrolífero,Intermedio (30-60%)
162639,YPF,LA AMARGA CHICA,683.6337931034483,58,26.9,121.1,Petrolífero,Temprano (<30%)
162640,YPF,BANDURRIA SUR,1286.268,60,24.6,141.7,Petrolífero,Temprano (<30%)
162641,YPF,BANDURRIA SUR,1887.3291666666667,60,12.9,139.0,Petrolífero,Temprano (<30%)
162642,YPF,BANDURRIA SUR,1674.8711666666668,60,23.2,176.3,Petrolífero,Temprano (<30%)
162643,YPF,BANDURRIA SUR,1879.845,60,20.0,140.6,Petrolífero,Temprano (<30%)
162644,YPF,LOMA CAMPANA-LLL,1171.0666666666666,60,7.1,165.3,Petrolífero,Temprano (<30%)
162645,YPF,LOMA CAMPANA-LLL,1742.7211666666667,60,8.5,151.2,Petrolífero,Temprano (<30%)
162646,YPF,LOMA CAMPANA-LLL,960.5106779661016,59,18.5,201.2,Petrolífero,Temprano (<30%)
162647,YPF,LOMA CAMPANA-LLL,2043.2065,60,6.9,155.0,Petrolífero,Temprano (<30%)
162648,YPF,LOMA CAMPANA-LLL,1440.2336363636362,55,7.0,147.8,Petrolífero,Temprano (<30%)
162649,YPF,LOMA CAMPANA-LLL,1008.5163793103447,58,23.2,254.4,Petrolífero,Temprano (<30%)
162650,YPF,LOMA CAMPANA-LLL,1244.3631666666668,60,13.1,256.4,Petrolífero,Temprano (<30%)
162651,YPF,RINCON DEL MANGRULLO,31.68826086956522,46,93.9,113992.8,Gasífero,Maduro (>60%)
162652,YPF,RINCON DEL MANGRULLO,32.20086956521739,46,92.0,113113.3,Gasífero,Maduro (>60%)
162653,YPF,RINCON DEL MANGRULLO,31.15891304347826,46,94.6,129700.7,Gasífero,Maduro (>60%)
162679,Shell,CRUZ DE LORENA,1670.2187719298245,57,9.7,88.7,Petrolífero,Temprano (<30%)
162680,Shell,CRUZ DE LORENA,1274.7160714285715,56,8.8,95.9,Petrolífero,Temprano (<30%)
162681,Shell,CRUZ DE LORENA,1492.5807142857143,56,8.3,83.8,Petrolífero,Temprano (<30%)
162682,Shell,CRUZ DE LORENA,1643.1867272727272,55,7.8,92.2,Petrolífero,Temprano (<30%)
162690,Shell,BAJADA DE AÑELO,1983.4219230769231,26,24.3,867.0,Petrolífero,Temprano (<30%)
162691,Shell,BAJADA DE AÑELO,1067.3364,25,34.4,987.5,Petrolífero,Intermedio (30-60%)
162692,Shell,BAJADA DE AÑELO,2252.5796,25,32.5,947.8,Petrolífero,Intermedio (30-60%)
162693,Shell,BAJADA DE AÑELO,1299.7767999999999,25,32.7,1019.3,Petrolífero,Intermedio (30-60%)
162694,Shell,BAJADA DE AÑELO,1706.5395833333332,24,27.5,987.4,Petrolífero,Temprano (<30%)
162706,YPF,AGUADA DE LA ARENA,1.29,1,99.7,399612.4,Gasífero,Maduro (>60%)
162707,YPF,AGUADA DE LA ARENA,5.723999999999999,5,99.3,852175.1,Gasífero,Maduro (>60%)
162708,YPF,AGUADA DE LA ARENA,4.837142857142857,7,99.5,1297288.5,Gasífero,Maduro (>60%)
162711,YPF,LA AMARGA CHICA,1441.3130508474576,59,20.9,99.5,Petrolífero,Temprano (<30%)
162712,YPF,LA AMARGA CHICA,1598.425593220339,59,26.1,109.7,Petrolífero,Temprano (<30%)
162713,YPF,LA AMARGA CHICA,2105.0841379310345,58,15.4,103.5,Petrolífero,Temprano (<30%)
162714,YPF,LA AMARGA CHICA,1415.3746551724137,58,32.5,109.6,Petrolífero,Intermedio (30-60%)
162722,Pan American Energy,COIRON AMARGO SUR ESTE,981.2115559322034,59,17.0,48.8,Petrolífero,Temprano (<30%)
162723,Pan American Energy,LINDERO ATRAVESADO OCCIDENTAL,649.5953677966102,59,16.4,100.5,Petrolífero,Temprano (<30%)
162725,Pan American Energy,COIRON AMARGO SUR ESTE,1807.8239433898304,59,15.7,53.2,Petrolífero,Temprano (<30%)
162727,Pan American Energy,COIRON AMARGO SUR ESTE,1566.405077457627,59,14.4,56.1,Petrolífero,Temprano (<30%)
162730,Pan American Energy,LINDERO ATRAVESADO OCCIDENTAL,1130.9238322033898,59,15.4,77.0,Petrolífero,Temprano (<30%)
162735,Tecpetrol,PUESTO PARADA,1083.7765965517242,58,10.6,92.3,Petrolífero,Temprano (<30%)
162742,Vista Energy,BAJADA DEL PALO OESTE,2600.1987662105266,57,26.5,116.3,Petrolífero,Temprano (<30%)
162743,Vista Energy,BAJADA DEL PALO OESTE,1943.8928579824562,57,27.4,128.5,Petrolífero,Temprano (<30%)
162744,Vista Energy,BAJADA DEL PALO OESTE,2182.4880894736843,57,30.7,118.3,Petrolífero,Intermedio (30-60%)
162745,Vista Energy,BAJADA DEL PALO OESTE,2501.3791944736845,57,22.2,111.9,Petrolífero,Temprano (<30%)
162748,Shell,CRUZ DE LORENA,2045.8038596491226,57,6.9,84.9,Petrolífero,Temprano (<30%)
162749,Shell,CRUZ DE LORENA,1375.8256140350877,57,8.3,80.4,Petrolífero,Temprano (<30%)
162750,Shell,CRUZ DE LORENA,1032.5085714285715,56,9.4,83.8,Petrolífero,Temprano (<30%)
162777,YPF,EL OREJANO,38.29333333333333,3,97.0,166107.0,Gasífero,Maduro (>60%)
162778,YPF,EL OREJANO,25.9,1,95.2,115552.9,Gasífero,Maduro (>60%)
162779,YPF,EL OREJANO,1.13,1,99.4,411743.4,Gasífero,Maduro (>60%)
162780,YPF,EL OREJANO,48.425555555555555,9,98.3,151661.3,Gasífero,Maduro (>60%)
162781,YPF,EL OREJANO,33.755,8,97.2,220202.4,Gasífero,Maduro (>60%)
162782,YPF,EL OREJANO,81.03241379310344,29,90.9,55639.5,Gasífero,Maduro (>60%)
162787,YPF,LA AMARGA CHICA,1519.9784210526316,38,27.1,118.6,Petrolífero,Temprano (<30%)
162788,YPF,LA AMARGA CHICA,1447.4378846153847,52,16.5,119.4,Petrolífero,Temprano (<30%)
162789,YPF,LA AMARGA CHICA,1224.2640350877193,57,45.0,122.2,Petrolífero,Intermedio (30-60%)
162790,YPF,LA AMARGA CHICA,1461.7672413793102,58,25.3,113.4,Petrolífero,Temprano (<30%)
162791,YPF,LOMA CAMPANA-LLL,1051.5225925925927,54,10.9,195.1,Petrolífero,Temprano (<30%)
162792,YPF,LOMA CAMPANA-LLL,1127.2287931034482,58,14.8,211.4,Petrolífero,Temprano (<30%)
162793,YPF,LOMA CAMPANA-LLL,653.706170212766,47,25.2,244.8,Petrolífero,Temprano (<30%)
162794,YPF,LOMA CAMPANA-LLL,1154.9710526315791,57,12.7,212.1,Petrolífero,Temprano (<30%)
162795,YPF,LOMA CAMPANA-LLL,1104.453148148148,54,23.3,215.9,Petrolífero,Temprano (<30%)
162796,YPF,LOMA CAMPANA-LLL,2147.575344827586,58,14.3,196.4,Petrolífero,Temprano (<30%)
162797,YPF,RINCON DEL MANGRULLO,12.58695652173913,23,95.5,242059.5,Gasífero,Maduro (>60%)
162798,YPF,RINCON DEL MANGRULLO,11.402380952380952,21,72.6,361748.1,Gasífero,Maduro (>60%)
162799,YPF,RINCON DEL MANGRULLO,13.541052631578946,19,93.2,234960.4,Gasífero,Maduro (>60%)
162809,Shell,CRUZ DE LORENA,1505.5049999999999,56,13.7,84.1,Petrolífero,Temprano (<30%)
162810,Shell,CRUZ DE LORENA,1530.232142857143,56,13.3,84.6,Petrolífero,Temprano (<30%)
162811,Shell,CRUZ DE LORENA,1900.841964285714,56,11.8,85.9,Petrolífero,Temprano (<30%)
162812,Pan American Energy,LINDERO ATRAVESADO OCCIDENTAL,1136.6146385964912,57,14.7,62.5,Petrolífero,Temprano (<30%)
162815,Pan American Energy,LINDERO ATRAVESADO OCCIDENTAL,1622.7713242631578,57,32.2,79.3,Petrolífero,Intermedio (30-60%)
162822,Pan American Energy,LINDERO ATRAVESADO OCCIDENTAL,1483.0392684210526,57,10.2,63.1,Petrolífero,Temprano (<30%)
162823,Pan American Energy,LINDERO ATRAVESADO OCCIDENTAL,1554.2950089285714,56,16.3,63.1,Petrolífero,Temprano (<30%)
162843,Shell,COIRON AMARGO SUR OESTE,1592.5490909090909,55,10.2,104.4,Petrolífero,Temprano (<30%)
162844,Shell,COIRON AMARGO SUR OESTE,1413.5461111111113,54,10.0,103.6,Petrolífero,Temprano (<30%)
162845,Shell,COIRON AMARGO SUR OESTE,1723.5479629629629,54,9.6,97.8,Petrolífero,Temprano (<30%)
162846,Shell,COIRON AMARGO SUR OESTE,1510.9492592592592,54,9.2,94.3,Petrolífero,Temprano (<30%)
162877,YPF,LOMA COLORADA,1497.1294444444445,54,29.2,68.1,Petrolífero,Temprano (<30%)
162878,YPF,LOMA COLORADA,1811.0146666666667,45,20.3,58.9,Petrolífero,Temprano (<30%)
162879,YPF,BANDURRIA SUR,1650.2667857142858,56,8.4,146.2,Petrolífero,Temprano (<30%)
162880,YPF,BANDURRIA SUR,1211.5077192982455,57,15.7,136.5,Petrolífero,Temprano (<30%)
162881,YPF,BANDURRIA SUR,1701.7875000000001,56,8.9,153.3,Petrolífero,Temprano (<30%)
162882,YPF,BANDURRIA SUR,1574.1692857142857,56,10.9,142.2,Petrolífero,Temprano (<30%)
162883,YPF,BANDURRIA SUR,1558.115283018868,53,36.9,163.3,Petrolífero,Intermedio (30-60%)
162884,YPF,BANDURRIA SUR,1331.4043859649123,57,24.3,163.2,Petrolífero,Temprano (<30%)
162885,YPF,BANDURRIA SUR,1587.8478947368421,57,24.6,160.0,Petrolífero,Temprano (<30%)
162886,YPF,BANDURRIA SUR,2229.0632727272728,55,32.6,167.9,Petrolífero,Intermedio (30-60%)
162887,YPF,BANDURRIA SUR,1930.0764912280702,57,24.8,157.3,Petrolífero,Temprano (<30%)
162888,YPF,BANDURRIA SUR,1943.1519298245614,57,39.7,165.9,Petrolífero,Intermedio (30-60%)
162889,YPF,LOMA CAMPANA-LLL,1513.8757142857141,56,7.0,109.2,Petrolífero,Temprano (<30%)
162890,YPF,LOMA CAMPANA-LLL,2566.027692307692,52,10.9,113.3,Petrolífero,Temprano (<30%)
162891,YPF,LOMA CAMPANA-LLL,1668.1526785714286,56,5.2,119.3,Petrolífero,Temprano (<30%)
162894,YPF,LOMA CAMPANA,964.6783636363638,55,8.0,100.0,Petrolífero,Temprano (<30%)
162895,YPF,LOMA CAMPANA,1579.235892857143,56,6.3,123.5,Petrolífero,Temprano (<30%)
162896,YPF,LOMA CAMPANA,1831.0448214285714,56,5.8,112.7,Petrolífero,Temprano (<30%)
162921,Kilwer,CORRALERA NORESTE,109.122,2,98.6,1529.4,Petrolífero,Maduro (>60%)
162933,Tecpetrol,FORTIN DE PIEDRA,119.37515214285715,56,89.7,42653.7,Gasífero,Maduro (>60%)
162934,Tecpetrol,FORTIN DE PIEDRA,112.99303503636364,55,90.1,43297.8,Gasífero,Maduro (>60%)
162939,YPF,LA AMARGA CHICA,901.9142857142857,56,13.2,140.9,Petrolífero,Temprano (<30%)
162940,YPF,LA AMARGA CHICA,1591.806607142857,56,11.2,130.9,Petrolífero,Temprano (<30%)
162941,YPF,LA AMARGA CHICA,1066.4596363636363,55,21.3,126.9,Petrolífero,Temprano (<30%)
162942,YPF,LA AMARGA CHICA,1381.8714285714286,56,14.0,139.2,Petrolífero,Temprano (<30%)
162943,YPF,LOMA CAMPANA-LLL,3480.103018867924,53,11.9,98.1,Petrolífero,Temprano (<30%)
162944,YPF,LOMA CAMPANA-LLL,2670.9105357142857,56,11.6,94.6,Petrolífero,Temprano (<30%)
162945,YPF,LOMA CAMPANA-LLL,1673.2759999999998,55,10.3,106.0,Petrolífero,Temprano (<30%)
162946,YPF,LOMA CAMPANA-LLL,2773.746,55,17.4,95.1,Petrolífero,Temprano (<30%)
162954,Vista Energy,BAJADA DEL PALO ESTE,2930.4596303090907,55,14.7,56.1,Petrolífero,Temprano (<30%)
162955,Vista Energy,BAJADA DEL PALO ESTE,2922.4070135272727,55,17.0,47.7,Petrolífero,Temprano (<30%)
162963,Kilwer,CORRALERA SUR,92.74,1,98.1,790.0,Petrolífero,Maduro (>60%)
162974,Pan American Energy,AGUADA CÁNEPA,2393.5703660714285,56,27.1,79.4,Petrolífero,Temprano (<30%)
162975,Pan American Energy,AGUADA CÁNEPA,2602.6619285714287,56,14.5,74.2,Petrolífero,Temprano (<30%)
162992,Tecpetrol,FORTIN DE PIEDRA,130.9870014727273,55,88.6,45036.3,Gasífero,Maduro (>60%)
163001,YPF,LA AMARGA CHICA,1227.0163636363636,55,20.2,125.9,Petrolífero,Temprano (<30%)
163002,YPF,LOMA CAMPANA-LLL,2188.3379999999997,55,14.5,227.6,Petrolífero,Temprano (<30%)
163003,YPF,LOMA CAMPANA-LLL,1630.081489361702,47,33.1,236.6,Petrolífero,Intermedio (30-60%)
163004,YPF,LOMA CAMPANA-LLL,1750.1544444444444,54,11.8,225.3,Petrolífero,Temprano (<30%)
163005,YPF,LOMA CAMPANA-LLL,1202.0796226415096,53,29.3,194.0,Petrolífero,Temprano (<30%)
163006,YPF,RINCON DEL MANGRULLO,36.64764705882353,51,89.9,126468.2,Gasífero,Maduro (>60%)
163007,YPF,RINCON DEL MANGRULLO,37.473333333333336,48,89.1,117903.6,Gasífero,Maduro (>60%)
163008,YPF,RINCON DEL MANGRULLO,45.08953488372093,43,91.8,115754.6,Gasífero,Maduro (>60%)
163009,YPF,RINCON DEL MANGRULLO,35.536458333333336,48,93.3,117548.3,Gasífero,Maduro (>60%)
163014,Shell,CRUZ DE LORENA,736.2595652173914,23,17.9,178.3,Petrolífero,Temprano (<30%)
163015,Shell,CRUZ DE LORENA,1602.8673076923078,52,4.9,116.3,Petrolífero,Temprano (<30%)
163016,Shell,CRUZ DE LORENA,2140.5820754716983,53,4.3,123.8,Petrolífero,Temprano (<30%)
163017,Shell,CRUZ DE LORENA,1945.1950943396225,53,2.7,125.0,Petrolífero,Temprano (<30%)
163018,Shell,COIRON AMARGO SUR OESTE,1354.1845238095239,42,10.9,86.2,Petrolífero,Temprano (<30%)
163019,Shell,COIRON AMARGO SUR OESTE,1089.041320754717,53,16.4,88.6,Petrolífero,Temprano (<30%)
163020,Shell,COIRON AMARGO SUR OESTE,1140.950754716981,53,12.2,85.9,Petrolífero,Temprano (<30%)
163021,Shell,COIRON AMARGO SUR OESTE,1192.5288679245282,53,11.4,85.1,Petrolífero,Temprano (<30%)
163051,Tecpetrol,FORTIN DE PIEDRA,107.3009457755102,49,94.0,41993.2,Gasífero,Maduro (>60%)
163052,Tecpetrol,FORTIN DE PIEDRA,132.91586822222223,54,87.3,39969.6,Gasífero,Maduro (>60%)
163053,Tecpetrol,FORTIN DE PIEDRA,119.29785080392158,51,90.7,39637.2,Gasífero,Maduro (>60%)
163065,YPF,LA AMARGA CHICA,1519.1535185185185,54,12.1,131.8,Petrolífero,Temprano (<30%)
163066,YPF,LA AMARGA CHICA,1319.8959259259261,54,27.4,133.8,Petrolífero,Temprano (<30%)
163067,YPF,LA AMARGA CHICA,2017.818148148148,54,13.5,123.6,Petrolífero,Temprano (<30%)
163068,YPF,LA AMARGA CHICA,1749.8661538461538,52,43.9,119.7,Petrolífero,Intermedio (30-60%)
163069,YPF,LA AMARGA CHICA,1325.7967346938776,49,43.3,184.4,Petrolífero,Intermedio (30-60%)
163070,YPF,LA AMARGA CHICA,910.3765384615385,52,37.7,118.7,Petrolífero,Intermedio (30-60%)
163071,YPF,LA AMARGA CHICA,1110.3381132075472,53,23.9,89.7,Petrolífero,Temprano (<30%)
163072,YPF,LA AMARGA CHICA,1371.677358490566,53,38.1,111.7,Petrolífero,Intermedio (30-60%)
163073,YPF,LA AMARGA CHICA,1449.034716981132,53,20.9,99.3,Petrolífero,Temprano (<30%)
163074,YPF,LOMA CAMPANA-LLL,1108.137358490566,53,15.1,225.1,Petrolífero,Temprano (<30%)
163087,Pan American Energy,LINDERO ATRAVESADO OCCIDENTAL,1524.5865148148148,54,23.7,89.2,Petrolífero,Temprano (<30%)
163094,Pan American Energy,LINDERO ATRAVESADO OCCIDENTAL,1198.7156250555556,54,31.3,101.4,Petrolífero,Intermedio (30-60%)
163101,Pan American Energy,LINDERO ATRAVESADO OCCIDENTAL,1127.9436755769232,52,45.8,98.5,Petrolífero,Intermedio (30-60%)
163103,Shell,SIERRAS BLANCAS,1289.2842307692308,52,8.5,125.2,Petrolífero,Temprano (<30%)
163104,Shell,SIERRAS BLANCAS,1189.0273076923077,52,7.7,115.9,Petrolífero,Temprano (<30%)
163105,Shell,SIERRAS BLANCAS,1259.0642307692308,52,8.4,116.4,Petrolífero,Temprano (<30%)
163106,Shell,SIERRAS BLANCAS,1097.9351923076922,52,11.1,117.2,Petrolífero,Temprano (<30%)
163122,Tecpetrol,PUESTO VERA,29.791199,14,54.6,984.5,Petrolífero,Intermedio (30-60%)
163134,Pluspetrol,LA CALERA,413.3229318181818,44,58.0,5513.7,Gasífero,Intermedio (30-60%)
163135,Pluspetrol,LA CALERA,823.85632,50,57.2,4919.4,Gasífero,Intermedio (30-60%)
163136,Pluspetrol,LA CALERA,571.0803617021277,47,60.5,5420.5,Gasífero,Maduro (>60%)
163138,Vista Energy,BAJADA DEL PALO OESTE,1837.6573340816326,49,17.3,142.0,Petrolífero,Temprano (<30%)
163139,Vista Energy,BAJADA DEL PALO OESTE,1358.8577678269232,52,28.4,159.3,Petrolífero,Temprano (<30%)
163140,Vista Energy,BAJADA DEL PALO OESTE,1635.3359265384615,52,16.9,145.8,Petrolífero,Temprano (<30%)
163141,Vista Energy,BAJADA DEL PALO OESTE,1415.1832970576922,52,28.4,147.5,Petrolífero,Temprano (<30%)
163150,Tecpetrol,FORTIN DE PIEDRA,514.4179942857143,49,68.1,11632.3,Gasífero,Maduro (>60%)
163151,Tecpetrol,FORTIN DE PIEDRA,381.96333400000003,50,71.4,13043.9,Gasífero,Maduro (>60%)
163152,Tecpetrol,FORTIN DE PIEDRA,434.3848050980392,51,65.4,12378.6,Gasífero,Maduro (>60%)
163153,Tecpetrol,FORTIN DE PIEDRA,524.6690169811321,53,71.5,11265.0,Gasífero,Maduro (>60%)
163154,Tecpetrol,FORTIN DE PIEDRA,496.7773326415094,53,66.5,11139.1,Gasífero,Maduro (>60%)
163155,Tecpetrol,FORTIN DE PIEDRA,347.81207947222225,36,74.3,16005.0,Gasífero,Maduro (>60%)
163161,YPF,LA AMARGA CHICA,2387.9896078431375,51,29.9,136.5,Petrolífero,Temprano (<30%)
163162,YPF,LA AMARGA CHICA,2219.94,52,29.2,124.4,Petrolífero,Temprano (<30%)
163163,YPF,BANDURRIA SUR,1292.3700000000001,52,22.3,142.5,Petrolífero,Temprano (<30%)
163164,YPF,BANDURRIA SUR,1115.1747169811322,53,28.6,196.8,Petrolífero,Temprano (<30%)
163165,YPF,BANDURRIA SUR,1185.0462,50,14.9,155.3,Petrolífero,Temprano (<30%)
163166,YPF,BANDURRIA SUR,817.6431249999999,32,42.5,198.7,Petrolífero,Intermedio (30-60%)
163167,YPF,BANDURRIA SUR,1394.0490566037738,53,25.0,171.7,Petrolífero,Temprano (<30%)
163168,YPF,RINCON DEL MANGRULLO,2.12,2,93.2,501452.8,Gasífero,Maduro (>60%)
163169,YPF,RINCON DEL MANGRULLO,11.858095238095238,21,91.0,337696.6,Gasífero,Maduro (>60%)
163170,YPF,RINCON DEL MANGRULLO,8.32,22,94.5,326942.3,Gasífero,Maduro (>60%)
163216,Pluspetrol,LA CALERA,1268.6269523809524,42,50.3,1604.5,Petrolífero,Intermedio (30-60%)
163228,YPF,LA AMARGA CHICA,1155.4667307692307,52,28.5,100.0,Petrolífero,Temprano (<30%)
163229,YPF,LA AMARGA CHICA,1924.5086538461537,52,13.7,82.6,Petrolífero,Temprano (<30%)
163230,YPF,LA AMARGA CHICA,987.0936538461539,52,21.0,101.1,Petrolífero,Temprano (<30%)
163231,YPF,LA AMARGA CHICA,1281.4376923076923,52,11.5,89.5,Petrolífero,Temprano (<30%)
163234,YPF,LOMA CAMPANA,2492.2006,50,8.4,84.4,Petrolífero,Temprano (<30%)
163235,YPF,LOMA CAMPANA,1854.7350000000001,52,10.2,88.5,Petrolífero,Temprano (<30%)
163236,YPF,LOMA CAMPANA,2678.488076923077,52,10.2,89.8,Petrolífero,Temprano (<30%)
163237,YPF,LOMA CAMPANA,1382.2332692307693,52,11.4,80.2,Petrolífero,Temprano (<30%)
163238,YPF,LOMA CAMPANA,1687.5642307692308,52,7.6,83.1,Petrolífero,Temprano (<30%)
163246,Vista Energy,AGUADA FEDERAL,2927.4368933725486,51,19.3,121.5,Petrolífero,Temprano (<30%)
163247,Vista Energy,AGUADA FEDERAL,1013.6095729215685,51,37.5,144.5,Petrolífero,Intermedio (30-60%)
163249,Vista Energy,BAJADA DEL PALO OESTE,2806.984263612245,49,26.5,119.5,Petrolífero,Temprano (<30%)
163250,Vista Energy,BAJADA DEL PALO OESTE,2447.317765591837,49,33.4,128.4,Petrolífero,Intermedio (30-60%)
163251,Vista Energy,BAJADA DEL PALO OESTE,3335.8061118775513,49,21.2,112.6,Petrolífero,Temprano (<30%)
163257,Pan American Energy,LINDERO ATRAVESADO OCCIDENTAL,1453.1618059999998,50,28.6,89.1,Petrolífero,Temprano (<30%)
163293,Tecpetrol,FORTIN DE PIEDRA,140.98523333333333,51,86.8,42681.6,Gasífero,Maduro (>60%)
163294,Tecpetrol,FORTIN DE PIEDRA,208.78167039215688,51,82.3,43492.0,Gasífero,Maduro (>60%)
163295,Tecpetrol,FORTIN DE PIEDRA,127.54656994117647,51,88.1,40724.8,Gasífero,Maduro (>60%)
163298,Shell,SIERRAS BLANCAS,2527.5044117647058,34,9.8,94.9,Petrolífero,Temprano (<30%)
163299,Shell,SIERRAS BLANCAS,3612.252272727273,22,12.2,94.1,Petrolífero,Temprano (<30%)
163300,Shell,SIERRAS BLANCAS,2403.286818181818,22,9.5,87.9,Petrolífero,Temprano (<30%)
163301,Shell,SIERRAS BLANCAS,2873.7333333333336,24,15.1,87.0,Petrolífero,Temprano (<30%)
163302,Shell,COIRON AMARGO SUR OESTE,972.173,50,16.0,80.9,Petrolífero,Temprano (<30%)
163303,Shell,COIRON AMARGO SUR OESTE,970.0203999999999,50,19.1,71.3,Petrolífero,Temprano (<30%)
163304,Shell,COIRON AMARGO SUR OESTE,863.2808163265306,49,24.6,78.1,Petrolífero,Temprano (<30%)
163321,YPF,AGUADA DE LA ARENA,5.835,14,99.1,1286624.4,Gasífero,Maduro (>60%)
163322,YPF,AGUADA DE LA ARENA,6.094285714285715,14,99.3,1521061.2,Gasífero,Maduro (>60%)
163323,YPF,AGUADA DE LA ARENA,6.275384615384615,13,98.9,1461045.0,Gasífero,Maduro (>60%)
163324,YPF,BAJO DEL TORO NORTE,952.5194594594595,37,48.4,155.0,Petrolífero,Intermedio (30-60%)
163326,YPF,LOMA CAMPANA-LLL,2657.4506,50,9.9,188.6,Petrolífero,Temprano (<30%)
163327,YPF,LOMA CAMPANA-LLL,2278.458431372549,51,18.3,308.0,Petrolífero,Temprano (<30%)
163328,YPF,LOMA CAMPANA-LLL,2254.0754,50,8.2,206.8,Petrolífero,Temprano (<30%)
163329,YPF,LOMA CAMPANA-LLL,2345.176470588235,51,7.5,201.5,Petrolífero,Temprano (<30%)
163330,YPF,LOMA CAMPANA-LLL,2797.472549019608,51,21.4,185.4,Petrolífero,Temprano (<30%)
163331,YPF,LOMA CAMPANA,2239.1345098039214,51,19.0,99.9,Petrolífero,Temprano (<30%)
163332,YPF,LOMA CAMPANA,1798.4013725490197,51,18.7,91.2,Petrolífero,Temprano (<30%)
163333,YPF,LOMA CAMPANA,1897.252156862745,51,7.4,93.1,Petrolífero,Temprano (<30%)
163334,YPF,LOMA CAMPANA,1601.5429411764705,51,6.1,88.4,Petrolífero,Temprano (<30%)
163371,Tecpetrol,FORTIN DE PIEDRA,354.10862999999995,50,63.7,15026.1,Gasífero,Maduro (>60%)
163375,Pluspetrol,LA CALERA,720.38158,50,56.9,4070.1,Gasífero,Intermedio (30-60%)
163376,Pluspetrol,LA CALERA,648.9657551020408,49,54.2,4133.8,Gasífero,Intermedio (30-60%)
163377,Pluspetrol,LA CALERA,782.09034,50,53.0,4453.3,Gasífero,Intermedio (30-60%)
163392,Vista Energy,BAJADA DEL PALO OESTE,2714.8546997608696,46,20.4,162.7,Petrolífero,Temprano (<30%)
163393,Vista Energy,BAJADA DEL PALO OESTE,2356.835106142857,49,26.6,166.6,Petrolífero,Temprano (<30%)
163394,Vista Energy,BAJADA DEL PALO OESTE,2144.0564476938775,49,27.1,176.3,Petrolífero,Temprano (<30%)
163395,Vista Energy,BAJADA DEL PALO OESTE,2740.7890831836735,49,32.4,163.6,Petrolífero,Intermedio (30-60%)
163399,Tecpetrol,FORTIN DE PIEDRA,489.659382,50,60.3,15276.6,Gasífero,Maduro (>60%)
163400,Tecpetrol,FORTIN DE PIEDRA,437.94112800000005,50,64.0,12829.3,Gasífero,Maduro (>60%)
163416,YPF,BAJO DEL TORO NORTE,780.4567391304348,46,33.4,180.3,Petrolífero,Intermedio (30-60%)
163417,YPF,BAJO DEL TORO NORTE,649.9296875,32,35.4,184.8,Petrolífero,Intermedio (30-60%)
163418,YPF,BAJO DEL TORO NORTE,1372.1571111111111,45,19.5,232.7,Petrolífero,Temprano (<30%)
163419,YPF,BAJO DEL TORO NORTE,800.6890909090909,44,36.0,159.3,Petrolífero,Intermedio (30-60%)
163421,YPF,BANDURRIA SUR,2700.5802040816325,49,22.5,184.2,Petrolífero,Temprano (<30%)
163422,YPF,BANDURRIA SUR,2317.4763265306124,49,15.5,171.8,Petrolífero,Temprano (<30%)
163423,YPF,BANDURRIA SUR,2058.5704255319147,47,23.6,161.1,Petrolífero,Temprano (<30%)
163424,YPF,BANDURRIA SUR,2597.7173469387753,49,31.3,151.7,Petrolífero,Intermedio (30-60%)
163425,YPF,BANDURRIA SUR,2600.7248979591836,49,14.3,144.9,Petrolífero,Temprano (<30%)
163426,YPF,RINCON DEL MANGRULLO,24.51782608695652,23,95.4,224129.1,Gasífero,Maduro (>60%)
163427,YPF,RINCON DEL MANGRULLO,24.982727272727274,11,94.3,168145.7,Gasífero,Maduro (>60%)
163428,YPF,RINCON DEL MANGRULLO,21.986521739130435,23,96.0,242477.3,Gasífero,Maduro (>60%)
163438,Kilwer,MATA MORA NORTE,1602.3525159512196,41,18.2,64.1,Petrolífero,Temprano (<30%)
163438,Petrolera El Trébol,MATA MORA NORTE,696.5586333333334,3,5.3,94.1,Petrolífero,Temprano (<30%)
163438,Phoenix,MATA MORA NORTE,593.9202333333334,6,4.8,99.2,Petrolífero,Temprano (<30%)
163439,Kilwer,MATA MORA NORTE,1062.1834875365853,41,20.5,75.3,Petrolífero,Temprano (<30%)
163439,Petrolera El Trébol,MATA MORA NORTE,544.7641333333333,3,6.0,99.4,Petrolífero,Temprano (<30%)
163439,Phoenix,MATA MORA NORTE,478.98216666666667,6,6.0,83.0,Petrolífero,Temprano (<30%)
163440,Kilwer,MATA MORA NORTE,1300.4403760487805,41,17.0,65.0,Petrolífero,Temprano (<30%)
163440,Petrolera El Trébol,MATA MORA NORTE,531.1146333333334,3,13.9,100.8,Petrolífero,Temprano (<30%)
163440,Phoenix,MATA MORA NORTE,474.55241666666666,6,6.1,84.6,Petrolífero,Temprano (<30%)
163491,Vista Energy,BAJADA DEL PALO OESTE,2715.7529550416666,48,21.4,119.3,Petrolífero,Temprano (<30%)
163492,Vista Energy,BAJADA DEL PALO OESTE,1611.7115463125,48,25.5,102.0,Petrolífero,Temprano (<30%)
163493,Vista Energy,BAJADA DEL PALO OESTE,3169.2348911458334,48,21.7,102.5,Petrolífero,Temprano (<30%)
163494,Vista Energy,BAJADA DEL PALO OESTE,1489.0172331041667,48,25.2,111.7,Petrolífero,Temprano (<30%)
163507,YPF,BAJO DEL TORO NORTE,646.1562790697675,43,40.5,187.5,Petrolífero,Intermedio (30-60%)
163508,YPF,LA AMARGA CHICA,1737.2046808510638,47,35.8,124.2,Petrolífero,Intermedio (30-60%)
163509,YPF,LA AMARGA CHICA,1692.1756249999999,48,24.9,111.6,Petrolífero,Temprano (<30%)
163510,YPF,LA AMARGA CHICA,2000.5618367346938,49,40.7,126.0,Petrolífero,Intermedio (30-60%)
163511,YPF,LA AMARGA CHICA,2051.4745454545455,44,24.2,114.0,Petrolífero,Temprano (<30%)
163522,ExxonMobil,BAJO DEL CHOIQUE,4788.064642857143,28,29.0,457.3,Petrolífero,Temprano (<30%)
163522,Pluspetrol,BAJO DEL CHOIQUE,901.2252631578947,19,37.0,905.6,Petrolífero,Intermedio (30-60%)
163523,ExxonMobil,BAJO DEL CHOIQUE,3651.0800000000004,5,54.0,630.2,Petrolífero,Intermedio (30-60%)
163523,Pluspetrol,BAJO DEL CHOIQUE,1490.0584210526315,19,50.7,773.8,Petrolífero,Intermedio (30-60%)
163524,ExxonMobil,BAJO DEL CHOIQUE,4971.993529411765,17,22.6,472.5,Petrolífero,Temprano (<30%)
163524,Pluspetrol,BAJO DEL CHOIQUE,1205.23,19,44.3,788.2,Petrolífero,Intermedio (30-60%)
163525,ExxonMobil,BAJO DEL CHOIQUE,5278.905357142858,28,51.7,479.0,Petrolífero,Intermedio (30-60%)
163525,Pluspetrol,BAJO DEL CHOIQUE,914.5692307692308,13,57.4,936.4,Petrolífero,Intermedio (30-60%)
163526,ExxonMobil,BAJO DEL CHOIQUE,3829.2766666666666,12,26.3,462.8,Petrolífero,Temprano (<30%)
163526,Pluspetrol,BAJO DEL CHOIQUE,907.65,19,48.6,1061.2,Petrolífero,Intermedio (30-60%)
163527,ExxonMobil,BAJO DEL CHOIQUE,3691.440625,16,47.3,473.8,Petrolífero,Intermedio (30-60%)
163527,Pluspetrol,BAJO DEL CHOIQUE,1600.213125,16,42.4,700.0,Petrolífero,Intermedio (30-60%)
163530,Tecpetrol,LOS TOLDOS ESTE,1289.0624280555558,36,32.5,251.5,Petrolífero,Intermedio (30-60%)
163531,Tecpetrol,LOS TOLDOS ESTE,2143.104385238095,42,22.6,207.1,Petrolífero,Temprano (<30%)
163532,Tecpetrol,LOS TOLDOS ESTE,1267.3170468157896,38,33.5,193.1,Petrolífero,Intermedio (30-60%)
163534,Pan American Energy,LINDERO ATRAVESADO OCCIDENTAL,1133.4491166666667,48,30.4,85.3,Petrolífero,Intermedio (30-60%)
163540,Pan American Energy,LINDERO ATRAVESADO OCCIDENTAL,1543.0518187500002,48,20.6,63.8,Petrolífero,Temprano (<30%)
163550,Pluspetrol,LA CALERA,1584.525625,40,40.1,1845.8,Petrolífero,Intermedio (30-60%)
163551,Pluspetrol,LA CALERA,1437.4620731707316,41,45.8,1818.4,Petrolífero,Intermedio (30-60%)
163566,Pluspetrol,LA CALERA,1167.8558809523809,42,43.8,2073.7,Petrolífero,Intermedio (30-60%)
163577,Vista Energy,AGUADA FEDERAL,1284.5565512553192,47,28.8,117.6,Petrolífero,Temprano (<30%)
163578,Vista Energy,AGUADA FEDERAL,791.1155729999999,47,41.3,126.4,Petrolífero,Intermedio (30-60%)
163579,Vista Energy,AGUADA FEDERAL,1446.6223025744682,47,33.2,129.3,Petrolífero,Intermedio (30-60%)
163580,Vista Energy,AGUADA FEDERAL,2073.878740319149,47,43.3,133.2,Petrolífero,Intermedio (30-60%)
163586,YPF,LA AMARGA CHICA,2355.801086956522,46,18.2,74.6,Petrolífero,Temprano (<30%)
163587,YPF,LA AMARGA CHICA,894.9454545454545,44,39.9,71.4,Petrolífero,Intermedio (30-60%)
163588,YPF,LA AMARGA CHICA,2081.6056249999997,48,16.0,83.0,Petrolífero,Temprano (<30%)
163589,YPF,LA AMARGA CHICA,1112.9378048780486,41,22.6,80.7,Petrolífero,Temprano (<30%)
163590,YPF,LA AMARGA CHICA,2075.989302325582,43,15.7,65.0,Petrolífero,Temprano (<30%)
163591,YPF,LA AMARGA CHICA,1264.26275,40,28.3,78.4,Petrolífero,Temprano (<30%)
163593,YPF,LA ANGOSTURA SUR I,1244.3472916666667,48,10.3,188.9,Petrolífero,Temprano (<30%)
163595,YPF,LOMA CAMPANA,1926.3747916666669,48,14.6,135.5,Petrolífero,Temprano (<30%)
163596,YPF,LOMA CAMPANA,1837.7077083333334,48,20.6,131.5,Petrolífero,Temprano (<30%)
163597,YPF,LOMA CAMPANA,1873.0625,48,11.8,142.8,Petrolífero,Temprano (<30%)
163598,YPF,LOMA CAMPANA-LLL,1347.4585416666666,48,23.3,126.4,Petrolífero,Temprano (<30%)
163599,YPF,LOMA CAMPANA,2810.490625,48,11.2,141.4,Petrolífero,Temprano (<30%)
163600,YPF,LOMA CAMPANA,1610.9662500000002,48,4.7,116.9,Petrolífero,Temprano (<30%)
163601,YPF,LOMA CAMPANA,2877.9733333333334,48,1.8,124.2,Petrolífero,Temprano (<30%)
163602,YPF,LOMA CAMPANA,1698.9781249999999,48,3.1,107.6,Petrolífero,Temprano (<30%)
163603,YPF,LOMA CAMPANA,1594.458125,48,3.7,110.3,Petrolífero,Temprano (<30%)
163604,YPF,LOMA CAMPANA,1811.633958333333,48,2.7,120.6,Petrolífero,Temprano (<30%)
163605,YPF,LOMA CAMPANA,2333.2364583333333,48,4.5,108.1,Petrolífero,Temprano (<30%)
163625,Kilwer,MATA MORA NORTE,1163.3736763157895,38,12.1,71.1,Petrolífero,Temprano (<30%)
163625,Petrolera El Trébol,MATA MORA NORTE,557.9390666666667,3,3.6,44.6,Petrolífero,Temprano (<30%)
163625,Phoenix,MATA MORA NORTE,517.7479716666667,6,1.2,107.5,Petrolífero,Temprano (<30%)
163626,Kilwer,MATA MORA NORTE,2749.299310526316,38,8.0,78.9,Petrolífero,Temprano (<30%)
163626,Petrolera El Trébol,MATA MORA NORTE,1560.2870333333333,3,47.5,44.3,Petrolífero,Intermedio (30-60%)
163626,Phoenix,MATA MORA NORTE,1763.3735833333333,6,42.7,72.7,Petrolífero,Intermedio (30-60%)
163627,Kilwer,MATA MORA NORTE,1356.5200526315791,38,6.7,71.7,Petrolífero,Temprano (<30%)
163627,Petrolera El Trébol,MATA MORA NORTE,605.0429333333333,3,22.2,59.4,Petrolífero,Temprano (<30%)
163627,Phoenix,MATA MORA NORTE,639.52805,6,16.1,57.0,Petrolífero,Temprano (<30%)
163628,Pluspetrol,BAJO DEL CHOIQUE,5794.9478947368425,19,19.3,315.7,Petrolífero,Temprano (<30%)
163629,Pluspetrol,BAJO DEL CHOIQUE,6081.126470588235,17,14.3,355.1,Petrolífero,Temprano (<30%)
163630,Pluspetrol,BAJO DEL CHOIQUE,7031.0526666666665,15,14.0,318.7,Petrolífero,Temprano (<30%)
163631,Pluspetrol,BAJO DEL CHOIQUE,8292.61588235294,17,13.3,347.2,Petrolífero,Temprano (<30%)
163632,Pluspetrol,BAJO DEL CHOIQUE,7204.592777777778,18,16.8,284.9,Petrolífero,Temprano (<30%)
163633,ExxonMobil,BAJO DEL CHOIQUE,8477.18,1,29.3,397.6,Petrolífero,Temprano (<30%)
163633,Pluspetrol,BAJO DEL CHOIQUE,7271.976315789473,19,14.5,338.8,Petrolífero,Temprano (<30%)
163677,Tecpetrol,FORTIN DE PIEDRA,598.3252063829788,47,60.3,7990.6,Gasífero,Maduro (>60%)
163678,Tecpetrol,FORTIN DE PIEDRA,581.5196921739131,46,67.7,6896.9,Gasífero,Maduro (>60%)
163679,Tecpetrol,FORTIN DE PIEDRA,574.871045652174,46,60.3,7654.4,Gasífero,Maduro (>60%)
163685,YPF,BANDURRIA SUR,1875.7668085106382,47,22.3,175.3,Petrolífero,Temprano (<30%)
163686,YPF,BANDURRIA SUR,1706.3663043478261,46,28.5,165.1,Petrolífero,Temprano (<30%)
163687,YPF,BANDURRIA SUR,2009.8363829787233,47,15.5,171.4,Petrolífero,Temprano (<30%)
163688,YPF,BANDURRIA SUR,1676.6917021276595,47,24.3,164.4,Petrolífero,Temprano (<30%)
163689,YPF,BANDURRIA SUR,746.1029787234041,47,32.7,158.9,Petrolífero,Intermedio (30-60%)
163690,YPF,BANDURRIA SUR,1537.0314893617021,47,31.6,161.0,Petrolífero,Intermedio (30-60%)
163691,YPF,LOMA CAMPANA-LLL,2821.110425531915,47,8.1,208.6,Petrolífero,Temprano (<30%)
163692,YPF,LOMA CAMPANA-LLL,1123.8317021276596,47,13.8,193.9,Petrolífero,Temprano (<30%)
163693,YPF,LOMA CAMPANA-LLL,3371.5706382978724,47,8.9,205.6,Petrolífero,Temprano (<30%)
163694,YPF,LOMA CAMPANA-LLL,3363.69,47,7.6,195.1,Petrolífero,Temprano (<30%)
163695,YPF,LA ANGOSTURA SUR I,2328.7142222222224,45,16.8,210.6,Petrolífero,Temprano (<30%)
163705,Pan American Energy,LINDERO ATRAVESADO OCCIDENTAL,1337.6993719148936,47,12.1,65.0,Petrolífero,Temprano (<30%)
163707,Pan American Energy,LINDERO ATRAVESADO OCCIDENTAL,1137.48842,47,21.9,83.4,Petrolífero,Temprano (<30%)
163719,Pan American Energy,LINDERO ATRAVESADO OCCIDENTAL,865.4517721702127,47,27.1,71.3,Petrolífero,Temprano (<30%)
163726,Pluspetrol,LA CALERA,1209.1531777777777,45,32.9,3805.9,Gasífero,Intermedio (30-60%)
163727,Pluspetrol,LA CALERA,1151.6705777777777,45,46.1,4061.5,Gasífero,Intermedio (30-60%)
163728,Pluspetrol,LA CALERA,1226.5277777777778,45,32.7,3483.4,Gasífero,Intermedio (30-60%)
163739,Tecpetrol,FORTIN DE PIEDRA,521.077747173913,46,59.6,8369.0,Gasífero,Intermedio (30-60%)
163740,Tecpetrol,FORTIN DE PIEDRA,564.9057402173913,46,63.4,7644.0,Gasífero,Maduro (>60%)
163741,Tecpetrol,FORTIN DE PIEDRA,585.6506686956521,46,69.8,9674.8,Gasífero,Maduro (>60%)
163742,Tecpetrol,FORTIN DE PIEDRA,515.3245736585367,41,65.7,8307.6,Gasífero,Maduro (>60%)
163744,Tecpetrol,PUESTO PARADA NC,1130.1194022727273,44,12.6,81.1,Petrolífero,Temprano (<30%)
163756,YPF,LA AMARGA CHICA,2006.6154347826086,46,29.2,115.1,Petrolífero,Temprano (<30%)
163757,YPF,LA AMARGA CHICA,3088.735333333333,45,38.7,124.8,Petrolífero,Intermedio (30-60%)
163758,YPF,LA AMARGA CHICA,1796.1730434782608,46,18.1,119.1,Petrolífero,Temprano (<30%)
163759,YPF,LA AMARGA CHICA,1287.2135555555556,45,41.4,124.5,Petrolífero,Intermedio (30-60%)
163760,YPF,LA AMARGA CHICA,2244.428043478261,46,16.3,115.7,Petrolífero,Temprano (<30%)
163761,YPF,LA AMARGA CHICA,2128.1821739130437,46,31.0,118.4,Petrolífero,Intermedio (30-60%)
163762,YPF,BANDURRIA SUR,2501.255675675676,37,6.8,124.2,Petrolífero,Temprano (<30%)
163778,Pan American Energy,LINDERO ATRAVESADO OCCIDENTAL,1287.3660108695651,46,17.5,61.9,Petrolífero,Temprano (<30%)
163780,Pan American Energy,LINDERO ATRAVESADO OCCIDENTAL,2332.8657304347826,46,20.4,88.1,Petrolífero,Temprano (<30%)
163793,Kilwer,MATA MORA NORTE,1924.5632124324325,37,16.2,81.3,Petrolífero,Temprano (<30%)
163793,Petrolera El Trébol,MATA MORA NORTE,991.8168333333333,3,0.9,54.6,Petrolífero,Temprano (<30%)
163793,Phoenix,MATA MORA NORTE,940.4631666666668,6,0.7,87.5,Petrolífero,Temprano (<30%)
163794,Kilwer,MATA MORA NORTE,1079.7167847058824,34,25.5,81.9,Petrolífero,Temprano (<30%)
163794,Petrolera El Trébol,MATA MORA NORTE,357.41776666666664,3,0.8,67.3,Petrolífero,Temprano (<30%)
163794,Phoenix,MATA MORA NORTE,279.8526,6,1.2,53.7,Petrolífero,Temprano (<30%)
163795,Kilwer,MATA MORA NORTE,1118.8515648648647,37,25.8,81.5,Petrolífero,Temprano (<30%)
163795,Petrolera El Trébol,MATA MORA NORTE,670.7968999999999,3,3.0,53.1,Petrolífero,Temprano (<30%)
163795,Phoenix,MATA MORA NORTE,602.5009833333334,6,1.6,63.1,Petrolífero,Temprano (<30%)
163796,TotalEnergies,AGUADA PICHANA ESTE VACA MUERTA,88.25997317391305,46,92.6,72288.2,Gasífero,Maduro (>60%)
163797,TotalEnergies,AGUADA PICHANA ESTE VACA MUERTA,123.63033657777778,45,86.7,69086.7,Gasífero,Maduro (>60%)
163810,Vista Energy,BAJADA DEL PALO OESTE,3196.1168191818183,44,18.5,109.6,Petrolífero,Temprano (<30%)
163811,Geopark,LOMA JARILLOSA ESTE,821.0328888888889,9,33.1,65.5,Petrolífero,Intermedio (30-60%)
163811,Pluspetrol,LOMA JARILLOSA ESTE,2593.378275862069,29,11.2,56.8,Petrolífero,Temprano (<30%)
163812,Geopark,LOMA JARILLOSA ESTE,589.5706250000001,8,19.0,70.8,Petrolífero,Temprano (<30%)
163812,Pluspetrol,LOMA JARILLOSA ESTE,1861.4676785714287,28,12.2,56.1,Petrolífero,Temprano (<30%)
163813,Geopark,LOMA JARILLOSA ESTE,718.9646666666666,9,30.1,64.9,Petrolífero,Intermedio (30-60%)
163813,Pluspetrol,LOMA JARILLOSA ESTE,1827.9629032258065,31,13.4,53.1,Petrolífero,Temprano (<30%)
163830,YPF,LOMA COLORADA,2026.5997727272727,44,31.4,85.9,Petrolífero,Intermedio (30-60%)
163831,YPF,LOMA COLORADA,1704.4726666666668,45,37.8,81.9,Petrolífero,Intermedio (30-60%)
163832,YPF,LOMA COLORADA,1489.5657777777778,45,41.0,88.1,Petrolífero,Intermedio (30-60%)
163833,YPF,LOMA COLORADA,1917.4822222222222,45,39.0,86.3,Petrolífero,Intermedio (30-60%)
163834,YPF,LA AMARGA CHICA,2124.277111111111,45,7.4,94.6,Petrolífero,Temprano (<30%)
163835,YPF,LA AMARGA CHICA,2504.148222222222,45,20.2,104.2,Petrolífero,Temprano (<30%)
163836,YPF,LA AMARGA CHICA,1900.0702222222224,45,8.8,91.7,Petrolífero,Temprano (<30%)
163837,YPF,LA AMARGA CHICA,2063.7526666666668,45,19.3,97.6,Petrolífero,Temprano (<30%)
163838,YPF,LA AMARGA CHICA,761.4408888888888,45,18.7,120.5,Petrolífero,Temprano (<30%)
163839,YPF,LA AMARGA CHICA,612.8636363636364,44,43.2,138.2,Petrolífero,Intermedio (30-60%)
163840,YPF,LA AMARGA CHICA,1291.9126666666666,45,16.2,117.2,Petrolífero,Temprano (<30%)
163841,YPF,LA AMARGA CHICA,952.0693023255815,43,27.4,166.7,Petrolífero,Temprano (<30%)
163842,YPF,BANDURRIA SUR,2128.905588235294,34,36.4,180.1,Petrolífero,Intermedio (30-60%)
163843,YPF,BANDURRIA SUR,781.2838636363635,44,39.7,180.6,Petrolífero,Intermedio (30-60%)
163844,YPF,BANDURRIA SUR,2678.507777777778,45,49.9,202.3,Petrolífero,Intermedio (30-60%)
163845,YPF,BANDURRIA SUR,1102.488717948718,39,36.9,172.5,Petrolífero,Intermedio (30-60%)
163846,YPF,LOMA CAMPANA-LLL,1450.513488372093,43,9.9,227.9,Petrolífero,Temprano (<30%)
163847,YPF,LOMA CAMPANA-LLL,1072.8477272727273,44,20.1,220.0,Petrolífero,Temprano (<30%)
163848,YPF,LOMA CAMPANA-LLL,1351.3711627906976,43,9.3,191.0,Petrolífero,Temprano (<30%)
163849,YPF,LOMA CAMPANA-LLL,902.41,32,22.5,221.8,Petrolífero,Temprano (<30%)
163850,YPF,LOMA CAMPANA-LLL,2367.824666666667,45,12.7,184.5,Petrolífero,Temprano (<30%)
163851,YPF,LOMA CAMPANA-LLL,2208.1259999999997,45,10.6,170.5,Petrolífero,Temprano (<30%)
163852,YPF,LOMA CAMPANA-LLL,2523.3970454545456,44,14.4,220.4,Petrolífero,Temprano (<30%)
163853,YPF,LOMA CAMPANA-LLL,1863.8473333333334,45,13.0,167.9,Petrolífero,Temprano (<30%)
163854,YPF,LA RIBERA BLOQUE I,474.1735555555556,45,54.3,6038.4,Gasífero,Intermedio (30-60%)
163855,YPF,LA RIBERA BLOQUE I,507.40444444444444,45,57.5,6002.4,Gasífero,Intermedio (30-60%)
163856,YPF,LA RIBERA BLOQUE I,392.77088888888886,45,57.9,5952.6,Gasífero,Intermedio (30-60%)
163857,YPF,RINCON DEL MANGRULLO,40.29371428571429,35,93.1,173293.6,Gasífero,Maduro (>60%)
163858,YPF,RINCON DEL MANGRULLO,30.220540540540544,37,90.4,155079.5,Gasífero,Maduro (>60%)
163859,YPF,RINCON DEL MANGRULLO,20.813333333333333,33,96.2,171208.0,Gasífero,Maduro (>60%)
163873,Vista Energy,BAJADA DEL PALO OESTE,1607.5668059545453,44,15.8,117.3,Petrolífero,Temprano (<30%)
163874,Vista Energy,BAJADA DEL PALO OESTE,2202.289015704546,44,25.6,125.8,Petrolífero,Temprano (<30%)
163875,Vista Energy,BAJADA DEL PALO OESTE,2507.9006192954544,44,16.9,118.7,Petrolífero,Temprano (<30%)
163876,Vista Energy,BAJADA DEL PALO OESTE,2239.1447215813955,43,29.0,126.5,Petrolífero,Temprano (<30%)
163880,Pan American Energy,COIRON AMARGO SUR ESTE,1517.0579,45,6.7,54.9,Petrolífero,Temprano (<30%)
163885,Pan American Energy,COIRON AMARGO SUR ESTE,1756.3512620454546,44,24.1,58.8,Petrolífero,Temprano (<30%)
163897,Pan American Energy,COIRON AMARGO SUR ESTE,3156.1116270454545,44,16.2,57.6,Petrolífero,Temprano (<30%)
163905,Tecpetrol,PUESTO PARADA NC,1326.743231111111,45,5.5,62.9,Petrolífero,Temprano (<30%)
163940,YPF,LA AMARGA CHICA,1662.3429545454544,44,27.6,134.8,Petrolífero,Temprano (<30%)
163941,YPF,LA AMARGA CHICA,2078.445,44,8.7,112.2,Petrolífero,Temprano (<30%)
163942,YPF,LA AMARGA CHICA,1555.0093181818183,44,17.1,153.4,Petrolífero,Temprano (<30%)
163943,YPF,LA AMARGA CHICA,2394.3340909090907,44,32.4,154.0,Petrolífero,Intermedio (30-60%)
163944,YPF,LA AMARGA CHICA,1719.8045238095237,42,12.8,92.3,Petrolífero,Temprano (<30%)
163945,YPF,LA AMARGA CHICA,2248.760227272727,44,19.2,95.9,Petrolífero,Temprano (<30%)
163946,YPF,LA AMARGA CHICA,2049.1818604651166,43,13.0,94.0,Petrolífero,Temprano (<30%)
163947,YPF,LA AMARGA CHICA,1822.4545454545455,44,24.6,101.2,Petrolífero,Temprano (<30%)
163948,YPF,LA AMARGA CHICA,1847.4813636363638,44,13.6,92.5,Petrolífero,Temprano (<30%)
163950,YPF,BANDURRIA SUR,2012.8145454545454,44,6.9,140.6,Petrolífero,Temprano (<30%)
163951,YPF,BANDURRIA SUR,1645.8754545454547,44,14.5,154.3,Petrolífero,Temprano (<30%)
163952,YPF,BANDURRIA SUR,2071.4929545454547,44,9.4,145.0,Petrolífero,Temprano (<30%)
163953,YPF,BANDURRIA SUR,1565.3000000000002,36,18.8,118.5,Petrolífero,Temprano (<30%)
163969,Shell,SIERRAS BLANCAS,3133.446511627907,43,4.2,95.2,Petrolífero,Temprano (<30%)
163970,Shell,SIERRAS BLANCAS,2360.327441860465,43,6.7,91.0,Petrolífero,Temprano (<30%)
163971,Shell,SIERRAS BLANCAS,2399.0727906976745,43,8.8,91.7,Petrolífero,Temprano (<30%)
163972,Shell,SIERRAS BLANCAS,2359.809534883721,43,13.7,85.5,Petrolífero,Temprano (<30%)
163974,Vista Energy,AGUILA MORA,1680.0950234390245,41,32.5,463.7,Petrolífero,Intermedio (30-60%)
163975,Vista Energy,AGUILA MORA,1475.1624646097562,41,32.1,329.2,Petrolífero,Intermedio (30-60%)
163977,Vista Energy,BAJADA DEL PALO ESTE,2776.2173012857143,42,17.6,45.2,Petrolífero,Temprano (<30%)
164000,Tecpetrol,PUESTO PARADA NC,1649.3852474999999,40,27.0,54.4,Petrolífero,Temprano (<30%)
164004,Pluspetrol,LA CALERA,1418.446857142857,42,47.5,4839.7,Gasífero,Intermedio (30-60%)
164005,Pluspetrol,LA CALERA,1640.2989210526314,38,39.7,4537.4,Gasífero,Intermedio (30-60%)
164006,Pluspetrol,LA CALERA,1559.4658684210526,38,44.2,4393.1,Gasífero,Intermedio (30-60%)
164008,Shell,CRUZ DE LORENA,1883.3954761904763,42,4.7,91.0,Petrolífero,Temprano (<30%)
164009,Shell,CRUZ DE LORENA,2103.1425,40,4.4,81.0,Petrolífero,Temprano (<30%)
164010,Shell,CRUZ DE LORENA,2514.5223529411765,34,3.5,89.6,Petrolífero,Temprano (<30%)
164011,Capex,AGUA DEL CAJON,555.8143902439024,41,22.8,102.3,Petrolífero,Temprano (<30%)
164021,YPF,AGUADA DE LA ARENA,4.405833333333334,12,99.2,1693039.2,Gasífero,Maduro (>60%)
164022,YPF,AGUADA DE LA ARENA,4.418571428571428,14,99.1,1846528.1,Gasífero,Maduro (>60%)
164023,YPF,AGUADA DE LA ARENA,3.689090909090909,11,99.4,1554929.0,Gasífero,Maduro (>60%)
164024,YPF,AGUADA DE LA ARENA,3.829285714285714,14,99.5,1932199.8,Gasífero,Maduro (>60%)
164025,YPF,LOMA CAMPANA-LLL,1725.9920930232558,43,21.9,201.4,Petrolífero,Temprano (<30%)
164026,YPF,LOMA CAMPANA-LLL,2132.360930232558,43,17.4,200.5,Petrolífero,Temprano (<30%)
164027,YPF,LOMA CAMPANA,1800.8097619047617,42,18.9,107.1,Petrolífero,Temprano (<30%)
164028,YPF,LOMA CAMPANA,1327.3632558139536,43,14.1,103.3,Petrolífero,Temprano (<30%)
164029,YPF,LOMA CAMPANA,1283.0149999999999,42,25.4,96.9,Petrolífero,Temprano (<30%)
164030,YPF,LOMA CAMPANA,1415.5283720930233,43,15.5,104.8,Petrolífero,Temprano (<30%)
164031,YPF,LOMA CAMPANA,1922.8170731707316,41,11.4,97.4,Petrolífero,Temprano (<30%)
164052,Tecpetrol,FORTIN DE PIEDRA,127.34471434210526,38,93.3,54423.8,Gasífero,Maduro (>60%)
164053,Tecpetrol,FORTIN DE PIEDRA,125.43657758974358,39,92.3,57985.2,Gasífero,Maduro (>60%)
164054,Tecpetrol,FORTIN DE PIEDRA,136.86075202702702,37,89.9,53843.4,Gasífero,Maduro (>60%)
164083,TotalEnergies,LA ESCALONADA,2758.6238433000003,30,25.5,413.0,Petrolífero,Temprano (<30%)
164083,Vaca,LA ESCALONADA,892.6090909090909,11,38.5,366.2,Petrolífero,Intermedio (30-60%)
164089,Vista Energy,AGUADA FEDERAL,634.5065389512196,41,55.2,278.6,Petrolífero,Intermedio (30-60%)
164090,Vista Energy,AGUADA FEDERAL,879.9317948292683,41,65.3,273.6,Petrolífero,Maduro (>60%)
164091,Vista Energy,AGUADA FEDERAL,581.798843195122,41,61.9,358.9,Petrolífero,Maduro (>60%)
164092,Vista Energy,AGUADA FEDERAL,765.1697645609756,41,58.1,458.8,Petrolífero,Intermedio (30-60%)
164097,Tecpetrol,FORTIN DE PIEDRA,139.87525430555556,36,93.3,62413.7,Gasífero,Maduro (>60%)
164098,Tecpetrol,FORTIN DE PIEDRA,125.73829205714286,35,94.4,53912.9,Gasífero,Maduro (>60%)
164099,Tecpetrol,FORTIN DE PIEDRA,171.82288997058825,34,92.1,57064.8,Gasífero,Maduro (>60%)
164108,YPF,LOMA CAMPANA-LLL,1549.0243902439024,41,17.2,198.1,Petrolífero,Temprano (<30%)
164109,YPF,LOMA CAMPANA-LLL,2129.8455000000004,40,17.9,186.0,Petrolífero,Temprano (<30%)
164110,YPF,LOMA CAMPANA-LLL,2115.8145,40,12.6,178.1,Petrolífero,Temprano (<30%)
164111,YPF,LOMA CAMPANA-LLL,1153.2861290322583,31,32.5,214.2,Petrolífero,Intermedio (30-60%)
164114,YPF,LOMA CAMPANA,897.6592682926829,41,14.7,108.4,Petrolífero,Temprano (<30%)
164127,Vista Energy,BAJADA DEL PALO ESTE,5344.918954634147,41,17.7,50.4,Petrolífero,Temprano (<30%)
164132,Pan American Energy,LINDERO ATRAVESADO OCCIDENTAL,1011.6022095238096,42,36.1,82.3,Petrolífero,Intermedio (30-60%)
164134,Pan American Energy,LINDERO ATRAVESADO OCCIDENTAL,952.2766995121951,41,47.0,96.5,Petrolífero,Intermedio (30-60%)
164137,Pan American Energy,LINDERO ATRAVESADO OCCIDENTAL,1228.8996738095238,42,17.6,84.1,Petrolífero,Temprano (<30%)
164146,TotalEnergies,AGUADA PICHANA ESTE VACA MUERTA,217.12387642857144,42,82.6,35287.6,Gasífero,Maduro (>60%)
164147,TotalEnergies,AGUADA PICHANA ESTE VACA MUERTA,249.40393023809526,42,78.5,34286.1,Gasífero,Maduro (>60%)
164177,YPF,BANDURRIA SUR,2329.6805,20,33.8,154.3,Petrolífero,Intermedio (30-60%)
164178,YPF,BANDURRIA SUR,2202.501951219512,41,24.7,175.8,Petrolífero,Temprano (<30%)
164179,YPF,BANDURRIA SUR,2141.3368292682926,41,18.6,145.0,Petrolífero,Temprano (<30%)
164180,YPF,BANDURRIA SUR,1804.5175609756097,41,25.7,148.6,Petrolífero,Temprano (<30%)
164181,YPF,BANDURRIA SUR,1841.64,34,21.7,194.6,Petrolífero,Temprano (<30%)
164204,TotalEnergies,LA ESCALONADA,5214.000453,21,21.6,417.5,Petrolífero,Temprano (<30%)
164204,Vaca,LA ESCALONADA,3056.3663636363635,11,20.4,276.5,Petrolífero,Temprano (<30%)
164205,TotalEnergies,LA ESCALONADA,4907.949190190477,21,23.5,437.2,Petrolífero,Temprano (<30%)
164205,Vaca,LA ESCALONADA,1732.0918181818183,11,25.4,289.7,Petrolífero,Temprano (<30%)
164232,Tecpetrol,FORTIN DE PIEDRA,577.3321,40,65.0,8681.1,Gasífero,Maduro (>60%)
164234,Pluspetrol,LA CALERA,303.41272972972973,37,84.5,23355.1,Gasífero,Maduro (>60%)
164235,Pluspetrol,LA CALERA,391.61015789473686,38,81.2,21305.3,Gasífero,Maduro (>60%)
164236,Pluspetrol,LA CALERA,623.3578157894738,38,65.3,13395.5,Gasífero,Maduro (>60%)
164248,Tecpetrol,FORTIN DE PIEDRA,959.1126200000001,40,58.2,7604.2,Gasífero,Intermedio (30-60%)
164249,Tecpetrol,FORTIN DE PIEDRA,511.58087351351355,37,72.1,8449.4,Gasífero,Maduro (>60%)
164250,Tecpetrol,FORTIN DE PIEDRA,688.084597,40,70.2,7461.1,Gasífero,Maduro (>60%)
164269,YPF,LA AMARGA CHICA,2068.9477500000003,40,19.7,97.8,Petrolífero,Temprano (<30%)
164270,YPF,LA AMARGA CHICA,2280.5454999999997,40,8.6,89.7,Petrolífero,Temprano (<30%)
164271,YPF,LA AMARGA CHICA,1773.83825,40,19.5,96.0,Petrolífero,Temprano (<30%)
164272,YPF,LA AMARGA CHICA,1758.027,40,6.8,78.6,Petrolífero,Temprano (<30%)
164273,YPF,LOMA CAMPANA-LLL,1969.667,40,13.0,209.7,Petrolífero,Temprano (<30%)
164274,YPF,LOMA CAMPANA-LLL,2296.565,40,17.3,167.5,Petrolífero,Temprano (<30%)
164275,YPF,LOMA CAMPANA-LLL,2312.4845,40,9.6,191.1,Petrolífero,Temprano (<30%)
164276,YPF,LOMA CAMPANA-LLL,1590.9744999999998,40,13.2,178.6,Petrolífero,Temprano (<30%)
164277,YPF,LOMA CAMPANA-LLL,1459.4850000000001,40,12.0,197.0,Petrolífero,Temprano (<30%)
164300,Vista Energy,BAJADA DEL PALO OESTE,2421.483355052632,38,22.5,130.9,Petrolífero,Temprano (<30%)
164301,Vista Energy,BAJADA DEL PALO OESTE,1558.9089154347828,23,41.0,154.3,Petrolífero,Intermedio (30-60%)
164302,Vista Energy,BAJADA DEL PALO OESTE,2416.7993730000003,38,25.1,131.9,Petrolífero,Temprano (<30%)
164303,Vista Energy,BAJADA DEL PALO OESTE,1345.526179631579,38,40.0,145.7,Petrolífero,Intermedio (30-60%)
164331,Shell,COIRON AMARGO SUR OESTE,1981.9238461538462,39,6.9,89.0,Petrolífero,Temprano (<30%)
164332,Shell,COIRON AMARGO SUR OESTE,1030.9447368421054,38,6.7,83.6,Petrolífero,Temprano (<30%)
164333,Shell,COIRON AMARGO SUR OESTE,1923.927692307692,39,7.7,87.2,Petrolífero,Temprano (<30%)
164334,Shell,COIRON AMARGO SUR OESTE,1716.3389743589744,39,10.5,86.3,Petrolífero,Temprano (<30%)
164335,TotalEnergies,AGUADA PICHANA ESTE VACA MUERTA,139.38170736842108,38,81.5,33114.4,Gasífero,Maduro (>60%)
164336,TotalEnergies,AGUADA PICHANA ESTE VACA MUERTA,183.43005184210526,38,84.4,33804.1,Gasífero,Maduro (>60%)
164337,TotalEnergies,AGUADA PICHANA ESTE VACA MUERTA,177.74465973684212,38,79.1,33143.8,Gasífero,Maduro (>60%)
164350,Pluspetrol,LA CALERA,1556.9893846153848,26,45.4,936.4,Petrolífero,Intermedio (30-60%)
164351,Pluspetrol,LA CALERA,1332.5067777777776,27,31.3,790.9,Petrolífero,Intermedio (30-60%)
164352,Pluspetrol,LA CALERA,2311.931851851852,27,30.4,951.3,Petrolífero,Intermedio (30-60%)
164353,Pluspetrol,LA CALERA,1302.740125,32,57.7,4131.4,Gasífero,Intermedio (30-60%)
164354,Pluspetrol,LA CALERA,894.5051874999999,32,69.4,4176.2,Gasífero,Maduro (>60%)
164355,Pluspetrol,LA CALERA,1081.2183548387097,31,62.5,4105.5,Gasífero,Maduro (>60%)
164375,Kilwer,MATA MORA NORTE,1548.4404299999999,30,13.6,59.0,Petrolífero,Temprano (<30%)
164375,Petrolera El Trébol,MATA MORA NORTE,921.9059333333335,3,4.2,87.4,Petrolífero,Temprano (<30%)
164375,Phoenix,MATA MORA NORTE,813.8255166666667,6,4.6,85.0,Petrolífero,Temprano (<30%)
164376,Kilwer,MATA MORA NORTE,1228.91615,30,18.6,54.3,Petrolífero,Temprano (<30%)
164376,Petrolera El Trébol,MATA MORA NORTE,764.1334,3,19.2,86.1,Petrolífero,Temprano (<30%)
164376,Phoenix,MATA MORA NORTE,667.82245,6,13.9,81.6,Petrolífero,Temprano (<30%)
164378,Kilwer,MATA MORA NORTE,1383.0416833333334,30,17.8,55.6,Petrolífero,Temprano (<30%)
164378,Petrolera El Trébol,MATA MORA NORTE,669.3437333333333,3,10.2,96.2,Petrolífero,Temprano (<30%)
164378,Phoenix,MATA MORA NORTE,555.6301,6,6.8,78.9,Petrolífero,Temprano (<30%)
164380,Kilwer,MATA MORA NORTE,2279.0950106666664,30,18.0,55.4,Petrolífero,Temprano (<30%)
164380,Petrolera El Trébol,MATA MORA NORTE,413.1574666666667,3,33.4,84.8,Petrolífero,Intermedio (30-60%)
164380,Phoenix,MATA MORA NORTE,64.60069,1,34.9,87.4,Petrolífero,Intermedio (30-60%)
164397,YPF,LA AMARGA CHICA,1079.3452631578948,38,34.8,80.2,Petrolífero,Intermedio (30-60%)
164398,YPF,LA AMARGA CHICA,890.335,38,28.7,92.6,Petrolífero,Temprano (<30%)
164399,YPF,LA AMARGA CHICA,1086.8902631578949,38,28.4,100.0,Petrolífero,Temprano (<30%)
164400,YPF,LA AMARGA CHICA,1413.219210526316,38,25.3,158.3,Petrolífero,Temprano (<30%)
164401,YPF,LA AMARGA CHICA,1136.735,38,27.4,103.3,Petrolífero,Temprano (<30%)
164402,YPF,LA AMARGA CHICA,1634.2900000000002,38,23.5,89.3,Petrolífero,Temprano (<30%)
164403,YPF,LA AMARGA CHICA,1181.4976923076924,39,33.9,89.4,Petrolífero,Intermedio (30-60%)
164404,YPF,LA AMARGA CHICA,1695.4020512820514,39,35.9,89.5,Petrolífero,Intermedio (30-60%)
164405,YPF,LA AMARGA CHICA,1109.8097435897437,39,32.4,78.6,Petrolífero,Intermedio (30-60%)
164406,YPF,LA AMARGA CHICA,1623.9548717948717,39,41.9,97.7,Petrolífero,Intermedio (30-60%)
164407,YPF,LA AMARGA CHICA,1701.2260606060606,33,32.2,82.9,Petrolífero,Intermedio (30-60%)
164408,YPF,LA AMARGA CHICA,2373.729230769231,39,37.7,102.7,Petrolífero,Intermedio (30-60%)
164409,YPF,BANDURRIA SUR,2407.503947368421,38,45.0,171.0,Petrolífero,Intermedio (30-60%)
164410,YPF,BANDURRIA SUR,2878.737105263158,38,34.9,164.6,Petrolífero,Intermedio (30-60%)
164411,YPF,BANDURRIA SUR,3449.8274285714288,35,23.9,176.2,Petrolífero,Temprano (<30%)
164412,YPF,BANDURRIA SUR,2041.5199999999998,38,42.5,165.3,Petrolífero,Intermedio (30-60%)
164413,YPF,RINCON DEL MANGRULLO,17.797714285714285,35,96.4,169849.6,Gasífero,Maduro (>60%)
164414,YPF,RINCON DEL MANGRULLO,29.369166666666665,36,97.2,186230.1,Gasífero,Maduro (>60%)
164415,YPF,RINCON DEL MANGRULLO,42.566111111111105,36,95.4,179255.3,Gasífero,Maduro (>60%)
164416,YPF,RINCON DEL MANGRULLO,38.52166666666667,36,97.4,152414.0,Gasífero,Maduro (>60%)
164440,Shell,CRUZ DE LORENA,1543.5894736842106,38,14.5,106.8,Petrolífero,Temprano (<30%)
164441,Shell,CRUZ DE LORENA,1385.9352631578947,38,11.2,100.0,Petrolífero,Temprano (<30%)
164442,Shell,CRUZ DE LORENA,1014.0237837837838,37,12.0,103.2,Petrolífero,Temprano (<30%)
164443,Shell,CRUZ DE LORENA,1521.1034210526316,38,8.4,95.7,Petrolífero,Temprano (<30%)
164444,Shell,CRUZ DE LORENA,1364.4889473684211,38,9.8,107.9,Petrolífero,Temprano (<30%)
164445,Vista Energy,BAJADA DEL PALO OESTE,2289.1336539729728,37,21.0,136.6,Petrolífero,Temprano (<30%)
164446,Vista Energy,BAJADA DEL PALO OESTE,1632.4101022432433,37,32.9,159.0,Petrolífero,Intermedio (30-60%)
164447,Vista Energy,BAJADA DEL PALO OESTE,1770.3117125789474,38,17.8,149.0,Petrolífero,Temprano (<30%)
164448,Vista Energy,BAJADA DEL PALO OESTE,1169.6616668157894,38,32.3,170.6,Petrolífero,Intermedio (30-60%)
164451,Tecpetrol,LOS TOLDOS ESTE,2901.2128333333335,6,47.8,327.4,Petrolífero,Intermedio (30-60%)
164455,Pluspetrol,LA CALERA,1660.6201785714286,28,46.8,2077.8,Petrolífero,Intermedio (30-60%)
164456,Pluspetrol,LA CALERA,1534.3012857142858,28,52.1,1758.4,Petrolífero,Intermedio (30-60%)
164465,YPF,LA AMARGA CHICA,2223.2315789473687,38,40.9,125.1,Petrolífero,Intermedio (30-60%)
164466,YPF,LA AMARGA CHICA,2699.7285714285713,35,25.1,125.3,Petrolífero,Temprano (<30%)
164467,YPF,LA AMARGA CHICA,2149.7477777777776,36,45.5,129.6,Petrolífero,Intermedio (30-60%)
164468,YPF,LA AMARGA CHICA,2319.1488571428567,35,31.1,110.6,Petrolífero,Intermedio (30-60%)
164469,YPF,BANDURRIA SUR,1791.8594736842106,38,24.7,153.9,Petrolífero,Temprano (<30%)
164470,YPF,BANDURRIA SUR,1664.94,38,40.6,155.0,Petrolífero,Intermedio (30-60%)
164471,YPF,BANDURRIA SUR,1722.6339473684209,38,46.7,186.8,Petrolífero,Intermedio (30-60%)
164472,YPF,BANDURRIA SUR,1867.092894736842,38,37.2,142.8,Petrolífero,Intermedio (30-60%)
164498,Tecpetrol,FORTIN DE PIEDRA,190.59526415789475,38,87.1,44275.8,Gasífero,Maduro (>60%)
164499,Tecpetrol,FORTIN DE PIEDRA,189.2876164736842,38,90.6,45348.4,Gasífero,Maduro (>60%)
164500,Tecpetrol,FORTIN DE PIEDRA,201.3089472972973,37,89.1,42897.5,Gasífero,Maduro (>60%)
164501,Tecpetrol,LOS TOLDOS ESTE,3627.3144733333334,30,38.6,186.3,Petrolífero,Intermedio (30-60%)
164509,Pan American Energy,LINDERO ATRAVESADO OCCIDENTAL,1065.8136236842104,38,25.0,178.5,Petrolífero,Temprano (<30%)
164510,Pan American Energy,LINDERO ATRAVESADO OCCIDENTAL,1807.4666227631578,38,25.1,88.1,Petrolífero,Temprano (<30%)
164528,Pluspetrol,LA CALERA,908.67544,25,67.8,1937.9,Petrolífero,Maduro (>60%)
164529,Chevron,EL TRAPIAL ESTE,1939.4508333333333,36,39.7,569.7,Petrolífero,Intermedio (30-60%)
164530,Chevron,EL TRAPIAL ESTE,1755.1705555555554,36,63.5,352.5,Petrolífero,Maduro (>60%)
164531,Chevron,EL TRAPIAL ESTE,2123.2842857142855,35,42.7,630.2,Petrolífero,Intermedio (30-60%)
164532,Chevron,EL TRAPIAL ESTE,1873.3355555555556,36,65.9,412.0,Petrolífero,Maduro (>60%)
164550,Vista Energy,BAJADA DEL PALO OESTE,2336.0395555555556,36,19.2,113.2,Petrolífero,Temprano (<30%)
164551,Vista Energy,BAJADA DEL PALO OESTE,1758.3016944444444,36,41.5,127.0,Petrolífero,Intermedio (30-60%)
164552,Vista Energy,BAJADA DEL PALO OESTE,2034.224611111111,36,20.3,113.9,Petrolífero,Temprano (<30%)
164553,Vista Energy,BAJADA DEL PALO OESTE,1966.3901111111109,36,36.0,127.7,Petrolífero,Intermedio (30-60%)
164554,Pluspetrol,LA CALERA,1967.9667142857143,28,54.2,1913.0,Petrolífero,Intermedio (30-60%)
164563,YPF,LA AMARGA CHICA,1319.895135135135,37,44.5,101.0,Petrolífero,Intermedio (30-60%)
164564,YPF,LA AMARGA CHICA,560.1572972972973,37,39.8,91.7,Petrolífero,Intermedio (30-60%)
164565,YPF,LA AMARGA CHICA,1112.4454054054054,37,43.4,111.3,Petrolífero,Intermedio (30-60%)
164566,YPF,BANDURRIA SUR,1795.62972972973,37,34.8,192.9,Petrolífero,Intermedio (30-60%)
164567,YPF,BANDURRIA SUR,1897.7570270270269,37,24.6,230.9,Petrolífero,Temprano (<30%)
164568,YPF,BANDURRIA SUR,2255.60027027027,37,35.1,228.3,Petrolífero,Intermedio (30-60%)
164569,YPF,BANDURRIA SUR,1729.9025000000001,28,27.3,242.0,Petrolífero,Temprano (<30%)
164570,YPF,LOMA CAMPANA-LLL,2355.0737837837837,37,8.1,143.5,Petrolífero,Temprano (<30%)
164571,YPF,LOMA CAMPANA-LLL,1954.1829729729732,37,18.1,142.2,Petrolífero,Temprano (<30%)
164572,YPF,LOMA CAMPANA-LLL,2505.187567567568,37,17.6,156.0,Petrolífero,Temprano (<30%)
164573,YPF,LOMA CAMPANA-LLL,3086.447297297297,37,13.6,172.3,Petrolífero,Temprano (<30%)
164574,YPF,LOMA CAMPANA-LLL,3776.6205405405403,37,10.2,172.9,Petrolífero,Temprano (<30%)
164575,YPF,LOMA AMARILLA SUR,2087.8554545454544,11,22.0,122.7,Petrolífero,Temprano (<30%)
164576,YPF,LOMA AMARILLA SUR,1235.97,11,38.3,106.4,Petrolífero,Intermedio (30-60%)
164577,YPF,LOMA AMARILLA SUR,1809.9209090909092,11,43.5,181.0,Petrolífero,Intermedio (30-60%)
164578,YPF,LOMA AMARILLA SUR,894.5825,12,52.9,118.5,Petrolífero,Intermedio (30-60%)
164585,Pluspetrol,LA CALERA,2315.4559375,16,44.6,2178.3,Petrolífero,Intermedio (30-60%)
164594,Pan American Energy,LINDERO ATRAVESADO OCCIDENTAL,685.175055135135,37,19.2,75.7,Petrolífero,Temprano (<30%)
164604,Pan American Energy,LINDERO ATRAVESADO OCCIDENTAL,1338.0675585185184,27,28.8,47.5,Petrolífero,Temprano (<30%)
164622,Vista Energy,BAJADA DEL PALO OESTE,1990.5156285714288,35,20.0,68.1,Petrolífero,Temprano (<30%)
164623,Vista Energy,BAJADA DEL PALO OESTE,2245.0959714285714,35,25.5,74.4,Petrolífero,Temprano (<30%)
164624,Vista Energy,BAJADA DEL PALO OESTE,1668.3420285714285,35,32.2,77.2,Petrolífero,Intermedio (30-60%)
164625,Vista Energy,BAJADA DEL PALO OESTE,2070.1988285714287,35,28.2,75.3,Petrolífero,Temprano (<30%)
164636,Pluspetrol,LA CALERA,2160.945888888889,27,59.9,2242.8,Petrolífero,Intermedio (30-60%)
164644,YPF,AGUADA DE LA ARENA,2.421111111111111,9,99.8,2616422.7,Gasífero,Maduro (>60%)
164645,YPF,AGUADA DE LA ARENA,1.9140000000000001,5,99.9,2530080.5,Gasífero,Maduro (>60%)
164646,YPF,LA AMARGA CHICA,1110.1827272727273,33,42.9,145.8,Petrolífero,Intermedio (30-60%)
164647,YPF,LA AMARGA CHICA,2471.9708333333333,36,32.0,127.1,Petrolífero,Intermedio (30-60%)
164648,YPF,LA AMARGA CHICA,1894.6754838709678,31,39.7,145.1,Petrolífero,Intermedio (30-60%)
164649,YPF,LA AMARGA CHICA,2184.1747222222225,36,38.1,125.7,Petrolífero,Intermedio (30-60%)
164650,YPF,BANDURRIA SUR,1613.228125,32,56.1,218.8,Petrolífero,Intermedio (30-60%)
164651,YPF,BANDURRIA SUR,2099.781111111111,36,38.8,149.6,Petrolífero,Intermedio (30-60%)
164652,YPF,BANDURRIA SUR,2237.889090909091,33,47.7,156.5,Petrolífero,Intermedio (30-60%)
164653,YPF,BANDURRIA SUR,2969.994117647059,34,25.5,153.7,Petrolífero,Temprano (<30%)
164654,YPF,BANDURRIA SUR,2226.1886111111107,36,49.6,172.8,Petrolífero,Intermedio (30-60%)
164655,YPF,LOMA CAMPANA-LLL,2629.4300000000003,35,20.4,229.7,Petrolífero,Temprano (<30%)
164656,YPF,LOMA CAMPANA-LLL,2926.775277777778,36,17.1,217.7,Petrolífero,Temprano (<30%)
164657,YPF,LOMA CAMPANA-LLL,2506.227222222222,36,8.5,197.2,Petrolífero,Temprano (<30%)
164658,YPF,LOMA CAMPANA-LLL,1962.8077777777778,36,19.5,190.7,Petrolífero,Temprano (<30%)
164659,YPF,LOMA CAMPANA-LLL,2208.561944444444,36,10.0,197.4,Petrolífero,Temprano (<30%)
164660,YPF,LOMA CAMPANA-LLL,3035.231111111111,36,14.0,246.8,Petrolífero,Temprano (<30%)
164676,Shell,COIRON AMARGO SUR OESTE,1753.5582352941176,34,14.8,84.4,Petrolífero,Temprano (<30%)
164677,Shell,COIRON AMARGO SUR OESTE,1134.6732352941176,34,25.5,96.5,Petrolífero,Temprano (<30%)
164678,Shell,COIRON AMARGO SUR OESTE,357.08750000000003,28,25.7,85.6,Petrolífero,Temprano (<30%)
164679,Shell,COIRON AMARGO SUR OESTE,1283.2611764705882,34,36.8,94.3,Petrolífero,Intermedio (30-60%)
164680,Kilwer,MATA MORA NORTE,1924.8569666666665,27,13.0,74.4,Petrolífero,Temprano (<30%)
164680,Petrolera El Trébol,MATA MORA NORTE,1136.0011666666667,3,0.4,92.7,Petrolífero,Temprano (<30%)
164680,Phoenix,MATA MORA NORTE,1004.5734833333335,6,0.7,87.4,Petrolífero,Temprano (<30%)
164681,Kilwer,MATA MORA NORTE,2125.579340740741,27,14.0,77.4,Petrolífero,Temprano (<30%)
164681,Petrolera El Trébol,MATA MORA NORTE,1159.933,3,0.4,106.5,Petrolífero,Temprano (<30%)
164681,Phoenix,MATA MORA NORTE,1032.9512666666667,6,4.2,103.4,Petrolífero,Temprano (<30%)
164682,Kilwer,MATA MORA NORTE,1042.2778481481482,27,17.5,71.7,Petrolífero,Temprano (<30%)
164682,Petrolera El Trébol,MATA MORA NORTE,615.2179666666667,3,3.2,98.9,Petrolífero,Temprano (<30%)
164682,Phoenix,MATA MORA NORTE,475.68795,6,3.2,113.4,Petrolífero,Temprano (<30%)
164683,Kilwer,MATA MORA NORTE,2225.198311111111,27,14.4,75.0,Petrolífero,Temprano (<30%)
164683,Petrolera El Trébol,MATA MORA NORTE,1284.1853333333333,3,2.4,96.1,Petrolífero,Temprano (<30%)
164683,Phoenix,MATA MORA NORTE,1160.1911666666667,6,1.3,91.4,Petrolífero,Temprano (<30%)
164697,Pan American Energy,LINDERO ATRAVESADO OCCIDENTAL,1530.380462857143,35,13.4,62.8,Petrolífero,Temprano (<30%)
164701,Pan American Energy,LINDERO ATRAVESADO OCCIDENTAL,1435.5105628571428,35,15.7,63.2,Petrolífero,Temprano (<30%)
164705,TotalEnergies,AGUADA PICHANA ESTE VACA MUERTA,139.14663,37,94.1,33095.8,Gasífero,Maduro (>60%)
164706,TotalEnergies,AGUADA PICHANA ESTE VACA MUERTA,168.6696318918919,37,83.9,32154.6,Gasífero,Maduro (>60%)
164707,Pluspetrol,LA CALERA,904.9387857142857,28,57.4,7402.9,Gasífero,Intermedio (30-60%)
164711,Vista Energy,BAJADA DEL PALO OESTE,3023.393911764706,34,20.2,91.1,Petrolífero,Temprano (<30%)
164712,Vista Energy,BAJADA DEL PALO OESTE,1852.8777352941177,34,28.0,96.0,Petrolífero,Temprano (<30%)
164713,Vista Energy,BAJADA DEL PALO OESTE,3206.7172058823526,34,36.4,85.4,Petrolífero,Intermedio (30-60%)
164723,YPF,LOMA COLORADA,1717.8205714285714,35,34.1,71.9,Petrolífero,Intermedio (30-60%)
164724,YPF,LOMA COLORADA,1763.030303030303,33,39.0,65.1,Petrolífero,Intermedio (30-60%)
164725,YPF,LOMA COLORADA,1430.8485294117647,34,26.8,62.7,Petrolífero,Temprano (<30%)
164726,YPF,LOMA COLORADA,1962.4966666666667,33,30.0,75.1,Petrolífero,Intermedio (30-60%)
164727,YPF,AGUADA DE LA ARENA,3.1420000000000003,5,99.8,2499597.7,Gasífero,Maduro (>60%)
164728,YPF,AGUADA DE LA ARENA,1.8033333333333335,3,99.9,3507140.5,Gasífero,Maduro (>60%)
164729,YPF,AGUADA DE LA ARENA,1.495,6,99.8,4297507.2,Gasífero,Maduro (>60%)
164730,YPF,LA AMARGA CHICA,2343.0830303030307,33,28.8,108.3,Petrolífero,Temprano (<30%)
164731,YPF,LA AMARGA CHICA,2639.3534285714286,35,19.1,103.6,Petrolífero,Temprano (<30%)
164732,YPF,BANDURRIA SUR,2271.535714285714,35,28.7,157.9,Petrolífero,Temprano (<30%)
164733,YPF,BANDURRIA SUR,2293.728823529412,34,8.4,129.1,Petrolífero,Temprano (<30%)
164753,Pan American Energy,LINDERO ATRAVESADO OCCIDENTAL,1114.3418057142856,35,37.6,80.3,Petrolífero,Intermedio (30-60%)
164757,Pan American Energy,LINDERO ATRAVESADO OCCIDENTAL,980.5799685714286,35,34.7,72.6,Petrolífero,Intermedio (30-60%)
164764,Pan American Energy,LINDERO ATRAVESADO OCCIDENTAL,1375.403401142857,35,19.3,87.7,Petrolífero,Temprano (<30%)
164767,Pan American Energy,LINDERO ATRAVESADO OCCIDENTAL,2614.1345294117646,34,11.8,90.2,Petrolífero,Temprano (<30%)
164771,Pampa Energía,SIERRA CHATA,310.5666473333333,30,55.2,9587.6,Gasífero,Intermedio (30-60%)
164772,Pampa Energía,SIERRA CHATA,607.4642364516128,31,35.7,5537.3,Gasífero,Intermedio (30-60%)
164773,Pampa Energía,SIERRA CHATA,335.2340346666667,30,53.0,8542.6,Gasífero,Intermedio (30-60%)
164776,Pluspetrol,AGUADA VILLANUEVA NORTE,2037.3568461538462,13,19.6,1672.8,Petrolífero,Temprano (<30%)
164776,YPF,AGUADA VILLANUEVA NORTE,1882.58,4,16.1,1818.9,Petrolífero,Temprano (<30%)
164778,Tecpetrol,FORTIN DE PIEDRA,273.5414992352941,34,66.8,6466.6,Gasífero,Maduro (>60%)
164779,Tecpetrol,FORTIN DE PIEDRA,738.72044375,32,63.7,6919.8,Gasífero,Maduro (>60%)
164780,Tecpetrol,FORTIN DE PIEDRA,742.1825249999999,32,61.3,7893.4,Gasífero,Maduro (>60%)
164781,Pluspetrol,LA CALERA,1069.205888888889,27,56.4,6557.9,Gasífero,Intermedio (30-60%)
164788,YPF,BAJO DEL TORO NORTE,820.416875,32,59.0,167.2,Petrolífero,Intermedio (30-60%)
164789,YPF,BAJO DEL TORO NORTE,1682.775625,32,36.4,181.3,Petrolífero,Intermedio (30-60%)
164790,YPF,BAJO DEL TORO NORTE,1680.7366666666667,30,39.2,169.9,Petrolífero,Intermedio (30-60%)
164791,YPF,BAJO DEL TORO NORTE,762.9593103448276,29,49.0,384.4,Petrolífero,Intermedio (30-60%)
164792,YPF,LA AMARGA CHICA,1288.8135294117649,34,24.9,141.6,Petrolífero,Temprano (<30%)
164793,YPF,LA AMARGA CHICA,959.8820588235294,34,29.5,136.6,Petrolífero,Temprano (<30%)
164795,YPF,LOMA CAMPANA-LLL,2278.963823529412,34,25.0,288.4,Petrolífero,Temprano (<30%)
164796,YPF,LOMA CAMPANA-LLL,2540.046764705882,34,23.5,293.8,Petrolífero,Temprano (<30%)
164797,YPF,LOMA CAMPANA-LLL,2661.564705882353,34,4.4,146.1,Petrolífero,Temprano (<30%)
164798,YPF,LOMA CAMPANA-LLL,2360.724411764706,34,4.1,146.2,Petrolífero,Temprano (<30%)
164799,YPF,LOMA CAMPANA-LLL,3328.583823529412,34,4.8,120.5,Petrolífero,Temprano (<30%)
164800,YPF,LOMA CAMPANA-LLL,2267.4082352941177,34,4.2,121.0,Petrolífero,Temprano (<30%)
164801,YPF,LOMA CAMPANA-LLL,2014.7905882352943,34,3.1,119.2,Petrolífero,Temprano (<30%)
164802,YPF,LOMA CAMPANA-LLL,3193.872058823529,34,7.8,117.6,Petrolífero,Temprano (<30%)
164803,YPF,LOMA CAMPANA-LLL,2774.484705882353,34,18.6,83.8,Petrolífero,Temprano (<30%)
164804,YPF,LOMA CAMPANA-LLL,1818.655,34,9.4,89.5,Petrolífero,Temprano (<30%)
164805,YPF,LOMA CAMPANA-LLL,1681.2769696969697,33,13.5,92.4,Petrolífero,Temprano (<30%)
164806,YPF,LOMA CAMPANA-LLL,3140.2120588235293,34,13.2,84.9,Petrolífero,Temprano (<30%)
164807,YPF,LOMA CAMPANA-LLL,1978.5479411764707,34,26.4,233.2,Petrolífero,Temprano (<30%)
164808,YPF,LOMA CAMPANA-LLL,2265.2744117647057,34,38.8,248.6,Petrolífero,Intermedio (30-60%)
164809,YPF,LOMA CAMPANA-LLL,3420.110882352941,34,12.0,269.0,Petrolífero,Temprano (<30%)
164810,YPF,LOMA CAMPANA-LLL,3526.7220588235296,34,12.9,245.4,Petrolífero,Temprano (<30%)
164811,YPF,RINCON DEL MANGRULLO,15.59,27,98.1,313879.6,Gasífero,Maduro (>60%)
164812,YPF,RINCON DEL MANGRULLO,14.5376,25,98.6,322749.9,Gasífero,Maduro (>60%)
164813,YPF,RINCON DEL MANGRULLO,17.44,26,98.2,309061.9,Gasífero,Maduro (>60%)
164814,YPF,RINCON DEL MANGRULLO,15.521481481481484,27,97.5,339262.2,Gasífero,Maduro (>60%)
164827,Vista Energy,BAJADA DEL PALO OESTE,2636.57996969697,33,24.7,101.4,Petrolífero,Temprano (<30%)
164828,Vista Energy,BAJADA DEL PALO OESTE,2093.355393939394,33,55.0,120.0,Petrolífero,Intermedio (30-60%)
164829,Vista Energy,BAJADA DEL PALO OESTE,2400.546878787879,33,23.3,106.8,Petrolífero,Temprano (<30%)
164830,Vista Energy,BAJADA DEL PALO OESTE,2218.2537575757574,33,38.2,117.7,Petrolífero,Intermedio (30-60%)
164848,Pan American Energy,BANDURRIA CENTRO,1970.9508606060606,33,47.5,153.9,Petrolífero,Intermedio (30-60%)
164851,Pan American Energy,BANDURRIA CENTRO,1710.400724117647,34,49.0,171.4,Petrolífero,Intermedio (30-60%)
164858,Pluspetrol,LA CALERA,2277.2998846153846,26,42.6,1381.3,Petrolífero,Intermedio (30-60%)
164859,Chevron,EL TRAPIAL ESTE,1984.8884375,32,35.6,472.5,Petrolífero,Intermedio (30-60%)
164860,Chevron,EL TRAPIAL ESTE,2026.8359375,32,57.7,320.7,Petrolífero,Intermedio (30-60%)
164861,Chevron,EL TRAPIAL ESTE,2317.2034375,32,38.0,565.7,Petrolífero,Intermedio (30-60%)
164862,Chevron,EL TRAPIAL ESTE,2160.9378125,32,66.2,320.0,Petrolífero,Maduro (>60%)
164867,Pluspetrol,AGUADA VILLANUEVA NORTE,1810.4083846153846,13,31.8,1784.8,Petrolífero,Intermedio (30-60%)
164867,YPF,AGUADA VILLANUEVA NORTE,1933.0349999999999,4,24.2,1853.6,Petrolífero,Temprano (<30%)
164868,Pluspetrol,LA CALERA,2026.249125,24,50.9,1559.9,Petrolífero,Intermedio (30-60%)
164869,Pluspetrol,LA CALERA,936.2258518518519,27,59.3,6889.6,Gasífero,Intermedio (30-60%)
164882,YPF,LA AMARGA CHICA,2469.51125,32,21.7,118.1,Petrolífero,Temprano (<30%)
164883,YPF,LA AMARGA CHICA,2469.5839393939395,33,30.3,124.8,Petrolífero,Intermedio (30-60%)
164884,YPF,LA AMARGA CHICA,1774.4766666666667,33,13.8,112.4,Petrolífero,Temprano (<30%)
164885,YPF,LA AMARGA CHICA,2177.4469696969695,33,23.5,129.7,Petrolífero,Temprano (<30%)
164886,YPF,LA AMARGA CHICA,2249.3753125,32,13.5,116.8,Petrolífero,Temprano (<30%)
164887,YPF,BANDURRIA SUR,389.2090909090909,33,42.2,176.2,Petrolífero,Intermedio (30-60%)
164902,TotalEnergies,AGUADA PICHANA ESTE VACA MUERTA,623.9366557575759,33,69.9,10319.4,Gasífero,Maduro (>60%)
164903,TotalEnergies,AGUADA PICHANA ESTE VACA MUERTA,546.6494039393939,33,71.0,10145.2,Gasífero,Maduro (>60%)
164904,TotalEnergies,AGUADA PICHANA ESTE VACA MUERTA,577.9927418181818,33,75.9,11455.5,Gasífero,Maduro (>60%)
164905,Kilwer,MATA MORA NORTE,2940.8205249999996,24,15.4,79.7,Petrolífero,Temprano (<30%)
164905,Petrolera El Trébol,MATA MORA NORTE,1536.6996666666666,3,0.3,68.5,Petrolífero,Temprano (<30%)
164905,Phoenix,MATA MORA NORTE,1337.7418333333333,6,0.4,50.2,Petrolífero,Temprano (<30%)
164906,Kilwer,MATA MORA NORTE,1397.51655,24,23.8,72.2,Petrolífero,Temprano (<30%)
164906,Petrolera El Trébol,MATA MORA NORTE,586.3567666666667,3,0.4,78.6,Petrolífero,Temprano (<30%)
164906,Phoenix,MATA MORA NORTE,414.7487833333334,6,0.2,59.2,Petrolífero,Temprano (<30%)
164907,Kilwer,MATA MORA NORTE,2619.1058375,24,25.3,73.0,Petrolífero,Temprano (<30%)
164907,Petrolera El Trébol,MATA MORA NORTE,836.1082666666667,3,6.1,66.0,Petrolífero,Temprano (<30%)
164907,Phoenix,MATA MORA NORTE,750.1103166666667,6,4.0,47.5,Petrolífero,Temprano (<30%)
164908,Kilwer,MATA MORA NORTE,1309.3659791666666,24,33.5,69.5,Petrolífero,Intermedio (30-60%)
164908,Petrolera El Trébol,MATA MORA NORTE,570.6686333333333,3,5.0,64.1,Petrolífero,Temprano (<30%)
164908,Phoenix,MATA MORA NORTE,489.5831,6,2.6,47.6,Petrolífero,Temprano (<30%)
164926,Shell,COIRON AMARGO SUR OESTE,2029.1064705882352,17,22.0,90.5,Petrolífero,Temprano (<30%)
164927,Shell,COIRON AMARGO SUR OESTE,1151.0696874999999,32,21.4,86.6,Petrolífero,Temprano (<30%)
164928,Shell,COIRON AMARGO SUR OESTE,962.2971875,32,19.7,76.8,Petrolífero,Temprano (<30%)
164929,Shell,COIRON AMARGO SUR OESTE,1455.380625,32,8.9,83.1,Petrolífero,Temprano (<30%)
164930,Shell,COIRON AMARGO SUR OESTE,1570.674375,32,9.2,96.4,Petrolífero,Temprano (<30%)
164931,Shell,COIRON AMARGO SUR OESTE,1393.123125,32,11.2,97.1,Petrolífero,Temprano (<30%)
164932,Shell,COIRON AMARGO SUR OESTE,1431.883125,32,13.8,98.6,Petrolífero,Temprano (<30%)
164933,Shell,COIRON AMARGO SUR OESTE,1687.31125,32,13.1,102.6,Petrolífero,Temprano (<30%)
164934,Shell,CRUZ DE LORENA,1047.1259375,32,9.2,96.4,Petrolífero,Temprano (<30%)
164935,Shell,CRUZ DE LORENA,625.9021875,32,11.2,97.1,Petrolífero,Temprano (<30%)
164936,Shell,CRUZ DE LORENA,335.87624999999997,32,13.8,98.6,Petrolífero,Temprano (<30%)
164937,Shell,CRUZ DE LORENA,107.701875,32,13.1,102.6,Petrolífero,Temprano (<30%)
164941,Vista Energy,BAJADA DEL PALO OESTE,11273.807967741935,31,45.5,87.9,Petrolífero,Intermedio (30-60%)
164942,Vista Energy,BAJADA DEL PALO OESTE,4106.140967741935,31,43.9,69.3,Petrolífero,Intermedio (30-60%)
164944,Vista Energy,BAJADA DEL PALO OESTE,2573.8940967741937,31,13.1,67.1,Petrolífero,Temprano (<30%)
164945,Pluspetrol,LA CALERA,1512.4930000000002,24,55.4,1646.6,Petrolífero,Intermedio (30-60%)
164946,Tecpetrol,FORTIN DE PIEDRA,572.423744375,32,69.9,9078.6,Gasífero,Maduro (>60%)
164947,TotalEnergies,AGUADA PICHANA ESTE VACA MUERTA,567.5083710645162,31,69.8,10054.1,Gasífero,Maduro (>60%)
164948,TotalEnergies,AGUADA PICHANA ESTE VACA MUERTA,580.3396146129031,31,71.3,10048.0,Gasífero,Maduro (>60%)
164949,TotalEnergies,AGUADA PICHANA ESTE VACA MUERTA,489.24594,31,75.9,9986.0,Gasífero,Maduro (>60%)
164962,YPF,LOMA COLORADA,2064.1218750000003,32,32.3,196.2,Petrolífero,Intermedio (30-60%)
164963,YPF,LOMA COLORADA,2161.464090909091,22,32.0,80.9,Petrolífero,Intermedio (30-60%)
164964,YPF,LOMA COLORADA,1846.053870967742,31,29.7,81.4,Petrolífero,Temprano (<30%)
164965,YPF,LOMA COLORADA,1939.089375,32,32.3,70.4,Petrolífero,Intermedio (30-60%)
164967,YPF,BANDURRIA SUR,3079.80375,32,23.1,212.3,Petrolífero,Temprano (<30%)
164968,YPF,BANDURRIA SUR,2934.651851851852,27,40.5,201.0,Petrolífero,Intermedio (30-60%)
164969,YPF,BANDURRIA SUR,2446.363125,32,32.3,240.4,Petrolífero,Intermedio (30-60%)
164970,YPF,BANDURRIA SUR,2662.912857142857,28,40.4,219.8,Petrolífero,Intermedio (30-60%)
164971,YPF,BANDURRIA SUR,2163.285625,32,32.4,206.1,Petrolífero,Intermedio (30-60%)
164972,YPF,BANDURRIA SUR,2132.0812903225806,31,43.4,199.3,Petrolífero,Intermedio (30-60%)
164994,Pan American Energy,COIRON AMARGO SUR ESTE,2078.14754375,32,13.7,55.6,Petrolífero,Temprano (<30%)
165003,Pan American Energy,COIRON AMARGO SUR ESTE,2858.4275187499998,32,4.4,53.2,Petrolífero,Temprano (<30%)
165005,Pan American Energy,COIRON AMARGO SUR ESTE,2210.8719875,32,13.0,63.5,Petrolífero,Temprano (<30%)
165019,Tecpetrol,FORTIN DE PIEDRA,339.1880741935484,31,73.3,9781.5,Gasífero,Maduro (>60%)
165020,Tecpetrol,FORTIN DE PIEDRA,695.3698193548387,31,62.3,8966.0,Gasífero,Maduro (>60%)
165021,Tecpetrol,FORTIN DE PIEDRA,532.6098838709678,31,76.4,11726.5,Gasífero,Maduro (>60%)
165022,Tecpetrol,FORTIN DE PIEDRA,300.155783,30,75.6,8142.2,Gasífero,Maduro (>60%)
165025,Pluspetrol,LA CALERA,2989.6313333333333,24,48.2,1073.6,Petrolífero,Intermedio (30-60%)
165026,Vista Energy,BAJADA DEL PALO OESTE,2054.8803,30,34.8,118.5,Petrolífero,Intermedio (30-60%)
165027,Vista Energy,BAJADA DEL PALO OESTE,3069.5349333333334,30,20.4,123.7,Petrolífero,Temprano (<30%)
165029,Vista Energy,BAJADA DEL PALO OESTE,2566.8739333333333,30,19.1,143.8,Petrolífero,Temprano (<30%)
165030,Vista Energy,BAJADA DEL PALO OESTE,3420.6077999999998,30,21.2,107.6,Petrolífero,Temprano (<30%)
165031,Vista Energy,BAJADA DEL PALO OESTE,2094.5445,30,22.9,147.4,Petrolífero,Temprano (<30%)
165032,Capex,AGUA DEL CAJON,1252.5496774193548,31,18.0,75.8,Petrolífero,Temprano (<30%)
165033,Capex,AGUA DEL CAJON,1792.8564516129034,31,23.3,78.7,Petrolífero,Temprano (<30%)
165034,Capex,AGUA DEL CAJON,769.4438709677419,31,32.0,118.7,Petrolífero,Intermedio (30-60%)
165035,Capex,AGUA DEL CAJON,769.5919354838709,31,27.0,98.5,Petrolífero,Temprano (<30%)
165042,YPF,CN VII A,835.6629032258064,31,24.6,2218.4,Petrolífero,Temprano (<30%)
165043,YPF,PASO DE LAS BARDAS NORTE,436.5543333333333,30,42.1,294.2,Petrolífero,Intermedio (30-60%)
165044,YPF,AGUADA DE LA ARENA,1.08,2,99.9,7290379.6,Gasífero,Maduro (>60%)
165045,YPF,AGUADA DE LA ARENA,1.56,1,99.9,5147512.8,Gasífero,Maduro (>60%)
165046,YPF,AGUADA DE LA ARENA,1.83,1,99.8,4378180.3,Gasífero,Maduro (>60%)
165047,YPF,LA AMARGA CHICA,1193.7964516129034,31,32.8,92.7,Petrolífero,Intermedio (30-60%)
165048,YPF,LA AMARGA CHICA,803.9741935483871,31,50.6,134.8,Petrolífero,Intermedio (30-60%)
165049,YPF,LA AMARGA CHICA,1147.180322580645,31,31.2,105.6,Petrolífero,Intermedio (30-60%)
165050,YPF,LA AMARGA CHICA,757.323870967742,31,52.0,119.3,Petrolífero,Intermedio (30-60%)
165051,YPF,LA AMARGA CHICA,1423.3406666666667,30,44.3,108.4,Petrolífero,Intermedio (30-60%)
165052,YPF,LA AMARGA CHICA,887.5090322580645,31,56.6,105.7,Petrolífero,Intermedio (30-60%)
165089,Pampa Energía,RINCON DE ARANDA,2965.8889776071433,28,23.1,77.6,Petrolífero,Temprano (<30%)
165091,Kilwer,MATA MORA NORTE,1854.4210899999998,22,16.7,77.4,Petrolífero,Temprano (<30%)
165091,Petrolera El Trébol,MATA MORA NORTE,642.1993,3,75.3,52.5,Petrolífero,Maduro (>60%)
165091,Phoenix,MATA MORA NORTE,708.3130333333334,6,18.9,74.4,Petrolífero,Temprano (<30%)
165092,Kilwer,MATA MORA NORTE,2158.2585363636363,22,14.4,76.8,Petrolífero,Temprano (<30%)
165092,Petrolera El Trébol,MATA MORA NORTE,894.2711,2,53.9,36.8,Petrolífero,Intermedio (30-60%)
165092,Phoenix,MATA MORA NORTE,637.4632833333334,6,21.1,65.1,Petrolífero,Temprano (<30%)
165093,Kilwer,MATA MORA NORTE,4877.303918181818,22,6.1,79.7,Petrolífero,Temprano (<30%)
165093,Petrolera El Trébol,MATA MORA NORTE,1157.0975,3,83.2,105.5,Petrolífero,Maduro (>60%)
165093,Phoenix,MATA MORA NORTE,1934.8753333333334,6,12.7,75.7,Petrolífero,Temprano (<30%)
165094,Shell,CRUZ DE LORENA,2693.8926666666666,30,7.9,100.3,Petrolífero,Temprano (<30%)
165095,Shell,CRUZ DE LORENA,2239.634,30,10.2,95.4,Petrolífero,Temprano (<30%)
165096,Shell,CRUZ DE LORENA,2925.4016666666666,30,11.0,100.6,Petrolífero,Temprano (<30%)
165097,Shell,CRUZ DE LORENA,4627.969666666667,30,10.5,103.3,Petrolífero,Temprano (<30%)
165098,Shell,CRUZ DE LORENA,2201.985666666667,30,12.6,105.8,Petrolífero,Temprano (<30%)
165099,Vista Energy,BAJADA DEL PALO OESTE,1831.655103448276,29,22.8,75.5,Petrolífero,Temprano (<30%)
165100,Vista Energy,BAJADA DEL PALO OESTE,2211.6408333333334,30,30.0,76.3,Petrolífero,Intermedio (30-60%)
165101,Vista Energy,BAJADA DEL PALO OESTE,2053.4771379310346,29,27.3,74.6,Petrolífero,Temprano (<30%)
165103,Pluspetrol,LA CALERA,3910.392608695652,23,37.3,1032.6,Petrolífero,Intermedio (30-60%)
165106,Pluspetrol,LA CALERA,1640.3239999999998,23,62.1,1622.8,Petrolífero,Maduro (>60%)
165107,Pluspetrol,MESETA BUENA ESPERANZA I,932.5615714285715,7,21.8,5340.4,Gasífero,Temprano (<30%)
165107,YPF,MESETA BUENA ESPERANZA I,1399.01,4,18.7,5300.5,Gasífero,Temprano (<30%)
165167,YPF,LOMA COLORADA,2057.842,30,39.9,68.4,Petrolífero,Intermedio (30-60%)
165168,YPF,LOMA COLORADA,1978.5220000000002,30,35.1,68.8,Petrolífero,Intermedio (30-60%)
165169,YPF,LOMA COLORADA,1621.106153846154,26,42.8,69.6,Petrolífero,Intermedio (30-60%)
165170,YPF,LOMA COLORADA,2001.4617857142857,28,37.5,65.3,Petrolífero,Intermedio (30-60%)
165172,YPF,LA AMARGA CHICA,3129.5073333333335,30,10.0,144.1,Petrolífero,Temprano (<30%)
165173,YPF,LA AMARGA CHICA,4411.8386666666665,30,20.8,163.7,Petrolífero,Temprano (<30%)
165174,YPF,LA AMARGA CHICA,3858.35,30,13.9,143.2,Petrolífero,Temprano (<30%)
165175,YPF,LA AMARGA CHICA,3531.9736666666663,30,26.3,154.8,Petrolífero,Temprano (<30%)
165176,YPF,LA AMARGA CHICA,1833.7703333333334,30,11.3,137.6,Petrolífero,Temprano (<30%)
165177,YPF,LA AMARGA CHICA,1968.5736666666667,30,9.3,138.0,Petrolífero,Temprano (<30%)
165178,YPF,LA AMARGA CHICA,1965.6496666666667,30,22.8,132.4,Petrolífero,Temprano (<30%)
165179,YPF,LA AMARGA CHICA,1789.8325,28,13.3,144.4,Petrolífero,Temprano (<30%)
165180,YPF,LA AMARGA CHICA,2529.6946428571428,28,21.8,146.3,Petrolífero,Temprano (<30%)
165181,YPF,LA AMARGA CHICA,1662.427,30,25.0,139.4,Petrolífero,Temprano (<30%)
165183,YPF,LOMA CAMPANA,1646.0916666666667,30,13.3,124.9,Petrolífero,Temprano (<30%)
165184,YPF,LOMA CAMPANA,1934.5230000000001,30,11.3,124.3,Petrolífero,Temprano (<30%)
165185,YPF,LOMA CAMPANA,1875.6433333333332,30,19.0,125.5,Petrolífero,Temprano (<30%)
165186,YPF,LOMA CAMPANA,1803.9019999999998,30,15.2,132.3,Petrolífero,Temprano (<30%)
165187,YPF,LOMA CAMPANA,2440.1279999999997,30,23.7,119.3,Petrolífero,Temprano (<30%)
165188,YPF,LOMA CAMPANA,1892.5790000000002,30,20.8,123.6,Petrolífero,Temprano (<30%)
165201,Pluspetrol,LA CALERA,4460.5439166666665,24,35.0,1067.9,Petrolífero,Intermedio (30-60%)
165202,Tecpetrol,FORTIN DE PIEDRA,642.6869610714285,28,72.0,9612.7,Gasífero,Maduro (>60%)
165203,Tecpetrol,FORTIN DE PIEDRA,559.6301760344828,29,73.7,9869.4,Gasífero,Maduro (>60%)
165204,Tecpetrol,FORTIN DE PIEDRA,642.6448733333333,30,66.1,10812.4,Gasífero,Maduro (>60%)
165205,Tecpetrol,FORTIN DE PIEDRA,706.6356433333333,30,73.1,9591.8,Gasífero,Maduro (>60%)
165206,Tecpetrol,CERRO LAS NIÑAS,852.8075034482758,29,35.7,723.3,Petrolífero,Intermedio (30-60%)
165208,Tecpetrol,CERRO LAS NIÑAS,1505.5950013793104,29,36.2,696.0,Petrolífero,Intermedio (30-60%)
165215,Vista Energy,BAJADA DEL PALO ESTE,2557.113172413793,29,8.1,48.9,Petrolífero,Temprano (<30%)
165216,Vista Energy,BAJADA DEL PALO ESTE,1969.8984137931036,29,12.9,49.8,Petrolífero,Temprano (<30%)
165217,Vista Energy,BAJADA DEL PALO ESTE,2198.791275862069,29,10.7,47.2,Petrolífero,Temprano (<30%)
165238,Pluspetrol,LA CALERA,2109.880304347826,23,67.6,1939.4,Petrolífero,Maduro (>60%)
165239,Shell,SIERRAS BLANCAS,1673.0262068965517,29,27.6,94.0,Petrolífero,Temprano (<30%)
165240,Shell,SIERRAS BLANCAS,1781.9772413793105,29,27.7,90.6,Petrolífero,Temprano (<30%)
165241,Shell,SIERRAS BLANCAS,1762.9904000000001,25,30.8,91.7,Petrolífero,Intermedio (30-60%)
165242,Shell,SIERRAS BLANCAS,2028.7,25,18.7,98.6,Petrolífero,Temprano (<30%)
165243,Chevron,EL TRAPIAL ESTE,1942.9325925925925,27,39.3,660.0,Petrolífero,Intermedio (30-60%)
165244,Chevron,EL TRAPIAL ESTE,2142.128888888889,27,58.2,378.7,Petrolífero,Intermedio (30-60%)
165245,Chevron,EL TRAPIAL ESTE,2078.407777777778,27,41.4,706.2,Petrolífero,Intermedio (30-60%)
165246,Chevron,EL TRAPIAL ESTE,2480.415925925926,27,57.6,439.2,Petrolífero,Intermedio (30-60%)
165247,Tecpetrol,CERRO LAS NIÑAS,2058.0009574285714,28,21.8,1049.8,Petrolífero,Temprano (<30%)
165252,Tecpetrol,CERRO LAS NIÑAS,1741.4836300344828,29,24.6,1089.4,Petrolífero,Temprano (<30%)
165253,Pluspetrol,LA CALERA,2167.6305217391305,23,53.5,1815.3,Petrolífero,Intermedio (30-60%)
165266,YPF,LA AMARGA CHICA,1280.5026923076923,26,29.9,95.0,Petrolífero,Temprano (<30%)
165267,YPF,LA AMARGA CHICA,2195.7185714285715,28,20.7,108.2,Petrolífero,Temprano (<30%)
165268,YPF,LA AMARGA CHICA,1402.222857142857,28,46.3,113.3,Petrolífero,Intermedio (30-60%)
165269,YPF,LA AMARGA CHICA,2453.2607142857146,28,21.7,112.7,Petrolífero,Temprano (<30%)
165270,YPF,LA AMARGA CHICA,1825.6241379310345,29,61.8,156.0,Petrolífero,Maduro (>60%)
165271,YPF,LA AMARGA CHICA,1410.2410344827586,29,43.6,128.1,Petrolífero,Intermedio (30-60%)
165272,YPF,LA AMARGA CHICA,789.5406896551724,29,59.7,122.8,Petrolífero,Intermedio (30-60%)
165273,YPF,LA AMARGA CHICA,747.7003448275863,29,28.5,97.6,Petrolífero,Temprano (<30%)
165274,YPF,LA AMARGA CHICA,1071.8014285714285,28,60.8,128.3,Petrolífero,Maduro (>60%)
165275,YPF,LOMA CAMPANA-LLL,3662.7537931034485,29,31.1,441.8,Petrolífero,Intermedio (30-60%)
165276,YPF,LOMA CAMPANA-LLL,2667.0624137931036,29,34.0,460.0,Petrolífero,Intermedio (30-60%)
165277,YPF,LOMA CAMPANA-LLL,3758.863571428571,28,18.5,388.8,Petrolífero,Temprano (<30%)
165278,YPF,LOMA CAMPANA-LLL,2953.9965517241376,29,28.4,401.6,Petrolífero,Temprano (<30%)
165279,YPF,LOMA CAMPANA-LLL,3797.152068965517,29,35.1,412.2,Petrolífero,Intermedio (30-60%)
165293,Pluspetrol,MESETA BUENA ESPERANZA I,1060.4688571428571,7,27.2,4048.5,Gasífero,Temprano (<30%)
165293,YPF,MESETA BUENA ESPERANZA I,1871.22,4,16.0,3879.8,Gasífero,Temprano (<30%)
165294,Vista Energy,BAJADA DEL PALO OESTE,2908.4103928571426,28,14.2,104.0,Petrolífero,Temprano (<30%)
165295,Vista Energy,BAJADA DEL PALO OESTE,2269.9548214285714,28,31.2,126.9,Petrolífero,Intermedio (30-60%)
165296,Vista Energy,BAJADA DEL PALO OESTE,2453.3771785714284,28,20.6,106.8,Petrolífero,Temprano (<30%)
165298,Vista Energy,BAJADA DEL PALO OESTE,1908.8647500000002,28,38.2,124.4,Petrolífero,Intermedio (30-60%)
165305,Pan American Energy,COIRON AMARGO SUR ESTE,2089.4640642857144,28,15.6,55.9,Petrolífero,Temprano (<30%)
165315,Pan American Energy,COIRON AMARGO SUR ESTE,1590.722782142857,28,34.9,62.7,Petrolífero,Intermedio (30-60%)
165321,Pan American Energy,COIRON AMARGO SUR ESTE,1821.397530125,24,17.3,49.8,Petrolífero,Temprano (<30%)
165324,Shell,SIERRAS BLANCAS,1923.4553846153844,26,21.2,87.0,Petrolífero,Temprano (<30%)
165325,Shell,SIERRAS BLANCAS,1663.7157142857143,28,22.6,82.7,Petrolífero,Temprano (<30%)
165326,Shell,SIERRAS BLANCAS,1405.9392592592592,27,28.9,80.6,Petrolífero,Temprano (<30%)
165327,Shell,SIERRAS BLANCAS,2143.013214285714,28,17.6,85.6,Petrolífero,Temprano (<30%)
165330,TotalEnergies,AGUADA PICHANA ESTE VACA MUERTA,390.05463846153845,26,81.1,20462.8,Gasífero,Maduro (>60%)
165331,TotalEnergies,AGUADA PICHANA ESTE VACA MUERTA,407.9394807692307,26,83.1,20445.2,Gasífero,Maduro (>60%)
165332,TotalEnergies,AGUADA PICHANA ESTE VACA MUERTA,279.95070333333337,27,89.5,21377.0,Gasífero,Maduro (>60%)
165339,Tecpetrol,FORTIN DE PIEDRA,137.84167073913045,23,92.9,69587.7,Gasífero,Maduro (>60%)
165340,Tecpetrol,FORTIN DE PIEDRA,175.30458845,20,91.9,63439.9,Gasífero,Maduro (>60%)
165341,Tecpetrol,FORTIN DE PIEDRA,150.7659097368421,19,93.4,65628.8,Gasífero,Maduro (>60%)
165342,Tecpetrol,FORTIN DE PIEDRA,118.8738945,20,93.8,71388.0,Gasífero,Maduro (>60%)
165347,YPF,BANDURRIA SUR,2308.485714285714,28,52.8,174.1,Petrolífero,Intermedio (30-60%)
165348,YPF,BANDURRIA SUR,2495.0148,25,37.6,165.0,Petrolífero,Intermedio (30-60%)
165349,YPF,BANDURRIA SUR,2067.8385185185184,27,54.1,167.3,Petrolífero,Intermedio (30-60%)
165350,YPF,BANDURRIA SUR,2500.95,27,40.2,169.7,Petrolífero,Intermedio (30-60%)
165351,YPF,BANDURRIA SUR,2177.378260869565,23,60.2,172.9,Petrolífero,Maduro (>60%)
165352,YPF,BANDURRIA SUR,3096.777692307692,26,39.3,152.6,Petrolífero,Intermedio (30-60%)
165353,YPF,BANDURRIA SUR,2608.2000000000003,28,23.2,210.4,Petrolífero,Temprano (<30%)
165354,YPF,BANDURRIA SUR,2386.5260714285714,28,21.2,210.5,Petrolífero,Temprano (<30%)
165355,YPF,BANDURRIA SUR,1819.501785714286,28,34.5,299.0,Petrolífero,Intermedio (30-60%)
165356,YPF,BANDURRIA SUR,2213.4304,25,33.5,208.0,Petrolífero,Intermedio (30-60%)
165357,YPF,BANDURRIA SUR,1864.95,28,33.0,274.6,Petrolífero,Intermedio (30-60%)
165358,YPF,LOMA CAMPANA-LLL,2619.36,28,9.2,91.3,Petrolífero,Temprano (<30%)
165359,YPF,LOMA CAMPANA-LLL,2111.542962962963,27,9.6,94.9,Petrolífero,Temprano (<30%)
165360,YPF,LOMA CAMPANA-LLL,2181.5389285714286,28,9.6,91.1,Petrolífero,Temprano (<30%)
165361,YPF,LOMA CAMPANA-LLL,3309.5064285714284,28,9.4,91.7,Petrolífero,Temprano (<30%)
165362,YPF,LOMA CAMPANA-LLL,2448.8346428571426,28,15.9,94.4,Petrolífero,Temprano (<30%)
165363,YPF,LOMA CAMPANA-LLL,3670.6232142857143,28,16.0,100.5,Petrolífero,Temprano (<30%)
165373,Pluspetrol,LA CALERA,4080.4879,20,38.5,1419.3,Petrolífero,Intermedio (30-60%)
165374,Vista Energy,AGUADA FEDERAL,2363.6385925925924,27,31.7,140.9,Petrolífero,Intermedio (30-60%)
165375,Vista Energy,AGUADA FEDERAL,2098.1266666666666,27,26.7,132.8,Petrolífero,Temprano (<30%)
165376,Vista Energy,AGUADA FEDERAL,2908.3168148148147,27,22.8,154.1,Petrolífero,Temprano (<30%)
165402,Pluspetrol,LA CALERA,3255.04165,20,46.6,1347.3,Petrolífero,Intermedio (30-60%)
165403,Geopark,LOMA JARILLOSA ESTE,1549.4742,10,13.7,96.9,Petrolífero,Temprano (<30%)
165403,Pluspetrol,LOMA JARILLOSA ESTE,3188.4883076923074,13,22.8,77.0,Petrolífero,Temprano (<30%)
165404,Pluspetrol,LA CALERA,1274.6215263157894,19,48.3,4141.0,Gasífero,Intermedio (30-60%)
165405,Geopark,LOMA JARILLOSA ESTE,866.809,10,19.5,123.6,Petrolífero,Temprano (<30%)
165405,Pluspetrol,LOMA JARILLOSA ESTE,1409.5287923076924,13,48.7,81.7,Petrolífero,Intermedio (30-60%)
165407,Tecpetrol,FORTIN DE PIEDRA,958.9496033333334,27,54.4,6232.8,Gasífero,Intermedio (30-60%)
165408,Tecpetrol,FORTIN DE PIEDRA,1928.8085962962962,27,50.4,3387.3,Gasífero,Intermedio (30-60%)
165409,Tecpetrol,FORTIN DE PIEDRA,1376.0049037037038,27,54.4,3199.7,Gasífero,Intermedio (30-60%)
165413,YPF,LOMA COLORADA,1385.4807407407409,27,19.2,80.3,Petrolífero,Temprano (<30%)
165414,YPF,LOMA COLORADA,2715.4584615384615,26,17.2,67.1,Petrolífero,Temprano (<30%)
165415,YPF,LOMA COLORADA,1930.4438461538462,26,25.1,70.6,Petrolífero,Temprano (<30%)
165416,YPF,BAJO DEL TORO NORTE,1714.1492592592592,27,38.0,206.1,Petrolífero,Intermedio (30-60%)
165417,YPF,BAJO DEL TORO NORTE,1350.2503846153847,26,52.8,198.0,Petrolífero,Intermedio (30-60%)
165418,YPF,LA AMARGA CHICA,2647.7925925925924,27,45.9,97.8,Petrolífero,Intermedio (30-60%)
165420,YPF,BANDURRIA SUR,3242.1237037037035,27,18.7,147.7,Petrolífero,Temprano (<30%)
165421,YPF,BANDURRIA SUR,3218.5866666666666,27,33.4,158.0,Petrolífero,Intermedio (30-60%)
165422,YPF,BANDURRIA SUR,3570.475185185185,27,14.5,148.7,Petrolífero,Temprano (<30%)
165423,YPF,BANDURRIA SUR,2692.763461538462,26,38.8,154.2,Petrolífero,Intermedio (30-60%)
165424,YPF,LOMA CAMPANA-LLL,1566.2822222222221,27,16.9,151.8,Petrolífero,Temprano (<30%)
165425,YPF,LOMA CAMPANA-LLL,1796.7788888888888,27,13.0,158.8,Petrolífero,Temprano (<30%)
165426,YPF,LOMA CAMPANA-LLL,2092.068888888889,27,14.8,166.8,Petrolífero,Temprano (<30%)
165427,YPF,LOMA CAMPANA-LLL,1636.8337037037038,27,17.3,193.2,Petrolífero,Temprano (<30%)
165435,Vista Energy,BAJADA DEL PALO OESTE,2490.3866923076926,26,35.8,117.5,Petrolífero,Intermedio (30-60%)
165436,Vista Energy,BAJADA DEL PALO OESTE,2755.481076923077,26,15.7,112.1,Petrolífero,Temprano (<30%)
165437,Vista Energy,BAJADA DEL PALO OESTE,1916.2088846153845,26,33.0,114.5,Petrolífero,Intermedio (30-60%)
165438,Vista Energy,BAJADA DEL PALO OESTE,3191.8191153846155,26,17.6,112.0,Petrolífero,Temprano (<30%)
165442,Tecpetrol,FORTIN DE PIEDRA,1206.7539837037036,27,54.9,5708.5,Gasífero,Intermedio (30-60%)
165443,Pluspetrol,LA CALERA,1248.091,19,54.9,3714.0,Gasífero,Intermedio (30-60%)
165444,Pluspetrol,LA CALERA,4107.233050000001,20,52.5,1492.4,Petrolífero,Intermedio (30-60%)
165462,ExxonMobil,AGUA DE AFUERA,2323.81,3,47.0,422.3,Petrolífero,Intermedio (30-60%)
165463,ExxonMobil,AGUA DE AFUERA,999.7850000000001,2,64.5,359.3,Petrolífero,Maduro (>60%)
165464,Geopark,LOMA JARILLOSA ESTE,1532.53475,8,10.7,103.4,Petrolífero,Temprano (<30%)
165464,Pluspetrol,LOMA JARILLOSA ESTE,2994.258692307692,13,27.2,70.0,Petrolífero,Temprano (<30%)
165471,Pluspetrol,LA CALERA,1495.528052631579,19,50.9,3880.6,Gasífero,Intermedio (30-60%)
165472,Pluspetrol,LA CALERA,3614.0400500000005,20,40.9,1346.6,Petrolífero,Intermedio (30-60%)
165478,Tecpetrol,LOS TOLDOS ESTE,2106.5387470588234,17,45.3,263.9,Petrolífero,Intermedio (30-60%)
165480,Tecpetrol,LOS TOLDOS ESTE,1542.7740764705882,17,45.0,296.8,Petrolífero,Intermedio (30-60%)
165481,Kilwer,MATA MORA NORTE,2117.185607647059,17,34.8,79.3,Petrolífero,Intermedio (30-60%)
165481,Petrolera El Trébol,MATA MORA NORTE,790.2814333333332,3,14.9,76.9,Petrolífero,Temprano (<30%)
165481,Phoenix,MATA MORA NORTE,744.84555,6,16.5,71.5,Petrolífero,Temprano (<30%)
165482,Kilwer,MATA MORA NORTE,4386.9718741176475,17,29.0,61.8,Petrolífero,Temprano (<30%)
165482,Petrolera El Trébol,MATA MORA NORTE,1308.6704666666667,3,20.9,80.2,Petrolífero,Temprano (<30%)
165482,Phoenix,MATA MORA NORTE,1000.59305,6,66.0,79.0,Petrolífero,Maduro (>60%)
165483,Kilwer,MATA MORA NORTE,1767.6355529411765,17,31.4,82.3,Petrolífero,Intermedio (30-60%)
165483,Petrolera El Trébol,MATA MORA NORTE,723.1364333333332,3,11.7,78.2,Petrolífero,Temprano (<30%)
165483,Phoenix,MATA MORA NORTE,696.2624999999999,6,18.8,71.2,Petrolífero,Temprano (<30%)
165484,Kilwer,MATA MORA NORTE,3468.5475411764705,17,34.3,73.6,Petrolífero,Intermedio (30-60%)
165484,Petrolera El Trébol,MATA MORA NORTE,1568.3398666666665,3,14.3,74.3,Petrolífero,Temprano (<30%)
165484,Phoenix,MATA MORA NORTE,949.7400666666666,6,28.6,72.4,Petrolífero,Temprano (<30%)
165485,YPF,LOMA COLORADA,1472.0828,25,19.6,105.0,Petrolífero,Temprano (<30%)
165487,YPF,LA AMARGA CHICA,1552.3447826086956,23,34.1,136.5,Petrolífero,Intermedio (30-60%)
165488,YPF,LA AMARGA CHICA,2034.5318181818182,22,20.5,115.7,Petrolífero,Temprano (<30%)
165489,YPF,LA AMARGA CHICA,1696.6113636363634,22,39.1,131.1,Petrolífero,Intermedio (30-60%)
165490,YPF,LA AMARGA CHICA,2374.7184615384617,26,23.7,120.2,Petrolífero,Temprano (<30%)
165491,YPF,LA AMARGA CHICA,2482.2484615384615,26,30.5,134.9,Petrolífero,Intermedio (30-60%)
165492,YPF,LA AMARGA CHICA,2363.5815384615385,26,20.3,121.9,Petrolífero,Temprano (<30%)
165493,YPF,LA AMARGA CHICA,2197.544230769231,26,25.4,85.5,Petrolífero,Temprano (<30%)
165494,YPF,LA AMARGA CHICA,2232.137307692308,26,38.8,95.4,Petrolífero,Intermedio (30-60%)
165495,YPF,LA AMARGA CHICA,1562.9980769230767,26,29.1,86.9,Petrolífero,Temprano (<30%)
165496,YPF,LA AMARGA CHICA,2360.4434615384616,26,46.7,100.4,Petrolífero,Intermedio (30-60%)
165497,YPF,LA AMARGA CHICA,2163.058846153846,26,30.9,93.9,Petrolífero,Intermedio (30-60%)
165498,YPF,BANDURRIA SUR,134.31444444444443,9,90.4,225.4,Petrolífero,Maduro (>60%)
165499,YPF,BANDURRIA SUR,897.3242307692308,26,37.4,240.3,Petrolífero,Intermedio (30-60%)
165500,YPF,BANDURRIA SUR,1416.9684615384615,26,53.3,258.6,Petrolífero,Intermedio (30-60%)
165501,YPF,BANDURRIA SUR,2140.898076923077,26,28.8,171.5,Petrolífero,Temprano (<30%)
165502,YPF,BANDURRIA SUR,1719.50875,8,52.6,190.7,Petrolífero,Intermedio (30-60%)
165503,YPF,BANDURRIA SUR,2179.1484615384616,26,35.6,185.9,Petrolífero,Intermedio (30-60%)
165505,YPF,LOMA CAMPANA-LLL,2049.0534615384613,26,17.1,164.3,Petrolífero,Temprano (<30%)
165506,YPF,LOMA CAMPANA-LLL,1264.3007692307692,26,30.8,176.9,Petrolífero,Intermedio (30-60%)
165507,YPF,LOMA CAMPANA-LLL,2078.575,26,17.9,161.8,Petrolífero,Temprano (<30%)
165508,YPF,LOMA CAMPANA-LLL,1665.8865384615385,26,25.4,172.9,Petrolífero,Temprano (<30%)
165509,YPF,LOMA CAMPANA-LLL,2756.8415384615387,26,14.4,168.0,Petrolífero,Temprano (<30%)
165510,YPF,LOMA CAMPANA-LLL,2543.128076923077,26,14.9,162.1,Petrolífero,Temprano (<30%)
165511,YPF,LOMA CAMPANA-LLL,3052.6988461538463,26,10.4,174.6,Petrolífero,Temprano (<30%)
165514,Vista Energy,BAJADA DEL PALO OESTE,2970.94916,25,16.3,63.9,Petrolífero,Temprano (<30%)
165515,Vista Energy,BAJADA DEL PALO OESTE,2513.3979999999997,25,14.2,62.6,Petrolífero,Temprano (<30%)
165516,Vista Energy,BAJADA DEL PALO OESTE,2424.68044,25,20.9,63.3,Petrolífero,Temprano (<30%)
165517,Vista Energy,BAJADA DEL PALO OESTE,2888.1654210526312,19,22.4,67.6,Petrolífero,Temprano (<30%)
165518,Vista Energy,BAJADA DEL PALO OESTE,2436.67468,25,21.4,65.9,Petrolífero,Temprano (<30%)
165525,Pan American Energy,LINDERO ATRAVESADO OCCIDENTAL,2299.70619,26,16.0,90.6,Petrolífero,Temprano (<30%)
165532,Pan American Energy,LINDERO ATRAVESADO OCCIDENTAL,2189.3121065384616,26,18.0,94.6,Petrolífero,Temprano (<30%)
165538,Pluspetrol,LA CALERA,1537.1436842105263,19,46.6,3935.6,Gasífero,Intermedio (30-60%)
165545,Chevron,EL TRAPIAL ESTE,3161.4179166666668,24,43.7,435.4,Petrolífero,Intermedio (30-60%)
165546,Chevron,EL TRAPIAL ESTE,2259.4429166666664,24,60.7,334.0,Petrolífero,Maduro (>60%)
165547,Chevron,EL TRAPIAL ESTE,4278.13,24,42.4,456.9,Petrolífero,Intermedio (30-60%)
165548,Chevron,EL TRAPIAL ESTE,3734.30125,24,59.0,341.6,Petrolífero,Intermedio (30-60%)
165549,Vista Energy,BAJADA DEL PALO ESTE,2914.38896,25,32.2,53.1,Petrolífero,Intermedio (30-60%)
165550,Vista Energy,BAJADA DEL PALO ESTE,1772.27144,25,23.5,47.5,Petrolífero,Temprano (<30%)
165551,Vista Energy,BAJADA DEL PALO ESTE,3084.8914,25,15.4,46.1,Petrolífero,Temprano (<30%)
165557,Pampa Energía,EL MANGRULLO,26.19024,1,98.9,357693.1,Gasífero,Maduro (>60%)
165559,Vista Energy,BAJADA DEL PALO OESTE,3387.727041666667,24,27.6,124.8,Petrolífero,Temprano (<30%)
165560,Vista Energy,BAJADA DEL PALO OESTE,2422.079625,24,51.9,149.5,Petrolífero,Intermedio (30-60%)
165561,Vista Energy,BAJADA DEL PALO OESTE,3728.8395,24,26.4,124.4,Petrolífero,Temprano (<30%)
165562,Vista Energy,BAJADA DEL PALO OESTE,2459.7729999999997,24,50.2,149.7,Petrolífero,Intermedio (30-60%)
165565,YPF,LOMA COLORADA,1962.8896,25,30.9,105.1,Petrolífero,Intermedio (30-60%)
165566,YPF,LOMA COLORADA,1709.9132,25,31.9,87.3,Petrolífero,Intermedio (30-60%)
165567,YPF,LOMA COLORADA,1765.6632,25,36.1,103.0,Petrolífero,Intermedio (30-60%)
165568,YPF,LOMA COLORADA,1594.2492000000002,25,33.5,89.4,Petrolífero,Intermedio (30-60%)
165569,YPF,BAJO DEL TORO NORTE,1538.1116,25,35.8,188.4,Petrolífero,Intermedio (30-60%)
165570,YPF,BAJO DEL TORO NORTE,1600.3832,25,45.1,221.6,Petrolífero,Intermedio (30-60%)
165571,YPF,LA AMARGA CHICA,1895.4312499999999,24,25.7,122.3,Petrolífero,Temprano (<30%)
165572,YPF,LA AMARGA CHICA,2594.1079999999997,25,23.1,110.2,Petrolífero,Temprano (<30%)
165573,YPF,LA AMARGA CHICA,2557.6629166666667,24,41.9,119.1,Petrolífero,Intermedio (30-60%)
165574,YPF,LA AMARGA CHICA,2711.0096000000003,25,11.1,109.3,Petrolífero,Temprano (<30%)
165575,YPF,LA AMARGA CHICA,2749.0004000000004,25,30.0,98.4,Petrolífero,Intermedio (30-60%)
165576,YPF,LA AMARGA CHICA,1553.7458333333334,24,44.5,109.6,Petrolífero,Intermedio (30-60%)
165577,YPF,LA AMARGA CHICA,3787.7232,25,23.9,101.8,Petrolífero,Temprano (<30%)
165578,YPF,LA AMARGA CHICA,2273.4916,25,50.1,114.9,Petrolífero,Intermedio (30-60%)
165579,YPF,BANDURRIA SUR,2672.7712,25,12.5,140.7,Petrolífero,Temprano (<30%)
165580,YPF,BANDURRIA SUR,1998.6032,25,34.3,168.7,Petrolífero,Intermedio (30-60%)
165581,YPF,BANDURRIA SUR,2677.954,25,14.1,146.6,Petrolífero,Temprano (<30%)
165582,YPF,BANDURRIA SUR,2394.3525,24,24.1,175.5,Petrolífero,Temprano (<30%)
165583,YPF,BANDURRIA SUR,2484.3696,25,25.7,151.3,Petrolífero,Temprano (<30%)
165593,TotalEnergies,AGUADA PICHANA ESTE VACA MUERTA,398.9822991666667,24,80.6,16745.2,Gasífero,Maduro (>60%)
165594,TotalEnergies,AGUADA PICHANA ESTE VACA MUERTA,199.14281958333333,24,83.6,16927.5,Gasífero,Maduro (>60%)
165595,TotalEnergies,AGUADA PICHANA ESTE VACA MUERTA,470.00032166666665,24,82.1,17153.1,Gasífero,Maduro (>60%)
165603,Shell,COIRON AMARGO SUR OESTE,2032.4621739130437,23,8.0,82.5,Petrolífero,Temprano (<30%)
165604,Shell,COIRON AMARGO SUR OESTE,2019.0308333333332,24,14.2,86.1,Petrolífero,Temprano (<30%)
165605,Shell,COIRON AMARGO SUR OESTE,1943.9529166666669,24,17.6,87.4,Petrolífero,Temprano (<30%)
165606,Shell,COIRON AMARGO SUR OESTE,2299.8130434782606,23,21.0,85.3,Petrolífero,Temprano (<30%)
165607,Pan American Energy,COIRON AMARGO SUR ESTE,5177.459836,25,5.8,50.7,Petrolífero,Temprano (<30%)
165609,Pan American Energy,COIRON AMARGO SUR ESTE,4999.863652,25,6.6,51.3,Petrolífero,Temprano (<30%)
165631,Pluspetrol,LA CALERA,2002.484,18,49.5,2165.9,Petrolífero,Intermedio (30-60%)
165634,Pluspetrol,LA CALERA,2095.818235294118,17,47.9,1977.1,Petrolífero,Intermedio (30-60%)
165635,Pan American Energy,LINDERO ATRAVESADO OCCIDENTAL,2173.8470208333333,24,23.2,67.1,Petrolífero,Temprano (<30%)
165638,Pan American Energy,LINDERO ATRAVESADO OCCIDENTAL,1504.8513304347828,23,23.9,54.2,Petrolífero,Temprano (<30%)
165644,Pan American Energy,LINDERO ATRAVESADO OCCIDENTAL,1666.6172782608694,23,22.8,56.1,Petrolífero,Temprano (<30%)
165653,Pan American Energy,LINDERO ATRAVESADO OCCIDENTAL,1575.7027695652173,23,24.7,66.3,Petrolífero,Temprano (<30%)
165660,Vista Energy,BAJADA DEL PALO OESTE,2359.565260869565,23,18.0,109.4,Petrolífero,Temprano (<30%)
165661,Vista Energy,BAJADA DEL PALO OESTE,3006.577217391304,23,31.8,98.9,Petrolífero,Intermedio (30-60%)
165662,Vista Energy,BAJADA DEL PALO OESTE,1908.7296086956524,23,18.6,93.7,Petrolífero,Temprano (<30%)
165665,YPF,LA AMARGA CHICA,1957.0575,24,30.9,76.8,Petrolífero,Intermedio (30-60%)
165666,YPF,LA AMARGA CHICA,3073.985,24,24.9,59.3,Petrolífero,Temprano (<30%)
165667,YPF,LA AMARGA CHICA,1629.9695652173914,23,44.7,68.4,Petrolífero,Intermedio (30-60%)
165668,YPF,LA AMARGA CHICA,1936.1258333333333,24,30.0,74.1,Petrolífero,Intermedio (30-60%)
165669,YPF,BANDURRIA SUR,2254.3445833333335,24,25.2,175.0,Petrolífero,Temprano (<30%)
165670,YPF,BANDURRIA SUR,2816.0845833333333,24,15.5,132.9,Petrolífero,Temprano (<30%)
165671,YPF,BANDURRIA SUR,2873.9066666666663,24,24.3,129.6,Petrolífero,Temprano (<30%)
165672,YPF,BANDURRIA SUR,2398.5208333333335,24,33.0,149.7,Petrolífero,Intermedio (30-60%)
165673,YPF,LOMA CAMPANA-LLL,3290.10125,24,22.3,343.7,Petrolífero,Temprano (<30%)
165674,YPF,LOMA CAMPANA-LLL,2931.28375,24,36.4,463.0,Petrolífero,Intermedio (30-60%)
165675,YPF,LOMA CAMPANA-LLL,3762.5754166666666,24,14.3,359.5,Petrolífero,Temprano (<30%)
165676,YPF,LOMA CAMPANA-LLL,2791.2999999999997,24,36.6,466.1,Petrolífero,Intermedio (30-60%)
165677,YPF,LOMA CAMPANA-LLL,2880.7045833333336,24,33.2,488.4,Petrolífero,Intermedio (30-60%)
165678,YPF,LOMA CAMPANA-LLL,2703.960833333333,24,26.8,351.7,Petrolífero,Temprano (<30%)
165679,YPF,LOMA CAMPANA-LLL,2768.068333333333,24,33.3,270.8,Petrolífero,Intermedio (30-60%)
165680,YPF,LOMA CAMPANA-LLL,1761.1133333333335,24,21.5,280.3,Petrolífero,Temprano (<30%)
165681,YPF,LOMA CAMPANA-LLL,2296.0575,24,34.2,275.5,Petrolífero,Intermedio (30-60%)
165682,YPF,LOMA CAMPANA-LLL,2088.547916666667,24,20.5,219.9,Petrolífero,Temprano (<30%)
165683,YPF,LOMA CAMPANA-LLL,2528.1604166666666,24,21.9,271.0,Petrolífero,Temprano (<30%)
165684,YPF,LOMA CAMPANA-LLL,1286.0634782608695,23,38.7,204.0,Petrolífero,Intermedio (30-60%)
165685,YPF,LA ANGOSTURA SUR I,2361.855,24,14.3,213.9,Petrolífero,Temprano (<30%)
165686,YPF,LA ANGOSTURA SUR I,1466.7583333333332,24,21.3,176.6,Petrolífero,Temprano (<30%)
165687,YPF,LA ANGOSTURA SUR I,1011.5491666666667,24,32.5,212.8,Petrolífero,Intermedio (30-60%)
165688,YPF,LA ANGOSTURA SUR I,1411.9330434782607,23,15.7,180.4,Petrolífero,Temprano (<30%)
165692,Pluspetrol,LA CALERA,1581.3728333333333,18,59.2,1970.9,Petrolífero,Intermedio (30-60%)
165694,Pluspetrol,LA CALERA,1323.8480555555554,18,72.9,2317.8,Petrolífero,Maduro (>60%)
165695,Pluspetrol,LA CALERA,1717.0636470588236,17,55.3,1882.0,Petrolífero,Intermedio (30-60%)
165696,Pluspetrol,LA CALERA,1763.0225882352943,17,62.5,2133.6,Petrolífero,Maduro (>60%)
165699,Vista Energy,BAJADA DEL PALO OESTE,839.0080909090909,22,48.9,102.2,Petrolífero,Intermedio (30-60%)
165700,Vista Energy,BAJADA DEL PALO OESTE,4048.508727272727,22,31.8,88.7,Petrolífero,Intermedio (30-60%)
165701,Vista Energy,BAJADA DEL PALO OESTE,4527.408636363637,22,17.9,86.3,Petrolífero,Temprano (<30%)
165714,YPF,EL OREJANO,104.023125,16,0.0,1834.1,Petrolífero,Temprano (<30%)
165715,YPF,LA AMARGA CHICA,1737.407391304348,23,14.3,135.6,Petrolífero,Temprano (<30%)
165716,YPF,LA AMARGA CHICA,1907.638695652174,23,30.1,136.6,Petrolífero,Intermedio (30-60%)
165717,YPF,LA AMARGA CHICA,2097.674347826087,23,15.9,126.5,Petrolífero,Temprano (<30%)
165718,YPF,LA AMARGA CHICA,2520.8417391304347,23,32.2,131.0,Petrolífero,Intermedio (30-60%)
165719,YPF,LA AMARGA CHICA,2701.2091304347823,23,20.0,113.8,Petrolífero,Temprano (<30%)
165720,YPF,LA AMARGA CHICA,2694.58,22,31.0,130.4,Petrolífero,Intermedio (30-60%)
165721,YPF,LA AMARGA CHICA,2510.4808695652173,23,24.8,120.0,Petrolífero,Temprano (<30%)
165722,YPF,LOMA CAMPANA-LLL,1320.8908695652174,23,36.4,229.4,Petrolífero,Intermedio (30-60%)
165723,YPF,LOMA CAMPANA-LLL,1670.9519047619046,21,28.2,191.1,Petrolífero,Temprano (<30%)
165724,YPF,LOMA CAMPANA-LLL,2119.9391304347823,23,24.4,273.2,Petrolífero,Temprano (<30%)
165725,YPF,LOMA CAMPANA-LLL,3662.028695652174,23,10.2,210.9,Petrolífero,Temprano (<30%)
165726,YPF,LOMA CAMPANA-LLL,1257.6352173913044,23,36.6,244.4,Petrolífero,Intermedio (30-60%)
165727,YPF,LOMA CAMPANA-LLL,1862.286818181818,22,34.8,276.9,Petrolífero,Intermedio (30-60%)
165728,YPF,LA ANGOSTURA SUR I,2790.32,23,15.4,292.8,Petrolífero,Temprano (<30%)
165729,YPF,LA ANGOSTURA SUR I,2992.61,23,13.6,301.0,Petrolífero,Temprano (<30%)
165730,YPF,LA ANGOSTURA SUR I,2848.2165217391307,23,32.3,217.6,Petrolífero,Intermedio (30-60%)
165731,YPF,LA ANGOSTURA SUR I,2867.5226086956523,23,11.9,269.9,Petrolífero,Temprano (<30%)
165739,Shell,SIERRAS BLANCAS,1248.15,23,12.7,68.4,Petrolífero,Temprano (<30%)
165740,Shell,SIERRAS BLANCAS,2207.439565217391,23,12.6,82.3,Petrolífero,Temprano (<30%)
165741,Shell,SIERRAS BLANCAS,2078.6447826086956,23,12.8,78.6,Petrolífero,Temprano (<30%)
165742,Shell,SIERRAS BLANCAS,2130.9569565217394,23,12.5,82.4,Petrolífero,Temprano (<30%)
165767,Pan American Energy,LINDERO ATRAVESADO OCCIDENTAL,1504.381122727273,22,41.7,100.5,Petrolífero,Intermedio (30-60%)
165768,Pan American Energy,LINDERO ATRAVESADO OCCIDENTAL,1426.0241617826086,23,43.3,95.4,Petrolífero,Intermedio (30-60%)
165775,Vista Energy,BAJADA DEL PALO ESTE,717.2884761904762,21,9.8,51.4,Petrolífero,Temprano (<30%)
165776,Vista Energy,BAJADA DEL PALO ESTE,325.4340476190476,21,11.8,49.6,Petrolífero,Temprano (<30%)
165777,Vista Energy,BAJADA DEL PALO ESTE,3389.3088571428575,21,14.3,55.6,Petrolífero,Temprano (<30%)
165780,YPF,LOMA COLORADA,2054.214761904762,21,37.5,61.3,Petrolífero,Intermedio (30-60%)
165781,YPF,LOMA COLORADA,2151.105238095238,21,34.2,70.8,Petrolífero,Intermedio (30-60%)
165782,YPF,LOMA COLORADA,1686.257142857143,21,37.1,66.0,Petrolífero,Intermedio (30-60%)
165783,YPF,LOMA COLORADA,1045.9680952380952,21,49.6,68.9,Petrolífero,Intermedio (30-60%)
165784,YPF,BANDURRIA SUR,2065.3522727272725,22,32.1,212.0,Petrolífero,Intermedio (30-60%)
165785,YPF,BANDURRIA SUR,2861.35,22,20.1,213.2,Petrolífero,Temprano (<30%)
165786,YPF,BANDURRIA SUR,2099.165,22,36.5,216.6,Petrolífero,Intermedio (30-60%)
165787,YPF,BANDURRIA SUR,3070.791,20,18.0,213.6,Petrolífero,Temprano (<30%)
165788,YPF,BANDURRIA SUR,2265.9709523809524,21,34.8,229.0,Petrolífero,Intermedio (30-60%)
165789,YPF,BANDURRIA SUR,2909.526,20,30.5,233.6,Petrolífero,Intermedio (30-60%)
165790,YPF,BANDURRIA SUR,2661.751818181818,22,22.1,224.6,Petrolífero,Temprano (<30%)
165791,YPF,BANDURRIA SUR,1921.2645454545454,22,35.7,208.1,Petrolífero,Intermedio (30-60%)
165792,YPF,BANDURRIA SUR,2882.583181818182,22,15.4,186.6,Petrolífero,Temprano (<30%)
165793,YPF,BANDURRIA SUR,1810.0922727272728,22,34.4,197.3,Petrolífero,Intermedio (30-60%)
165794,YPF,BANDURRIA SUR,2707.8031818181817,22,26.9,211.2,Petrolífero,Temprano (<30%)
165795,YPF,BANDURRIA SUR,1117.682272727273,22,39.1,183.0,Petrolífero,Intermedio (30-60%)
165800,Vista Energy,BAJADA DEL PALO ESTE,2822.881428571429,21,13.0,54.5,Petrolífero,Temprano (<30%)
165801,Vista Energy,BAJADA DEL PALO ESTE,2460.104904761905,21,22.7,58.8,Petrolífero,Temprano (<30%)
165802,Vista Energy,BAJADA DEL PALO ESTE,2421.025619047619,21,33.6,55.6,Petrolífero,Intermedio (30-60%)
165803,Vista Energy,BAJADA DEL PALO ESTE,4278.400285714286,21,23.8,55.3,Petrolífero,Temprano (<30%)
165808,Geopark,LOMA JARILLOSA ESTE,1216.8,1,59.1,59.6,Petrolífero,Intermedio (30-60%)
165824,TotalEnergies,LA ESCALONADA,6650.2826654,10,22.9,380.4,Petrolífero,Temprano (<30%)
165824,Vaca,LA ESCALONADA,6053.211818181819,11,14.5,438.5,Petrolífero,Temprano (<30%)
165825,TotalEnergies,LA ESCALONADA,7557.591407,9,24.8,336.1,Petrolífero,Temprano (<30%)
165825,Vaca,LA ESCALONADA,6467.083636363636,11,16.9,375.1,Petrolífero,Temprano (<30%)
165829,Tecpetrol,FORTIN DE PIEDRA,622.2794761904762,21,79.5,11549.4,Gasífero,Maduro (>60%)
165830,Tecpetrol,FORTIN DE PIEDRA,552.6784714285715,21,76.1,10074.7,Gasífero,Maduro (>60%)
165831,Tecpetrol,FORTIN DE PIEDRA,498.8656714285714,21,81.0,11350.1,Gasífero,Maduro (>60%)
165832,Tecpetrol,FORTIN DE PIEDRA,447.44271142857144,21,83.0,13196.6,Gasífero,Maduro (>60%)
166124,YPF,LOMA COLORADA,1890.6442857142856,21,30.5,82.4,Petrolífero,Intermedio (30-60%)
166125,YPF,LOMA COLORADA,3070.861052631579,19,24.8,71.2,Petrolífero,Temprano (<30%)
166126,YPF,LOMA COLORADA,2221.5733333333333,21,28.6,57.0,Petrolífero,Temprano (<30%)
166127,YPF,LOMA COLORADA,2971.0309523809524,21,29.9,83.2,Petrolífero,Temprano (<30%)
166129,YPF,BANDURRIA SUR,2562.880476190476,21,31.6,368.1,Petrolífero,Intermedio (30-60%)
166130,YPF,BANDURRIA SUR,1600.8971428571426,21,49.5,365.8,Petrolífero,Intermedio (30-60%)
166131,YPF,BANDURRIA SUR,1746.157619047619,21,38.3,394.4,Petrolífero,Intermedio (30-60%)
166132,YPF,BANDURRIA SUR,2038.5590476190475,21,39.1,367.6,Petrolífero,Intermedio (30-60%)
166133,YPF,LAS TACANAS II,989.375,14,6.4,4530.4,Gasífero,Temprano (<30%)
166134,YPF,LAS TACANAS II,708.559,10,16.8,3847.5,Gasífero,Temprano (<30%)
166149,Petrolera El Trébol,CONFLUENCIA NORTE,5460.050058823529,17,3.2,46.2,Petrolífero,Temprano (<30%)
166149,Phoenix,CONFLUENCIA NORTE,1644.73935,6,25.2,56.9,Petrolífero,Temprano (<30%)
166150,Petrolera El Trébol,CONFLUENCIA NORTE,3456.6203588235294,17,4.6,41.2,Petrolífero,Temprano (<30%)
166150,Phoenix,CONFLUENCIA NORTE,1852.9620000000002,6,3.1,59.5,Petrolífero,Temprano (<30%)
166151,Petrolera El Trébol,CONFLUENCIA NORTE,4052.0296882352945,17,6.8,46.3,Petrolífero,Temprano (<30%)
166151,Phoenix,CONFLUENCIA NORTE,3054.0671666666663,6,2.5,65.1,Petrolífero,Temprano (<30%)
166152,Vista Energy,BAJADA DEL PALO ESTE,3503.2828499999996,20,14.7,41.3,Petrolífero,Temprano (<30%)
166153,Vista Energy,BAJADA DEL PALO ESTE,2620.1836,20,12.8,35.6,Petrolífero,Temprano (<30%)
166156,Pan American Energy,COIRON AMARGO SUR ESTE,3170.7244528571428,21,33.3,66.0,Petrolífero,Intermedio (30-60%)
166158,Pan American Energy,COIRON AMARGO SUR ESTE,2348.9248723809524,21,36.1,68.7,Petrolífero,Intermedio (30-60%)
166162,Pan American Energy,COIRON AMARGO SUR ESTE,2869.4356478095237,21,28.5,71.0,Petrolífero,Temprano (<30%)
166165,Pluspetrol,LA CALERA,276.5828125,16,87.9,27793.5,Gasífero,Maduro (>60%)
166168,Pluspetrol,LA CALERA,2698.3608,15,34.2,1159.2,Petrolífero,Intermedio (30-60%)
166169,Pluspetrol,LA CALERA,272.8380625,16,90.1,28368.4,Gasífero,Maduro (>60%)
166170,Tecpetrol,PUESTO PARADA NC,2848.9371650000003,20,11.8,69.9,Petrolífero,Temprano (<30%)
166171,Tecpetrol,PUESTO PARADA NC,2173.84371,20,17.5,63.4,Petrolífero,Temprano (<30%)
166172,Tecpetrol,PUESTO PARADA NC,1513.9464899999998,20,15.5,67.9,Petrolífero,Temprano (<30%)
166173,Tecpetrol,PUESTO PARADA NC,2028.6009,20,15.6,64.4,Petrolífero,Temprano (<30%)
166179,Pluspetrol,LA CALERA,199.902125,16,92.0,27981.5,Gasífero,Maduro (>60%)
166180,Pluspetrol,LA CALERA,2668.1434,15,31.8,1130.2,Petrolífero,Intermedio (30-60%)
166183,YPF,LOMA COLORADA,2137.773888888889,18,42.8,65.2,Petrolífero,Intermedio (30-60%)
166184,YPF,LOMA COLORADA,2223.0144444444445,18,35.6,69.2,Petrolífero,Intermedio (30-60%)
166185,YPF,LOMA COLORADA,1739.788888888889,18,38.8,67.7,Petrolífero,Intermedio (30-60%)
166186,YPF,LOMA COLORADA,1361.3838888888888,18,45.1,94.0,Petrolífero,Intermedio (30-60%)
166190,YPF,LA ANGOSTURA SUR I,3056.311111111111,18,18.1,246.0,Petrolífero,Temprano (<30%)
166191,YPF,LA ANGOSTURA SUR I,2901.386111111111,18,21.5,259.5,Petrolífero,Temprano (<30%)
166192,YPF,LA ANGOSTURA SUR I,2587.8921052631576,19,23.7,251.5,Petrolífero,Temprano (<30%)
166193,YPF,LA ANGOSTURA SUR I,2018.4585,20,29.3,302.1,Petrolífero,Temprano (<30%)
166194,YPF,LA ANGOSTURA SUR I,3182.604736842105,19,25.9,212.0,Petrolífero,Temprano (<30%)
166195,YPF,LA ANGOSTURA SUR I,2563.909,20,24.7,221.1,Petrolífero,Temprano (<30%)
166196,YPF,LA ANGOSTURA SUR I,2488.5915789473684,19,19.5,306.9,Petrolífero,Temprano (<30%)
166197,YPF,LA ANGOSTURA SUR I,2945.7435,20,23.7,221.3,Petrolífero,Temprano (<30%)
166198,YPF,LA ANGOSTURA SUR I,2677.223,20,20.0,233.0,Petrolífero,Temprano (<30%)
166199,YPF,LA ANGOSTURA SUR I,3790.572,20,16.7,220.4,Petrolífero,Temprano (<30%)
166201,YPF,LOMA CAMPANA,3930.9065,20,4.7,65.5,Petrolífero,Temprano (<30%)
166202,YPF,LOMA CAMPANA,4170.281,20,6.1,67.3,Petrolífero,Temprano (<30%)
166203,YPF,LOMA CAMPANA,4753.9545,20,8.0,105.5,Petrolífero,Temprano (<30%)
166204,YPF,LOMA CAMPANA,3592.2885,20,9.2,104.6,Petrolífero,Temprano (<30%)
166205,YPF,LOMA CAMPANA,4272.4885,20,8.0,56.8,Petrolífero,Temprano (<30%)
166206,YPF,LOMA CAMPANA,3421.6150000000002,20,6.5,99.2,Petrolífero,Temprano (<30%)
166209,Pan American Energy,AGUADA CÁNEPA,2391.5391799999998,20,23.3,53.2,Petrolífero,Temprano (<30%)
166210,Pan American Energy,AGUADA CÁNEPA,2962.3494984999998,20,22.8,48.6,Petrolífero,Temprano (<30%)
166211,Pan American Energy,AGUADA CÁNEPA,3634.581314,20,24.9,49.3,Petrolífero,Temprano (<30%)
166214,Kilwer,MATA MORA NORTE,3476.0337999999997,10,23.8,76.7,Petrolífero,Temprano (<30%)
166214,Petrolera El Trébol,MATA MORA NORTE,1391.6706333333332,3,1.3,60.4,Petrolífero,Temprano (<30%)
166214,Phoenix,MATA MORA NORTE,1178.5810333333334,6,15.3,74.0,Petrolífero,Temprano (<30%)
166215,Kilwer,MATA MORA NORTE,4315.5477,10,19.3,79.6,Petrolífero,Temprano (<30%)
166215,Petrolera El Trébol,MATA MORA NORTE,1605.9065,3,2.9,65.2,Petrolífero,Temprano (<30%)
166215,Phoenix,MATA MORA NORTE,1224.1780666666666,6,26.0,80.3,Petrolífero,Temprano (<30%)
166216,Kilwer,MATA MORA NORTE,4471.5952,10,23.4,74.2,Petrolífero,Temprano (<30%)
166216,Petrolera El Trébol,MATA MORA NORTE,1777.9883333333335,3,4.5,59.7,Petrolífero,Temprano (<30%)
166216,Phoenix,MATA MORA NORTE,1358.5707333333332,6,28.6,69.2,Petrolífero,Temprano (<30%)
166217,Vista Energy,BAJADA DEL PALO OESTE,1997.6600714285712,14,45.6,58.4,Petrolífero,Intermedio (30-60%)
166218,Vista Energy,BAJADA DEL PALO OESTE,1884.1818888888888,18,49.0,52.1,Petrolífero,Intermedio (30-60%)
166219,Vista Energy,BAJADA DEL PALO OESTE,1178.0429444444444,18,55.1,51.7,Petrolífero,Intermedio (30-60%)
166220,Vista Energy,BAJADA DEL PALO OESTE,1832.987,18,56.2,55.6,Petrolífero,Intermedio (30-60%)
166221,Pluspetrol,LA CALERA,3197.6206,15,29.3,1085.9,Petrolífero,Temprano (<30%)
166222,Vista Energy,BAJADA DEL PALO OESTE,2444.8832777777775,18,20.2,75.9,Petrolífero,Temprano (<30%)
166223,Vista Energy,BAJADA DEL PALO OESTE,1667.201388888889,18,33.6,80.5,Petrolífero,Intermedio (30-60%)
166224,Vista Energy,BAJADA DEL PALO OESTE,2706.856,18,17.5,76.2,Petrolífero,Temprano (<30%)
166225,Vista Energy,BAJADA DEL PALO OESTE,1603.8661666666667,18,37.7,78.6,Petrolífero,Intermedio (30-60%)
166230,Chevron,EL TRAPIAL ESTE,2935.6316666666667,18,32.4,494.7,Petrolífero,Intermedio (30-60%)
166231,Chevron,EL TRAPIAL ESTE,3615.7629411764706,17,46.4,322.4,Petrolífero,Intermedio (30-60%)
166232,Chevron,EL TRAPIAL ESTE,2811.974117647059,17,24.0,533.4,Petrolífero,Temprano (<30%)
166233,Chevron,EL TRAPIAL ESTE,4848.8741176470585,17,49.1,348.3,Petrolífero,Intermedio (30-60%)
166242,YPF,LA AMARGA CHICA,1206.3057894736842,19,24.6,90.7,Petrolífero,Temprano (<30%)
166243,YPF,LA AMARGA CHICA,690.1205882352941,17,53.3,93.5,Petrolífero,Intermedio (30-60%)
166244,YPF,LA AMARGA CHICA,1633.225263157895,19,32.1,87.4,Petrolífero,Intermedio (30-60%)
166245,YPF,LA AMARGA CHICA,1076.7784210526315,19,39.6,92.6,Petrolífero,Intermedio (30-60%)
166246,YPF,LA AMARGA CHICA,1757.5284210526315,19,30.5,98.1,Petrolífero,Intermedio (30-60%)
166247,YPF,LA AMARGA CHICA,1472.5231578947369,19,46.6,92.7,Petrolífero,Intermedio (30-60%)
166248,YPF,BANDURRIA SUR,2871.928947368421,19,45.6,169.8,Petrolífero,Intermedio (30-60%)
166249,YPF,BANDURRIA SUR,3106.713684210526,19,18.8,159.3,Petrolífero,Temprano (<30%)
166250,YPF,BANDURRIA SUR,1505.1968421052632,19,41.8,158.4,Petrolífero,Intermedio (30-60%)
166251,YPF,BANDURRIA SUR,2542.3526315789472,19,19.7,146.1,Petrolífero,Temprano (<30%)
166252,YPF,LOMA CAMPANA-LLL,2977.8126315789473,19,17.5,118.0,Petrolífero,Temprano (<30%)
166253,YPF,LOMA CAMPANA-LLL,2829.587894736842,19,9.9,120.3,Petrolífero,Temprano (<30%)
166254,YPF,LOMA CAMPANA-LLL,2786.333157894737,19,10.8,112.0,Petrolífero,Temprano (<30%)
166255,YPF,LOMA CAMPANA-LLL,662.0584210526316,19,15.8,92.2,Petrolífero,Temprano (<30%)
166256,YPF,LA ANGOSTURA SUR I,2281.37,19,14.1,219.9,Petrolífero,Temprano (<30%)
166257,Tecpetrol,PUESTO PARADA NC,4258.94874736842,19,14.5,71.6,Petrolífero,Temprano (<30%)
166258,Tecpetrol,FORTIN DE PIEDRA,458.6889052631579,19,81.8,11838.2,Gasífero,Maduro (>60%)
166263,Tecpetrol,FORTIN DE PIEDRA,825.229147368421,19,73.6,8170.9,Gasífero,Maduro (>60%)
166264,Tecpetrol,FORTIN DE PIEDRA,585.1223894736842,19,78.0,11136.4,Gasífero,Maduro (>60%)
166265,Tecpetrol,FORTIN DE PIEDRA,480.7623631578947,19,79.8,9320.5,Gasífero,Maduro (>60%)
166266,Tecpetrol,PUESTO PARADA NC,197.67454578947368,19,4.8,66.8,Petrolífero,Temprano (<30%)
166267,Tecpetrol,PUESTO PARADA NC,943.3496894736843,19,15.1,71.5,Petrolífero,Temprano (<30%)
166268,Tecpetrol,PUESTO PARADA NC,313.0616205263158,19,4.9,68.2,Petrolífero,Temprano (<30%)
166269,TotalEnergies,AGUADA PICHANA ESTE VACA MUERTA,150.13133166666665,18,85.2,21726.2,Gasífero,Maduro (>60%)
166270,Pluspetrol,LA CALERA,1875.8801818181819,11,50.9,4811.4,Gasífero,Intermedio (30-60%)
166271,TotalEnergies,AGUADA PICHANA ESTE VACA MUERTA,380.07175555555557,18,84.8,22393.8,Gasífero,Maduro (>60%)
166272,TotalEnergies,AGUADA PICHANA ESTE VACA MUERTA,293.10965588235297,17,91.9,22432.8,Gasífero,Maduro (>60%)
166273,Pan American Energy,AGUADA CÁNEPA,1465.3081689473686,19,15.1,36.0,Petrolífero,Temprano (<30%)
166284,Pan American Energy,AGUADA CÁNEPA,2257.660164736842,19,20.6,34.1,Petrolífero,Temprano (<30%)
166288,Pan American Energy,AGUADA CÁNEPA,1575.7675410526315,19,17.0,35.5,Petrolífero,Temprano (<30%)
166299,Tecpetrol,FORTIN DE PIEDRA,786.2980222222222,18,63.7,7974.6,Gasífero,Maduro (>60%)
166300,Tecpetrol,FORTIN DE PIEDRA,916.1874111111111,18,75.5,6587.0,Gasífero,Maduro (>60%)
166301,Tecpetrol,FORTIN DE PIEDRA,686.5724666666667,18,79.1,8175.9,Gasífero,Maduro (>60%)
166302,Tecpetrol,FORTIN DE PIEDRA,806.0667333333333,18,66.7,7867.2,Gasífero,Maduro (>60%)
166303,Pampa Energía,RINCON DE ARANDA,3054.6497,17,41.6,86.4,Petrolífero,Intermedio (30-60%)
166304,Pampa Energía,RINCON DE ARANDA,3778.5532058823533,17,38.8,83.4,Petrolífero,Intermedio (30-60%)
166305,Pampa Energía,RINCON DE ARANDA,3313.853235294118,17,33.4,81.0,Petrolífero,Intermedio (30-60%)
166306,Pampa Energía,RINCON DE ARANDA,3186.3492352941175,17,38.1,82.6,Petrolífero,Intermedio (30-60%)
166307,Pluspetrol,LA CALERA,1871.1062727272729,11,51.3,4276.2,Gasífero,Intermedio (30-60%)
166314,YPF,LA AMARGA CHICA,2041.9522222222222,18,61.8,77.5,Petrolífero,Maduro (>60%)
166315,YPF,LA AMARGA CHICA,3306.9405555555554,18,31.7,76.9,Petrolífero,Intermedio (30-60%)
166316,YPF,LA AMARGA CHICA,2741.386111111111,18,45.9,79.9,Petrolífero,Intermedio (30-60%)
166317,YPF,LA AMARGA CHICA,4380.776666666667,18,24.7,73.9,Petrolífero,Temprano (<30%)
166319,YPF,BANDURRIA SUR,1661.7016666666668,18,63.5,204.6,Petrolífero,Maduro (>60%)
166320,YPF,BANDURRIA SUR,2906.141111111111,18,40.7,196.6,Petrolífero,Intermedio (30-60%)
166321,YPF,BANDURRIA SUR,1245.486111111111,18,61.2,191.1,Petrolífero,Maduro (>60%)
166322,YPF,BANDURRIA SUR,2223.9905555555556,18,29.3,192.6,Petrolífero,Temprano (<30%)
166323,YPF,BANDURRIA SUR,2086.2816666666668,18,48.3,184.0,Petrolífero,Intermedio (30-60%)
166324,YPF,BANDURRIA SUR,3582.4011111111113,18,27.8,176.3,Petrolífero,Temprano (<30%)
166325,YPF,LOMA CAMPANA-LLL,2280.837857142857,14,49.8,624.1,Petrolífero,Intermedio (30-60%)
166326,YPF,LOMA CAMPANA-LLL,1413.7949999999998,18,61.6,424.7,Petrolífero,Maduro (>60%)
166328,Vista Energy,BAJADA DEL PALO OESTE,2670.263,17,35.8,155.6,Petrolífero,Intermedio (30-60%)
166329,Vista Energy,BAJADA DEL PALO OESTE,3048.388294117647,17,20.1,127.4,Petrolífero,Temprano (<30%)
166330,Vista Energy,BAJADA DEL PALO OESTE,2928.7289411764705,17,33.9,145.9,Petrolífero,Intermedio (30-60%)
166331,Vista Energy,BAJADA DEL PALO OESTE,4066.317117647059,17,19.7,110.4,Petrolífero,Temprano (<30%)
166336,Oilstone,LA ESPERANZA,15.498245944444445,18,16.0,0.0,Petrolífero,Temprano (<30%)
166337,Oilstone,CHALLACO,6.2824725,6,57.4,0.0,Petrolífero,Intermedio (30-60%)
166338,Oilstone,LA ESPERANZA,11.611364777777778,9,19.7,0.0,Petrolífero,Temprano (<30%)
166365,Pluspetrol,LA CALERA,2650.826769230769,13,51.4,1415.4,Petrolífero,Intermedio (30-60%)
166366,Pluspetrol,LA CALERA,2305.2498181818182,11,48.9,4370.1,Gasífero,Intermedio (30-60%)
166380,Pluspetrol,LA CALERA,2545.119153846154,13,47.4,1881.3,Petrolífero,Intermedio (30-60%)
166381,TotalEnergies,AGUADA PICHANA ESTE VACA MUERTA,443.9867625,16,77.2,20525.3,Gasífero,Maduro (>60%)
166382,TotalEnergies,AGUADA PICHANA ESTE VACA MUERTA,396.22454125,16,90.4,20899.5,Gasífero,Maduro (>60%)
166383,TotalEnergies,AGUADA PICHANA ESTE VACA MUERTA,383.75617933333336,15,84.9,20948.2,Gasífero,Maduro (>60%)
166384,Vista Energy,BAJADA DEL PALO ESTE,4373.32225,16,12.4,30.1,Petrolífero,Temprano (<30%)
166385,Vista Energy,BAJADA DEL PALO ESTE,2973.6044375,16,19.2,32.4,Petrolífero,Temprano (<30%)
166386,Vista Energy,BAJADA DEL PALO ESTE,2112.726,16,15.6,32.0,Petrolífero,Temprano (<30%)
166387,Vista Energy,BAJADA DEL PALO ESTE,3317.0278125,16,18.7,31.0,Petrolífero,Temprano (<30%)
166389,Pluspetrol,LA CALERA,2408.0698181818184,11,54.3,4005.6,Gasífero,Intermedio (30-60%)
166393,Tecpetrol,FORTIN DE PIEDRA,1512.3188470588234,17,61.1,4764.9,Gasífero,Maduro (>60%)
166394,Tecpetrol,FORTIN DE PIEDRA,1226.9617570588234,17,71.8,5807.7,Gasífero,Maduro (>60%)
166395,Tecpetrol,FORTIN DE PIEDRA,1565.6937117647058,17,71.7,4317.5,Gasífero,Maduro (>60%)
166396,Tecpetrol,FORTIN DE PIEDRA,1197.5436411764706,17,77.4,6924.8,Gasífero,Maduro (>60%)
166436,YPF,LOMA COLORADA,2781.1476470588236,17,20.7,64.0,Petrolífero,Temprano (<30%)
166437,YPF,LOMA COLORADA,1432.6782352941175,17,29.5,64.5,Petrolífero,Temprano (<30%)
166438,YPF,LOMA COLORADA,1626.338823529412,17,22.5,64.5,Petrolífero,Temprano (<30%)
166439,YPF,LOMA COLORADA,1131.534705882353,17,29.5,68.6,Petrolífero,Temprano (<30%)
166440,YPF,LOMA COLORADA,2780.8135294117646,17,31.5,57.8,Petrolífero,Intermedio (30-60%)
166441,YPF,LOMA COLORADA,1564.3729411764707,17,18.6,62.4,Petrolífero,Temprano (<30%)
166442,YPF,LA AMARGA CHICA,2079.9682352941177,17,19.6,144.2,Petrolífero,Temprano (<30%)
166443,YPF,LA AMARGA CHICA,1684.6741176470587,17,15.5,101.8,Petrolífero,Temprano (<30%)
166444,YPF,LA AMARGA CHICA,1264.1729411764704,17,29.3,119.9,Petrolífero,Temprano (<30%)
166445,YPF,LA AMARGA CHICA,1918.725294117647,17,25.2,165.2,Petrolífero,Temprano (<30%)
166446,YPF,LA AMARGA CHICA,1411.9405882352942,17,10.4,97.7,Petrolífero,Temprano (<30%)
166447,YPF,LA AMARGA CHICA,1141.3352941176472,17,24.3,103.8,Petrolífero,Temprano (<30%)
166448,YPF,LA AMARGA CHICA,2579.46,17,48.4,94.4,Petrolífero,Intermedio (30-60%)
166449,YPF,LA AMARGA CHICA,3997.106470588235,17,36.7,94.4,Petrolífero,Intermedio (30-60%)
166450,YPF,LA AMARGA CHICA,2532.36,17,47.6,104.0,Petrolífero,Intermedio (30-60%)
166451,YPF,LA AMARGA CHICA,4286.570588235294,17,27.2,101.4,Petrolífero,Temprano (<30%)
166452,YPF,LA AMARGA CHICA,2067.67,17,53.6,132.4,Petrolífero,Intermedio (30-60%)
166453,YPF,LA AMARGA CHICA,2564.8258823529413,17,40.2,127.3,Petrolífero,Intermedio (30-60%)
166454,YPF,LA AMARGA CHICA,2523.8717647058825,17,51.0,131.4,Petrolífero,Intermedio (30-60%)
166455,YPF,LA AMARGA CHICA,3183.6158823529413,17,30.9,120.6,Petrolífero,Intermedio (30-60%)
166457,YPF,LA ANGOSTURA SUR I,2252.225882352941,17,15.6,115.4,Petrolífero,Temprano (<30%)
166458,YPF,LA ANGOSTURA SUR I,3838.035,14,18.7,218.2,Petrolífero,Temprano (<30%)
166459,YPF,LA ANGOSTURA SUR I,2351.718,15,17.5,114.4,Petrolífero,Temprano (<30%)
166460,YPF,LA ANGOSTURA SUR I,3438.5775,16,30.1,216.9,Petrolífero,Intermedio (30-60%)
166461,YPF,LA ANGOSTURA SUR I,2731.247058823529,17,11.4,117.3,Petrolífero,Temprano (<30%)
166462,YPF,LA ANGOSTURA SUR I,3051.3156249999997,16,21.2,215.2,Petrolífero,Temprano (<30%)
166495,Pluspetrol,LA CALERA,4444.143625,8,38.1,2016.4,Petrolífero,Intermedio (30-60%)
166496,Pluspetrol,LA CALERA,2372.5476153846153,13,49.7,1943.4,Petrolífero,Intermedio (30-60%)
166497,Vista Energy,BAJADA DEL PALO OESTE,3076.0107333333335,15,46.0,83.7,Petrolífero,Intermedio (30-60%)
166498,Vista Energy,BAJADA DEL PALO OESTE,3375.7355333333335,15,42.1,76.9,Petrolífero,Intermedio (30-60%)
166499,Vista Energy,BAJADA DEL PALO OESTE,3675.2727999999997,15,42.5,86.7,Petrolífero,Intermedio (30-60%)
166500,Vista Energy,BAJADA DEL PALO OESTE,3927.4278,15,51.5,86.0,Petrolífero,Intermedio (30-60%)
166501,Pampa Energía,RINCON DE ARANDA,1704.0052333333333,15,20.2,57.8,Petrolífero,Temprano (<30%)
166502,Pampa Energía,RINCON DE ARANDA,2738.5040714285715,14,44.9,74.3,Petrolífero,Intermedio (30-60%)
166503,Pampa Energía,RINCON DE ARANDA,1799.5447642857143,14,21.1,65.8,Petrolífero,Temprano (<30%)
166504,Pampa Energía,RINCON DE ARANDA,2638.1911000000005,15,48.9,72.8,Petrolífero,Intermedio (30-60%)
166505,Pluspetrol,LA CALERA,4057.184,9,40.7,1966.8,Petrolífero,Intermedio (30-60%)
166522,Kilwer,MATA MORA NORTE,5018.713,6,26.6,58.4,Petrolífero,Temprano (<30%)
166522,Petrolera El Trébol,MATA MORA NORTE,2360.345,3,8.5,78.9,Petrolífero,Temprano (<30%)
166522,Phoenix,MATA MORA NORTE,1602.2413333333334,6,5.7,74.8,Petrolífero,Temprano (<30%)
166523,Kilwer,MATA MORA NORTE,4272.311166666666,6,34.4,56.6,Petrolífero,Intermedio (30-60%)
166523,Petrolera El Trébol,MATA MORA NORTE,2687.6993333333335,3,15.1,74.3,Petrolífero,Temprano (<30%)
166523,Phoenix,MATA MORA NORTE,1737.9818333333333,6,12.1,75.0,Petrolífero,Temprano (<30%)
166524,Kilwer,MATA MORA NORTE,5353.606716666666,6,25.8,55.4,Petrolífero,Temprano (<30%)
166524,Petrolera El Trébol,MATA MORA NORTE,2835.0916666666667,3,8.6,78.9,Petrolífero,Temprano (<30%)
166524,Phoenix,MATA MORA NORTE,1763.256,6,11.6,74.6,Petrolífero,Temprano (<30%)
166525,Kilwer,MATA MORA NORTE,4815.2505,6,27.9,54.2,Petrolífero,Temprano (<30%)
166525,Petrolera El Trébol,MATA MORA NORTE,2948.715,3,11.2,71.1,Petrolífero,Temprano (<30%)
166525,Phoenix,MATA MORA NORTE,1639.0313333333334,6,11.7,68.4,Petrolífero,Temprano (<30%)
166531,Pan American Energy,LINDERO ATRAVESADO OCCIDENTAL,3980.68488,15,22.6,126.3,Petrolífero,Temprano (<30%)
166534,Pan American Energy,LINDERO ATRAVESADO OCCIDENTAL,3349.0827533333336,15,22.6,125.8,Petrolífero,Temprano (<30%)
166538,Capex,AGUA DEL CAJON,1553.71625,16,26.0,74.4,Petrolífero,Temprano (<30%)
166539,Capex,AGUA DEL CAJON,1384.985625,16,28.1,76.6,Petrolífero,Temprano (<30%)
166540,Capex,AGUA DEL CAJON,1327.62125,16,29.5,75.8,Petrolífero,Temprano (<30%)
166541,Capex,AGUA DEL CAJON,1545.540625,16,24.8,73.9,Petrolífero,Temprano (<30%)
166545,YPF,RIO NEUQUEN,1464.35875,16,21.1,74.5,Petrolífero,Temprano (<30%)
166546,YPF,RIO NEUQUEN,1992.68375,16,16.4,77.1,Petrolífero,Temprano (<30%)
166549,YPF,LA AMARGA CHICA,2777.340625,16,35.0,214.0,Petrolífero,Intermedio (30-60%)
166550,YPF,LA AMARGA CHICA,3532.1820000000002,15,21.9,211.5,Petrolífero,Temprano (<30%)
166551,YPF,LA AMARGA CHICA,2739.2875,16,39.4,222.9,Petrolífero,Intermedio (30-60%)
166552,YPF,LA AMARGA CHICA,2011.698125,16,24.4,82.7,Petrolífero,Temprano (<30%)
166553,YPF,LA AMARGA CHICA,1667.8053333333335,15,57.3,112.9,Petrolífero,Intermedio (30-60%)
166554,YPF,LA AMARGA CHICA,1621.86375,16,24.4,91.1,Petrolífero,Temprano (<30%)
166555,YPF,LA AMARGA CHICA,1613.860625,16,34.4,97.2,Petrolífero,Intermedio (30-60%)
166556,YPF,LA AMARGA CHICA,1794.8912500000001,16,24.0,90.3,Petrolífero,Temprano (<30%)
166557,YPF,LA AMARGA CHICA,1523.41,16,50.2,100.0,Petrolífero,Intermedio (30-60%)
166558,YPF,LA AMARGA CHICA,3106.925625,16,18.8,216.2,Petrolífero,Temprano (<30%)
166559,YPF,BANDURRIA SUR,3117.83,16,39.8,175.5,Petrolífero,Intermedio (30-60%)
166560,YPF,BANDURRIA SUR,3686.295,16,11.5,169.8,Petrolífero,Temprano (<30%)
166561,YPF,BANDURRIA SUR,3215.855,16,35.3,183.4,Petrolífero,Intermedio (30-60%)
166562,YPF,BANDURRIA SUR,4600.465625,16,10.1,175.4,Petrolífero,Temprano (<30%)
166563,YPF,BANDURRIA SUR,3688.0837500000002,16,33.6,178.9,Petrolífero,Intermedio (30-60%)
166564,YPF,BANDURRIA SUR,4740.2074999999995,16,11.7,189.8,Petrolífero,Temprano (<30%)
166565,YPF,BANDURRIA SUR,2916.23,16,17.0,211.9,Petrolífero,Temprano (<30%)
166566,YPF,BANDURRIA SUR,2922.447333333333,15,32.9,216.0,Petrolífero,Intermedio (30-60%)
166567,YPF,BANDURRIA SUR,2516.360625,16,21.2,212.3,Petrolífero,Temprano (<30%)
166568,YPF,BANDURRIA SUR,2893.155,16,29.2,224.3,Petrolífero,Temprano (<30%)
166569,YPF,LOMA CAMPANA-LLL,4254.803125,16,10.1,89.1,Petrolífero,Temprano (<30%)
166570,YPF,LOMA CAMPANA-LLL,4188.223125,16,10.7,89.8,Petrolífero,Temprano (<30%)
166578,Shell,COIRON AMARGO SUR OESTE,2081.965,16,12.1,86.2,Petrolífero,Temprano (<30%)
166579,Shell,COIRON AMARGO SUR OESTE,2219.41375,16,14.0,86.8,Petrolífero,Temprano (<30%)
166580,Shell,COIRON AMARGO SUR OESTE,2441.64875,16,12.0,86.1,Petrolífero,Temprano (<30%)
166581,Shell,COIRON AMARGO SUR OESTE,2928.870625,16,11.8,85.4,Petrolífero,Temprano (<30%)
166582,Shell,CRUZ DE LORENA,2555.21375,16,20.5,86.3,Petrolífero,Temprano (<30%)
166583,Shell,CRUZ DE LORENA,6256.266875,16,9.0,84.4,Petrolífero,Temprano (<30%)
166584,Shell,CRUZ DE LORENA,2771.041875,16,21.7,93.7,Petrolífero,Temprano (<30%)
166585,Shell,CRUZ DE LORENA,5054.458,15,9.5,80.1,Petrolífero,Temprano (<30%)
166586,Pampa Energía,SIERRA CHATA,48.31579,1,97.3,504414.4,Gasífero,Maduro (>60%)
166589,Chevron,EL TRAPIAL ESTE,4199.847857142858,14,33.5,475.3,Petrolífero,Intermedio (30-60%)
166590,Chevron,EL TRAPIAL ESTE,3057.7976923076926,13,66.0,383.1,Petrolífero,Maduro (>60%)
166591,Chevron,EL TRAPIAL ESTE,3954.8585714285714,14,36.1,607.1,Petrolífero,Intermedio (30-60%)
166592,Chevron,EL TRAPIAL ESTE,3344.3814285714284,14,65.6,442.0,Petrolífero,Maduro (>60%)
166593,Pluspetrol,LA CALERA,4171.197222222222,9,52.9,2088.2,Petrolífero,Intermedio (30-60%)
166594,Pampa Energía,RINCON DE ARANDA,2788.0795714285714,14,38.8,90.7,Petrolífero,Intermedio (30-60%)
166595,Pampa Energía,RINCON DE ARANDA,1221.9080857142856,14,55.0,86.2,Petrolífero,Intermedio (30-60%)
166596,Pampa Energía,RINCON DE ARANDA,1337.9169214285714,14,42.0,77.2,Petrolífero,Intermedio (30-60%)
166597,Pampa Energía,RINCON DE ARANDA,2827.8339285714287,14,51.6,90.5,Petrolífero,Intermedio (30-60%)
166598,Tecpetrol,FORTIN DE PIEDRA,117.10648028571428,14,91.2,73205.6,Gasífero,Maduro (>60%)
166599,Tecpetrol,FORTIN DE PIEDRA,80.63937,12,95.4,79074.2,Gasífero,Maduro (>60%)
166600,TotalEnergies,AGUADA PICHANA ESTE VACA MUERTA,391.00358642857145,14,87.0,26711.4,Gasífero,Maduro (>60%)
166601,TotalEnergies,AGUADA PICHANA ESTE VACA MUERTA,328.02784285714284,14,87.8,26867.3,Gasífero,Maduro (>60%)
166603,TotalEnergies,AGUADA PICHANA ESTE VACA MUERTA,375.12417571428574,14,83.8,26643.1,Gasífero,Maduro (>60%)
166611,YPF,LOMA COLORADA,2061.4706666666666,15,38.2,67.5,Petrolífero,Intermedio (30-60%)
166612,YPF,LOMA COLORADA,2647.8313333333335,15,36.0,60.1,Petrolífero,Intermedio (30-60%)
166613,YPF,LOMA COLORADA,1579.7773333333332,15,43.2,65.2,Petrolífero,Intermedio (30-60%)
166614,YPF,LOMA COLORADA,2263.463333333333,15,30.8,65.5,Petrolífero,Intermedio (30-60%)
166616,YPF,LOMA CAMPANA-LLL,4661.468666666667,15,29.3,308.7,Petrolífero,Temprano (<30%)
166617,YPF,LOMA CAMPANA-LLL,3408.002,15,49.7,289.9,Petrolífero,Intermedio (30-60%)
166618,YPF,LOMA CAMPANA-LLL,4350.234,15,23.8,303.1,Petrolífero,Temprano (<30%)
166619,YPF,LOMA CAMPANA-LLL,2660.074,15,46.5,288.4,Petrolífero,Intermedio (30-60%)
166620,YPF,LOMA CAMPANA-LLL,4686.756428571428,14,23.8,298.6,Petrolífero,Temprano (<30%)
166621,YPF,LOMA CAMPANA-LLL,3618.2278571428574,14,47.1,285.1,Petrolífero,Intermedio (30-60%)
166622,YPF,LOMA CAMPANA-LLL,3095.8773333333334,15,10.1,82.7,Petrolífero,Temprano (<30%)
166623,YPF,LOMA CAMPANA-LLL,124.7,1,35.6,54.9,Petrolífero,Intermedio (30-60%)
166624,YPF,LA ANGOSTURA SUR II,3572.2526666666668,15,20.5,389.3,Petrolífero,Temprano (<30%)
166625,YPF,LA ANGOSTURA SUR II,3036.1833333333334,15,21.4,404.8,Petrolífero,Temprano (<30%)
166626,YPF,LA ANGOSTURA SUR II,2976.3433333333332,15,21.9,399.2,Petrolífero,Temprano (<30%)
166627,YPF,LA ANGOSTURA SUR II,3583.1726666666664,15,25.5,399.0,Petrolífero,Temprano (<30%)
166628,YPF,LA ANGOSTURA SUR II,2743.2180000000003,15,22.7,383.5,Petrolífero,Temprano (<30%)
166629,YPF,LA ANGOSTURA SUR II,2627.012666666667,15,23.1,375.5,Petrolífero,Temprano (<30%)
166634,Pan American Energy,LINDERO ATRAVESADO OCCIDENTAL,3099.252753333333,15,26.8,129.7,Petrolífero,Temprano (<30%)
166637,Pan American Energy,LINDERO ATRAVESADO OCCIDENTAL,3795.03532,15,23.5,135.7,Petrolífero,Temprano (<30%)
166640,Pan American Energy,LINDERO ATRAVESADO OCCIDENTAL,4033.08302,15,16.3,79.1,Petrolífero,Temprano (<30%)
166644,Pan American Energy,LINDERO ATRAVESADO OCCIDENTAL,6259.410142857143,14,9.3,178.6,Petrolífero,Temprano (<30%)
166645,Pan American Energy,LINDERO ATRAVESADO OCCIDENTAL,1534.24976,15,23.7,72.6,Petrolífero,Temprano (<30%)
166651,Pan American Energy,LINDERO ATRAVESADO OCCIDENTAL,6558.910142857143,14,9.1,168.2,Petrolífero,Temprano (<30%)
166654,Pampa Energía,RINCON DE ARANDA,3905.8961642857143,14,40.0,76.1,Petrolífero,Intermedio (30-60%)
166655,Pampa Energía,RINCON DE ARANDA,3048.1887042857147,14,48.4,78.2,Petrolífero,Intermedio (30-60%)
166656,Pampa Energía,RINCON DE ARANDA,4017.9165714285714,14,43.3,75.3,Petrolífero,Intermedio (30-60%)
166657,Vista Energy,BAJADA DEL PALO OESTE,5705.0560000000005,13,18.8,169.2,Petrolífero,Temprano (<30%)
166658,Vista Energy,BAJADA DEL PALO OESTE,4455.027357142857,14,17.3,147.1,Petrolífero,Temprano (<30%)
166659,Vista Energy,BAJADA DEL PALO OESTE,3420.920692307692,13,46.2,194.6,Petrolífero,Intermedio (30-60%)
166660,Vista Energy,BAJADA DEL PALO OESTE,3947.7426428571425,14,18.3,147.7,Petrolífero,Temprano (<30%)
166661,Vista Energy,BAJADA DEL PALO OESTE,4924.500384615384,13,17.2,168.6,Petrolífero,Temprano (<30%)
166662,Pluspetrol,LA CALERA,2971.17925,8,50.9,1945.6,Petrolífero,Intermedio (30-60%)
166664,Tecpetrol,FORTIN DE PIEDRA,90.86846357142858,14,92.9,70436.0,Gasífero,Maduro (>60%)
166665,Tecpetrol,FORTIN DE PIEDRA,152.31575083333334,12,91.4,53951.1,Gasífero,Maduro (>60%)
166666,Tecpetrol,PUESTO PARADA NC,3180.459714285714,14,5.6,79.9,Petrolífero,Temprano (<30%)
166667,Tecpetrol,PUESTO PARADA NC,2412.9139142857143,14,18.2,81.2,Petrolífero,Temprano (<30%)
166668,Tecpetrol,PUESTO PARADA NC,2597.9928785714287,14,13.5,80.5,Petrolífero,Temprano (<30%)
166670,Pluspetrol,LA CALERA,3356.351222222222,9,60.0,2181.2,Petrolífero,Maduro (>60%)
166671,YPF,LOMA COLORADA,1751.3085714285714,14,38.0,72.7,Petrolífero,Intermedio (30-60%)
166672,YPF,LOMA COLORADA,1559.885,14,30.5,73.9,Petrolífero,Intermedio (30-60%)
166673,YPF,LOMA COLORADA,1693.3157142857142,14,40.3,64.3,Petrolífero,Intermedio (30-60%)
166674,YPF,LOMA COLORADA,2037.8964285714285,14,31.1,81.1,Petrolífero,Intermedio (30-60%)
166675,YPF,LOMA COLORADA,1930.1278571428572,14,46.7,69.6,Petrolífero,Intermedio (30-60%)
166676,YPF,AGUADA DE LA ARENA,1.22,1,100.0,3269295.1,Gasífero,Maduro (>60%)
166677,YPF,AGUADA DE LA ARENA,1.4,1,100.0,3508742.9,Gasífero,Maduro (>60%)
166678,YPF,BAJO DEL TORO NORTE,3670.403846153846,13,49.6,159.8,Petrolífero,Intermedio (30-60%)
166679,YPF,BAJO DEL TORO NORTE,2765.782857142857,14,45.7,163.6,Petrolífero,Intermedio (30-60%)
166680,YPF,BAJO DEL TORO NORTE,3070.308571428571,14,34.1,205.7,Petrolífero,Intermedio (30-60%)
166681,YPF,BAJO DEL TORO NORTE,3430.947142857143,14,49.9,150.3,Petrolífero,Intermedio (30-60%)
166683,YPF,BANDURRIA SUR,4382.8435714285715,14,32.3,250.1,Petrolífero,Intermedio (30-60%)
166684,YPF,BANDURRIA SUR,2298.671,10,60.0,267.2,Petrolífero,Maduro (>60%)
166685,YPF,BANDURRIA SUR,3138.77,14,46.2,258.0,Petrolífero,Intermedio (30-60%)
166686,YPF,BANDURRIA SUR,2411.9371428571426,14,60.4,246.6,Petrolífero,Maduro (>60%)
166687,YPF,BANDURRIA SUR,2436.3464285714285,14,51.1,261.3,Petrolífero,Intermedio (30-60%)
166688,YPF,BANDURRIA SUR,3875.555,14,45.5,236.7,Petrolífero,Intermedio (30-60%)
166689,YPF,LA ANGOSTURA SUR I,3552.6385714285716,14,18.7,216.4,Petrolífero,Temprano (<30%)
166690,YPF,LA ANGOSTURA SUR I,5093.071428571428,14,21.1,238.8,Petrolífero,Temprano (<30%)
166691,YPF,LA ANGOSTURA SUR I,4651.356428571428,14,22.1,255.5,Petrolífero,Temprano (<30%)
166692,YPF,LA ANGOSTURA SUR I,4677.617142857142,14,21.1,245.6,Petrolífero,Temprano (<30%)
166693,YPF,LA ANGOSTURA SUR I,4248.725,14,23.2,258.5,Petrolífero,Temprano (<30%)
166694,YPF,LA ANGOSTURA SUR I,4302.467142857143,14,22.3,258.0,Petrolífero,Temprano (<30%)
166704,Pan American Energy,LINDERO ATRAVESADO OCCIDENTAL,3331.1244538461538,13,31.2,111.8,Petrolífero,Intermedio (30-60%)
166707,Pluspetrol,LA CALERA,4014.516857142857,7,47.0,3215.4,Gasífero,Intermedio (30-60%)
166708,Pluspetrol,LA CALERA,3081.628888888889,9,50.0,1714.0,Petrolífero,Intermedio (30-60%)
166709,Pluspetrol,LA CALERA,3708.7949999999996,7,40.3,3062.9,Gasífero,Intermedio (30-60%)
166710,Vista Energy,AGUADA FEDERAL,2847.72925,12,46.3,117.1,Petrolífero,Intermedio (30-60%)
166711,Vista Energy,AGUADA FEDERAL,2426.1870833333332,12,39.3,128.2,Petrolífero,Intermedio (30-60%)
166712,Vista Energy,AGUADA FEDERAL,2810.7910833333335,12,30.0,123.1,Petrolífero,Intermedio (30-60%)
166713,Vista Energy,AGUADA FEDERAL,2747.7635833333334,12,30.5,120.0,Petrolífero,Intermedio (30-60%)
166715,Vista Energy,BAJADA DEL PALO OESTE,3666.7076153846156,13,22.9,103.0,Petrolífero,Temprano (<30%)
166716,Vista Energy,BAJADA DEL PALO OESTE,3215.6553846153843,13,40.6,129.0,Petrolífero,Intermedio (30-60%)
166717,Vista Energy,BAJADA DEL PALO OESTE,2626.3779999999997,13,22.9,100.6,Petrolífero,Temprano (<30%)
166718,Vista Energy,BAJADA DEL PALO OESTE,2525.335416666667,12,47.7,123.2,Petrolífero,Intermedio (30-60%)
166731,Chevron,EL TRAPIAL ESTE,4384.106666666667,12,32.8,453.0,Petrolífero,Intermedio (30-60%)
166732,Chevron,EL TRAPIAL ESTE,3399.2525,12,61.9,342.5,Petrolífero,Maduro (>60%)
166733,Chevron,EL TRAPIAL ESTE,4546.263333333333,12,33.1,513.0,Petrolífero,Intermedio (30-60%)
166734,Chevron,EL TRAPIAL ESTE,3836.9408333333336,12,59.4,373.3,Petrolífero,Intermedio (30-60%)
166736,Vista Energy,BAJADA DEL PALO OESTE,5069.715333333334,12,21.8,65.1,Petrolífero,Temprano (<30%)
166737,Vista Energy,BAJADA DEL PALO OESTE,5066.639666666667,12,25.9,63.3,Petrolífero,Temprano (<30%)
166744,Pluspetrol,LA CALERA,3137.736,7,65.0,3356.2,Gasífero,Maduro (>60%)
166748,Pampa Energía,RINCON DE ARANDA,4669.580166666667,12,30.6,89.3,Petrolífero,Intermedio (30-60%)
166749,Pampa Energía,RINCON DE ARANDA,3749.762666666667,12,30.8,84.2,Petrolífero,Intermedio (30-60%)
166750,Pampa Energía,RINCON DE ARANDA,299.29538333333335,12,28.5,62.4,Petrolífero,Temprano (<30%)
166751,Pan American Energy,COIRON AMARGO SUR ESTE,1769.8141608333333,12,41.9,61.8,Petrolífero,Intermedio (30-60%)
166756,Pan American Energy,COIRON AMARGO SUR ESTE,3692.458666666667,12,29.4,61.1,Petrolífero,Temprano (<30%)
166759,Pan American Energy,COIRON AMARGO SUR ESTE,3556.3133333333335,12,28.9,57.4,Petrolífero,Temprano (<30%)
166763,Pan American Energy,COIRON AMARGO SUR ESTE,1808.16035,12,40.7,52.6,Petrolífero,Intermedio (30-60%)
166769,YPF,LOMA COLORADA,2089.349230769231,13,29.3,67.9,Petrolífero,Temprano (<30%)
166770,YPF,LOMA COLORADA,2729.785,12,43.8,62.4,Petrolífero,Intermedio (30-60%)
166771,YPF,LOMA COLORADA,1819.6123076923077,13,40.2,113.6,Petrolífero,Intermedio (30-60%)
166772,YPF,LOMA COLORADA,2240.8192307692307,13,44.9,65.0,Petrolífero,Intermedio (30-60%)
166773,YPF,LOMA COLORADA,2677.040769230769,13,42.7,74.6,Petrolífero,Intermedio (30-60%)
166774,YPF,LOMA COLORADA,1450.5076923076924,13,48.8,76.1,Petrolífero,Intermedio (30-60%)
166775,YPF,LOMA COLORADA,2094.1876923076925,13,42.6,66.4,Petrolífero,Intermedio (30-60%)
166776,YPF,LA AMARGA CHICA,2286.910769230769,13,47.4,120.8,Petrolífero,Intermedio (30-60%)
166777,YPF,LA AMARGA CHICA,4868.406153846154,13,29.1,123.2,Petrolífero,Temprano (<30%)
166778,YPF,LA AMARGA CHICA,4120.379166666667,12,27.2,71.5,Petrolífero,Temprano (<30%)
166779,YPF,LA AMARGA CHICA,3111.3184615384616,13,54.6,86.7,Petrolífero,Intermedio (30-60%)
166780,YPF,LA AMARGA CHICA,4933.470769230769,13,26.7,77.5,Petrolífero,Temprano (<30%)
166781,YPF,LA AMARGA CHICA,3686.773076923077,13,53.4,92.1,Petrolífero,Intermedio (30-60%)
166782,YPF,LA AMARGA CHICA,5495.308461538461,13,21.8,70.1,Petrolífero,Temprano (<30%)
166783,YPF,LOMA CAMPANA-LLL,6580.723846153846,13,20.8,380.7,Petrolífero,Temprano (<30%)
166784,YPF,LOMA CAMPANA-LLL,5923.713846153846,13,23.6,385.0,Petrolífero,Temprano (<30%)
166785,YPF,LA ANGOSTURA SUR I,2819.573076923077,13,37.2,171.9,Petrolífero,Intermedio (30-60%)
166786,YPF,LA ANGOSTURA SUR I,3334.7184615384613,13,38.1,171.9,Petrolífero,Intermedio (30-60%)
166787,YPF,LA ANGOSTURA SUR I,2790.6223076923075,13,34.4,174.1,Petrolífero,Intermedio (30-60%)
166789,Pluspetrol,LA CALERA,3431.0244285714284,7,54.8,2867.2,Petrolífero,Intermedio (30-60%)
166791,Pluspetrol,LA CALERA,3607.7851428571425,7,43.3,3009.4,Gasífero,Intermedio (30-60%)
166793,Vista Energy,BAJADA DEL PALO ESTE,4540.181363636363,11,23.5,53.7,Petrolífero,Temprano (<30%)
166794,Vista Energy,BAJADA DEL PALO ESTE,3354.010818181818,11,22.4,44.3,Petrolífero,Temprano (<30%)
166795,Vista Energy,BAJADA DEL PALO ESTE,2982.355454545455,11,26.1,38.1,Petrolífero,Temprano (<30%)
166797,Pluspetrol,LA CALERA,3453.8117142857145,7,63.2,3099.8,Gasífero,Maduro (>60%)
166803,Shell,SIERRAS BLANCAS,4035.472727272727,11,14.3,87.9,Petrolífero,Temprano (<30%)
166804,Shell,SIERRAS BLANCAS,3896.020909090909,11,15.0,102.5,Petrolífero,Temprano (<30%)
166805,Shell,SIERRAS BLANCAS,688.4085714285713,7,16.9,41.9,Petrolífero,Temprano (<30%)
166806,Shell,SIERRAS BLANCAS,4394.164545454545,11,11.3,91.6,Petrolífero,Temprano (<30%)
166807,YPF,LA ANGOSTURA SUR II,3648.69,12,28.6,275.8,Petrolífero,Temprano (<30%)
166808,YPF,LA AMARGA CHICA,5310.133333333333,12,20.9,132.7,Petrolífero,Temprano (<30%)
166809,YPF,LA AMARGA CHICA,2695.1200000000003,12,27.0,120.7,Petrolífero,Temprano (<30%)
166810,YPF,LA AMARGA CHICA,5186.0125,12,23.6,125.8,Petrolífero,Temprano (<30%)
166811,YPF,LA AMARGA CHICA,6483.626363636364,11,24.2,104.0,Petrolífero,Temprano (<30%)
166812,YPF,LA AMARGA CHICA,5012.395454545454,11,50.2,107.7,Petrolífero,Intermedio (30-60%)
166813,YPF,LA AMARGA CHICA,5991.775833333333,12,22.0,96.0,Petrolífero,Temprano (<30%)
166814,YPF,LA AMARGA CHICA,3714.3863636363635,11,44.1,133.4,Petrolífero,Intermedio (30-60%)
166815,YPF,LA AMARGA CHICA,5497.141666666666,12,25.7,123.2,Petrolífero,Temprano (<30%)
166816,YPF,LA AMARGA CHICA,2491.8775,12,45.5,123.3,Petrolífero,Intermedio (30-60%)
166817,YPF,LA AMARGA CHICA,2048.0325,12,47.0,131.8,Petrolífero,Intermedio (30-60%)
166818,YPF,BANDURRIA SUR,3040.3025,12,20.1,335.8,Petrolífero,Temprano (<30%)
166819,YPF,BANDURRIA SUR,2800.9758333333334,12,21.8,323.0,Petrolífero,Temprano (<30%)
166820,YPF,BANDURRIA SUR,2511.0175,12,30.7,337.9,Petrolífero,Intermedio (30-60%)
166825,YPF,LOMA CAMPANA-LLL,7656.267499999999,12,20.4,416.4,Petrolífero,Temprano (<30%)
166826,YPF,LOMA CAMPANA-LLL,6654.7425,12,23.6,388.4,Petrolífero,Temprano (<30%)
166827,YPF,LOMA CAMPANA-LLL,4577.650833333333,12,26.6,391.9,Petrolífero,Temprano (<30%)
166829,YPF,LA ANGOSTURA SUR I,2886.4066666666663,12,35.6,172.7,Petrolífero,Intermedio (30-60%)
166830,YPF,LA ANGOSTURA SUR I,2707.6225,12,34.9,174.3,Petrolífero,Intermedio (30-60%)
166831,YPF,LA ANGOSTURA SUR I,3058.885,12,32.0,172.8,Petrolífero,Intermedio (30-60%)
166832,YPF,LOMA CAMPANA,5883.5275,12,13.7,113.7,Petrolífero,Temprano (<30%)
166833,YPF,LOMA CAMPANA,5452.163333333333,12,17.2,113.1,Petrolífero,Temprano (<30%)
166834,YPF,LOMA CAMPANA,5905.95,12,17.3,111.2,Petrolífero,Temprano (<30%)
166840,Pan American Energy,AGUADA CÁNEPA,3211.108866666667,12,37.5,46.3,Petrolífero,Intermedio (30-60%)
166844,Pan American Energy,AGUADA CÁNEPA,3535.5296833333337,12,34.5,51.1,Petrolífero,Intermedio (30-60%)
166848,Pluspetrol,LA CALERA,5642.9490000000005,4,31.6,1423.7,Petrolífero,Intermedio (30-60%)
166849,Pampa Energía,RINCON DE ARANDA,3206.555709090909,11,51.5,44.8,Petrolífero,Intermedio (30-60%)
166850,Pampa Energía,RINCON DE ARANDA,2238.4981209000002,10,59.0,40.1,Petrolífero,Intermedio (30-60%)
166851,Pampa Energía,RINCON DE ARANDA,2668.4334727272726,11,52.0,42.3,Petrolífero,Intermedio (30-60%)
166852,Pampa Energía,RINCON DE ARANDA,2504.819963636364,11,56.4,40.0,Petrolífero,Intermedio (30-60%)
166853,Petrolera El Trébol,CONFLUENCIA SUR,6565.564,4,21.7,58.8,Petrolífero,Temprano (<30%)
166853,Phoenix,CONFLUENCIA SUR,5404.716833333333,6,1.6,65.2,Petrolífero,Temprano (<30%)
166855,Petrolera El Trébol,CONFLUENCIA SUR,4182.9328000000005,5,19.7,54.9,Petrolífero,Temprano (<30%)
166855,Phoenix,CONFLUENCIA SUR,3458.447,6,0.9,59.2,Petrolífero,Temprano (<30%)
166856,Petrolera El Trébol,CONFLUENCIA SUR,4886.8425,4,37.1,61.7,Petrolífero,Intermedio (30-60%)
166856,Phoenix,CONFLUENCIA SUR,3586.3095,6,3.4,59.1,Petrolífero,Temprano (<30%)
166857,Vista Energy,BAJADA DEL PALO OESTE,2457.022,10,34.9,51.8,Petrolífero,Intermedio (30-60%)
166858,Vista Energy,BAJADA DEL PALO OESTE,3107.1367,10,33.6,49.1,Petrolífero,Intermedio (30-60%)
166859,Vista Energy,BAJADA DEL PALO OESTE,2213.9182,10,54.7,52.7,Petrolífero,Intermedio (30-60%)
166860,Vista Energy,BAJADA DEL PALO OESTE,2955.7029,10,35.2,54.3,Petrolífero,Intermedio (30-60%)
166861,Vista Energy,BAJADA DEL PALO OESTE,2516.0975,10,36.5,49.4,Petrolífero,Intermedio (30-60%)
166862,Petrolera El Trébol,CONFLUENCIA NORTE,8865.8452,5,4.2,54.3,Petrolífero,Temprano (<30%)
166862,Phoenix,CONFLUENCIA NORTE,10264.6615,6,0.8,64.9,Petrolífero,Temprano (<30%)
166871,Pluspetrol,LA CALERA,3145.29725,4,60.6,1704.1,Petrolífero,Maduro (>60%)
166873,YPF,LA ANGOSTURA SUR II,6556.999090909091,11,25.7,227.1,Petrolífero,Temprano (<30%)
166874,YPF,LA ANGOSTURA SUR II,5673.319090909091,11,25.0,226.0,Petrolífero,Temprano (<30%)
166875,YPF,LA ANGOSTURA SUR II,5024.987272727273,11,25.6,219.3,Petrolífero,Temprano (<30%)
166876,YPF,BANDURRIA SUR,3996.1627272727274,11,32.6,191.7,Petrolífero,Intermedio (30-60%)
166877,YPF,BANDURRIA SUR,2551.1600000000003,11,46.3,228.9,Petrolífero,Intermedio (30-60%)
166878,YPF,BANDURRIA SUR,3140.955454545455,11,18.9,173.7,Petrolífero,Temprano (<30%)
166879,YPF,BANDURRIA SUR,3152.0327272727272,11,12.7,177.5,Petrolífero,Temprano (<30%)
166880,YPF,BANDURRIA SUR,2886.7336363636364,11,21.4,174.4,Petrolífero,Temprano (<30%)
166881,YPF,BANDURRIA SUR,3959.2536363636364,11,18.2,180.3,Petrolífero,Temprano (<30%)
166882,YPF,BANDURRIA SUR,2139.4036363636365,11,58.1,225.0,Petrolífero,Intermedio (30-60%)
166883,YPF,BANDURRIA SUR,3902.314545454545,11,26.2,202.4,Petrolífero,Temprano (<30%)
166884,YPF,BANDURRIA SUR,2921.5436363636363,11,52.6,281.5,Petrolífero,Intermedio (30-60%)
166885,YPF,BANDURRIA SUR,2401.622727272727,11,62.4,206.1,Petrolífero,Maduro (>60%)
166886,YPF,BANDURRIA SUR,3629.1572727272724,11,21.5,359.6,Petrolífero,Temprano (<30%)
166887,YPF,BANDURRIA SUR,3079.887272727273,11,40.0,363.0,Petrolífero,Intermedio (30-60%)
166888,YPF,BANDURRIA SUR,1600.3954545454544,11,36.9,335.8,Petrolífero,Intermedio (30-60%)
166890,YPF,LOMA CAMPANA-LLL,4834.0881818181815,11,25.0,140.5,Petrolífero,Temprano (<30%)
166891,YPF,LOMA CAMPANA-LLL,1196.8372727272726,11,25.3,350.1,Petrolífero,Temprano (<30%)
166892,YPF,LA ANGOSTURA SUR I,4689.24090909091,11,33.3,268.8,Petrolífero,Intermedio (30-60%)
166893,YPF,LA ANGOSTURA SUR I,2958.1254545454544,11,35.9,257.9,Petrolífero,Intermedio (30-60%)
166894,YPF,LA ANGOSTURA SUR I,5365.804545454545,11,33.1,259.5,Petrolífero,Intermedio (30-60%)
166895,YPF,LA ANGOSTURA SUR I,3348.073636363636,11,36.0,263.0,Petrolífero,Intermedio (30-60%)
166896,YPF,LOMA CAMPANA,6636.463636363637,11,11.3,108.5,Petrolífero,Temprano (<30%)
166897,Shell,BAJADA DE AÑELO,1569.35,2,26.4,1228.8,Petrolífero,Temprano (<30%)
166898,Shell,BAJADA DE AÑELO,1717.49,2,27.7,1921.9,Petrolífero,Temprano (<30%)
166903,Pluspetrol,LA CALERA,3738.29975,4,47.8,1318.4,Petrolífero,Intermedio (30-60%)
166906,Vista Energy,BAJADA DEL PALO OESTE,3820.0468888888886,9,47.2,89.8,Petrolífero,Intermedio (30-60%)
166907,Vista Energy,BAJADA DEL PALO OESTE,3795.4736666666668,9,39.7,95.4,Petrolífero,Intermedio (30-60%)
166908,Vista Energy,BAJADA DEL PALO OESTE,4342.407999999999,9,32.2,51.7,Petrolífero,Intermedio (30-60%)
166909,Vista Energy,BAJADA DEL PALO OESTE,3851.7061111111116,9,46.2,58.9,Petrolífero,Intermedio (30-60%)
166911,Pluspetrol,BAJO DEL CHOIQUE,7976.017,10,34.1,255.3,Petrolífero,Intermedio (30-60%)
166912,Pluspetrol,LA CALERA,2684.248,5,56.8,5837.4,Gasífero,Intermedio (30-60%)
166913,Pluspetrol,BAJO DEL CHOIQUE,7448.769,10,31.8,283.9,Petrolífero,Intermedio (30-60%)
166914,Pluspetrol,BAJO DEL CHOIQUE,7248.694,10,39.4,265.2,Petrolífero,Intermedio (30-60%)
166915,Pluspetrol,BAJO DEL CHOIQUE,7727.514999999999,10,25.0,377.7,Petrolífero,Temprano (<30%)
166916,Pluspetrol,BAJO DEL CHOIQUE,8145.157000000001,10,25.8,354.2,Petrolífero,Temprano (<30%)
166917,Pluspetrol,BAJO DEL CHOIQUE,7710.2210000000005,10,24.6,352.9,Petrolífero,Temprano (<30%)
166924,YPF,LA AMARGA CHICA,3472.3050000000003,10,49.1,130.7,Petrolífero,Intermedio (30-60%)
166925,YPF,LA AMARGA CHICA,5701.255999999999,10,25.9,128.8,Petrolífero,Temprano (<30%)
166926,YPF,LA AMARGA CHICA,3575.959,10,51.8,134.7,Petrolífero,Intermedio (30-60%)
166927,YPF,LA AMARGA CHICA,5720.01,10,25.7,123.9,Petrolífero,Temprano (<30%)
166928,YPF,LA AMARGA CHICA,3359.185,10,42.3,126.1,Petrolífero,Intermedio (30-60%)
166929,YPF,LA AMARGA CHICA,5473.59,10,24.6,121.4,Petrolífero,Temprano (<30%)
166930,YPF,LOMA CAMPANA-LLL,3357.451,10,36.3,145.4,Petrolífero,Intermedio (30-60%)
166931,YPF,LOMA CAMPANA-LLL,5541.784000000001,10,25.1,142.1,Petrolífero,Temprano (<30%)
166932,YPF,LOMA CAMPANA-LLL,6029.998,10,22.2,137.3,Petrolífero,Temprano (<30%)
166933,YPF,LOMA CAMPANA-LLL,5303.707777777778,9,17.4,105.6,Petrolífero,Temprano (<30%)
166934,YPF,LOMA CAMPANA-LLL,4535.244000000001,10,17.2,108.8,Petrolífero,Temprano (<30%)
166935,YPF,LOMA CAMPANA-LLL,4448.403,10,19.3,106.9,Petrolífero,Temprano (<30%)
166936,YPF,LOMA CAMPANA-LLL,3775.2129999999997,10,19.3,101.8,Petrolífero,Temprano (<30%)
166937,YPF,LOMA CAMPANA,7131.689,10,13.3,111.2,Petrolífero,Temprano (<30%)
166950,Shell,BAJADA DE AÑELO,4243.273,10,27.6,480.2,Petrolífero,Temprano (<30%)
166951,Shell,BAJADA DE AÑELO,1970.9329999999998,10,26.2,438.1,Petrolífero,Temprano (<30%)
166952,Shell,BAJADA DE AÑELO,2940.413,10,20.5,363.6,Petrolífero,Temprano (<30%)
166953,Shell,BAJADA DE AÑELO,1145.965,10,26.4,364.8,Petrolífero,Temprano (<30%)
166960,Pluspetrol,LA CALERA,3927.97675,4,52.2,1619.7,Petrolífero,Intermedio (30-60%)
166961,Pluspetrol,LA CALERA,5367.532,4,35.2,1473.6,Petrolífero,Intermedio (30-60%)
166962,Pluspetrol,LA CALERA,2119.1195000000002,6,57.4,6350.1,Gasífero,Intermedio (30-60%)
166963,Vista Energy,BAJADA DEL PALO OESTE,4418.4619999999995,8,30.6,115.2,Petrolífero,Intermedio (30-60%)
166964,Vista Energy,BAJADA DEL PALO OESTE,3997.028875,8,36.6,93.9,Petrolífero,Intermedio (30-60%)
166966,Vista Energy,BAJADA DEL PALO OESTE,4465.566625,8,35.8,98.5,Petrolífero,Intermedio (30-60%)
166967,YPF,LOMA COLORADA,2892.6344444444444,9,32.0,58.0,Petrolífero,Intermedio (30-60%)
166968,YPF,LOMA COLORADA,2139.347777777778,9,47.6,59.9,Petrolífero,Intermedio (30-60%)
166969,YPF,LOMA COLORADA,3056.116666666667,9,32.1,58.2,Petrolífero,Intermedio (30-60%)
166970,YPF,LOMA COLORADA,1834.0988888888887,9,55.1,58.5,Petrolífero,Intermedio (30-60%)
166971,YPF,SIERRA BARROSA,2269.0822222222223,9,37.0,110.6,Petrolífero,Intermedio (30-60%)
166972,YPF,SIERRA BARROSA,2764.8977777777777,9,38.7,127.5,Petrolífero,Intermedio (30-60%)
166973,YPF,SIERRA BARROSA,1962.2788888888888,9,35.8,121.5,Petrolífero,Intermedio (30-60%)
166974,YPF,BAJO DEL TORO,5288.136666666667,9,13.1,161.8,Petrolífero,Temprano (<30%)
166975,YPF,LA ANGOSTURA SUR II,7112.360000000001,8,27.3,230.9,Petrolífero,Temprano (<30%)
166976,YPF,LA AMARGA CHICA,2833.5466666666666,9,53.2,133.7,Petrolífero,Intermedio (30-60%)
166977,YPF,LA AMARGA CHICA,5366.48,9,19.9,128.3,Petrolífero,Temprano (<30%)
166979,YPF,BANDURRIA SUR,3467.5655555555554,9,32.2,221.7,Petrolífero,Intermedio (30-60%)
166980,YPF,BANDURRIA SUR,2173.4611111111108,9,36.1,219.8,Petrolífero,Intermedio (30-60%)
166981,YPF,BANDURRIA SUR,2542.47,9,38.4,226.7,Petrolífero,Intermedio (30-60%)
166982,YPF,BANDURRIA SUR,2722.6711111111113,9,35.1,215.8,Petrolífero,Intermedio (30-60%)
166985,YPF,LOMA CAMPANA-LLL,51.155,2,54.3,160.4,Petrolífero,Intermedio (30-60%)
166986,YPF,LA ANGOSTURA SUR I,5901.1466666666665,9,16.9,255.9,Petrolífero,Temprano (<30%)
166987,YPF,LA ANGOSTURA SUR I,7246.187777777778,9,13.7,238.0,Petrolífero,Temprano (<30%)
166988,YPF,LA ANGOSTURA SUR I,4989.655555555556,9,21.5,278.9,Petrolífero,Temprano (<30%)
166989,YPF,LA ANGOSTURA SUR I,6962.331111111111,9,16.7,241.9,Petrolífero,Temprano (<30%)
166994,YPF,LA ANGOSTURA SUR II,4675.388888888889,9,38.1,234.3,Petrolífero,Intermedio (30-60%)
166995,YPF,LA ANGOSTURA SUR II,4697.201111111111,9,36.4,239.0,Petrolífero,Intermedio (30-60%)
166997,Pampa Energía,RINCON DE ARANDA,3244.4805,8,54.5,110.7,Petrolífero,Intermedio (30-60%)
166998,Pampa Energía,RINCON DE ARANDA,2192.676975,8,66.1,119.0,Petrolífero,Maduro (>60%)
166999,Pampa Energía,RINCON DE ARANDA,2815.798875,8,63.6,114.3,Petrolífero,Maduro (>60%)
167000,Pampa Energía,RINCON DE ARANDA,3541.686125,8,50.7,94.5,Petrolífero,Intermedio (30-60%)
167011,Vista Energy,BAJADA DEL PALO OESTE,4782.697999999999,7,23.6,107.1,Petrolífero,Temprano (<30%)
167012,Vista Energy,BAJADA DEL PALO OESTE,4173.143285714285,7,35.6,142.1,Petrolífero,Intermedio (30-60%)
167014,Vista Energy,BAJADA DEL PALO OESTE,4318.297714285714,7,49.5,140.6,Petrolífero,Intermedio (30-60%)
167015,Vista Energy,BAJADA DEL PALO OESTE,5269.056285714286,7,27.1,110.3,Petrolífero,Temprano (<30%)
167016,Vista Energy,BAJADA DEL PALO OESTE,5072.787285714286,7,32.2,144.2,Petrolífero,Intermedio (30-60%)
167017,Chevron,EL TRAPIAL ESTE,3657.25,7,61.7,281.1,Petrolífero,Maduro (>60%)
167018,Chevron,EL TRAPIAL ESTE,4842.042857142857,7,59.4,292.4,Petrolífero,Intermedio (30-60%)
167019,Chevron,EL TRAPIAL ESTE,6098.481428571429,7,36.7,371.5,Petrolífero,Intermedio (30-60%)
167020,Chevron,EL TRAPIAL ESTE,5259.807142857143,7,49.9,296.7,Petrolífero,Intermedio (30-60%)
167021,Pluspetrol,LA CALERA,3826.3264999999997,4,49.5,1366.8,Petrolífero,Intermedio (30-60%)
167022,Pluspetrol,LA CALERA,2170.275,5,62.7,7089.0,Gasífero,Maduro (>60%)
167023,Pampa Energía,RINCON DE ARANDA,3689.0775,8,52.3,123.8,Petrolífero,Intermedio (30-60%)
167024,Petrolera El Trébol,MATA MORA NORTE,3404.2805,2,23.9,50.7,Petrolífero,Temprano (<30%)
167024,Phoenix,MATA MORA NORTE,5522.166499999999,6,4.0,41.5,Petrolífero,Temprano (<30%)
167025,Petrolera El Trébol,MATA MORA NORTE,4397.449500000001,2,24.6,48.8,Petrolífero,Temprano (<30%)
167025,Phoenix,MATA MORA NORTE,5023.813166666667,6,5.1,43.3,Petrolífero,Temprano (<30%)
167026,Petrolera El Trébol,MATA MORA NORTE,4867.3685000000005,2,20.5,50.2,Petrolífero,Temprano (<30%)
167026,Phoenix,MATA MORA NORTE,8152.499166666667,6,4.5,39.6,Petrolífero,Temprano (<30%)
167027,Petrolera El Trébol,MATA MORA NORTE,3767.006,2,23.7,47.0,Petrolífero,Temprano (<30%)
167027,Phoenix,MATA MORA NORTE,5223.621833333334,6,5.4,40.8,Petrolífero,Temprano (<30%)
167028,Tecpetrol,FORTIN DE PIEDRA,1499.28406,8,59.3,5393.7,Gasífero,Intermedio (30-60%)
167029,Tecpetrol,FORTIN DE PIEDRA,2323.355125,8,58.9,3509.6,Gasífero,Intermedio (30-60%)
167030,Tecpetrol,FORTIN DE PIEDRA,1740.338375,8,59.8,5943.7,Gasífero,Intermedio (30-60%)
167031,Tecpetrol,FORTIN DE PIEDRA,2279.0105,8,56.0,4247.0,Gasífero,Intermedio (30-60%)
167032,Tecpetrol,FORTIN DE PIEDRA,2042.9865,8,55.0,5415.8,Gasífero,Intermedio (30-60%)
167033,Tecpetrol,FORTIN DE PIEDRA,1342.889545,8,67.3,5479.0,Gasífero,Maduro (>60%)
167034,Tecpetrol,FORTIN DE PIEDRA,1138.14028625,8,62.3,6326.1,Gasífero,Maduro (>60%)
167035,Tecpetrol,FORTIN DE PIEDRA,1675.2615162499999,8,67.0,3979.6,Gasífero,Maduro (>60%)
167036,Tecpetrol,LOS TOLDOS ESTE,5130.381183333334,6,47.7,227.1,Petrolífero,Intermedio (30-60%)
167037,YPF,LA ANGOSTURA SUR II,4378.715,8,29.9,215.0,Petrolífero,Temprano (<30%)
167038,YPF,LA AMARGA CHICA,5114.27,8,22.2,93.9,Petrolífero,Temprano (<30%)
167039,YPF,LA AMARGA CHICA,2211.11375,8,65.8,109.9,Petrolífero,Maduro (>60%)
167040,YPF,LA AMARGA CHICA,5210.2425,8,26.6,97.0,Petrolífero,Temprano (<30%)
167041,YPF,LA AMARGA CHICA,2762.98875,8,62.5,105.5,Petrolífero,Maduro (>60%)
167047,Vista Energy,BAJADA DEL PALO OESTE,2633.3527142857142,7,47.9,74.0,Petrolífero,Intermedio (30-60%)
167049,Vista Energy,BAJADA DEL PALO OESTE,3704.316,7,31.1,70.3,Petrolífero,Intermedio (30-60%)
167050,Vista Energy,BAJADA DEL PALO OESTE,4399.132428571428,7,33.8,79.4,Petrolífero,Intermedio (30-60%)
167051,Vista Energy,BAJADA DEL PALO OESTE,3668.0958571428573,7,28.4,68.7,Petrolífero,Temprano (<30%)
167052,Pampa Energía,RINCON DE ARANDA,2000.6804285714284,7,52.1,112.8,Petrolífero,Intermedio (30-60%)
167053,Pampa Energía,RINCON DE ARANDA,1715.9336857142857,7,43.6,82.7,Petrolífero,Intermedio (30-60%)
167054,Pampa Energía,RINCON DE ARANDA,3292.567285714286,7,44.2,86.4,Petrolífero,Intermedio (30-60%)
167071,TotalEnergies,AGUADA PICHANA ESTE VACA MUERTA,430.4932327142857,7,88.1,22193.0,Gasífero,Maduro (>60%)
167072,TotalEnergies,AGUADA PICHANA ESTE VACA MUERTA,420.12238357142854,7,92.1,22191.6,Gasífero,Maduro (>60%)
167073,TotalEnergies,AGUADA PICHANA ESTE VACA MUERTA,424.6192584285714,7,88.1,22225.3,Gasífero,Maduro (>60%)
167074,TotalEnergies,AGUADA PICHANA ESTE VACA MUERTA,464.9718357142857,7,91.4,21312.0,Gasífero,Maduro (>60%)
167075,Pampa Energía,RINCON DE ARANDA,3572.5551666666665,6,58.8,89.4,Petrolífero,Intermedio (30-60%)
167076,Pampa Energía,RINCON DE ARANDA,2658.2490000000003,7,25.7,60.9,Petrolífero,Temprano (<30%)
167077,Pampa Energía,RINCON DE ARANDA,3071.0538333333334,6,60.4,73.3,Petrolífero,Maduro (>60%)
167078,Pampa Energía,RINCON DE ARANDA,2680.3784285714287,7,23.6,56.7,Petrolífero,Temprano (<30%)
167080,YPF,LA AMARGA CHICA,2091.092857142857,7,41.3,125.2,Petrolífero,Intermedio (30-60%)
167081,YPF,LA AMARGA CHICA,3406.182857142857,7,42.0,123.2,Petrolífero,Intermedio (30-60%)
167082,YPF,LA AMARGA CHICA,4251.317142857143,7,29.9,136.2,Petrolífero,Temprano (<30%)
167083,YPF,LA AMARGA CHICA,3193.0914285714284,7,43.0,130.4,Petrolífero,Intermedio (30-60%)
167084,YPF,LA AMARGA CHICA,3757.5014285714287,7,27.6,111.7,Petrolífero,Temprano (<30%)
167085,YPF,LA AMARGA CHICA,2892.39,7,42.8,126.0,Petrolífero,Intermedio (30-60%)
167086,YPF,LA AMARGA CHICA,3741.308571428571,7,26.0,115.7,Petrolífero,Temprano (<30%)
167087,YPF,BANDURRIA SUR,3628.002857142857,7,51.9,213.8,Petrolífero,Intermedio (30-60%)
167088,YPF,BANDURRIA SUR,3900.4014285714284,7,49.4,282.5,Petrolífero,Intermedio (30-60%)
167089,YPF,BANDURRIA SUR,3495.9928571428572,7,55.6,250.1,Petrolífero,Intermedio (30-60%)
167090,YPF,BANDURRIA SUR,2459.1685714285713,7,44.1,302.5,Petrolífero,Intermedio (30-60%)
167091,YPF,BANDURRIA SUR,4226.253333333333,6,54.1,234.6,Petrolífero,Intermedio (30-60%)
167092,YPF,BANDURRIA SUR,3661.9216666666666,6,39.0,275.4,Petrolífero,Intermedio (30-60%)
167093,YPF,LA ANGOSTURA SUR I,3662.9957142857143,7,34.9,208.8,Petrolífero,Intermedio (30-60%)
167094,YPF,LA ANGOSTURA SUR I,6072.125714285714,7,19.2,217.5,Petrolífero,Temprano (<30%)
167095,YPF,LA ANGOSTURA SUR I,3213.0728571428567,7,37.0,197.9,Petrolífero,Intermedio (30-60%)
167096,YPF,LA ANGOSTURA SUR I,5297.21,7,17.9,198.3,Petrolífero,Temprano (<30%)
167097,YPF,RINCON DEL MANGRULLO,27.125,6,97.2,692717.4,Gasífero,Maduro (>60%)
167098,YPF,RINCON DEL MANGRULLO,17.330000000000002,6,98.2,649077.9,Gasífero,Maduro (>60%)
167099,YPF,RINCON DEL MANGRULLO,44.81166666666667,6,96.7,682984.3,Gasífero,Maduro (>60%)
167102,Tecpetrol,LOS TOLDOS ESTE,2864.9908571428573,7,48.2,356.3,Petrolífero,Intermedio (30-60%)
167103,Tecpetrol,FORTIN DE PIEDRA,1043.1016499999998,6,68.4,7004.2,Gasífero,Maduro (>60%)
167104,Vista Energy,BAJADA DEL PALO ESTE,3080.0826666666667,6,35.1,36.9,Petrolífero,Intermedio (30-60%)
167105,Vista Energy,BAJADA DEL PALO ESTE,4352.3251666666665,6,33.0,32.2,Petrolífero,Intermedio (30-60%)
167106,Vista Energy,BAJADA DEL PALO ESTE,3744.655166666667,6,25.5,33.0,Petrolífero,Temprano (<30%)
167107,Vista Energy,BAJADA DEL PALO ESTE,3219.6845,6,40.2,30.5,Petrolífero,Intermedio (30-60%)
167116,TotalEnergies,AGUADA PICHANA ESTE VACA MUERTA,400.72940666666665,6,92.2,19770.3,Gasífero,Maduro (>60%)
167117,TotalEnergies,AGUADA PICHANA ESTE VACA MUERTA,456.331285,6,88.3,21044.9,Gasífero,Maduro (>60%)
167118,TotalEnergies,AGUADA PICHANA ESTE VACA MUERTA,413.03702666666663,6,92.2,20294.7,Gasífero,Maduro (>60%)
167119,Vista Energy,AGUADA FEDERAL,3358.6572,5,49.4,90.6,Petrolífero,Intermedio (30-60%)
167120,Vista Energy,AGUADA FEDERAL,4815.7362,5,46.3,91.4,Petrolífero,Intermedio (30-60%)
167121,Vista Energy,AGUADA FEDERAL,3624.5042000000003,5,42.7,85.3,Petrolífero,Intermedio (30-60%)
167122,Vista Energy,AGUADA FEDERAL,4435.719999999999,5,45.9,84.2,Petrolífero,Intermedio (30-60%)
167124,Pluspetrol,LA CALERA,2570.945,1,43.5,983.8,Petrolífero,Intermedio (30-60%)
167125,Pluspetrol,LA CALERA,1683.503,1,60.7,930.3,Petrolífero,Maduro (>60%)
167126,Pluspetrol,LA CALERA,1745.049,1,60.0,920.4,Petrolífero,Maduro (>60%)
167133,YPF,LA AMARGA CHICA,3164.0016666666666,6,56.4,123.1,Petrolífero,Intermedio (30-60%)
167134,YPF,LA AMARGA CHICA,4875.808333333333,6,27.4,135.6,Petrolífero,Temprano (<30%)
167135,YPF,LA AMARGA CHICA,4128.473333333333,6,38.6,128.8,Petrolífero,Intermedio (30-60%)
167136,YPF,BANDURRIA SUR,2266.36,6,60.4,214.0,Petrolífero,Maduro (>60%)
167137,YPF,BANDURRIA SUR,1652.93,6,40.8,192.9,Petrolífero,Intermedio (30-60%)
167138,YPF,BANDURRIA SUR,2813.513333333334,6,52.5,193.3,Petrolífero,Intermedio (30-60%)
167139,YPF,BANDURRIA SUR,1608.2099999999998,6,46.0,195.1,Petrolífero,Intermedio (30-60%)
167140,YPF,BANDURRIA SUR,2602.3316666666665,6,55.7,203.9,Petrolífero,Intermedio (30-60%)
167141,YPF,LOMA CAMPANA-LLL,8055.264999999999,6,25.8,319.4,Petrolífero,Temprano (<30%)
167142,YPF,LOMA CAMPANA-LLL,5080.548333333333,6,49.3,303.0,Petrolífero,Intermedio (30-60%)
167143,YPF,LA ANGOSTURA SUR I,5258.94,6,29.8,170.5,Petrolífero,Temprano (<30%)
167144,YPF,LA ANGOSTURA SUR I,3794.3633333333332,6,39.7,173.4,Petrolífero,Intermedio (30-60%)
167145,YPF,LA ANGOSTURA SUR I,5313.178333333333,6,31.3,176.0,Petrolífero,Intermedio (30-60%)
167146,YPF,LA ANGOSTURA SUR I,3689.535,6,40.4,171.6,Petrolífero,Intermedio (30-60%)
167147,YPF,LA ANGOSTURA SUR I,3515.5816666666665,6,43.3,181.3,Petrolífero,Intermedio (30-60%)
167148,YPF,LA ANGOSTURA SUR I,7043.891666666666,6,36.1,177.5,Petrolífero,Intermedio (30-60%)
167149,YPF,NARAMBUENA,2190.9383333333335,6,60.1,175.7,Petrolífero,Maduro (>60%)
167150,YPF,NARAMBUENA,4498.585,6,48.4,188.3,Petrolífero,Intermedio (30-60%)
167151,YPF,NARAMBUENA,6176.478333333333,6,38.7,224.3,Petrolífero,Intermedio (30-60%)
167152,YPF,NARAMBUENA,4209.595,6,50.5,150.0,Petrolífero,Intermedio (30-60%)
167154,Tecpetrol,FORTIN DE PIEDRA,958.3605000000001,6,78.1,6814.5,Gasífero,Maduro (>60%)
167155,Tecpetrol,FORTIN DE PIEDRA,1447.445,6,64.5,6061.3,Gasífero,Maduro (>60%)
167156,Tecpetrol,FORTIN DE PIEDRA,1379.7821666666666,6,54.4,6807.5,Gasífero,Intermedio (30-60%)
167157,Tecpetrol,PUESTO PARADA NC,4194.959416666667,6,24.1,83.4,Petrolífero,Temprano (<30%)
167158,Tecpetrol,PUESTO PARADA NC,4339.807666666667,6,12.6,82.6,Petrolífero,Temprano (<30%)
167159,Tecpetrol,PUESTO PARADA NC,3408.3951666666667,6,25.4,81.8,Petrolífero,Temprano (<30%)
167171,Pan American Energy,LINDERO ATRAVESADO OCCIDENTAL,1033.42605,6,7.8,92.3,Petrolífero,Temprano (<30%)
167178,Pampa Energía,RINCON DE ARANDA,2431.9818,5,48.3,40.5,Petrolífero,Intermedio (30-60%)
167179,Pampa Energía,RINCON DE ARANDA,958.4453799999999,5,61.3,35.4,Petrolífero,Maduro (>60%)
167180,Pampa Energía,RINCON DE ARANDA,3266.1174,5,46.0,46.6,Petrolífero,Intermedio (30-60%)
167182,Pluspetrol,BAJO DEL CHOIQUE,4839.538,5,51.6,500.3,Petrolífero,Intermedio (30-60%)
167183,Pluspetrol,BAJO DEL CHOIQUE,9501.362,5,33.8,333.1,Petrolífero,Intermedio (30-60%)
167184,Pluspetrol,BAJO DEL CHOIQUE,5290.132,5,52.8,490.7,Petrolífero,Intermedio (30-60%)
167185,Pluspetrol,BAJO DEL CHOIQUE,7548.204,5,39.6,306.9,Petrolífero,Intermedio (30-60%)
167186,Pluspetrol,BAJO DEL CHOIQUE,8763.039999999999,5,37.0,314.3,Petrolífero,Intermedio (30-60%)
167187,Pampa Energía,RINCON DE ARANDA,7295.046399999999,5,23.8,52.2,Petrolífero,Temprano (<30%)
167188,Pampa Energía,RINCON DE ARANDA,5485.0652,5,38.4,46.0,Petrolífero,Intermedio (30-60%)
167189,Pampa Energía,RINCON DE ARANDA,4950.9658,5,50.2,51.3,Petrolífero,Intermedio (30-60%)
167190,Pampa Energía,RINCON DE ARANDA,5531.3628,5,51.3,43.1,Petrolífero,Intermedio (30-60%)
167191,Pluspetrol,LA CALERA,1806.272,1,43.7,1011.0,Petrolífero,Intermedio (30-60%)
167192,Pluspetrol,LA CALERA,1769.805,1,53.1,957.7,Petrolífero,Intermedio (30-60%)
167196,Vista Energy,BAJADA DEL PALO OESTE,4713.3857499999995,4,43.6,77.7,Petrolífero,Intermedio (30-60%)
167197,Vista Energy,BAJADA DEL PALO OESTE,2595.6845,4,51.8,64.6,Petrolífero,Intermedio (30-60%)
167198,Vista Energy,BAJADA DEL PALO OESTE,4217.4385,4,27.6,62.5,Petrolífero,Temprano (<30%)
167199,Vista Energy,BAJADA DEL PALO OESTE,4406.71925,4,53.8,82.0,Petrolífero,Intermedio (30-60%)
167200,Phoenix,MATA MORA NORTE,4440.2124,5,29.4,66.5,Petrolífero,Temprano (<30%)
167201,Phoenix,MATA MORA NORTE,3991.282,5,20.3,61.0,Petrolífero,Temprano (<30%)
167202,Phoenix,MATA MORA NORTE,4386.3472,5,31.7,63.7,Petrolífero,Intermedio (30-60%)
167203,Phoenix,MATA MORA NORTE,4199.9580000000005,5,25.7,59.2,Petrolífero,Temprano (<30%)
167206,YPF,BANDURRIA SUR,657.758,5,87.7,160.8,Petrolífero,Maduro (>60%)
167207,YPF,BANDURRIA SUR,3024.338,5,34.9,137.8,Petrolífero,Intermedio (30-60%)
167208,YPF,BANDURRIA SUR,4397.255999999999,5,36.8,227.3,Petrolífero,Intermedio (30-60%)
167209,YPF,BANDURRIA SUR,5398.593999999999,5,30.8,146.9,Petrolífero,Intermedio (30-60%)
167210,YPF,BANDURRIA SUR,5019.530000000001,5,37.0,220.8,Petrolífero,Intermedio (30-60%)
167211,YPF,BANDURRIA SUR,2840.7580000000003,5,46.4,136.2,Petrolífero,Intermedio (30-60%)
167212,YPF,LOMA CAMPANA-LLL,7916.588000000001,5,23.5,296.7,Petrolífero,Temprano (<30%)
167213,YPF,LOMA CAMPANA-LLL,2765.7120000000004,5,50.2,295.9,Petrolífero,Intermedio (30-60%)
167214,YPF,LOMA CAMPANA-LLL,2476.386,5,57.4,338.8,Petrolífero,Intermedio (30-60%)
167215,YPF,LOMA CAMPANA-LLL,3528.054,5,51.7,276.4,Petrolífero,Intermedio (30-60%)
167216,YPF,LOMA CAMPANA-LLL,1904.42,5,60.2,323.1,Petrolífero,Maduro (>60%)
167217,YPF,LOMA CAMPANA-LLL,3393.8,5,54.6,270.1,Petrolífero,Intermedio (30-60%)
167218,YPF,LOMA CAMPANA-LLL,4384.074,5,45.0,273.6,Petrolífero,Intermedio (30-60%)
167219,YPF,LA ANGOSTURA SUR I,7427.796,5,26.4,130.8,Petrolífero,Temprano (<30%)
167220,YPF,LA ANGOSTURA SUR I,4199.288,5,44.0,193.3,Petrolífero,Intermedio (30-60%)
167221,YPF,LA ANGOSTURA SUR I,6228.998,5,34.5,193.9,Petrolífero,Intermedio (30-60%)
167227,Pan American Energy,COIRON AMARGO SUR ESTE,2406.39604,5,46.7,63.3,Petrolífero,Intermedio (30-60%)
167235,Pan American Energy,COIRON AMARGO SUR ESTE,2119.89964,5,38.4,52.6,Petrolífero,Intermedio (30-60%)
167236,Pan American Energy,COIRON AMARGO SUR ESTE,2426.04444,5,40.8,60.4,Petrolífero,Intermedio (30-60%)
167239,Pan American Energy,COIRON AMARGO SUR ESTE,2256.5071799999996,5,40.5,56.5,Petrolífero,Intermedio (30-60%)
167242,Tecpetrol,LOS TOLDOS ESTE,1118.07297,2,59.9,246.9,Petrolífero,Intermedio (30-60%)
167243,Tecpetrol,LOS TOLDOS ESTE,1764.203218,5,58.8,209.1,Petrolífero,Intermedio (30-60%)
167244,Tecpetrol,FORTIN DE PIEDRA,1743.0587932000003,5,61.9,6015.5,Gasífero,Maduro (>60%)
167248,Vista Energy,BAJADA DEL PALO ESTE,7882.034666666666,3,26.7,37.8,Petrolífero,Temprano (<30%)
167249,Vista Energy,BAJADA DEL PALO ESTE,8135.175,3,40.7,41.0,Petrolífero,Intermedio (30-60%)
167250,Vista Energy,BAJADA DEL PALO ESTE,3811.5606666666663,3,31.1,25.8,Petrolífero,Intermedio (30-60%)
167253,Pluspetrol,BAJO DEL CHOIQUE,6158.4925,4,50.0,308.0,Petrolífero,Intermedio (30-60%)
167254,Pluspetrol,BAJO DEL CHOIQUE,6738.975,4,41.4,299.1,Petrolífero,Intermedio (30-60%)
167255,Pluspetrol,BAJO DEL CHOIQUE,4813.110000000001,4,61.5,288.7,Petrolífero,Maduro (>60%)
167256,Pluspetrol,BAJO DEL CHOIQUE,7369.625,4,37.0,316.6,Petrolífero,Intermedio (30-60%)
167257,Pluspetrol,BAJO DEL CHOIQUE,4666.8425,4,60.7,293.9,Petrolífero,Maduro (>60%)
167258,Pluspetrol,BAJO DEL CHOIQUE,8587.855,4,26.8,353.4,Petrolífero,Temprano (<30%)
167260,Vista Energy,BAJADA DEL PALO OESTE,2786.6209999999996,3,40.1,40.9,Petrolífero,Intermedio (30-60%)
167261,Vista Energy,BAJADA DEL PALO OESTE,2899.4143333333327,3,42.2,37.4,Petrolífero,Intermedio (30-60%)
167262,Vista Energy,BAJADA DEL PALO OESTE,1335.5563333333332,3,80.8,48.5,Petrolífero,Maduro (>60%)
167263,Vista Energy,BAJADA DEL PALO OESTE,2448.6993333333335,3,51.6,35.4,Petrolífero,Intermedio (30-60%)
167264,Vista Energy,BAJADA DEL PALO OESTE,1218.3293333333334,3,84.5,48.7,Petrolífero,Maduro (>60%)
167265,Shell,BAJADA DE AÑELO,2262.7675,4,50.0,948.7,Petrolífero,Intermedio (30-60%)
167266,Shell,BAJADA DE AÑELO,3669.625,4,38.8,917.6,Petrolífero,Intermedio (30-60%)
167267,Shell,BAJADA DE AÑELO,6271.6525,4,28.2,884.6,Petrolífero,Temprano (<30%)
167268,Shell,BAJADA DE AÑELO,1774.3850000000002,4,45.1,1004.8,Petrolífero,Intermedio (30-60%)
167269,Shell,BAJADA DE AÑELO,2393.825,4,39.4,1076.7,Petrolífero,Intermedio (30-60%)
167270,Shell,BAJADA DE AÑELO,3762.4425,4,37.3,895.7,Petrolífero,Intermedio (30-60%)
167271,Shell,BAJADA DE AÑELO,2312.77,4,40.4,888.5,Petrolífero,Intermedio (30-60%)
167272,Shell,CRUZ DE LORENA,3981.5525,4,25.4,81.4,Petrolífero,Temprano (<30%)
167273,Shell,CRUZ DE LORENA,5329.78,4,16.9,89.3,Petrolífero,Temprano (<30%)
167274,Shell,CRUZ DE LORENA,3438.775,4,38.0,94.7,Petrolífero,Intermedio (30-60%)
167275,Shell,CRUZ DE LORENA,5708.5275,4,21.8,85.4,Petrolífero,Temprano (<30%)
167277,Pluspetrol,LA CALERA,1761.693,1,62.0,954.7,Petrolífero,Maduro (>60%)
167282,Pan American Energy,LINDERO ATRAVESADO OCCIDENTAL,5696.785333333333,3,46.6,114.2,Petrolífero,Intermedio (30-60%)
167283,Pan American Energy,LINDERO ATRAVESADO OCCIDENTAL,3849.2956666666664,3,50.4,109.6,Petrolífero,Intermedio (30-60%)
167284,Pan American Energy,LINDERO ATRAVESADO OCCIDENTAL,4275.149333333334,3,46.7,110.3,Petrolífero,Intermedio (30-60%)
167293,Pan American Energy,LINDERO ATRAVESADO OCCIDENTAL,3689.503333333334,3,54.1,108.0,Petrolífero,Intermedio (30-60%)
167294,Tecpetrol,FORTIN DE PIEDRA,1272.79615,4,68.9,7122.1,Gasífero,Maduro (>60%)
167295,Tecpetrol,FORTIN DE PIEDRA,2441.10675,4,58.2,5157.6,Gasífero,Intermedio (30-60%)
167296,Tecpetrol,FORTIN DE PIEDRA,164.7870375,4,94.9,90649.0,Gasífero,Maduro (>60%)
167297,Tecpetrol,FORTIN DE PIEDRA,115.8184,4,96.4,132410.1,Gasífero,Maduro (>60%)
167298,Tecpetrol,FORTIN DE PIEDRA,149.21292499999998,4,95.6,107643.8,Gasífero,Maduro (>60%)
167299,Tecpetrol,FORTIN DE PIEDRA,203.48985249999998,4,93.6,74855.9,Gasífero,Maduro (>60%)
167301,Phoenix,MATA MORA NORTE,3755.46025,4,32.3,83.6,Petrolífero,Intermedio (30-60%)
167302,Phoenix,MATA MORA NORTE,4035.258,4,34.1,84.7,Petrolífero,Intermedio (30-60%)
167303,Phoenix,MATA MORA NORTE,3890.056,4,23.9,80.2,Petrolífero,Temprano (<30%)
167309,YPF,LA AMARGA CHICA,5086.9025,4,23.3,127.2,Petrolífero,Temprano (<30%)
167310,YPF,LA AMARGA CHICA,3399.2575,4,37.2,139.4,Petrolífero,Intermedio (30-60%)
167311,YPF,LA AMARGA CHICA,3462.3900000000003,4,17.5,132.1,Petrolífero,Temprano (<30%)
167312,YPF,LA AMARGA CHICA,4870.799999999999,4,38.8,134.0,Petrolífero,Intermedio (30-60%)
167313,YPF,LA AMARGA CHICA,5463.547500000001,4,33.8,140.2,Petrolífero,Intermedio (30-60%)
167314,YPF,LA AMARGA CHICA,3348.6800000000003,4,49.3,130.4,Petrolífero,Intermedio (30-60%)
167315,YPF,LA AMARGA CHICA,4022.48,4,46.9,132.8,Petrolífero,Intermedio (30-60%)
167316,YPF,LA AMARGA CHICA,1512.975,4,61.9,138.1,Petrolífero,Maduro (>60%)
167317,YPF,LA AMARGA CHICA,6397.785,4,31.7,132.4,Petrolífero,Intermedio (30-60%)
167318,YPF,BANDURRIA SUR,698.78,4,76.3,534.3,Petrolífero,Maduro (>60%)
167319,YPF,BANDURRIA SUR,800.9975000000001,4,76.3,444.4,Petrolífero,Maduro (>60%)
167320,YPF,BANDURRIA SUR,2002.545,4,66.4,524.2,Petrolífero,Maduro (>60%)
167321,YPF,LOMA CAMPANA-LLL,4796.67,4,49.3,307.9,Petrolífero,Intermedio (30-60%)
167322,YPF,LA ANGOSTURA SUR I,5545.5975,4,30.8,287.2,Petrolífero,Intermedio (30-60%)
167323,YPF,LA ANGOSTURA SUR I,4643.5525,4,37.1,293.6,Petrolífero,Intermedio (30-60%)
167324,YPF,LA ANGOSTURA SUR I,5911.3925,4,31.5,292.7,Petrolífero,Intermedio (30-60%)
167326,YPF,RINCON DEL MANGRULLO,119.66,4,93.6,67147.0,Gasífero,Maduro (>60%)
167327,YPF,RINCON DEL MANGRULLO,131.52249999999998,4,96.6,63124.0,Gasífero,Maduro (>60%)
167328,YPF,RINCON DEL MANGRULLO,129.74,4,95.2,64923.8,Gasífero,Maduro (>60%)
167329,YPF,RINCON DEL MANGRULLO,146.105,4,96.1,64440.9,Gasífero,Maduro (>60%)
167331,TotalEnergies,AGUADA PICHANA ESTE VACA MUERTA,449.0402,4,90.5,23073.7,Gasífero,Maduro (>60%)
167332,TotalEnergies,AGUADA PICHANA ESTE VACA MUERTA,430.60835,4,93.3,23549.1,Gasífero,Maduro (>60%)
167334,Chevron,EL TRAPIAL ESTE,911.99,1,78.0,306.8,Petrolífero,Maduro (>60%)
167335,Chevron,EL TRAPIAL ESTE,1554.9,1,60.9,458.2,Petrolífero,Maduro (>60%)
167336,Chevron,EL TRAPIAL ESTE,1162.06,1,70.0,384.9,Petrolífero,Maduro (>60%)
167337,Chevron,EL TRAPIAL ESTE,1490.68,1,56.8,739.5,Petrolífero,Intermedio (30-60%)
167343,Pluspetrol,BAJO DEL CHOIQUE,7988.206666666668,3,31.0,298.2,Petrolífero,Intermedio (30-60%)
167344,Pluspetrol,BAJO DEL CHOIQUE,10893.286666666667,3,26.9,350.2,Petrolífero,Temprano (<30%)
167347,Petroquimica,PUESTO ROJAS,28.61694,1,60.4,246.9,Petrolífero,Maduro (>60%)
167349,Shell,CRUZ DE LORENA,5238.056666666666,3,8.4,106.9,Petrolífero,Temprano (<30%)
167350,Shell,CRUZ DE LORENA,5685.599999999999,3,8.8,100.7,Petrolífero,Temprano (<30%)
167351,Shell,CRUZ DE LORENA,5910.22,3,8.7,99.2,Petrolífero,Temprano (<30%)
167359,YPF,BAJO DEL TORO NORTE,2545.0733333333333,3,78.0,193.6,Petrolífero,Maduro (>60%)
167360,YPF,BAJO DEL TORO NORTE,2754.206666666667,3,77.6,150.0,Petrolífero,Maduro (>60%)
167361,YPF,BAJO DEL TORO NORTE,1604.585,2,78.8,144.6,Petrolífero,Maduro (>60%)
167362,YPF,BAJO DEL TORO NORTE,3383.61,3,70.6,137.5,Petrolífero,Maduro (>60%)
167363,YPF,LA AMARGA CHICA,1387.7,3,44.4,139.6,Petrolífero,Intermedio (30-60%)
167364,YPF,LA AMARGA CHICA,2128.79,3,45.6,133.8,Petrolífero,Intermedio (30-60%)
167365,YPF,LA AMARGA CHICA,4163.463333333333,3,46.6,138.6,Petrolífero,Intermedio (30-60%)
167367,YPF,BANDURRIA SUR,2106.9100000000003,3,71.8,210.7,Petrolífero,Maduro (>60%)
167368,YPF,BANDURRIA SUR,2522.7333333333336,3,65.9,217.5,Petrolífero,Maduro (>60%)
167369,YPF,BANDURRIA SUR,629.5633333333334,3,86.8,241.7,Petrolífero,Maduro (>60%)
167370,YPF,BANDURRIA SUR,2094.1633333333334,3,64.3,177.7,Petrolífero,Maduro (>60%)
167371,YPF,BANDURRIA SUR,1911.4099999999999,3,75.8,224.7,Petrolífero,Maduro (>60%)
167372,YPF,BANDURRIA SUR,4830.16,3,35.5,165.0,Petrolífero,Intermedio (30-60%)
167373,YPF,BANDURRIA SUR,1565.5766666666666,3,65.4,452.9,Petrolífero,Maduro (>60%)
167374,YPF,BANDURRIA SUR,575.93,3,73.6,467.6,Petrolífero,Maduro (>60%)
167375,YPF,BANDURRIA SUR,454.74666666666667,3,78.9,514.8,Petrolífero,Maduro (>60%)
167376,YPF,LOMA CAMPANA-LLL,1987.09,3,69.6,308.8,Petrolífero,Maduro (>60%)
167377,YPF,LOMA CAMPANA-LLL,1622.6033333333332,3,74.3,339.1,Petrolífero,Maduro (>60%)
167378,YPF,LOMA CAMPANA-LLL,3400.6800000000003,3,61.3,517.0,Petrolífero,Maduro (>60%)
167379,YPF,LOMA CAMPANA-LLL,1414.5533333333333,3,73.6,663.1,Petrolífero,Maduro (>60%)
167380,YPF,LOMA CAMPANA-LLL,532.64,3,38.6,264.3,Petrolífero,Intermedio (30-60%)
167384,Tecpetrol,FORTIN DE PIEDRA,819.1092333333332,3,82.3,7316.4,Gasífero,Maduro (>60%)
167385,Tecpetrol,FORTIN DE PIEDRA,1278.3934,3,83.0,6266.1,Gasífero,Maduro (>60%)
167386,Tecpetrol,FORTIN DE PIEDRA,1156.5131666666666,3,77.2,6937.7,Gasífero,Maduro (>60%)
167387,Tecpetrol,FORTIN DE PIEDRA,1461.0311666666666,3,77.5,5130.4,Gasífero,Maduro (>60%)
167393,Pan American Energy,COIRON AMARGO SUR ESTE,1872.02012,3,48.7,47.9,Petrolífero,Intermedio (30-60%)
167399,Pan American Energy,COIRON AMARGO SUR ESTE,1936.9970833333334,3,44.6,51.4,Petrolífero,Intermedio (30-60%)
167400,Pan American Energy,COIRON AMARGO SUR ESTE,1869.1074733333335,3,47.8,52.4,Petrolífero,Intermedio (30-60%)
167407,Vista Energy,BAJADA DEL PALO OESTE,2538.302,2,61.6,89.2,Petrolífero,Maduro (>60%)
167408,Vista Energy,BAJADA DEL PALO OESTE,1696.7995,2,66.9,97.0,Petrolífero,Maduro (>60%)
167409,Vista Energy,BAJADA DEL PALO OESTE,1201.059,2,66.4,79.9,Petrolífero,Maduro (>60%)
167410,Vista Energy,BAJADA DEL PALO OESTE,1635.396,2,56.1,83.7,Petrolífero,Intermedio (30-60%)
167411,Vista Energy,BAJADA DEL PALO OESTE,3083.744,1,53.7,88.6,Petrolífero,Intermedio (30-60%)
167412,Vista Energy,BAJADA DEL PALO OESTE,1842.706,1,60.2,62.5,Petrolífero,Maduro (>60%)
167413,Pluspetrol,BAJO DEL CHOIQUE,7929.975,2,42.6,263.0,Petrolífero,Intermedio (30-60%)
167414,Pluspetrol,BAJO DEL CHOIQUE,7938.44,2,29.3,300.3,Petrolífero,Temprano (<30%)
167415,Pluspetrol,BAJO DEL CHOIQUE,5269.6,2,50.4,253.6,Petrolífero,Intermedio (30-60%)
167418,Vista Energy,BAJADA DEL PALO OESTE,1140.718,1,45.2,80.8,Petrolífero,Intermedio (30-60%)
167419,Vista Energy,BAJADA DEL PALO OESTE,205.525,1,92.9,100.0,Petrolífero,Maduro (>60%)
167420,Vista Energy,BAJADA DEL PALO OESTE,698.036,1,69.6,78.3,Petrolífero,Maduro (>60%)
167421,Vista Energy,BAJADA DEL PALO OESTE,2180.183,1,49.9,93.4,Petrolífero,Intermedio (30-60%)
167425,Pampa Energía,RINCON DE ARANDA,1987.0,1,72.3,69.4,Petrolífero,Maduro (>60%)
167426,Pampa Energía,RINCON DE ARANDA,2946.0,1,66.9,57.4,Petrolífero,Maduro (>60%)
167427,Pampa Energía,RINCON DE ARANDA,2356.0,1,72.0,60.4,Petrolífero,Maduro (>60%)
167428,Pampa Energía,RINCON DE ARANDA,2098.0,1,74.7,60.7,Petrolífero,Maduro (>60%)
167429,Pampa Energía,RINCON DE ARANDA,2464.0,1,72.0,87.8,Petrolífero,Maduro (>60%)
167430,Pampa Energía,RINCON DE ARANDA,3873.0,1,58.9,75.8,Petrolífero,Intermedio (30-60%)
167431,Pampa Energía,RINCON DE ARANDA,2330.0,1,71.1,78.0,Petrolífero,Maduro (>60%)
167432,Pampa Energía,RINCON DE ARANDA,2511.0,1,73.4,79.9,Petrolífero,Maduro (>60%)
167433,Pampa Energía,RINCON DE ARANDA,1904.0,1,78.6,70.5,Petrolífero,Maduro (>60%)
167434,Pampa Energía,RINCON DE ARANDA,2084.0,1,77.7,85.2,Petrolífero,Maduro (>60%)
167439,YPF,BANDURRIA SUR,1842.2450000000001,2,49.7,140.4,Petrolífero,Intermedio (30-60%)
167440,YPF,BANDURRIA SUR,1825.895,2,43.9,146.3,Petrolífero,Intermedio (30-60%)
167441,YPF,BANDURRIA SUR,2344.17,2,38.9,142.5,Petrolífero,Intermedio (30-60%)
167442,YPF,BANDURRIA SUR,1059.405,2,69.9,249.7,Petrolífero,Maduro (>60%)
167443,YPF,BANDURRIA SUR,1599.58,2,71.2,224.1,Petrolífero,Maduro (>60%)
167444,YPF,BANDURRIA SUR,1939.205,2,61.4,257.0,Petrolífero,Maduro (>60%)
167445,YPF,BANDURRIA SUR,2510.475,2,53.5,262.8,Petrolífero,Intermedio (30-60%)
167446,YPF,BANDURRIA SUR,1366.87,2,70.0,274.9,Petrolífero,Maduro (>60%)
167447,YPF,LOMA CAMPANA-LLL,3969.0,2,44.0,200.7,Petrolífero,Intermedio (30-60%)
167448,YPF,LOMA CAMPANA-LLL,4337.205,2,39.8,192.8,Petrolífero,Intermedio (30-60%)
167449,YPF,LOMA CAMPANA-LLL,1639.12,2,69.4,214.1,Petrolífero,Maduro (>60%)
167450,YPF,LOMA CAMPANA-LLL,3752.315,2,49.7,195.8,Petrolífero,Intermedio (30-60%)
167451,YPF,LOMA CAMPANA-LLL,1254.4299999999998,2,72.9,194.5,Petrolífero,Maduro (>60%)
167452,YPF,LOMA CAMPANA-LLL,724.6999999999999,2,66.9,121.7,Petrolífero,Maduro (>60%)
167453,YPF,LOMA CAMPANA-LLL,1751.335,2,58.2,113.7,Petrolífero,Intermedio (30-60%)
167454,YPF,LOMA CAMPANA-LLL,3671.1,2,52.3,118.4,Petrolífero,Intermedio (30-60%)
167455,YPF,LOMA CAMPANA-LLL,2866.1800000000003,2,54.8,112.3,Petrolífero,Intermedio (30-60%)
167456,YPF,LOMA CAMPANA-LLL,3612.715,2,53.0,116.3,Petrolífero,Intermedio (30-60%)
167457,YPF,LA ANGOSTURA SUR I,2369.84,2,45.5,154.5,Petrolífero,Intermedio (30-60%)
167458,YPF,LA ANGOSTURA SUR I,1520.5800000000002,2,39.4,184.6,Petrolífero,Intermedio (30-60%)
167459,YPF,LA ANGOSTURA SUR I,1599.68,2,36.2,169.8,Petrolífero,Intermedio (30-60%)
167460,YPF,LA ANGOSTURA SUR I,2128.15,2,36.9,158.2,Petrolífero,Intermedio (30-60%)
167461,YPF,LA ANGOSTURA SUR I,2278.795,2,38.7,184.5,Petrolífero,Intermedio (30-60%)
167462,YPF,LA ANGOSTURA SUR I,3055.395,2,38.6,156.6,Petrolífero,Intermedio (30-60%)
167463,YPF,LA ANGOSTURA SUR I,3088.3,2,46.8,152.1,Petrolífero,Intermedio (30-60%)
167464,YPF,LA ANGOSTURA SUR I,3618.735,2,49.8,148.9,Petrolífero,Intermedio (30-60%)
167466,Phoenix,MATA MORA NORTE,2944.392,2,39.5,59.4,Petrolífero,Intermedio (30-60%)
167467,Phoenix,MATA MORA NORTE,3890.6935000000003,2,33.6,63.5,Petrolífero,Intermedio (30-60%)
167468,Phoenix,MATA MORA NORTE,3583.63,2,30.3,62.3,Petrolífero,Intermedio (30-60%)
167469,Phoenix,MATA MORA NORTE,3193.4565000000002,2,48.1,61.8,Petrolífero,Intermedio (30-60%)
167471,Pan American Energy,COIRON AMARGO SUR ESTE,3329.17845,2,38.4,66.5,Petrolífero,Intermedio (30-60%)
167476,Pan American Energy,COIRON AMARGO SUR ESTE,3434.47545,2,33.3,66.4,Petrolífero,Intermedio (30-60%)
167477,Pan American Energy,COIRON AMARGO SUR ESTE,2586.15645,2,47.8,67.1,Petrolífero,Intermedio (30-60%)
167481,Pan American Energy,COIRON AMARGO SUR ESTE,1182.651045,2,74.0,68.6,Petrolífero,Maduro (>60%)
167520,Geopark,LOMA JARILLOSA ESTE,832.31,1,80.1,67.7,Petrolífero,Maduro (>60%)
167521,Geopark,LOMA JARILLOSA ESTE,1935.91,1,48.0,54.2,Petrolífero,Intermedio (30-60%)
167522,Geopark,LOMA JARILLOSA ESTE,764.93,1,78.0,52.3,Petrolífero,Maduro (>60%)
167523,Pluspetrol,BAJO DEL CHOIQUE,299.43,1,67.2,300.9,Petrolífero,Maduro (>60%)
167524,Pluspetrol,BAJO DEL CHOIQUE,310.11,1,54.3,296.0,Petrolífero,Intermedio (30-60%)
167525,Pluspetrol,BAJO DEL CHOIQUE,189.62,1,58.2,256.8,Petrolífero,Intermedio (30-60%)
167526,Pluspetrol,BAJO DEL CHOIQUE,45.95,1,43.7,505.8,Petrolífero,Intermedio (30-60%)
167540,YPF,CHIHUIDO DE LA SIERRA NEGRA,7.67,1,99.0,1744.5,Petrolífero,Maduro (>60%)
167542,YPF,LA AMARGA CHICA,2430.0,1,50.0,72.8,Petrolífero,Intermedio (30-60%)
167543,YPF,LA AMARGA CHICA,486.54,1,87.2,95.4,Petrolífero,Maduro (>60%)
167544,YPF,LA AMARGA CHICA,971.38,1,76.3,95.4,Petrolífero,Maduro (>60%)
167545,YPF,LA AMARGA CHICA,973.07,1,76.3,95.4,Petrolífero,Maduro (>60%)
167546,YPF,LA AMARGA CHICA,3293.91,1,68.8,127.0,Petrolífero,Maduro (>60%)
167547,YPF,LA AMARGA CHICA,1846.94,1,82.5,132.3,Petrolífero,Maduro (>60%)
167552,Pan American Energy,COIRON AMARGO SUR ESTE,33.36951,1,98.6,68.1,Petrolífero,Maduro (>60%)
167555,Pan American Energy,COIRON AMARGO SUR ESTE,19.11347,1,99.2,41.2,Petrolífero,Maduro (>60%)
167559,Pan American Energy,COIRON AMARGO SUR ESTE,10.75133,1,99.6,41.3,Petrolífero,Maduro (>60%)
