pozo_id,empresa_grupo,formacion,fase_ajustada,anio_inicio,qi,di_anual_pct,b_factor,eur_nativo,eur_boe,np_actual_nativo,factor_recup_pct,r2,n_meses_ajuste,meses_hasta_pico,calidad_fit
166588,Pampa Energía,VACA MUERTA,GAS,2025,18665.8,5.0,2.0,2449416.1,14417263.0,256759.0,10.5,0.007,14,1,DESCARTADO
166586,Pampa Energía,VACA MUERTA,GAS,2025,19792.0,9.3,0.01,2337418.9,13758048.0,272019.2,11.6,0.032,13,2,DESCARTADO
166587,Pampa Energía,VACA MUERTA,GAS,2025,20241.3,12.6,0.01,1816770.9,10693514.0,272782.4,15.0,0.067,13,2,DESCARTADO
166476,Pan American Energy,VACA MUERTA,GAS,2025,23600.5,83.6,2.0,1300046.7,7652075.0,259870.3,20.0,0.6458,12,5,REGULAR
165333,Pampa Energía,VACA MUERTA,GAS,2024,23920.5,85.9,1.726,1223253.7,7200071.0,378073.0,30.9,0.7574,15,13,BUENO
163545,TotalEnergies,VACA MUERTA,GAS,2022,15404.2,60.3,2.0,1199708.8,7061486.0,396247.7,33.0,0.6009,25,24,REGULAR
164588,Pan American Energy,VACA MUERTA,GAS,2023,20084.7,72.7,1.887,1190425.8,7006846.0,398839.6,33.5,0.7134,34,3,BUENO
163294,Tecpetrol,VACA MUERTA,GAS,2022,18597.2,69.5,2.0,1168861.8,6879921.0,463097.0,39.6,0.5346,49,2,REGULAR
163188,Pan American Energy,VACA MUERTA,GAS,2022,17217.1,64.4,2.0,1167678.1,6872953.0,476811.2,40.8,0.5126,50,3,REGULAR
164097,Tecpetrol,VACA MUERTA,GAS,2023,9792.0,20.6,2.0,1144779.2,6738170.0,314285.2,27.5,-0.121,36,6,DESCARTADO
164629,Pampa Energía,VACA MUERTA,GAS,2023,11901.7,32.7,2.0,1141171.8,6716937.0,309340.4,27.1,0.2172,32,4,DESCARTADO
164099,Tecpetrol,VACA MUERTA,GAS,2023,11369.2,35.3,2.0,1095557.2,6448450.0,333371.1,30.4,-0.1242,36,6,DESCARTADO
166479,Pan American Energy,VACA MUERTA,GAS,2025,17014.8,70.3,2.0,1083215.1,6375804.0,209083.5,19.3,0.9571,14,4,BUENO
164498,Tecpetrol,VACA MUERTA,GAS,2023,12196.5,45.5,2.0,1061896.2,6250321.0,320673.1,30.2,0.1856,28,10,DESCARTADO
166271,TotalEnergies,VACA MUERTA,GAS,2025,10666.4,33.3,2.0,1023239.5,6022788.0,153202.4,15.0,0.2376,13,6,DESCARTADO
164053,Tecpetrol,VACA MUERTA,GAS,2023,8177.6,16.7,2.0,1016601.2,5983715.0,283664.9,27.9,-0.0635,36,7,DESCARTADO
162914,Pan American Energy,VACA MUERTA,GAS,2021,16921.1,79.6,2.0,1016265.4,5981738.0,456371.2,44.9,0.7574,50,7,BUENO
166490,Pan American Energy,VACA MUERTA,GAS,2025,18036.7,84.1,2.0,996671.2,5866407.0,209523.0,21.0,0.284,12,5,DESCARTADO
164628,Pampa Energía,VACA MUERTA,GAS,2023,11551.4,39.8,1.933,995381.9,5858818.0,280437.0,28.2,0.3204,33,3,DESCARTADO
162321,Tecpetrol,VACA MUERTA,GAS,2021,21653.9,79.6,1.492,974325.1,5734878.0,508621.3,52.2,0.7481,61,3,BUENO
165335,Pampa Energía,VACA MUERTA,GAS,2024,24120.5,81.6,1.201,973178.9,5728131.0,374152.5,38.4,0.7057,15,13,BUENO
162836,TotalEnergies,VACA MUERTA,GAS,2021,8333.6,18.1,2.0,970821.2,5714254.0,363270.2,37.4,0.1582,56,2,DESCARTADO
166644,Pan American Energy,VACA MUERTA,PETROLEO,2025,8032.2,22.3,2.0,900676.4,5665074.0,87631.7,9.7,0.6374,7,8,REGULAR
164155,Pampa Energía,VACA MUERTA,GAS,2023,14535.2,70.8,2.0,945333.7,5564234.0,339009.8,35.9,0.3084,36,5,DESCARTADO
162399,YPF,VACA MUERTA,GAS,2021,17502.8,82.4,2.0,944163.5,5557346.0,445502.9,47.2,0.2787,61,2,DESCARTADO
164235,Pluspetrol,VACA MUERTA,GAS,2023,14358.3,69.8,2.0,938888.2,5526296.0,317447.0,33.8,0.3323,33,7,DESCARTADO
162835,TotalEnergies,VACA MUERTA,GAS,2021,15345.0,30.4,0.479,937692.0,5519255.0,534227.0,57.0,0.8673,49,9,BUENO
164717,Pampa Energía,VACA MUERTA,GAS,2023,11674.0,48.5,2.0,923247.0,5434232.0,267236.3,28.9,0.378,33,2,DESCARTADO
164234,Pluspetrol,VACA MUERTA,GAS,2023,7985.8,28.2,2.0,880174.2,5180705.0,262777.6,29.9,0.0626,28,12,DESCARTADO
162319,Tecpetrol,VACA MUERTA,GAS,2021,22782.5,70.7,1.054,874287.0,5146053.0,517786.3,59.2,0.7789,61,3,BUENO
164258,Pampa Energía,VACA MUERTA,GAS,2023,16260.5,84.8,2.0,864169.8,5086503.0,318805.8,36.9,0.2176,37,3,DESCARTADO
162609,TotalEnergies,VACA MUERTA,GAS,2021,7684.6,20.4,2.0,856853.4,5043439.0,331065.9,38.6,0.2431,59,1,DESCARTADO
164864,Pampa Energía,VACA MUERTA,GAS,2023,17464.9,90.4,2.0,850514.4,5006128.0,264138.6,31.1,0.3948,27,6,DESCARTADO
164500,Tecpetrol,VACA MUERTA,GAS,2023,14591.1,87.7,2.0,831018.5,4891375.0,319556.4,38.5,0.3033,28,10,DESCARTADO
166651,Pan American Energy,VACA MUERTA,PETROLEO,2025,8050.8,33.6,2.0,777102.6,4887820.0,91824.7,11.8,0.6719,8,7,REGULAR
162597,Tecpetrol,VACA MUERTA,GAS,2021,29132.3,83.9,0.983,828526.0,4876704.0,538644.4,65.0,0.8326,57,4,BUENO
164169,TotalEnergies,VACA MUERTA,GAS,2023,12216.3,33.2,0.812,825655.9,4859811.0,329709.6,39.9,0.6947,37,4,REGULAR
164863,Pampa Energía,VACA MUERTA,GAS,2023,16439.6,88.6,2.0,825138.0,4856762.0,254034.8,30.8,0.3764,27,6,DESCARTADO
164499,Tecpetrol,VACA MUERTA,GAS,2023,16115.9,89.8,1.843,824032.9,4850258.0,326187.9,39.6,0.59,28,10,REGULAR
165548,Chevron,VACA MUERTA,PETROLEO,2024,5707.0,7.3,2.0,770038.1,4843386.0,89623.2,11.6,0.0207,12,13,DESCARTADO
164054,Tecpetrol,VACA MUERTA,GAS,2023,8797.1,38.8,2.0,822484.5,4841144.0,272696.8,33.2,-0.0367,36,7,DESCARTADO
163426,YPF,VACA MUERTA,GAS,2022,8116.3,31.6,2.0,796483.3,4688101.0,277350.3,34.8,0.0806,45,5,DESCARTADO
164248,Tecpetrol,VACA MUERTA,GAS,2023,15986.7,80.1,1.737,793383.4,4669855.0,291731.2,36.8,0.7797,38,3,BUENO
164645,YPF,VACA MUERTA,GAS,2023,11526.9,62.0,1.689,785064.5,4620890.0,218481.5,27.8,0.3043,16,20,DESCARTADO
164005,Pluspetrol,VACA MUERTA,GAS,2023,13792.8,87.2,1.772,767227.7,4515902.0,282822.0,36.9,0.8327,16,27,BUENO
164208,Pan American Energy,VACA MUERTA,GAS,2023,16222.0,77.1,1.465,761093.6,4479797.0,317048.0,41.7,0.7172,37,4,BUENO
164147,TotalEnergies,VACA MUERTA,GAS,2023,16827.1,62.1,1.04,760839.4,4478301.0,359145.5,47.2,0.8203,38,4,BUENO
162398,YPF,VACA MUERTA,GAS,2021,20206.4,98.6,2.0,758027.0,4461747.0,369205.1,48.7,0.4539,61,2,REGULAR
166389,Pluspetrol,VACA MUERTA,GAS,2025,16586.9,92.8,2.0,756537.6,4452980.0,106103.0,14.0,0.6001,8,9,REGULAR
159673,Tecpetrol,VACA MUERTA,GAS,2018,11563.8,28.6,0.512,754837.8,4442975.0,531463.7,70.4,0.6485,90,6,REGULAR
165556,Pampa Energía,VACA MUERTA,GAS,2024,11771.7,68.2,2.0,752680.0,4430274.0,184251.0,24.5,0.418,23,2,REGULAR
164251,Pampa Energía,VACA MUERTA,GAS,2023,17939.1,96.2,2.0,751555.2,4423654.0,284523.0,37.9,0.4754,38,2,REGULAR
163796,TotalEnergies,VACA MUERTA,GAS,2022,14084.8,84.1,2.0,751080.3,4420859.0,293487.1,39.1,0.5712,44,2,REGULAR
162122,Tecpetrol,VACA MUERTA,GAS,2021,28784.3,99.7,1.579,742002.0,4367424.0,421912.9,56.9,0.8735,61,6,BUENO
166366,Pluspetrol,VACA MUERTA,GAS,2025,17676.6,96.4,2.0,737674.6,4341953.0,110815.4,15.0,0.5949,8,9,REGULAR
164052,Tecpetrol,VACA MUERTA,GAS,2023,9331.6,54.9,2.0,736011.6,4332164.0,263456.9,35.8,-0.027,36,7,DESCARTADO
164066,Pan American Energy,VACA MUERTA,GAS,2023,16694.2,79.1,1.431,735406.2,4328601.0,319987.6,43.5,0.6823,40,3,REGULAR
157970,YPF,VACA MUERTA,GAS,2017,11276.1,74.7,2.0,734182.1,4321396.0,477395.0,65.0,0.6722,101,12,REGULAR
164146,TotalEnergies,VACA MUERTA,GAS,2023,16547.6,62.1,1.103,733122.1,4315157.0,321794.6,43.9,0.9308,41,1,BUENO
158890,YPF,VACA MUERTA,GAS,2018,11910.7,77.9,2.0,720352.6,4239995.0,469925.5,65.2,0.1328,96,8,DESCARTADO
163321,YPF,VACA MUERTA,GAS,2022,14695.3,89.9,1.89,715509.4,4211488.0,299099.4,41.8,0.4986,41,10,REGULAR
163435,TotalEnergies,VACA MUERTA,GAS,2022,16311.6,24.6,0.01,713081.0,4197195.0,496766.0,69.7,0.8476,48,2,BUENO
160306,Tecpetrol,VACA MUERTA,GAS,2019,17009.8,25.6,0.019,709069.8,4173585.0,642022.9,90.5,0.6244,88,2,REGULAR
163293,Tecpetrol,VACA MUERTA,GAS,2022,17605.0,97.7,2.0,703174.0,4138882.0,306891.3,43.6,0.7485,49,2,BUENO
165595,TotalEnergies,VACA MUERTA,GAS,2024,13195.9,89.6,2.0,703025.3,4138007.0,193487.6,27.5,0.4063,15,10,REGULAR
166792,Pampa Energía,VACA MUERTA,GAS,2025,5308.4,0.1,2.0,698850.4,4113433.0,58365.1,8.4,-0.0001,11,1,DESCARTADO
165045,YPF,VACA MUERTA,GAS,2024,14355.1,91.4,2.0,697201.0,4103725.0,212200.5,30.4,0.5143,25,6,REGULAR
165825,TotalEnergies,VACA MUERTA,PETROLEO,2024,11568.1,78.3,2.0,649166.8,4083129.0,139156.2,21.4,0.2792,19,2,DESCARTADO
165044,YPF,VACA MUERTA,GAS,2024,15178.6,98.2,2.0,691945.6,4072792.0,243692.0,35.2,0.2358,16,15,DESCARTADO
164415,YPF,VACA MUERTA,GAS,2023,13532.1,95.0,2.0,677799.5,3989528.0,277600.1,41.0,0.4105,29,10,REGULAR
164156,Pampa Energía,VACA MUERTA,GAS,2023,17683.5,99.2,2.0,676368.9,3981107.0,275995.4,40.8,0.5455,36,5,REGULAR
164170,TotalEnergies,VACA MUERTA,GAS,2023,11202.7,53.5,1.349,667188.0,3927069.0,250388.6,37.5,0.8697,39,2,BUENO
164098,Tecpetrol,VACA MUERTA,GAS,2023,8822.1,59.3,2.0,666364.8,3922223.0,237282.3,35.6,-0.0636,36,6,DESCARTADO
162992,Tecpetrol,VACA MUERTA,GAS,2022,22656.7,99.6,1.754,662961.5,3902191.0,324454.7,48.9,0.7584,53,3,BUENO
166862,Petrolera El Trébol,VACA MUERTA,PETROLEO,2025,14482.5,97.1,2.0,620373.7,3902026.0,105917.2,17.1,0.9882,6,5,BUENO
164871,Pampa Energía,VACA MUERTA,GAS,2023,15017.7,99.3,2.0,652040.7,3837912.0,232741.4,35.7,0.7308,14,19,BUENO
163220,TotalEnergies,VACA MUERTA,GAS,2022,9676.0,63.0,2.0,646582.2,3805783.0,257312.7,39.8,0.3579,51,1,DESCARTADO
160462,TotalEnergies,VACA MUERTA,GAS,2019,12924.6,66.2,1.338,639534.4,3764299.0,388694.0,60.8,0.9201,86,3,BUENO
164414,YPF,VACA MUERTA,GAS,2023,7592.6,48.3,2.0,638107.0,3755898.0,200138.1,31.4,0.198,30,9,DESCARTADO
163221,TotalEnergies,VACA MUERTA,GAS,2022,15193.6,43.1,0.558,637643.5,3753170.0,383072.0,60.1,0.9094,50,2,BUENO
165084,Pan American Energy,VACA MUERTA,GAS,2024,14372.4,90.9,1.741,633868.0,3730947.0,222071.5,35.0,0.4833,26,6,REGULAR
165593,TotalEnergies,VACA MUERTA,GAS,2024,11046.7,79.9,2.0,632805.8,3724695.0,160344.5,25.3,0.5695,20,5,REGULAR
164157,Pampa Energía,VACA MUERTA,GAS,2023,15774.1,98.7,2.0,628656.3,3700271.0,257764.0,41.0,0.6189,36,5,REGULAR
164948,TotalEnergies,VACA MUERTA,GAS,2024,10865.6,78.4,2.0,621493.7,3658112.0,180768.4,29.1,0.5192,28,4,REGULAR
163371,Tecpetrol,VACA MUERTA,GAS,2022,15371.5,97.4,2.0,618963.1,3643217.0,266044.2,43.0,0.7292,48,3,BUENO
166825,YPF,VACA MUERTA,PETROLEO,2025,12860.4,94.2,2.0,578952.3,3641494.0,91875.2,15.9,0.9736,8,4,BUENO
163154,Tecpetrol,VACA MUERTA,GAS,2022,18541.1,97.0,1.652,614930.8,3619483.0,293283.0,47.7,0.8929,51,3,BUENO
167028,Tecpetrol,VACA MUERTA,GAS,2026,12433.8,88.3,2.0,611496.0,3599265.0,64693.6,10.6,0.9202,6,2,BUENO
163546,TotalEnergies,VACA MUERTA,GAS,2022,16463.2,47.9,0.557,610110.0,3591107.0,375123.4,61.5,0.8507,47,2,BUENO
165075,Pan American Energy,VACA MUERTA,GAS,2024,12022.5,89.7,1.966,604923.7,3560581.0,196178.6,32.4,0.8674,26,6,BUENO
162908,Pan American Energy,VACA MUERTA,GAS,2021,17620.0,81.2,1.047,604468.2,3557900.0,371136.4,61.4,0.9216,50,7,BUENO
158750,YPF,VACA MUERTA,GAS,2017,6618.0,41.1,2.0,600984.0,3537392.0,372569.4,62.0,0.0394,97,8,DESCARTADO
162450,Pampa Energía,VACA MUERTA,GAS,2021,22837.6,57.5,0.499,599546.0,3528928.0,472866.2,78.9,0.9383,60,2,BUENO
164215,Pan American Energy,VACA MUERTA,GAS,2023,17588.2,37.7,0.207,599413.1,3528146.0,417402.5,69.6,0.8281,37,4,BUENO
166381,TotalEnergies,VACA MUERTA,GAS,2025,14255.1,76.3,1.304,596362.5,3510190.0,145807.1,24.4,0.9823,13,4,BUENO
165332,TotalEnergies,VACA MUERTA,GAS,2024,9570.4,72.3,2.0,595395.6,3504499.0,161582.0,27.1,0.2085,24,4,DESCARTADO
164257,Pampa Energía,VACA MUERTA,GAS,2023,13799.4,95.2,2.0,595135.6,3502968.0,220617.9,37.1,0.6089,38,2,REGULAR
166826,YPF,VACA MUERTA,PETROLEO,2025,10353.7,85.5,2.0,543996.0,3421626.0,79856.9,14.7,0.9865,8,4,BUENO
166270,Pluspetrol,VACA MUERTA,GAS,2025,17876.2,99.9,2.0,577368.7,3398392.0,99282.2,17.2,0.6474,8,11,REGULAR
158752,YPF,VACA MUERTA,GAS,2017,10785.3,93.7,1.711,577365.7,3398375.0,373704.5,64.7,0.7761,62,43,BUENO
165340,Tecpetrol,VACA MUERTA,GAS,2024,22595.4,100.0,1.943,576406.0,3392726.0,222477.6,38.6,0.3289,15,13,DESCARTADO
160950,Tecpetrol,VACA MUERTA,GAS,2019,10202.4,23.5,0.197,568801.2,3347964.0,423448.6,74.4,0.5646,81,5,REGULAR
164075,Pan American Energy,VACA MUERTA,GAS,2023,13845.2,64.3,0.961,568775.5,3347813.0,289658.3,50.9,0.7178,39,4,BUENO
163858,YPF,VACA MUERTA,GAS,2022,9572.6,75.7,2.0,565666.2,3329511.0,210857.1,37.3,0.3764,42,3,DESCARTADO
160463,Tecpetrol,VACA MUERTA,GAS,2019,13023.3,55.4,0.805,562317.0,3309798.0,401372.9,71.4,0.7401,84,5,BUENO
166733,Chevron,VACA MUERTA,PETROLEO,2025,5517.5,33.1,2.0,522532.7,3286626.0,54555.2,10.4,0.1452,9,4,DESCARTADO
163436,TotalEnergies,VACA MUERTA,GAS,2022,17361.7,40.8,0.285,557249.3,3279969.0,415242.4,74.5,0.9343,48,2,BUENO
163038,TotalEnergies,VACA MUERTA,GAS,2022,16498.0,54.7,0.558,556625.4,3276297.0,388831.5,69.9,0.9032,49,6,BUENO
165082,Pan American Energy,VACA MUERTA,GAS,2024,12671.0,94.3,1.854,552886.8,3254292.0,192674.9,34.8,0.7677,26,6,BUENO
164364,Pampa Energía,VACA MUERTA,GAS,2023,15364.0,99.3,2.0,546346.5,3215795.0,203368.1,37.2,0.5686,37,2,REGULAR
161525,TotalEnergies,VACA MUERTA,GAS,2019,11152.0,67.4,1.281,543350.4,3198160.0,321967.1,59.3,0.9376,74,7,BUENO
166307,Pluspetrol,VACA MUERTA,GAS,2025,14441.6,98.8,2.0,542455.1,3192891.0,88013.4,16.2,0.635,8,10,REGULAR
164597,Pan American Energy,VACA MUERTA,GAS,2023,15974.1,77.2,1.072,541011.4,3184393.0,252223.6,46.6,0.93,35,2,BUENO
165555,Pampa Energía,VACA MUERTA,GAS,2024,11864.3,93.4,2.0,539315.5,3174411.0,150087.0,27.8,0.7037,23,2,BUENO
162239,Pan American Energy,VACA MUERTA,GAS,2021,20769.6,90.3,1.077,536667.1,3158823.0,350502.8,65.3,0.7344,63,3,BUENO
166989,YPF,VACA MUERTA,PETROLEO,2025,9289.8,82.8,2.0,502148.3,3158412.0,62661.0,12.5,0.8202,7,2,BUENO
166583,Shell,VACA MUERTA,PETROLEO,2025,11853.1,96.0,2.0,497260.6,3127670.0,100100.3,20.1,0.9569,14,2,BUENO
159669,Tecpetrol,VACA MUERTA,GAS,2018,9771.1,20.5,0.01,530994.1,3125431.0,453281.0,85.4,0.432,94,2,REGULAR
158891,YPF,VACA MUERTA,GAS,2018,12158.4,85.0,1.174,530987.2,3125391.0,373655.3,70.4,0.8188,62,42,BUENO
164336,TotalEnergies,VACA MUERTA,GAS,2023,14430.8,75.2,1.129,528641.7,3111585.0,235626.0,44.6,0.8403,36,3,BUENO
160308,Tecpetrol,VACA MUERTA,GAS,2019,18488.2,35.0,0.01,528039.1,3108038.0,515414.7,97.6,0.8203,88,2,BUENO
164947,TotalEnergies,VACA MUERTA,GAS,2024,11040.0,76.4,1.529,527973.3,3107651.0,176880.1,33.5,0.6231,28,4,REGULAR
163256,Pan American Energy,VACA MUERTA,GAS,2022,13966.8,65.2,0.838,527455.3,3104602.0,323424.5,61.3,0.8774,47,5,BUENO
159769,Tecpetrol,VACA MUERTA,GAS,2018,14744.5,95.6,1.688,525728.4,3094437.0,327226.0,62.2,0.5879,93,2,REGULAR
163169,YPF,VACA MUERTA,GAS,2022,12709.7,97.7,1.927,524147.8,3085134.0,238933.5,45.6,0.4701,44,9,REGULAR
166396,Tecpetrol,VACA MUERTA,GAS,2025,17470.4,99.6,1.764,524100.5,3084856.0,140976.8,26.9,0.4794,14,3,REGULAR
163399,Tecpetrol,VACA MUERTA,GAS,2022,13804.2,32.1,0.174,522324.3,3074401.0,374017.6,71.6,0.6226,48,2,REGULAR
166783,YPF,VACA MUERTA,PETROLEO,2025,11252.8,96.3,2.0,486552.6,3060319.0,85549.4,17.6,0.9801,8,5,BUENO
163797,TotalEnergies,VACA MUERTA,GAS,2022,16087.4,36.6,0.186,519222.6,3056144.0,384354.3,74.0,0.8359,45,1,BUENO
160535,TotalEnergies,VACA MUERTA,GAS,2019,9277.5,59.0,1.325,517444.9,3045681.0,310748.0,60.1,0.9344,84,4,BUENO
162326,Pluspetrol,VACA MUERTA,GAS,2021,12201.3,82.2,1.5,515821.6,3036126.0,261998.9,50.8,0.8872,60,4,BUENO
163150,Tecpetrol,VACA MUERTA,GAS,2022,22556.4,98.9,1.338,514932.4,3030892.0,293208.6,56.9,0.7865,51,3,BUENO
165471,Pluspetrol,VACA MUERTA,GAS,2023,10085.1,87.1,2.0,513369.1,3021691.0,110268.6,21.5,0.7445,16,11,BUENO
163189,Pan American Energy,VACA MUERTA,GAS,2022,13115.4,28.5,0.01,512232.9,3015003.0,403405.6,78.8,0.617,50,3,REGULAR
166917,Pluspetrol,VACA MUERTA,PETROLEO,2025,10982.6,96.3,2.0,478899.6,3012183.0,77102.2,16.1,0.924,6,4,BUENO
157969,YPF,VACA MUERTA,GAS,2017,12284.8,84.8,1.342,511594.1,3011243.0,369441.7,72.2,0.8913,102,11,BUENO
163295,Tecpetrol,VACA MUERTA,GAS,2022,13889.7,77.7,1.174,511048.6,3008032.0,264909.7,51.8,0.903,49,2,BUENO
160091,TotalEnergies,VACA MUERTA,GAS,2018,10583.5,59.6,1.06,510050.3,3002156.0,339795.0,66.6,0.9772,88,5,BUENO
163633,ExxonMobil,VACA MUERTA,PETROLEO,2022,8444.6,19.8,0.01,475839.7,2992937.0,146644.7,30.8,0.1213,18,30,DESCARTADO
165455,Pan American Energy,VACA MUERTA,GAS,2024,18036.3,90.4,1.143,507671.7,2988156.0,221714.4,43.7,0.7389,24,3,BUENO
163701,Pampa Energía,VACA MUERTA,GAS,2022,16354.3,81.1,0.945,506230.7,2979674.0,303022.3,59.9,0.9803,39,8,BUENO
163322,YPF,VACA MUERTA,GAS,2022,12074.8,28.1,0.01,504089.2,2967069.0,363375.0,72.1,0.3594,40,11,DESCARTADO
167032,Tecpetrol,VACA MUERTA,GAS,2026,15713.0,82.4,1.146,502347.1,2956815.0,88515.7,17.6,0.9612,7,1,BUENO
162708,YPF,VACA MUERTA,GAS,2021,10098.5,93.8,2.0,500236.4,2944391.0,261619.3,52.3,0.0881,53,6,DESCARTADO
159959,Tecpetrol,VACA MUERTA,GAS,2018,14016.2,97.1,1.772,500183.7,2944081.0,308977.5,61.8,0.6549,92,3,REGULAR
164949,TotalEnergies,VACA MUERTA,GAS,2024,9606.0,86.3,2.0,498075.6,2931673.0,151453.9,30.4,0.6354,28,4,REGULAR
166493,Pan American Energy,VACA MUERTA,GAS,2025,17667.5,58.1,0.513,496730.3,2923755.0,213672.8,43.0,0.943,14,4,BUENO
162798,YPF,VACA MUERTA,GAS,2021,16470.7,58.2,0.605,496382.5,2921707.0,346342.9,69.8,0.7342,56,2,BUENO
166393,Tecpetrol,VACA MUERTA,GAS,2025,14629.5,99.6,1.935,492903.6,2901231.0,122502.1,24.9,0.7532,14,3,BUENO
166272,TotalEnergies,VACA MUERTA,GAS,2025,12071.5,96.2,1.924,490799.6,2888846.0,111779.4,22.8,0.3965,15,4,DESCARTADO
162407,YPF,VACA MUERTA,GAS,2021,13956.6,99.9,2.0,490747.8,2888542.0,262638.3,53.5,0.5423,57,6,REGULAR
162797,YPF,VACA MUERTA,GAS,2021,13544.9,66.8,0.934,486401.1,2862957.0,282716.4,58.1,0.7942,56,2,BUENO
163458,Pan American Energy,VACA MUERTA,GAS,2022,12700.1,62.1,0.86,485962.3,2860374.0,274451.2,56.5,0.8244,47,3,BUENO
163269,Pan American Energy,VACA MUERTA,GAS,2022,13587.4,52.7,0.544,485475.6,2857509.0,335913.2,69.2,0.9164,47,5,BUENO
164363,Pampa Energía,VACA MUERTA,GAS,2023,12292.0,97.7,2.0,484526.7,2851924.0,179518.5,37.1,0.5236,37,2,REGULAR
160466,Tecpetrol,VACA MUERTA,GAS,2019,14895.0,44.1,0.381,483652.6,2846779.0,418404.7,86.5,0.8252,87,2,BUENO
163323,YPF,VACA MUERTA,GAS,2022,11584.0,27.5,0.01,482803.2,2841780.0,343628.8,71.2,0.3144,41,10,DESCARTADO
166737,Vista Energy,VACA MUERTA,PETROLEO,2025,6887.4,64.6,2.0,451667.3,2840897.0,60799.7,13.5,0.6718,11,2,REGULAR
165725,YPF,VACA MUERTA,PETROLEO,2024,4525.8,30.0,2.0,451183.0,2837851.0,84226.7,18.7,0.3249,19,4,DESCARTADO
160461,TotalEnergies,VACA MUERTA,GAS,2019,9112.2,43.3,0.818,478259.3,2815034.0,313188.2,65.5,0.9838,86,3,BUENO
164335,TotalEnergies,VACA MUERTA,GAS,2023,11962.2,97.7,2.0,477775.2,2812185.0,175390.4,36.7,0.8739,36,3,BUENO
163454,Pan American Energy,VACA MUERTA,GAS,2022,13672.7,43.2,0.386,477413.5,2810056.0,333916.9,69.9,0.8138,47,3,BUENO
163182,Pan American Energy,VACA MUERTA,GAS,2022,16511.0,43.1,0.236,477325.9,2809540.0,392484.1,82.2,0.8192,51,2,BUENO
160577,Tecpetrol,VACA MUERTA,GAS,2019,9697.5,28.4,0.152,476515.0,2804767.0,404660.0,84.9,0.5497,76,11,REGULAR
164862,Chevron,VACA MUERTA,PETROLEO,2023,3119.5,0.1,2.0,445531.0,2802301.0,69150.0,15.5,-0.0004,11,23,DESCARTADO
166598,Tecpetrol,VACA MUERTA,GAS,2025,19975.6,100.0,2.0,476071.4,2802156.0,120041.0,25.2,0.0612,13,2,DESCARTADO
167033,Tecpetrol,VACA MUERTA,GAS,2026,12653.4,98.6,2.0,475710.9,2800034.0,58861.0,12.4,0.9773,6,2,BUENO
162610,TotalEnergies,VACA MUERTA,GAS,2021,10879.6,40.3,0.539,475664.6,2799762.0,300109.5,63.1,0.8563,59,1,BUENO
163052,Tecpetrol,VACA MUERTA,GAS,2022,15888.2,74.1,0.888,473787.0,2788710.0,286880.0,60.6,0.8844,52,2,BUENO
160307,Tecpetrol,VACA MUERTA,GAS,2019,16780.0,35.4,0.01,473622.7,2787743.0,470973.0,99.4,0.8442,88,2,BUENO
164729,YPF,VACA MUERTA,GAS,2023,12522.8,100.0,2.0,473533.6,2787219.0,187601.8,39.6,0.4378,16,19,REGULAR
165221,Pan American Energy,VACA MUERTA,GAS,2024,15629.6,94.6,1.354,472533.4,2781332.0,196258.8,41.5,0.7481,26,5,BUENO
162121,Tecpetrol,VACA MUERTA,GAS,2021,21167.1,84.0,0.804,471986.4,2778112.0,355667.0,75.4,0.9562,61,6,BUENO
165072,Pampa Energía,VACA MUERTA,GAS,2024,18462.2,39.4,0.01,471768.3,2776828.0,343106.0,72.7,0.5541,28,4,REGULAR
167029,Tecpetrol,VACA MUERTA,GAS,2026,11793.9,97.8,2.0,470620.3,2770071.0,65232.3,13.9,0.9896,6,2,BUENO
163153,Tecpetrol,VACA MUERTA,GAS,2022,17202.5,79.7,0.851,470193.1,2767557.0,313252.2,66.6,0.8958,49,5,BUENO
167034,Tecpetrol,VACA MUERTA,GAS,2026,12268.7,98.3,2.0,468949.5,2760237.0,57599.8,12.3,0.9928,6,2,BUENO
164171,TotalEnergies,VACA MUERTA,GAS,2023,11025.3,26.6,0.01,462963.7,2725004.0,302998.9,65.4,0.8008,37,4,BUENO
166690,YPF,VACA MUERTA,PETROLEO,2025,8195.4,84.4,2.0,431845.9,2716224.0,71303.0,16.5,0.9308,11,3,BUENO
165020,Tecpetrol,VACA MUERTA,GAS,2024,15413.4,85.9,1.155,458144.9,2696641.0,193274.2,42.2,0.9595,30,1,BUENO
158237,YPF,VACA MUERTA,GAS,2017,13584.5,88.3,1.213,458111.0,2696441.0,352105.6,76.9,0.4543,101,9,REGULAR
162124,Tecpetrol,VACA MUERTA,GAS,2021,12781.8,89.4,1.376,455303.8,2679918.0,263114.4,57.8,0.8709,63,5,BUENO
162325,Pluspetrol,VACA MUERTA,GAS,2021,9669.3,42.0,0.634,455274.0,2679743.0,277983.6,61.1,0.8614,59,5,BUENO
163039,TotalEnergies,VACA MUERTA,GAS,2022,14355.3,49.1,0.437,453218.9,2667646.0,336178.6,74.2,0.9445,52,3,BUENO
159674,Tecpetrol,VACA MUERTA,GAS,2018,17398.1,100.0,1.903,451691.2,2658654.0,285128.5,63.1,0.4832,94,2,REGULAR
165173,YPF,VACA MUERTA,PETROLEO,2024,8407.2,89.4,2.0,420486.2,2644774.0,132355.2,31.5,0.5037,27,3,REGULAR
163008,YPF,VACA MUERTA,GAS,2022,10914.5,99.7,2.0,449303.2,2644599.0,241670.0,53.8,0.2959,44,12,DESCARTADO
163152,Tecpetrol,VACA MUERTA,GAS,2022,16358.7,79.5,0.914,448644.6,2640722.0,274233.1,61.1,0.8235,51,3,BUENO
166832,YPF,VACA MUERTA,PETROLEO,2025,10616.4,98.0,1.974,416303.3,2618464.0,70602.3,17.0,0.9751,8,4,BUENO
160205,Tecpetrol,VACA MUERTA,GAS,2019,10707.9,66.5,0.697,444634.1,2617116.0,366222.8,82.4,0.8327,68,24,BUENO
165831,Tecpetrol,VACA MUERTA,GAS,2024,9541.9,78.8,1.488,444355.7,2615478.0,118905.2,26.8,0.9075,15,6,BUENO
160932,YPF,VACA MUERTA,PETROLEO,2019,7710.3,83.8,2.0,415180.4,2611402.0,231222.4,55.7,0.5029,80,5,REGULAR
163819,Pampa Energía,VACA MUERTA,GAS,2022,16917.4,82.9,0.816,443197.8,2608662.0,299183.4,67.5,0.916,37,8,BUENO
165219,Pan American Energy,VACA MUERTA,GAS,2024,17395.8,79.5,0.839,442067.2,2602008.0,228994.7,51.8,0.8471,27,4,BUENO
164071,Pan American Energy,VACA MUERTA,GAS,2023,13967.1,56.5,0.618,441043.3,2595981.0,264797.7,60.0,0.7845,42,1,BUENO
162780,YPF,VACA MUERTA,GAS,2021,10966.4,97.7,2.0,440700.7,2593964.0,191202.1,43.4,0.3892,49,9,DESCARTADO
160027,Tecpetrol,VACA MUERTA,GAS,2018,17493.7,97.1,1.345,440682.7,2593858.0,302144.4,68.6,0.8478,92,2,BUENO
160694,YPF,VACA MUERTA,PETROLEO,2019,9157.4,95.0,2.0,411914.6,2590860.0,246316.8,59.8,0.5285,83,4,REGULAR
159565,Tecpetrol,VACA MUERTA,GAS,2018,10805.7,77.1,1.291,439427.2,2586468.0,291092.2,66.2,0.8407,95,2,BUENO
160023,Tecpetrol,VACA MUERTA,GAS,2018,14603.3,78.7,1.001,439360.3,2586075.0,312490.0,71.1,0.8275,92,2,BUENO
162357,Tecpetrol,VACA MUERTA,GAS,2021,17318.0,86.1,0.996,438571.8,2581434.0,280730.4,64.0,0.7946,62,2,BUENO
166691,YPF,VACA MUERTA,PETROLEO,2025,6959.9,75.8,2.0,410088.0,2579372.0,65119.0,15.9,0.845,11,3,BUENO
164941,Vista Energy,VACA MUERTA,PETROLEO,2024,26954.4,94.4,0.603,409038.2,2572768.0,349488.0,85.4,0.8989,20,12,BUENO
159770,Tecpetrol,VACA MUERTA,GAS,2018,14135.2,63.8,0.728,436008.6,2566347.0,338057.1,77.5,0.7498,93,2,BUENO
165409,Tecpetrol,VACA MUERTA,GAS,2024,7275.8,82.1,2.0,435872.3,2565544.0,118874.1,27.3,0.7469,15,12,BUENO
164813,YPF,VACA MUERTA,GAS,2023,11439.2,94.9,1.734,435495.5,2563327.0,142932.5,32.8,0.5873,26,8,REGULAR
164236,Pluspetrol,VACA MUERTA,GAS,2023,12531.4,34.7,0.01,433891.3,2553884.0,317874.3,73.3,0.4876,30,10,REGULAR
160026,Tecpetrol,VACA MUERTA,GAS,2018,16009.8,90.2,1.163,432689.4,2546810.0,303886.8,70.2,0.8647,92,2,BUENO
165073,Pampa Energía,VACA MUERTA,GAS,2024,19476.6,48.5,0.01,432570.3,2546109.0,360771.3,83.4,0.6338,26,6,REGULAR
164274,YPF,VACA MUERTA,PETROLEO,2023,2832.9,4.3,2.0,403392.4,2537258.0,91862.6,22.8,0.0085,22,18,DESCARTADO
162397,YPF,VACA MUERTA,GAS,2021,16180.9,100.0,2.0,430850.5,2535986.0,239310.3,55.5,0.2437,59,4,DESCARTADO
165071,Pampa Energía,VACA MUERTA,GAS,2024,17898.0,43.0,0.01,428872.9,2524346.0,329690.3,76.9,0.5158,27,5,REGULAR
159462,TotalEnergies,VACA MUERTA,GAS,2018,8694.7,53.0,1.004,427243.8,2514757.0,285236.2,66.8,0.9738,96,3,BUENO
163757,YPF,VACA MUERTA,PETROLEO,2022,5087.2,51.2,2.0,399300.2,2511518.0,138993.1,34.8,0.3714,40,6,DESCARTADO
163857,YPF,VACA MUERTA,GAS,2022,10018.2,25.5,0.01,425884.0,2506753.0,284515.1,66.8,0.3277,42,3,DESCARTADO
161308,Pluspetrol,VACA MUERTA,GAS,2019,10117.8,89.5,1.626,425612.0,2505152.0,241929.7,56.8,0.7275,70,13,BUENO
160024,Tecpetrol,VACA MUERTA,GAS,2018,14517.2,79.8,0.996,425257.0,2503063.0,305224.4,71.8,0.8807,92,2,BUENO
158922,Tecpetrol,VACA MUERTA,GAS,2018,11289.8,89.4,1.536,425149.6,2502431.0,282264.7,66.4,0.823,102,2,BUENO
164706,TotalEnergies,VACA MUERTA,GAS,2023,10133.4,49.2,0.715,425002.5,2501565.0,200669.8,47.2,0.8217,35,2,BUENO
163821,Pampa Energía,VACA MUERTA,GAS,2022,17952.8,83.1,0.753,424288.6,2497363.0,301430.9,71.0,0.9241,37,8,BUENO
166676,YPF,VACA MUERTA,GAS,2025,14681.8,100.0,2.0,419677.3,2470221.0,102267.9,24.4,0.5781,9,5,REGULAR
159530,Tecpetrol,VACA MUERTA,GAS,2018,15418.2,98.1,1.497,418784.6,2464966.0,276834.7,66.1,0.7669,96,2,BUENO
162653,YPF,VACA MUERTA,GAS,2021,12718.4,96.8,1.546,417756.4,2458914.0,224175.4,53.7,0.6901,54,6,REGULAR
164337,TotalEnergies,VACA MUERTA,GAS,2023,13021.5,64.0,0.754,417062.4,2454829.0,223862.9,53.7,0.8107,36,3,BUENO
167035,Tecpetrol,VACA MUERTA,GAS,2026,11660.5,99.2,2.0,416983.1,2454363.0,53335.4,12.8,0.8935,6,2,BUENO
162628,Tecpetrol,VACA MUERTA,GAS,2021,11425.4,52.3,0.642,415728.1,2446976.0,271036.3,65.2,0.8593,58,2,BUENO
164644,YPF,VACA MUERTA,GAS,2023,12218.7,100.0,2.0,414630.4,2440515.0,173360.4,41.8,0.1646,13,23,DESCARTADO
166169,Pluspetrol,VACA MUERTA,GAS,2025,17880.8,100.0,2.0,412946.8,2430605.0,123839.6,30.0,0.2465,12,8,DESCARTADO
163006,YPF,VACA MUERTA,GAS,2022,7391.0,34.5,0.517,412334.2,2426999.0,242885.9,58.9,0.4101,49,7,REGULAR
162799,YPF,VACA MUERTA,GAS,2021,15610.9,76.3,0.832,412147.2,2425898.0,271395.2,65.8,0.7476,56,2,BUENO
165097,Shell,VACA MUERTA,PETROLEO,2024,8580.7,74.3,1.344,384927.0,2421114.0,138839.1,36.1,0.7075,27,3,BUENO
160003,TotalEnergies,VACA MUERTA,GAS,2018,9629.8,57.5,0.925,410779.0,2417845.0,282285.2,68.7,0.9606,92,3,BUENO
159531,Tecpetrol,VACA MUERTA,GAS,2018,12133.2,90.1,1.363,409829.8,2412258.0,277415.0,67.7,0.7837,95,3,BUENO
159512,Pan American Energy,VACA MUERTA,GAS,2018,15029.6,46.6,0.241,409823.7,2412222.0,403620.7,98.5,0.9122,95,3,BUENO
162572,YPF,VACA MUERTA,GAS,2021,10596.9,49.0,0.568,409733.3,2411690.0,282736.0,69.0,0.6785,58,3,REGULAR
166165,Pluspetrol,VACA MUERTA,GAS,2025,17730.1,100.0,2.0,408721.1,2405732.0,122995.1,30.1,0.3513,12,8,DESCARTADO
166203,YPF,VACA MUERTA,PETROLEO,2025,9199.0,93.5,1.838,382047.2,2403000.0,95079.1,24.9,0.8453,18,2,BUENO
166665,Tecpetrol,VACA MUERTA,GAS,2025,14731.5,100.0,2.0,408119.1,2402189.0,98611.3,24.2,-0.0579,13,1,DESCARTADO
158920,Tecpetrol,VACA MUERTA,GAS,2018,12668.9,91.4,1.383,407466.3,2398347.0,280173.0,68.8,0.8263,102,2,BUENO
166736,Vista Energy,VACA MUERTA,PETROLEO,2025,8010.7,90.1,2.0,381267.2,2398094.0,60836.6,16.0,0.8664,11,2,BUENO
164811,YPF,VACA MUERTA,GAS,2023,12626.9,99.9,2.0,406873.5,2394857.0,136197.1,33.5,0.6061,26,8,REGULAR
159045,TotalEnergies,VACA MUERTA,GAS,2018,9024.0,78.6,1.484,406202.7,2390909.0,263182.2,64.8,0.9021,98,5,BUENO
160947,TotalEnergies,VACA MUERTA,GAS,2019,10138.0,60.3,0.834,406066.8,2390109.0,284903.1,70.2,0.9831,78,7,BUENO
160193,ExxonMobil,VACA MUERTA,GAS,2019,16864.8,87.0,0.949,405985.7,2389632.0,309821.9,76.3,0.9054,89,3,BUENO
159219,YPF,VACA MUERTA,GAS,2018,7938.0,22.7,0.01,405842.8,2388791.0,358668.5,88.4,0.5931,90,11,REGULAR
165021,Tecpetrol,VACA MUERTA,GAS,2024,15241.8,80.6,0.93,404593.7,2381439.0,193615.1,47.9,0.9457,30,1,BUENO
162933,Tecpetrol,VACA MUERTA,GAS,2022,30349.7,99.9,1.147,404433.6,2380496.0,285140.3,70.5,0.9095,53,3,BUENO
161526,TotalEnergies,VACA MUERTA,GAS,2019,9611.3,54.3,0.779,404025.2,2378092.0,275720.5,68.2,0.9838,74,7,BUENO
166692,YPF,VACA MUERTA,PETROLEO,2025,7548.6,86.0,1.925,377817.8,2376398.0,65486.6,17.3,0.911,11,3,BUENO
159529,Tecpetrol,VACA MUERTA,GAS,2018,8861.4,76.3,1.327,403218.4,2373344.0,271283.2,67.3,0.8379,92,6,BUENO
159566,Tecpetrol,VACA MUERTA,GAS,2018,11577.5,82.5,1.216,403110.5,2372708.0,277072.7,68.7,0.9272,95,2,BUENO
158423,YPF,VACA MUERTA,GAS,2017,6382.1,74.2,2.0,400686.9,2358443.0,261401.3,65.2,0.1867,101,7,DESCARTADO
166603,TotalEnergies,VACA MUERTA,GAS,2025,14641.9,60.3,0.569,400423.8,2356894.0,139922.8,34.9,0.9593,12,3,BUENO
159399,Tecpetrol,VACA MUERTA,GAS,2018,10800.5,71.8,1.005,399726.6,2352791.0,289359.5,72.4,0.9071,94,5,BUENO
162001,Vista Energy,VACA MUERTA,PETROLEO,2020,7343.1,54.4,1.107,372967.0,2345888.0,201494.3,54.0,0.9193,66,3,BUENO
163700,Pampa Energía,VACA MUERTA,GAS,2022,18880.2,43.5,0.01,397910.5,2342101.0,364421.7,91.6,0.9049,44,3,BUENO
165675,YPF,VACA MUERTA,PETROLEO,2024,6445.6,76.9,2.0,372052.7,2340137.0,90301.8,24.3,0.6977,22,2,REGULAR
159460,TotalEnergies,VACA MUERTA,GAS,2018,9887.9,86.3,1.522,396327.9,2332786.0,255078.1,64.4,0.9845,96,4,BUENO
165334,Pampa Energía,VACA MUERTA,GAS,2024,21373.1,66.1,0.01,396033.2,2331051.0,346861.1,87.6,0.8217,15,13,BUENO
164728,YPF,VACA MUERTA,GAS,2023,12866.1,93.9,1.083,395589.7,2328441.0,193960.4,49.0,0.4802,10,25,REGULAR
164127,Vista Energy,VACA MUERTA,PETROLEO,2023,16376.6,90.9,0.98,370163.1,2328252.0,219141.7,59.2,0.9026,38,4,BUENO
164810,YPF,VACA MUERTA,PETROLEO,2023,6856.0,84.3,2.0,369546.8,2324375.0,119908.6,32.4,0.8092,30,4,BUENO
164249,Tecpetrol,VACA MUERTA,GAS,2023,14704.9,100.0,1.952,394054.9,2319407.0,159933.6,40.6,0.706,38,3,BUENO
159848,YPF,VACA MUERTA,PETROLEO,2018,7750.2,91.6,2.0,367489.3,2311434.0,221071.8,60.2,0.7291,92,3,BUENO
166731,Chevron,VACA MUERTA,PETROLEO,2025,6069.4,74.0,2.0,367357.2,2310603.0,52609.3,14.3,0.6311,9,4,REGULAR
163859,YPF,VACA MUERTA,GAS,2022,7230.6,82.6,2.0,390393.5,2297856.0,145805.9,37.3,0.2431,42,3,DESCARTADO
166233,Chevron,VACA MUERTA,PETROLEO,2025,8020.7,94.6,2.0,365007.2,2295822.0,82430.9,22.6,0.6937,13,6,REGULAR
163053,Tecpetrol,VACA MUERTA,GAS,2022,18144.0,94.9,1.081,389777.1,2294228.0,241443.0,61.9,0.8699,52,2,BUENO
159221,YPF,VACA MUERTA,GAS,2018,11420.2,80.1,1.153,388618.3,2287407.0,271545.2,69.9,0.7755,97,4,BUENO
160945,Tecpetrol,VACA MUERTA,GAS,2019,10020.4,87.1,1.354,388179.1,2284822.0,248635.5,64.1,0.8073,75,11,BUENO
166591,Chevron,VACA MUERTA,PETROLEO,2025,5677.3,70.7,2.0,361491.9,2273712.0,55368.0,15.3,0.5621,9,6,REGULAR
162334,YPF,VACA MUERTA,GAS,2021,18861.0,89.4,0.894,386188.5,2273106.0,282270.5,73.1,0.7746,62,2,BUENO
159705,YPF,VACA MUERTA,GAS,2018,8509.5,88.2,1.321,382150.5,2249338.0,250619.4,65.6,0.6993,56,42,REGULAR
163151,Tecpetrol,VACA MUERTA,GAS,2022,21163.8,98.8,1.131,380930.3,2242156.0,249113.6,65.4,0.8394,51,3,BUENO
159675,Tecpetrol,VACA MUERTA,GAS,2018,16506.7,42.3,0.01,380255.4,2238183.0,390149.2,102.6,0.9159,94,2,BUENO
166784,YPF,VACA MUERTA,PETROLEO,2025,10626.5,98.7,1.737,355539.3,2236271.0,77008.3,21.7,0.9954,8,5,BUENO
160949,TotalEnergies,VACA MUERTA,GAS,2019,10540.9,66.9,0.886,379788.7,2235436.0,267205.1,70.4,0.9791,80,5,BUENO
164232,Tecpetrol,VACA MUERTA,GAS,2023,10948.9,62.3,0.793,379536.4,2233951.0,200476.0,52.8,0.7646,38,3,BUENO
164501,Tecpetrol,VACA MUERTA,PETROLEO,2023,5786.7,74.1,2.0,354691.6,2230939.0,108819.4,30.7,0.0696,28,10,DESCARTADO
165227,Pan American Energy,VACA MUERTA,GAS,2024,13119.9,86.2,1.116,378470.8,2227679.0,162314.3,42.9,0.8232,28,3,BUENO
163051,Tecpetrol,VACA MUERTA,GAS,2022,18536.6,99.3,1.303,377522.4,2222097.0,220789.6,58.5,0.8431,52,2,BUENO
159398,Tecpetrol,VACA MUERTA,GAS,2018,10631.8,58.3,0.764,377489.7,2221904.0,283144.9,75.0,0.891,97,2,BUENO
163400,Tecpetrol,VACA MUERTA,GAS,2022,11253.6,37.6,0.234,376824.3,2217988.0,280923.4,74.6,0.6956,48,2,REGULAR
166317,YPF,VACA MUERTA,PETROLEO,2025,7009.8,88.2,2.0,352284.9,2215802.0,78854.0,22.4,0.2424,16,2,DESCARTADO
162391,Tecpetrol,VACA MUERTA,GAS,2021,14730.2,85.5,0.981,374904.8,2206690.0,243977.0,65.1,0.7688,61,2,BUENO
159637,TotalEnergies,VACA MUERTA,GAS,2018,10111.1,82.0,1.31,374404.1,2203743.0,247351.3,66.1,0.9868,95,2,BUENO
165803,Vista Energy,VACA MUERTA,PETROLEO,2024,9915.6,99.3,2.0,350140.4,2202313.0,89846.4,25.7,0.9476,20,2,BUENO
162485,YPF,VACA MUERTA,PETROLEO,2021,5788.2,89.8,2.0,349417.1,2197764.0,169811.1,48.6,0.7799,38,24,BUENO
158422,YPF,VACA MUERTA,GAS,2017,4623.3,46.3,2.0,371594.9,2187208.0,231607.3,62.3,0.0976,105,3,DESCARTADO
163009,YPF,VACA MUERTA,GAS,2022,9337.0,99.9,2.0,370679.0,2181817.0,207793.1,56.1,0.2988,42,14,DESCARTADO
166793,Vista Energy,VACA MUERTA,PETROLEO,2025,6449.9,83.2,2.0,345767.7,2174810.0,49942.0,14.4,0.8908,9,3,BUENO
164574,YPF,VACA MUERTA,PETROLEO,2023,9332.4,89.9,1.502,345402.8,2172515.0,139735.0,40.5,0.9099,35,2,BUENO
162568,YPF,VACA MUERTA,PETROLEO,2021,6321.5,88.0,2.0,345174.1,2171076.0,170802.5,49.5,0.4064,54,7,REGULAR
165205,Tecpetrol,VACA MUERTA,GAS,2024,16278.1,83.4,0.831,368599.3,2169575.0,203336.7,55.2,0.934,28,2,BUENO
159532,Tecpetrol,VACA MUERTA,GAS,2018,13319.7,98.6,1.532,366654.4,2158128.0,245156.5,66.9,0.649,96,2,REGULAR
165443,Pluspetrol,VACA MUERTA,GAS,2023,8741.0,96.8,2.0,366282.9,2155941.0,88072.1,24.0,0.7308,16,12,BUENO
162596,Tecpetrol,VACA MUERTA,GAS,2021,15159.1,62.1,0.515,364262.1,2144047.0,295059.8,81.0,0.8862,59,2,BUENO
160961,Pampa Energía,VACA MUERTA,GAS,2019,13426.6,63.0,0.586,363153.9,2137524.0,303711.6,83.6,0.8753,82,3,BUENO
162217,YPF,VACA MUERTA,GAS,2021,16270.4,96.7,1.155,360311.1,2120791.0,239251.4,66.4,0.6081,62,4,REGULAR
159351,Tecpetrol,VACA MUERTA,GAS,2018,8689.3,51.9,0.774,360066.5,2119351.0,261829.1,72.7,0.8341,97,2,BUENO
166966,Vista Energy,VACA MUERTA,PETROLEO,2025,6946.7,89.1,2.0,336835.2,2118626.0,35724.5,10.6,0.9532,6,3,BUENO
164216,Pan American Energy,VACA MUERTA,GAS,2023,17020.5,48.4,0.01,359888.9,2118306.0,332504.5,92.4,0.8329,37,4,BUENO
165279,YPF,VACA MUERTA,PETROLEO,2024,8068.9,90.5,1.683,335931.4,2112941.0,110117.4,32.8,0.4418,25,4,REGULAR
164319,Pan American Energy,VACA MUERTA,GAS,2023,12077.6,51.5,0.436,358589.5,2110658.0,241536.5,67.4,0.8119,37,3,BUENO
160534,TotalEnergies,VACA MUERTA,GAS,2019,12422.9,77.7,0.913,358522.0,2110260.0,260867.4,72.8,0.8341,85,3,BUENO
159964,Tecpetrol,VACA MUERTA,GAS,2018,13806.5,42.2,0.113,358394.3,2109509.0,359850.9,100.4,0.9189,90,5,BUENO
165757,Pan American Energy,VACA MUERTA,GAS,2024,17900.4,77.3,0.626,357906.9,2106640.0,206792.2,57.8,0.8018,20,3,BUENO
165557,Pampa Energía,VACA MUERTA,GAS,2024,9777.7,28.9,0.01,357782.3,2105907.0,181377.4,50.7,0.4204,23,2,REGULAR
164023,YPF,VACA MUERTA,GAS,2023,11066.3,98.8,1.465,355887.0,2094751.0,186887.0,52.5,0.72,28,15,BUENO
167016,Vista Energy,VACA MUERTA,PETROLEO,2026,7153.8,91.4,2.0,332610.1,2092051.0,35509.5,10.7,0.9637,6,2,BUENO
161568,Pan American Energy,VACA MUERTA,GAS,2020,11730.4,44.3,0.343,355217.4,2090810.0,308608.9,86.9,0.8792,79,1,BUENO
162390,Tecpetrol,VACA MUERTA,GAS,2021,10635.2,94.4,1.532,354816.7,2088451.0,189351.1,53.4,0.6692,61,2,REGULAR
159354,Tecpetrol,VACA MUERTA,GAS,2018,8761.7,68.8,1.042,354795.2,2088325.0,251491.3,70.9,0.8932,94,5,BUENO
161513,YPF,VACA MUERTA,PETROLEO,2019,3048.2,25.7,2.0,331805.6,2086991.0,167034.9,50.3,0.0365,75,6,DESCARTADO
162320,Tecpetrol,VACA MUERTA,GAS,2021,17823.2,85.8,0.764,354262.0,2085186.0,280568.3,79.2,0.8527,61,3,BUENO
166963,Vista Energy,VACA MUERTA,PETROLEO,2025,6798.1,89.1,2.0,330411.1,2078220.0,35347.7,10.7,0.8914,6,3,BUENO
164004,Pluspetrol,VACA MUERTA,GAS,2023,15873.2,88.8,0.654,352905.6,2077202.0,288325.1,81.7,0.9233,26,17,BUENO
166664,Tecpetrol,VACA MUERTA,GAS,2025,15702.6,100.0,2.0,352499.1,2074810.0,89605.8,25.4,0.311,13,1,DESCARTADO
165246,Chevron,VACA MUERTA,PETROLEO,2024,4663.3,67.0,2.0,329810.5,2074442.0,66971.2,20.3,0.3977,9,20,DESCARTADO
160851,YPF,VACA MUERTA,GAS,2019,12775.0,51.7,0.355,351545.2,2069195.0,330834.3,94.1,0.6975,81,5,REGULAR
165700,Vista Energy,VACA MUERTA,PETROLEO,2024,6490.0,59.1,1.226,328411.0,2065640.0,89067.2,27.1,0.882,21,2,BUENO
167015,Vista Energy,VACA MUERTA,PETROLEO,2026,7561.6,94.6,2.0,328205.6,2064348.0,36883.4,11.2,0.9546,6,2,BUENO
160004,TotalEnergies,VACA MUERTA,GAS,2018,9761.6,70.9,1.013,350218.6,2061387.0,243580.8,69.6,0.9854,92,3,BUENO
162230,Pan American Energy,VACA MUERTA,GAS,2021,14546.6,88.9,0.995,350140.7,2060928.0,238153.6,68.0,0.8665,64,2,BUENO
166892,YPF,VACA MUERTA,PETROLEO,2025,8735.1,98.6,2.0,327585.0,2060444.0,51581.6,15.7,0.3992,9,2,DESCARTADO
162409,YPF,VACA MUERTA,GAS,2021,15393.9,96.2,1.173,349424.2,2056711.0,221943.7,63.5,0.8338,61,2,BUENO
159239,TotalEnergies,VACA MUERTA,GAS,2018,11699.6,94.5,1.399,349382.2,2056464.0,236237.0,67.6,0.9778,97,5,BUENO
159353,Tecpetrol,VACA MUERTA,GAS,2018,8730.2,52.9,0.753,349110.0,2054861.0,258622.0,74.1,0.8883,97,2,BUENO
159962,Tecpetrol,VACA MUERTA,GAS,2018,11940.2,52.4,0.39,348355.3,2050419.0,323031.2,92.7,0.8294,88,7,BUENO
164532,Chevron,VACA MUERTA,PETROLEO,2023,4412.1,64.7,2.0,325802.5,2049233.0,67440.1,20.7,0.2373,8,29,DESCARTADO
159636,TotalEnergies,VACA MUERTA,GAS,2018,10048.6,83.1,1.25,348145.1,2049182.0,234677.2,67.4,0.9894,95,2,BUENO
163424,YPF,VACA MUERTA,PETROLEO,2022,3142.8,11.2,0.01,325186.8,2045360.0,127288.3,39.1,0.0854,44,6,DESCARTADO
161868,Vista Energy,VACA MUERTA,PETROLEO,2020,11779.0,93.9,1.309,324636.6,2041899.0,197121.9,60.7,0.9381,71,1,BUENO
166179,Pluspetrol,VACA MUERTA,GAS,2025,12497.2,100.0,2.0,346329.3,2038494.0,89497.1,25.8,0.3033,13,7,DESCARTADO
160191,ExxonMobil,VACA MUERTA,GAS,2019,13371.0,64.5,0.609,345865.6,2035765.0,292023.5,84.4,0.8499,86,6,BUENO
161527,TotalEnergies,VACA MUERTA,GAS,2019,7354.5,69.3,1.297,345771.5,2035211.0,196275.5,56.8,0.9792,69,12,BUENO
162571,YPF,VACA MUERTA,GAS,2021,11426.6,53.3,0.457,345614.5,2034287.0,273917.5,79.3,0.8229,56,5,BUENO
166600,TotalEnergies,VACA MUERTA,GAS,2025,16276.5,68.4,0.537,345005.6,2030703.0,146219.5,42.4,0.9205,12,3,BUENO
160578,Tecpetrol,VACA MUERTA,GAS,2019,8428.0,84.2,1.076,344963.2,2030453.0,256687.3,74.4,0.6836,68,19,REGULAR
159338,Tecpetrol,VACA MUERTA,GAS,2018,10152.4,72.3,0.968,344785.1,2029405.0,254074.3,73.7,0.8431,98,2,BUENO
163007,YPF,VACA MUERTA,GAS,2022,9143.8,50.2,0.602,344324.6,2026695.0,220933.2,64.2,0.582,52,4,REGULAR
158039,YPF,VACA MUERTA,GAS,2017,7587.2,48.2,0.661,344172.9,2025802.0,274115.5,79.6,0.881,104,8,BUENO
158931,Tecpetrol,VACA MUERTA,GAS,2018,14864.1,84.5,0.887,343584.5,2022338.0,276517.7,80.5,0.8073,102,2,BUENO
164902,TotalEnergies,VACA MUERTA,GAS,2023,13415.0,59.7,0.521,342835.7,2017931.0,212475.4,62.0,0.8965,32,1,BUENO
163170,YPF,VACA MUERTA,GAS,2022,10296.8,100.0,2.0,342784.3,2017628.0,164570.1,48.0,0.5018,44,9,REGULAR
159461,TotalEnergies,VACA MUERTA,GAS,2018,9907.6,89.7,1.41,342655.0,2016867.0,227362.9,66.4,0.9807,96,4,BUENO
160192,ExxonMobil,VACA MUERTA,GAS,2019,12214.8,86.1,0.889,342611.6,2016612.0,275780.4,80.5,0.8301,78,14,BUENO
162824,Pan American Energy,VACA MUERTA,GAS,2021,11177.8,69.0,0.784,342564.5,2016335.0,220776.5,64.4,0.874,52,6,BUENO
166908,Vista Energy,VACA MUERTA,PETROLEO,2025,6105.5,83.7,2.0,320309.8,2014685.0,39081.7,12.2,0.9273,8,2,BUENO
166873,YPF,VACA MUERTA,PETROLEO,2025,10030.2,81.3,1.101,319862.3,2011870.0,72127.0,22.5,0.9595,9,2,BUENO
162975,Pan American Energy,VACA MUERTA,PETROLEO,2022,6961.5,91.5,1.908,319616.3,2010323.0,145749.1,45.6,0.932,53,3,BUENO
166658,Vista Energy,VACA MUERTA,PETROLEO,2025,8499.2,98.7,2.0,319102.7,2007092.0,62370.4,19.5,0.9605,12,2,BUENO
163265,Pan American Energy,VACA MUERTA,GAS,2022,15191.3,59.1,0.391,340597.2,2004755.0,286661.9,84.2,0.9175,50,2,BUENO
164809,YPF,VACA MUERTA,PETROLEO,2023,7608.8,97.6,2.0,318610.8,2003998.0,116283.8,36.5,0.3858,29,5,DESCARTADO
164727,YPF,VACA MUERTA,GAS,2023,13050.5,100.0,1.6,340393.8,2003558.0,199559.9,58.6,0.8224,6,29,BUENO
165832,Tecpetrol,VACA MUERTA,GAS,2024,7563.8,23.7,0.01,340203.3,2002437.0,123999.2,36.4,0.3029,19,2,DESCARTADO
160693,YPF,VACA MUERTA,PETROLEO,2019,7833.0,96.8,1.786,317240.3,1995378.0,194812.0,61.4,0.6299,80,7,REGULAR
163855,YPF,VACA MUERTA,GAS,2022,9342.1,99.3,2.0,338319.2,1991347.0,137053.6,40.5,0.6501,42,3,REGULAR
165701,Vista Energy,VACA MUERTA,PETROLEO,2024,9666.9,90.0,1.376,316396.6,1990071.0,99603.0,31.5,0.9842,21,2,BUENO
162595,Tecpetrol,VACA MUERTA,GAS,2021,12795.5,69.0,0.641,337639.9,1987348.0,258844.9,76.7,0.885,57,4,BUENO
162181,Pluspetrol,VACA MUERTA,GAS,2021,13327.2,84.8,0.969,335983.8,1977601.0,220156.8,65.5,0.8078,63,3,BUENO
163236,YPF,VACA MUERTA,PETROLEO,2022,6881.0,94.0,2.0,313970.2,1974810.0,139281.4,44.4,0.5104,48,4,REGULAR
162323,Tecpetrol,VACA MUERTA,GAS,2021,21519.6,94.0,0.849,335171.7,1972821.0,267447.0,79.8,0.9053,62,2,BUENO
163298,Shell,VACA MUERTA,PETROLEO,2022,2352.0,0.1,2.0,313387.2,1971143.0,85935.1,27.4,-0.0004,35,15,DESCARTADO
159339,Tecpetrol,VACA MUERTA,GAS,2018,10205.7,69.6,0.908,334086.3,1966432.0,245924.8,73.6,0.8775,99,1,BUENO
162934,Tecpetrol,VACA MUERTA,GAS,2022,26106.0,97.5,0.877,333863.6,1965121.0,269079.3,80.6,0.8848,54,2,BUENO
159963,Tecpetrol,VACA MUERTA,GAS,2018,13193.3,54.9,0.395,332630.5,1957863.0,310860.7,93.5,0.9319,90,5,BUENO
162123,Tecpetrol,VACA MUERTA,GAS,2021,9579.9,86.7,1.357,332220.7,1955451.0,186203.5,56.0,0.8222,66,2,BUENO
163977,Vista Energy,VACA MUERTA,PETROLEO,2022,6832.3,92.4,2.0,310208.1,1951147.0,116601.1,37.6,0.6259,42,10,REGULAR
162335,YPF,VACA MUERTA,GAS,2021,16488.0,95.4,1.071,330815.6,1947181.0,222609.5,67.3,0.817,63,1,BUENO
159670,Tecpetrol,VACA MUERTA,GAS,2018,11606.6,84.5,1.074,330439.9,1944969.0,233576.2,70.7,0.6046,95,1,REGULAR
165174,YPF,VACA MUERTA,PETROLEO,2024,10426.2,98.9,1.639,309172.4,1944633.0,115750.5,37.4,0.7019,28,2,BUENO
161998,Vista Energy,VACA MUERTA,PETROLEO,2020,9569.2,99.5,1.872,308821.0,1942422.0,160989.7,52.1,0.8321,65,4,BUENO
159707,YPF,VACA MUERTA,GAS,2018,9626.6,66.3,0.669,329290.9,1938206.0,256440.6,77.9,0.8078,59,38,BUENO
162231,Pan American Energy,VACA MUERTA,GAS,2021,13708.5,81.1,0.805,328682.7,1934626.0,244311.5,74.3,0.9361,63,3,BUENO
158930,Tecpetrol,VACA MUERTA,GAS,2018,14917.9,85.9,0.879,328531.8,1933738.0,269464.0,82.0,0.8485,102,2,BUENO
166593,Pluspetrol,VACA MUERTA,GAS,2025,12293.2,80.8,0.892,328262.5,1932153.0,78393.4,23.9,0.9834,6,9,BUENO
162652,YPF,VACA MUERTA,GAS,2021,8710.4,58.4,0.75,327388.5,1927009.0,208494.6,63.7,0.6773,55,5,REGULAR
166879,YPF,VACA MUERTA,PETROLEO,2025,3918.3,50.0,2.0,306354.6,1926909.0,34672.4,11.3,0.3318,8,3,DESCARTADO
159193,Pan American Energy,VACA MUERTA,GAS,2018,11826.3,49.2,0.313,326881.2,1924023.0,314886.1,96.3,0.9214,97,4,BUENO
166211,Pan American Energy,VACA MUERTA,PETROLEO,2025,6302.6,93.0,2.0,304767.0,1916923.0,72691.6,23.9,0.9689,13,7,BUENO
160815,Pluspetrol,VACA MUERTA,GAS,2019,11545.5,56.5,0.482,325257.5,1914466.0,280036.6,86.1,0.9412,78,8,BUENO
163425,YPF,VACA MUERTA,PETROLEO,2022,6694.2,94.1,2.0,303665.9,1909998.0,127435.7,42.0,0.6327,46,4,REGULAR
163421,YPF,VACA MUERTA,PETROLEO,2022,5788.6,89.0,2.0,303597.9,1909570.0,132328.6,43.6,0.3085,45,5,DESCARTADO
163810,Vista Energy,VACA MUERTA,PETROLEO,2022,9746.4,96.9,1.535,302402.7,1902053.0,140629.1,46.5,0.9221,42,10,BUENO
164780,Tecpetrol,VACA MUERTA,GAS,2023,13247.0,82.4,0.839,323144.0,1902026.0,187466.6,58.0,0.7984,31,3,BUENO
166874,YPF,VACA MUERTA,PETROLEO,2025,8967.8,89.6,1.37,302003.4,1899541.0,62406.5,20.7,0.9534,9,2,BUENO
163251,Vista Energy,VACA MUERTA,PETROLEO,2022,14619.2,100.0,1.553,301578.4,1896868.0,163454.5,54.2,0.7649,48,4,BUENO
162322,Tecpetrol,VACA MUERTA,GAS,2021,22989.0,90.2,0.692,321774.0,1893962.0,289785.2,90.1,0.8885,62,2,BUENO
162486,YPF,VACA MUERTA,PETROLEO,2021,6358.3,93.1,2.0,300268.4,1888628.0,149947.7,49.9,0.279,58,4,DESCARTADO
167014,Vista Energy,VACA MUERTA,PETROLEO,2026,5996.7,86.9,2.0,300200.1,1888199.0,30228.1,10.1,0.7822,6,2,BUENO
162599,Pan American Energy,VACA MUERTA,GAS,2021,12689.6,47.1,0.255,320771.9,1888063.0,282885.9,88.2,0.8139,60,1,BUENO
166258,Tecpetrol,VACA MUERTA,GAS,2025,10338.4,88.0,1.223,320395.5,1885848.0,103171.3,32.2,0.9424,17,2,BUENO
159921,Tecpetrol,VACA MUERTA,GAS,2018,9760.3,38.4,0.254,320197.0,1884680.0,290286.4,90.7,0.6251,93,2,REGULAR
166878,YPF,VACA MUERTA,PETROLEO,2025,4057.9,55.6,2.0,298330.6,1876440.0,34550.5,11.6,0.5693,8,3,REGULAR
162651,YPF,VACA MUERTA,GAS,2021,8187.6,76.7,1.051,318541.0,1874932.0,194107.3,60.9,0.606,49,11,REGULAR
161951,YPF,VACA MUERTA,PETROLEO,2020,7401.4,92.9,1.645,298021.1,1874493.0,166420.7,55.8,0.7836,65,5,BUENO
160005,TotalEnergies,VACA MUERTA,GAS,2018,9430.4,73.6,0.997,318136.7,1872553.0,225143.3,70.8,0.9823,92,3,BUENO
162128,Vista Energy,VACA MUERTA,PETROLEO,2021,6987.3,77.4,1.389,297534.3,1871431.0,158690.1,53.3,0.9092,64,3,BUENO
159337,Tecpetrol,VACA MUERTA,GAS,2018,10238.6,76.0,0.982,317241.8,1867285.0,233652.7,73.7,0.9083,99,1,BUENO
166551,YPF,VACA MUERTA,PETROLEO,2025,3776.3,48.7,2.0,296579.3,1865424.0,43828.6,14.8,0.4352,13,3,REGULAR
166964,Vista Energy,VACA MUERTA,PETROLEO,2025,6142.0,89.5,2.0,296483.9,1864824.0,31976.2,10.8,0.9711,6,3,BUENO
158967,Tecpetrol,VACA MUERTA,GAS,2018,10950.5,98.7,1.604,316623.9,1863648.0,212088.3,67.0,0.5421,100,4,REGULAR
165046,YPF,VACA MUERTA,GAS,2024,13883.8,51.5,0.199,316568.3,1863321.0,229982.7,72.6,0.5065,25,6,REGULAR
166827,YPF,VACA MUERTA,PETROLEO,2025,7273.2,98.0,2.0,296177.2,1862895.0,54931.8,18.5,0.9079,8,4,BUENO
166624,YPF,VACA MUERTA,PETROLEO,2025,5447.8,82.9,2.0,296163.3,1862808.0,53583.8,18.1,0.8047,12,3,BUENO
159561,Tecpetrol,VACA MUERTA,GAS,2018,9964.5,78.6,1.02,316027.0,1860135.0,229570.4,72.6,0.8692,95,2,BUENO
159961,Tecpetrol,VACA MUERTA,GAS,2018,12579.0,43.7,0.113,315866.5,1859190.0,318225.3,100.7,0.9239,90,5,BUENO
164656,YPF,VACA MUERTA,PETROLEO,2023,6657.1,95.2,2.0,295299.3,1857374.0,105363.9,35.7,0.5536,33,3,REGULAR
166202,YPF,VACA MUERTA,PETROLEO,2025,8772.3,90.9,1.434,295118.5,1856236.0,83405.6,28.3,0.8998,18,2,BUENO
160814,Pluspetrol,VACA MUERTA,GAS,2019,10139.0,68.2,0.745,313658.1,1846192.0,238322.2,76.0,0.9547,77,9,BUENO
159957,Tecpetrol,VACA MUERTA,GAS,2018,10177.7,36.1,0.131,313644.8,1846113.0,299685.2,95.5,0.6666,93,2,REGULAR
159960,Tecpetrol,VACA MUERTA,GAS,2018,8125.2,27.6,0.01,313561.8,1845625.0,295518.7,94.2,0.6379,92,3,REGULAR
165175,YPF,VACA MUERTA,PETROLEO,2024,8245.3,99.6,2.0,293143.1,1843811.0,105959.2,36.1,0.3521,27,3,DESCARTADO
165442,Tecpetrol,VACA MUERTA,GAS,2024,14162.6,72.6,0.612,312825.8,1841293.0,185995.7,59.5,0.8221,24,3,BUENO
158038,YPF,VACA MUERTA,GAS,2017,7686.6,76.2,1.119,311952.5,1836152.0,231917.6,74.3,0.8701,102,10,BUENO
163852,YPF,VACA MUERTA,PETROLEO,2022,4958.9,78.4,2.0,291828.3,1835542.0,111029.5,38.0,0.7331,40,5,BUENO
163493,Vista Energy,VACA MUERTA,PETROLEO,2022,9661.5,87.5,1.185,291224.6,1831744.0,152123.3,52.2,0.9593,46,6,BUENO
162182,Pluspetrol,VACA MUERTA,GAS,2021,15987.5,77.0,0.624,310754.8,1829103.0,258148.7,83.1,0.8807,62,4,BUENO
166549,YPF,VACA MUERTA,PETROLEO,2025,3924.1,54.2,2.0,290654.9,1828161.0,44437.5,15.3,0.3946,13,3,DESCARTADO
163854,YPF,VACA MUERTA,GAS,2022,7355.1,98.2,2.0,310273.6,1826270.0,128846.3,41.5,0.8011,36,9,BUENO
164814,YPF,VACA MUERTA,GAS,2023,9855.2,64.5,0.744,310211.6,1825905.0,145399.1,46.9,0.6146,26,8,REGULAR
165201,Pluspetrol,VACA MUERTA,PETROLEO,2024,10118.5,96.8,1.417,290266.2,1825716.0,107053.1,36.9,0.8937,22,8,BUENO
159403,Tecpetrol,VACA MUERTA,GAS,2018,11271.5,74.6,0.837,310059.5,1825010.0,241979.8,78.0,0.858,97,2,BUENO
159873,TotalEnergies,VACA MUERTA,GAS,2018,6075.4,42.3,0.726,309292.4,1820495.0,216928.0,70.1,0.9712,92,4,BUENO
166660,Vista Energy,VACA MUERTA,PETROLEO,2025,7261.3,97.6,2.0,289338.9,1819884.0,55268.4,19.1,0.9517,12,2,BUENO
165511,YPF,VACA MUERTA,PETROLEO,2024,5635.5,87.2,2.0,289069.7,1818191.0,79370.2,27.5,0.7841,23,3,BUENO
159404,Tecpetrol,VACA MUERTA,GAS,2018,11699.1,70.4,0.73,308637.5,1816640.0,253303.2,82.1,0.8662,97,2,BUENO
166894,YPF,VACA MUERTA,PETROLEO,2025,8392.1,99.9,2.0,288750.9,1816185.0,59023.8,20.4,0.1476,6,5,DESCARTADO
165202,Tecpetrol,VACA MUERTA,GAS,2024,19918.3,99.7,1.155,308259.5,1814415.0,172982.4,56.1,0.6006,28,2,REGULAR
166151,Petrolera El Trébol,VACA MUERTA,PETROLEO,2024,6346.4,69.5,1.259,287474.3,1808156.0,87208.9,30.3,0.68,20,3,REGULAR
163969,Shell,VACA MUERTA,PETROLEO,2023,7601.7,96.5,1.643,286340.2,1801023.0,134738.2,47.1,0.9291,37,6,BUENO
162707,YPF,VACA MUERTA,GAS,2021,13850.6,100.0,2.0,305497.9,1798161.0,170337.8,55.8,0.1896,55,4,DESCARTADO
161771,TotalEnergies,VACA MUERTA,GAS,2020,9051.6,78.9,1.093,304634.5,1793079.0,193096.3,63.4,0.9912,71,4,BUENO
165545,Chevron,VACA MUERTA,PETROLEO,2024,6770.9,98.2,2.0,284597.9,1790064.0,75874.0,26.7,0.8636,13,12,BUENO
166440,YPF,VACA MUERTA,PETROLEO,2025,4242.0,64.0,2.0,284596.8,1790057.0,47273.8,16.6,0.8112,13,4,BUENO
159336,Tecpetrol,VACA MUERTA,GAS,2018,10112.1,60.1,0.653,303713.0,1787655.0,247051.1,81.3,0.8983,99,1,BUENO
164413,YPF,VACA MUERTA,GAS,2023,5904.7,76.4,1.727,303588.2,1786920.0,108344.7,35.7,0.4187,38,1,REGULAR
165339,Tecpetrol,VACA MUERTA,GAS,2024,21614.1,99.9,0.971,303551.4,1786704.0,220617.9,72.7,0.4415,15,13,REGULAR
158807,TotalEnergies,VACA MUERTA,GAS,2017,8632.9,81.3,1.201,303217.9,1784741.0,214285.1,70.7,0.9233,102,3,BUENO
159044,TotalEnergies,VACA MUERTA,GAS,2017,10454.9,86.4,1.139,302931.8,1783057.0,218784.9,72.2,0.976,102,2,BUENO
167011,Vista Energy,VACA MUERTA,PETROLEO,2026,7215.5,97.7,2.0,283442.4,1782796.0,33478.9,11.8,0.8725,6,2,BUENO
166589,Chevron,VACA MUERTA,PETROLEO,2025,7673.4,99.3,2.0,282831.2,1778952.0,58797.9,20.8,0.8612,10,5,BUENO
159411,Pan American Energy,VACA MUERTA,GAS,2018,8533.1,47.2,0.158,301966.2,1777373.0,302703.2,100.2,0.7113,84,15,BUENO
161277,Pluspetrol,VACA MUERTA,GAS,2019,14622.4,72.2,0.603,301542.4,1774879.0,261500.4,86.7,0.9262,81,3,BUENO
165575,YPF,VACA MUERTA,PETROLEO,2024,4256.8,65.9,2.0,282052.5,1774054.0,68725.0,24.4,0.2268,22,3,DESCARTADO
166931,YPF,VACA MUERTA,PETROLEO,2025,11026.7,99.9,1.7,281890.5,1773035.0,55417.8,19.7,0.9064,8,2,BUENO
163234,YPF,VACA MUERTA,PETROLEO,2022,7640.4,99.2,2.0,281736.4,1772066.0,124610.5,44.2,0.792,48,4,BUENO
162594,Tecpetrol,VACA MUERTA,GAS,2021,23000.2,86.1,0.564,300967.7,1771496.0,290115.0,96.4,0.7462,60,1,BUENO
166205,YPF,VACA MUERTA,PETROLEO,2025,9331.0,98.4,1.61,281483.4,1770474.0,85449.8,30.4,0.887,18,2,BUENO
166599,Tecpetrol,VACA MUERTA,GAS,2025,14049.8,100.0,2.0,300280.1,1767449.0,76584.9,25.5,0.3123,13,2,DESCARTADO
165275,YPF,VACA MUERTA,PETROLEO,2024,8092.1,91.0,1.402,279018.4,1754970.0,106219.9,38.1,0.6327,25,4,REGULAR
165696,Pluspetrol,VACA MUERTA,GAS,2024,6541.3,94.1,2.0,297937.9,1753662.0,63947.8,21.5,0.6779,13,12,REGULAR
165547,Chevron,VACA MUERTA,PETROLEO,2024,8876.7,63.0,0.7,278286.6,1750367.0,102675.1,36.9,0.8424,15,10,BUENO
162690,Shell,VACA MUERTA,PETROLEO,2021,3017.5,43.6,2.0,277583.4,1745944.0,51569.0,18.6,0.0169,8,57,DESCARTADO
165829,Tecpetrol,VACA MUERTA,GAS,2024,13291.7,82.8,0.747,296426.4,1744766.0,150926.4,50.9,0.9336,15,6,BUENO
166156,Pan American Energy,VACA MUERTA,PETROLEO,2024,6724.8,96.6,2.0,277014.4,1742365.0,66585.2,24.0,0.3648,18,3,DESCARTADO
160813,Pluspetrol,VACA MUERTA,GAS,2019,11725.0,71.5,0.659,295362.6,1738504.0,244170.3,82.7,0.9553,78,8,BUENO
165042,YPF,VACA MUERTA,GAS,2024,2247.1,13.2,2.0,295214.8,1737634.0,57467.6,19.5,0.4237,20,11,REGULAR
160854,YPF,VACA MUERTA,PETROLEO,2019,7181.8,89.7,1.527,276184.6,1737146.0,169534.8,61.4,0.6604,83,3,REGULAR
161688,YPF,VACA MUERTA,PETROLEO,2020,8434.5,93.4,1.394,275746.5,1734390.0,172540.8,62.6,0.9369,74,5,BUENO
166950,Shell,VACA MUERTA,PETROLEO,2025,6202.6,95.6,2.0,275091.9,1730273.0,42432.7,15.4,0.938,6,5,BUENO
166585,Shell,VACA MUERTA,PETROLEO,2025,9349.4,92.8,1.322,275083.9,1730223.0,75816.9,27.6,0.8862,14,2,BUENO
160557,Shell,VACA MUERTA,GAS,2019,4391.8,69.8,2.0,293886.4,1729815.0,57181.5,19.5,0.7412,10,77,BUENO
163135,Pluspetrol,VACA MUERTA,GAS,2022,11661.8,71.3,0.705,293842.7,1729558.0,202642.3,69.0,0.8762,51,2,BUENO
163246,Vista Energy,VACA MUERTA,PETROLEO,2022,11769.9,98.7,1.354,274814.3,1728527.0,149299.3,54.3,0.9166,49,3,BUENO
162487,YPF,VACA MUERTA,PETROLEO,2021,6363.5,99.7,2.0,274031.2,1723601.0,154371.1,56.3,0.5579,47,15,REGULAR
164353,Pluspetrol,VACA MUERTA,GAS,2023,15551.3,100.0,1.318,292583.0,1722144.0,172227.8,58.9,0.6426,27,12,REGULAR
164321,Pan American Energy,VACA MUERTA,GAS,2023,11216.6,51.4,0.353,291585.8,1716274.0,211774.3,72.6,0.8614,37,3,BUENO
165561,Vista Energy,VACA MUERTA,PETROLEO,2024,10506.4,99.7,1.657,272833.2,1716066.0,89492.1,32.8,0.7524,23,2,BUENO
159382,YPF,VACA MUERTA,PETROLEO,2018,7074.2,96.7,1.833,272451.9,1713668.0,172134.3,63.2,0.682,95,4,REGULAR
166929,YPF,VACA MUERTA,PETROLEO,2025,8873.8,99.4,1.707,272114.4,1711545.0,54735.9,20.1,0.9946,6,4,BUENO
164967,YPF,VACA MUERTA,PETROLEO,2024,7385.4,99.4,2.0,271800.4,1709570.0,98553.7,36.3,0.2832,28,4,DESCARTADO
160847,YPF,VACA MUERTA,GAS,2019,6801.7,61.8,0.944,290112.8,1707604.0,194651.9,67.1,0.7332,78,8,BUENO
165781,YPF,VACA MUERTA,PETROLEO,2024,2448.1,21.9,2.0,270379.1,1700630.0,45173.2,16.7,0.0554,19,3,DESCARTADO
162336,YPF,VACA MUERTA,GAS,2021,11927.4,86.7,0.975,287535.8,1692436.0,189806.5,66.0,0.7787,63,1,BUENO
163327,YPF,VACA MUERTA,PETROLEO,2022,5960.6,94.9,2.0,268970.3,1691769.0,116201.4,43.2,0.4788,46,5,REGULAR
164323,Pan American Energy,VACA MUERTA,GAS,2024,7633.4,44.8,0.526,286933.6,1688891.0,140929.3,49.1,0.6732,32,0,REGULAR
162242,ExxonMobil,VACA MUERTA,PETROLEO,2021,11796.7,95.9,1.164,268509.8,1688873.0,164606.8,61.3,0.8975,57,9,BUENO
164796,YPF,VACA MUERTA,PETROLEO,2023,4738.1,80.9,2.0,268015.9,1685766.0,86361.6,32.2,0.493,30,4,REGULAR
162564,YPF,VACA MUERTA,PETROLEO,2021,5313.4,89.1,2.0,267463.4,1682291.0,127815.8,47.8,0.4257,57,4,REGULAR
165683,YPF,VACA MUERTA,PETROLEO,2024,3743.3,58.5,2.0,267281.2,1681145.0,60675.8,22.7,0.4489,21,3,REGULAR
163527,ExxonMobil,VACA MUERTA,PETROLEO,2022,3125.3,40.0,2.0,267245.4,1680920.0,84666.5,31.7,-0.0975,47,2,DESCARTADO
165674,YPF,VACA MUERTA,PETROLEO,2024,3470.1,65.6,2.0,267097.2,1679988.0,70350.8,26.3,0.1346,10,14,DESCARTADO
166257,Tecpetrol,VACA MUERTA,PETROLEO,2025,7864.8,83.9,1.231,266687.8,1677413.0,80920.0,30.3,0.6571,17,2,REGULAR
166678,YPF,VACA MUERTA,PETROLEO,2025,5559.1,92.0,2.0,266618.3,1676976.0,47716.2,17.9,0.6522,9,5,REGULAR
166657,Vista Energy,VACA MUERTA,PETROLEO,2025,10333.3,92.8,1.188,266437.6,1675839.0,74165.7,27.8,0.9758,12,2,BUENO
164812,YPF,VACA MUERTA,GAS,2023,11490.7,97.2,1.277,284016.7,1671722.0,124264.7,43.8,0.763,26,8,BUENO
160931,YPF,VACA MUERTA,GAS,2019,11091.6,98.8,1.447,283780.0,1670329.0,185839.0,65.5,0.4664,83,2,REGULAR
158963,Tecpetrol,VACA MUERTA,GAS,2018,11547.4,74.9,0.75,283380.5,1667978.0,236264.1,83.4,0.7898,100,4,BUENO
165407,Tecpetrol,VACA MUERTA,GAS,2024,12183.7,72.4,0.643,283193.9,1666879.0,161377.0,57.0,0.7942,24,3,BUENO
164204,TotalEnergies,VACA MUERTA,PETROLEO,2023,7774.1,63.4,0.754,264852.6,1665870.0,143114.0,54.0,0.4661,33,8,REGULAR
163726,Pluspetrol,VACA MUERTA,GAS,2022,13588.1,77.5,0.655,282609.0,1663437.0,207087.9,73.3,0.9333,42,4,BUENO
164024,YPF,VACA MUERTA,GAS,2023,13304.1,96.0,0.912,282390.2,1662149.0,198718.6,70.4,0.7238,28,15,BUENO
163249,Vista Energy,VACA MUERTA,PETROLEO,2022,7970.9,80.0,1.139,264017.1,1660615.0,137542.2,52.1,0.6473,49,3,REGULAR
160464,Tecpetrol,VACA MUERTA,GAS,2019,12521.1,44.4,0.01,282013.0,1659929.0,284681.9,100.9,0.8574,86,3,BUENO
162440,Pluspetrol,VACA MUERTA,GAS,2021,12790.6,65.6,0.525,281931.0,1659446.0,229873.0,81.5,0.8416,58,4,BUENO
165777,Vista Energy,VACA MUERTA,PETROLEO,2024,7535.1,99.5,2.0,263677.6,1658479.0,71175.5,27.0,0.8952,20,2,BUENO
162028,YPF,VACA MUERTA,PETROLEO,2020,8878.9,100.0,2.0,263512.8,1657443.0,139680.4,53.0,0.6662,66,3,REGULAR
158962,Tecpetrol,VACA MUERTA,GAS,2018,12026.7,81.8,0.845,281497.9,1656897.0,228745.9,81.3,0.8099,100,3,BUENO
162408,YPF,VACA MUERTA,GAS,2021,13586.2,94.5,1.036,281472.1,1656745.0,191701.1,68.1,0.864,61,2,BUENO
156471,YPF,VACA MUERTA,GAS,2016,11574.2,89.5,1.025,280447.2,1650712.0,224570.0,80.1,0.8875,124,2,BUENO
162706,YPF,VACA MUERTA,GAS,2021,9395.6,100.0,2.0,279939.0,1647721.0,141495.3,50.5,0.1628,55,4,DESCARTADO
158928,Tecpetrol,VACA MUERTA,GAS,2018,12941.4,70.1,0.566,279894.0,1647456.0,259090.9,92.6,0.8126,101,3,BUENO
164904,TotalEnergies,VACA MUERTA,GAS,2023,11774.7,40.4,0.01,279784.3,1646810.0,218500.0,78.1,0.5358,32,1,REGULAR
160090,TotalEnergies,VACA MUERTA,GAS,2018,7427.5,83.7,1.338,279205.3,1643402.0,182302.2,65.3,0.9827,90,3,BUENO
162246,ExxonMobil,VACA MUERTA,PETROLEO,2021,16931.3,79.6,0.541,261017.9,1641750.0,238767.3,91.5,0.9846,59,7,BUENO
165679,YPF,VACA MUERTA,PETROLEO,2024,4650.5,80.8,2.0,260825.3,1640539.0,66433.6,25.5,0.7318,21,3,BUENO
166384,Vista Energy,VACA MUERTA,PETROLEO,2025,8294.4,92.1,1.382,260124.8,1636133.0,69973.2,26.9,0.9823,15,2,BUENO
161528,TotalEnergies,VACA MUERTA,GAS,2019,10034.1,73.6,0.785,277872.8,1635559.0,209093.6,75.2,0.9897,75,6,BUENO
163428,YPF,VACA MUERTA,GAS,2022,9900.0,67.1,0.01,277773.4,1634974.0,267908.6,96.4,0.6012,20,30,REGULAR
166499,Vista Energy,VACA MUERTA,PETROLEO,2025,6892.7,98.8,2.0,259537.4,1632438.0,55129.1,21.2,0.9276,13,3,BUENO
159500,YPF,VACA MUERTA,PETROLEO,2018,6859.2,99.4,2.0,258630.8,1626736.0,168474.0,65.1,0.5262,93,5,REGULAR
163330,YPF,VACA MUERTA,PETROLEO,2022,7899.3,79.6,1.064,258556.2,1626267.0,142671.1,55.2,0.8785,47,4,BUENO
166500,Vista Energy,VACA MUERTA,PETROLEO,2025,7850.5,99.8,2.0,258436.2,1625512.0,58911.4,22.8,0.5262,13,3,REGULAR
164349,Pampa Energía,VACA MUERTA,GAS,2023,8387.1,98.2,1.739,275818.5,1623468.0,109354.6,39.6,0.715,37,2,BUENO
166772,YPF,VACA MUERTA,PETROLEO,2025,2866.3,37.0,2.0,257853.9,1621849.0,29130.7,11.3,0.1873,10,3,DESCARTADO
162826,Pan American Energy,VACA MUERTA,GAS,2021,10471.7,49.1,0.249,275487.7,1621521.0,245076.7,89.0,0.9165,54,4,BUENO
165330,TotalEnergies,VACA MUERTA,GAS,2024,12946.9,46.5,0.028,275288.2,1620346.0,207521.4,75.4,0.6783,24,4,REGULAR
163741,Tecpetrol,VACA MUERTA,GAS,2022,13972.5,46.6,0.01,275253.0,1620139.0,260638.7,94.7,0.8507,44,2,BUENO
159492,YPF,VACA MUERTA,PETROLEO,2018,5056.4,88.8,2.0,257519.9,1619749.0,162575.3,63.1,0.4454,95,3,REGULAR
158961,Tecpetrol,VACA MUERTA,GAS,2018,10652.4,71.5,0.73,274956.8,1618396.0,224876.8,81.8,0.7222,100,3,BUENO
165204,Tecpetrol,VACA MUERTA,GAS,2024,16041.3,73.1,0.457,274890.4,1618005.0,208455.9,75.8,0.9123,28,2,BUENO
166201,YPF,VACA MUERTA,PETROLEO,2025,7373.3,83.8,1.263,257017.0,1616586.0,78618.1,30.6,0.9035,18,2,BUENO
161772,TotalEnergies,VACA MUERTA,GAS,2020,7067.1,96.6,1.776,274333.0,1614724.0,154707.0,56.4,0.9872,69,6,BUENO
160928,YPF,VACA MUERTA,PETROLEO,2019,8316.9,85.9,1.076,256356.4,1612430.0,181824.7,70.9,0.8557,79,6,BUENO
163761,YPF,VACA MUERTA,PETROLEO,2022,3880.7,70.8,2.0,255336.3,1606014.0,97896.4,38.3,0.6533,39,7,REGULAR
165720,YPF,VACA MUERTA,PETROLEO,2024,4623.7,79.8,2.0,255280.4,1605663.0,59281.3,23.2,0.4553,21,2,REGULAR
165535,Pan American Energy,VACA MUERTA,GAS,2024,7647.9,99.2,1.972,272774.6,1605551.0,82312.0,30.2,0.4807,24,2,REGULAR
165276,YPF,VACA MUERTA,PETROLEO,2024,5118.6,90.9,2.0,255243.2,1605429.0,77344.8,30.3,0.7745,23,6,BUENO
163599,YPF,VACA MUERTA,PETROLEO,2022,8619.7,90.9,1.232,255112.5,1604607.0,134903.6,52.9,0.8735,45,3,BUENO
162024,YPF,VACA MUERTA,PETROLEO,2020,11823.5,100.0,1.751,255008.5,1603952.0,152990.5,60.0,0.7585,65,4,BUENO
163844,YPF,VACA MUERTA,PETROLEO,2022,7214.2,99.6,1.829,254925.1,1603428.0,120532.8,47.3,0.5189,37,8,REGULAR
165358,YPF,VACA MUERTA,PETROLEO,2024,5582.0,93.0,2.0,254779.0,1602509.0,73342.1,28.8,0.9595,25,3,BUENO
163677,Tecpetrol,VACA MUERTA,GAS,2022,11630.9,66.7,0.452,271920.8,1600526.0,224705.6,82.6,0.9124,39,8,BUENO
163422,YPF,VACA MUERTA,PETROLEO,2022,7274.7,99.6,2.0,254301.1,1599503.0,113556.5,44.7,0.4915,47,3,REGULAR
161866,Vista Energy,VACA MUERTA,PETROLEO,2020,9383.6,90.1,1.133,253420.8,1593966.0,164158.2,64.8,0.9519,70,2,BUENO
161567,Pan American Energy,VACA MUERTA,GAS,2020,9290.4,46.1,0.349,270425.8,1591726.0,236832.9,87.6,0.9417,79,1,BUENO
166659,Vista Energy,VACA MUERTA,PETROLEO,2025,5164.1,89.7,2.0,252704.7,1589462.0,44472.0,17.6,0.9373,11,3,BUENO
159329,Pan American Energy,VACA MUERTA,GAS,2018,12664.5,68.6,0.518,270018.5,1589329.0,256863.0,95.1,0.7543,97,3,BUENO
165551,Vista Energy,VACA MUERTA,PETROLEO,2024,8620.1,100.0,2.0,251947.0,1584696.0,77122.3,30.6,0.9882,23,2,BUENO
165718,YPF,VACA MUERTA,PETROLEO,2024,4088.6,72.0,2.0,251738.5,1583385.0,57979.4,23.0,0.8478,20,3,BUENO
166558,YPF,VACA MUERTA,PETROLEO,2025,5790.2,94.7,2.0,251361.8,1581015.0,49710.8,19.8,0.8004,14,2,BUENO
160433,YPF,VACA MUERTA,PETROLEO,2019,6209.8,89.9,1.601,251029.7,1578927.0,155694.4,62.0,0.7373,86,3,BUENO
159184,Tecpetrol,VACA MUERTA,GAS,2018,11918.8,99.2,1.388,268215.5,1578716.0,190809.1,71.1,0.5965,100,1,REGULAR
162559,YPF,VACA MUERTA,PETROLEO,2021,6560.6,98.6,2.0,249703.7,1570586.0,120313.9,48.2,0.6392,58,3,REGULAR
163728,Pluspetrol,VACA MUERTA,GAS,2022,13221.6,82.5,0.721,266608.7,1569259.0,192261.5,72.1,0.9462,42,4,BUENO
159498,YPF,VACA MUERTA,PETROLEO,2018,5526.5,95.1,2.0,249207.7,1567467.0,160640.3,64.5,0.5197,94,4,REGULAR
166780,YPF,VACA MUERTA,PETROLEO,2025,10865.7,100.0,2.0,248993.2,1566117.0,64135.1,25.8,0.4808,11,2,REGULAR
162713,YPF,VACA MUERTA,PETROLEO,2021,8479.1,100.0,2.0,248925.1,1565689.0,122094.9,49.0,0.6132,57,2,REGULAR
163727,Pluspetrol,VACA MUERTA,GAS,2022,12079.3,61.9,0.432,265962.0,1565452.0,210487.9,79.1,0.9042,42,4,BUENO
165666,YPF,VACA MUERTA,PETROLEO,2024,7716.2,99.9,2.0,248098.7,1560491.0,73775.6,29.7,0.5844,22,2,REGULAR
161368,YPF,VACA MUERTA,PETROLEO,2019,6430.6,98.9,2.0,247814.9,1558706.0,143018.6,57.7,0.5968,79,4,REGULAR
166383,TotalEnergies,VACA MUERTA,GAS,2025,15146.0,95.0,0.913,264688.2,1557955.0,120584.7,45.6,0.5957,13,4,REGULAR
162126,Tecpetrol,VACA MUERTA,GAS,2021,11355.4,86.3,0.858,264169.9,1554904.0,199719.0,75.6,0.8765,63,5,BUENO
159874,TotalEnergies,VACA MUERTA,GAS,2018,5019.9,35.3,0.578,264002.6,1553919.0,188479.2,71.4,0.9567,93,2,BUENO
160812,Pluspetrol,VACA MUERTA,GAS,2019,12287.2,71.0,0.565,262787.5,1546767.0,234279.3,89.2,0.9047,82,4,BUENO
163395,Vista Energy,VACA MUERTA,PETROLEO,2022,8168.7,81.9,1.056,245561.4,1544532.0,134298.7,54.7,0.961,47,5,BUENO
158334,Tecpetrol,VACA MUERTA,GAS,2017,9281.3,99.6,1.693,261416.8,1538699.0,183499.8,70.2,0.7091,107,3,BUENO
166612,YPF,VACA MUERTA,PETROLEO,2025,3819.5,68.5,2.0,244410.6,1537294.0,39717.5,16.3,0.5246,12,3,REGULAR
161584,Vista Energy,VACA MUERTA,PETROLEO,2020,11041.7,99.0,1.348,244195.9,1535943.0,157713.9,64.6,0.9579,75,5,BUENO
165421,YPF,VACA MUERTA,PETROLEO,2024,6421.8,82.4,1.315,244191.3,1535914.0,86901.8,35.6,0.8232,24,3,BUENO
162886,YPF,VACA MUERTA,PETROLEO,2021,6585.6,99.7,2.0,243993.5,1534670.0,122598.5,50.2,0.6701,50,7,REGULAR
160002,TotalEnergies,VACA MUERTA,GAS,2018,7597.4,66.1,0.869,260625.1,1534039.0,189869.1,72.9,0.9702,92,3,BUENO
160958,Pampa Energía,VACA MUERTA,GAS,2019,9712.6,74.2,0.774,260281.6,1532017.0,202319.1,77.7,0.7613,82,3,BUENO
161425,YPF,VACA MUERTA,PETROLEO,2019,6889.9,96.5,1.737,243476.8,1531420.0,142163.8,58.4,0.6337,81,1,REGULAR
163162,YPF,VACA MUERTA,PETROLEO,2022,7448.2,99.9,2.0,243411.5,1531010.0,115437.8,47.4,0.6024,50,3,REGULAR
164572,YPF,VACA MUERTA,PETROLEO,2023,6197.5,98.6,2.0,242673.1,1526365.0,92691.9,38.2,0.499,34,3,REGULAR
156965,YPF,VACA MUERTA,GAS,2016,6083.4,98.1,2.0,259320.8,1526362.0,194235.9,74.9,0.2845,114,7,DESCARTADO
165694,Pluspetrol,VACA MUERTA,GAS,2024,5478.2,92.0,2.0,259090.6,1525007.0,55232.2,21.3,0.9707,14,11,BUENO
165277,YPF,VACA MUERTA,PETROLEO,2024,7361.4,74.4,0.957,241948.1,1521805.0,105248.2,43.5,0.5337,25,4,REGULAR
165331,TotalEnergies,VACA MUERTA,GAS,2024,15108.3,52.6,0.01,258369.1,1520761.0,216850.7,83.9,0.8024,25,3,BUENO
155453,TotalEnergies,VACA MUERTA,GAS,2015,12716.2,98.6,1.209,258111.0,1519241.0,215061.7,83.3,0.7791,124,7,BUENO
166170,Tecpetrol,VACA MUERTA,PETROLEO,2025,5254.8,92.7,2.0,241371.8,1518180.0,56978.7,23.6,0.8453,18,2,BUENO
166299,Tecpetrol,VACA MUERTA,GAS,2025,12783.1,92.1,0.939,257333.0,1514662.0,112867.9,43.9,0.9801,16,2,BUENO
158040,YPF,VACA MUERTA,GAS,2017,8005.4,38.2,0.173,256548.6,1510045.0,251077.4,97.9,0.9144,107,5,BUENO
164655,YPF,VACA MUERTA,PETROLEO,2023,6346.7,96.1,1.759,240071.1,1509999.0,92030.0,38.3,0.5285,33,3,REGULAR
166818,YPF,VACA MUERTA,PETROLEO,2025,5174.3,92.7,2.0,239837.1,1508527.0,36483.6,15.2,0.6852,8,4,REGULAR
164573,YPF,VACA MUERTA,PETROLEO,2023,8770.4,92.5,1.215,239704.4,1507693.0,114198.6,47.6,0.8802,35,2,BUENO
167030,Tecpetrol,VACA MUERTA,GAS,2026,15343.0,86.0,0.706,255246.3,1502380.0,82751.8,32.4,0.9379,7,1,BUENO
162593,Vista Energy,VACA MUERTA,PETROLEO,2021,10915.3,93.7,1.075,238278.8,1498726.0,151675.2,63.7,0.9495,58,3,BUENO
159922,Tecpetrol,VACA MUERTA,GAS,2018,8529.4,33.7,0.01,254616.9,1498675.0,255043.0,100.2,0.56,93,2,REGULAR
164466,YPF,VACA MUERTA,PETROLEO,2023,7343.3,100.0,2.0,238189.2,1498162.0,94490.5,39.7,0.6124,33,5,REGULAR
161515,YPF,VACA MUERTA,PETROLEO,2019,6558.0,86.6,1.279,238024.3,1497125.0,154299.0,64.8,0.8396,74,7,BUENO
165361,YPF,VACA MUERTA,PETROLEO,2024,7491.9,90.2,1.294,237964.0,1496746.0,92666.2,38.9,0.8371,25,3,BUENO
165546,Chevron,VACA MUERTA,PETROLEO,2024,4413.1,86.7,2.0,237483.6,1493724.0,54226.6,22.8,0.6383,13,12,REGULAR
162742,Vista Energy,VACA MUERTA,PETROLEO,2021,10392.6,93.9,1.099,237330.9,1492764.0,148211.3,62.4,0.8574,55,3,BUENO
161223,Pan American Energy,VACA MUERTA,PETROLEO,2019,5233.1,48.6,0.784,237097.1,1491293.0,158182.9,66.7,0.8107,81,3,BUENO
164797,YPF,VACA MUERTA,PETROLEO,2023,6972.7,99.9,2.0,236827.8,1489599.0,90493.2,38.2,0.8464,30,4,BUENO
158921,Tecpetrol,VACA MUERTA,GAS,2018,10724.9,65.0,0.559,252622.6,1486937.0,225265.2,89.2,0.86,102,2,BUENO
166959,Pampa Energía,VACA MUERTA,GAS,2025,17355.5,57.3,0.01,252521.2,1486340.0,107800.4,42.7,0.8345,7,2,BUENO
165731,YPF,VACA MUERTA,PETROLEO,2024,6328.6,98.1,1.898,236204.0,1485676.0,65953.0,27.9,0.7398,20,3,BUENO
163491,Vista Energy,VACA MUERTA,PETROLEO,2022,7417.7,80.6,1.05,236059.4,1484766.0,130356.1,55.2,0.9286,45,7,BUENO
166794,Vista Energy,VACA MUERTA,PETROLEO,2025,4891.7,90.4,2.0,235996.7,1484372.0,36894.1,15.6,0.9182,9,3,BUENO
164883,YPF,VACA MUERTA,PETROLEO,2023,5496.8,97.0,2.0,235968.1,1484192.0,81496.3,34.5,0.6287,28,5,REGULAR
165728,YPF,VACA MUERTA,PETROLEO,2024,6082.0,98.5,2.0,234854.9,1477190.0,64177.4,27.3,0.6744,20,3,REGULAR
164795,YPF,VACA MUERTA,PETROLEO,2023,5070.2,89.1,1.87,234595.6,1475559.0,77484.8,33.0,0.8905,31,3,BUENO
160050,YPF,VACA MUERTA,PETROLEO,2018,5048.1,94.1,2.0,234258.7,1473440.0,139784.9,59.7,0.5465,88,5,REGULAR
164021,YPF,VACA MUERTA,GAS,2023,12790.9,79.4,0.516,249959.1,1471259.0,206314.7,82.5,0.7073,30,13,BUENO
163510,YPF,VACA MUERTA,PETROLEO,2022,5104.2,94.0,2.0,233831.0,1470750.0,98027.5,41.9,0.6593,45,4,REGULAR
160207,Tecpetrol,VACA MUERTA,GAS,2019,8514.8,45.0,0.087,249820.4,1470443.0,252062.9,100.9,0.8464,80,11,BUENO
165408,Tecpetrol,VACA MUERTA,GAS,2024,14203.5,73.2,0.474,249791.0,1470270.0,176400.8,70.6,0.8497,24,3,BUENO
163691,YPF,VACA MUERTA,PETROLEO,2022,9765.4,93.3,1.109,233341.3,1467670.0,132592.2,56.8,0.9669,44,3,BUENO
163856,YPF,VACA MUERTA,GAS,2022,8681.2,100.0,2.0,248876.0,1464884.0,105210.1,42.3,0.8559,36,9,BUENO
166199,YPF,VACA MUERTA,PETROLEO,2025,7741.2,90.4,1.252,232684.7,1463540.0,75811.4,32.6,0.7505,17,3,BUENO
166622,YPF,VACA MUERTA,PETROLEO,2025,5343.9,95.5,2.0,232527.9,1462554.0,46438.2,20.0,0.66,12,3,REGULAR
160886,Wintershall,VACA MUERTA,PETROLEO,2019,4522.2,37.5,0.626,232460.6,1462131.0,156877.1,67.5,0.846,83,2,BUENO
167023,Pampa Energía,VACA MUERTA,PETROLEO,2026,6974.0,99.7,2.0,232262.7,1460886.0,29512.6,12.7,0.7836,6,2,BUENO
166666,Tecpetrol,VACA MUERTA,PETROLEO,2025,6260.5,98.7,2.0,231843.4,1458249.0,44526.4,19.2,0.8927,13,1,BUENO
164022,YPF,VACA MUERTA,GAS,2023,12543.2,51.8,0.01,247621.8,1457502.0,233933.6,94.5,0.7298,36,7,BUENO
162218,YPF,VACA MUERTA,GAS,2021,11218.5,97.0,1.195,247530.5,1456965.0,157509.4,63.6,0.7026,63,3,BUENO
164275,YPF,VACA MUERTA,PETROLEO,2023,6914.6,99.8,2.0,231214.2,1454291.0,92499.4,40.0,0.8724,38,2,BUENO
161605,YPF,VACA MUERTA,PETROLEO,2020,7123.6,99.4,1.812,230701.2,1451064.0,130787.2,56.7,0.7544,70,10,BUENO
166152,Vista Energy,VACA MUERTA,PETROLEO,2025,8008.6,96.1,1.433,230635.8,1450653.0,70065.7,30.4,0.9239,18,2,BUENO
165215,Vista Energy,VACA MUERTA,PETROLEO,2024,6321.3,95.3,1.732,230298.5,1448532.0,74156.3,32.2,0.9082,28,2,BUENO
164568,YPF,VACA MUERTA,PETROLEO,2023,5699.8,97.7,2.0,229944.5,1446305.0,83457.2,36.3,0.7011,34,3,BUENO
162193,YPF,VACA MUERTA,GAS,2021,6497.0,100.0,2.0,245460.3,1444779.0,137663.8,56.1,0.6877,51,15,REGULAR
162131,Vista Energy,VACA MUERTA,PETROLEO,2021,7035.4,66.7,0.828,229655.7,1444488.0,150595.9,65.6,0.9401,64,3,BUENO
163626,Kilwer,VACA MUERTA,PETROLEO,2022,7022.2,81.0,1.116,229313.0,1442333.0,119734.5,52.2,0.8186,45,3,BUENO
156489,YPF,VACA MUERTA,PETROLEO,2016,2454.3,34.4,2.0,229284.3,1442152.0,153599.2,67.0,0.3176,123,3,DESCARTADO
160888,Pluspetrol,VACA MUERTA,GAS,2019,10686.2,93.3,1.052,244721.9,1440433.0,176894.9,72.3,0.922,78,7,BUENO
165538,Pluspetrol,VACA MUERTA,GAS,2023,12082.3,89.4,0.863,244619.5,1439830.0,114941.1,47.0,0.8721,16,11,BUENO
164860,Chevron,VACA MUERTA,PETROLEO,2023,4668.7,94.9,2.0,228582.6,1437739.0,64858.8,28.4,0.62,13,21,REGULAR
165353,YPF,VACA MUERTA,PETROLEO,2024,5873.5,98.8,2.0,228499.8,1437218.0,73029.6,32.0,0.784,24,4,BUENO
166438,YPF,VACA MUERTA,PETROLEO,2025,1690.5,0.1,2.0,226544.4,1424919.0,27647.8,12.2,-0.0001,14,3,DESCARTADO
164006,Pluspetrol,VACA MUERTA,GAS,2023,23009.6,89.1,0.094,241947.6,1424104.0,260529.7,107.7,0.8961,26,17,BUENO
164410,YPF,VACA MUERTA,PETROLEO,2023,9412.5,96.0,1.23,225725.0,1419765.0,109392.2,48.5,0.695,35,4,REGULAR
161759,Pan American Energy,VACA MUERTA,GAS,2020,10393.3,44.7,0.122,240918.5,1418046.0,237662.6,98.6,0.9169,75,1,BUENO
165583,YPF,VACA MUERTA,PETROLEO,2024,5284.9,95.6,2.0,225401.8,1417732.0,62109.2,27.6,0.8749,23,2,BUENO
166969,YPF,VACA MUERTA,PETROLEO,2025,4359.7,86.5,2.0,225097.5,1415818.0,27505.0,12.2,0.9743,6,3,BUENO
161424,YPF,VACA MUERTA,PETROLEO,2019,6887.0,97.5,1.615,224752.4,1413648.0,138824.9,61.8,0.7383,79,3,BUENO
164731,YPF,VACA MUERTA,PETROLEO,2023,5037.4,61.6,1.053,224535.3,1412282.0,92377.4,41.1,0.6407,32,3,REGULAR
165681,YPF,VACA MUERTA,PETROLEO,2024,3893.1,77.8,2.0,224481.9,1411946.0,55105.4,24.5,0.6492,21,3,REGULAR
165594,TotalEnergies,VACA MUERTA,GAS,2024,7299.6,91.8,1.407,239872.8,1411891.0,80904.0,33.7,0.8132,22,3,BUENO
164653,YPF,VACA MUERTA,PETROLEO,2023,10457.2,100.0,1.795,224470.9,1411877.0,100979.8,45.0,0.6033,32,4,REGULAR
164767,Pan American Energy,VACA MUERTA,PETROLEO,2023,5516.6,76.0,1.275,224465.2,1411841.0,88880.6,39.6,0.9634,32,3,BUENO
164416,YPF,VACA MUERTA,GAS,2023,11863.6,49.3,0.067,239692.5,1410830.0,212684.2,88.7,0.8333,36,3,BUENO
166563,YPF,VACA MUERTA,PETROLEO,2025,6285.5,84.2,1.297,224073.8,1409379.0,59009.3,26.3,0.9373,14,2,BUENO
166716,Vista Energy,VACA MUERTA,PETROLEO,2025,5963.8,98.7,2.0,223808.5,1407711.0,41803.5,18.7,0.9625,11,2,BUENO
162887,YPF,VACA MUERTA,PETROLEO,2021,6578.5,98.3,1.75,223027.0,1402795.0,110014.4,49.3,0.746,53,4,BUENO
162745,Vista Energy,VACA MUERTA,PETROLEO,2021,9960.0,89.5,0.986,222778.8,1401234.0,142578.6,64.0,0.9656,56,2,BUENO
165244,Chevron,VACA MUERTA,PETROLEO,2024,3713.6,76.0,2.0,222104.6,1396994.0,57837.5,26.0,0.0064,21,8,DESCARTADO
166320,YPF,VACA MUERTA,PETROLEO,2025,5513.7,97.9,2.0,221915.1,1395802.0,52310.5,23.6,0.2255,14,4,DESCARTADO
162000,Vista Energy,VACA MUERTA,PETROLEO,2020,8095.9,96.4,1.365,221640.8,1394076.0,130727.5,59.0,0.9148,65,4,BUENO
163136,Pluspetrol,VACA MUERTA,GAS,2022,9935.8,91.1,1.048,236598.0,1392616.0,145489.2,61.5,0.7097,51,2,BUENO
162441,Pluspetrol,VACA MUERTA,GAS,2021,15673.0,74.1,0.359,236530.4,1392218.0,236386.7,99.9,0.9332,56,6,BUENO
166886,YPF,VACA MUERTA,PETROLEO,2025,6516.0,99.7,2.0,221294.6,1391899.0,39920.7,18.0,0.5991,9,2,REGULAR
163393,Vista Energy,VACA MUERTA,PETROLEO,2022,7697.8,93.2,1.291,221270.0,1391744.0,115484.9,52.2,0.958,47,5,BUENO
165670,YPF,VACA MUERTA,PETROLEO,2024,6413.6,95.8,1.646,221154.7,1391019.0,67586.0,30.6,0.8731,22,2,BUENO
162637,YPF,VACA MUERTA,PETROLEO,2021,8528.3,100.0,2.0,221123.8,1390824.0,122782.5,55.5,0.7963,54,6,BUENO
163067,YPF,VACA MUERTA,PETROLEO,2022,7660.2,99.9,1.845,221059.3,1390419.0,108962.2,49.3,0.6518,51,3,REGULAR
165581,YPF,VACA MUERTA,PETROLEO,2024,7202.1,100.0,2.0,220736.2,1388387.0,66948.8,30.3,0.8671,23,2,BUENO
164465,YPF,VACA MUERTA,PETROLEO,2023,6173.9,99.6,2.0,220592.0,1387480.0,84482.8,38.3,0.5684,33,5,REGULAR
160943,ExxonMobil,VACA MUERTA,PETROLEO,2019,11134.5,99.9,1.436,220576.9,1387385.0,148264.2,67.2,0.6221,71,13,REGULAR
161770,TotalEnergies,VACA MUERTA,GAS,2020,6193.5,82.7,1.305,235696.9,1387312.0,140901.0,59.8,0.9831,70,5,BUENO
164730,YPF,VACA MUERTA,PETROLEO,2023,5287.2,92.9,1.809,220263.6,1385414.0,77321.7,35.1,0.5588,32,3,REGULAR
159065,Tecpetrol,VACA MUERTA,GAS,2018,11452.4,98.8,1.252,235034.2,1383411.0,177806.8,75.7,0.6632,100,2,REGULAR
166497,Vista Energy,VACA MUERTA,PETROLEO,2025,5655.2,98.3,2.0,219936.9,1383359.0,46140.2,21.0,0.9585,13,3,BUENO
160571,Vista Energy,VACA MUERTA,PETROLEO,2019,5870.6,96.4,1.797,219752.8,1382201.0,129648.4,59.0,0.7321,84,3,BUENO
163331,YPF,VACA MUERTA,PETROLEO,2022,7610.0,96.0,1.39,219648.3,1381544.0,114195.9,52.0,0.9651,48,3,BUENO
166302,Tecpetrol,VACA MUERTA,GAS,2025,11158.8,85.9,0.79,234056.8,1377658.0,114146.2,48.8,0.8249,15,3,BUENO
163453,Pan American Energy,VACA MUERTA,GAS,2022,13848.2,53.3,0.01,233807.5,1376191.0,236552.7,101.2,0.9161,48,2,BUENO
157907,Tecpetrol,VACA MUERTA,GAS,2017,9988.0,92.6,1.069,233618.1,1375076.0,187569.2,80.3,0.5841,112,3,REGULAR
164531,Chevron,VACA MUERTA,PETROLEO,2023,3434.6,81.7,2.0,218618.4,1375066.0,74315.0,34.0,0.2272,19,18,DESCARTADO
165103,Pluspetrol,VACA MUERTA,PETROLEO,2024,11404.0,100.0,1.535,218153.7,1372143.0,89939.0,41.2,0.9492,22,8,BUENO
164178,YPF,VACA MUERTA,PETROLEO,2023,5572.9,90.2,1.581,217502.1,1368045.0,90302.6,41.5,0.7341,38,3,BUENO
165269,YPF,VACA MUERTA,PETROLEO,2024,6127.9,99.4,2.0,216808.2,1363680.0,68691.4,31.7,0.5488,27,2,REGULAR
162439,Pluspetrol,VACA MUERTA,GAS,2021,12142.6,73.3,0.519,231614.5,1363283.0,202869.8,87.6,0.9407,56,6,BUENO
157884,Tecpetrol,VACA MUERTA,GAS,2017,8223.5,78.7,0.848,231609.8,1363255.0,197159.3,85.1,0.552,110,5,REGULAR
160338,YPF,VACA MUERTA,GAS,2019,4689.1,53.5,0.95,231360.6,1361788.0,154095.7,66.6,0.6274,85,5,REGULAR
165422,YPF,VACA MUERTA,PETROLEO,2024,9105.7,97.5,1.242,216215.3,1359951.0,96402.8,44.6,0.9655,24,3,BUENO
165676,YPF,VACA MUERTA,PETROLEO,2024,3555.3,88.7,2.0,216175.0,1359698.0,66991.2,31.0,0.2401,9,15,DESCARTADO
160575,Vista Energy,VACA MUERTA,PETROLEO,2019,8627.2,99.8,1.65,215673.9,1356546.0,136429.3,63.3,0.7847,85,2,BUENO
166773,YPF,VACA MUERTA,PETROLEO,2025,4183.4,85.6,2.0,215669.5,1356518.0,34801.5,16.1,0.8315,11,2,BUENO
166778,YPF,VACA MUERTA,PETROLEO,2025,7428.1,100.0,2.0,215668.7,1356513.0,49444.6,22.9,0.4421,11,2,REGULAR
166890,YPF,VACA MUERTA,PETROLEO,2025,10361.1,100.0,1.586,215479.1,1355320.0,53175.0,24.7,0.9706,8,3,BUENO
164799,YPF,VACA MUERTA,PETROLEO,2023,7102.5,76.1,0.878,215268.4,1353995.0,113171.9,52.6,0.9595,30,4,BUENO
166206,YPF,VACA MUERTA,PETROLEO,2025,7227.3,93.8,1.36,215011.5,1352379.0,68432.3,31.8,0.9177,18,2,BUENO
161365,YPF,VACA MUERTA,PETROLEO,2019,5543.0,98.9,2.0,215009.3,1352365.0,124740.2,58.0,0.706,78,5,BUENO
162817,Pan American Energy,VACA MUERTA,GAS,2021,9613.9,44.1,0.01,229756.0,1352344.0,222227.8,96.7,0.7226,54,4,BUENO
164944,Vista Energy,VACA MUERTA,PETROLEO,2024,7825.5,99.5,1.663,214764.9,1350828.0,79790.7,37.2,0.896,30,2,BUENO
162567,YPF,VACA MUERTA,PETROLEO,2021,4575.2,62.7,1.124,214717.9,1350533.0,115290.2,53.7,0.7065,56,5,BUENO
162888,YPF,VACA MUERTA,PETROLEO,2021,6370.4,100.0,2.0,214509.8,1349224.0,110759.7,51.6,0.636,50,7,REGULAR
159377,YPF,VACA MUERTA,GAS,2018,7840.8,88.4,0.877,228943.7,1347563.0,184571.2,80.6,0.8334,63,36,BUENO
166458,YPF,VACA MUERTA,PETROLEO,2025,6826.9,98.0,1.648,214127.4,1346819.0,53732.5,25.1,0.4317,14,3,REGULAR
161867,Vista Energy,VACA MUERTA,PETROLEO,2020,7647.9,96.7,1.398,214028.0,1346193.0,128942.5,60.2,0.9677,69,3,BUENO
165093,Kilwer,VACA MUERTA,PETROLEO,2024,11070.6,91.9,0.902,213280.7,1341493.0,122381.2,57.4,0.9341,28,3,BUENO
166932,YPF,VACA MUERTA,PETROLEO,2025,11709.8,99.3,1.212,213202.4,1341000.0,60300.0,28.3,0.9718,8,2,BUENO
165203,Tecpetrol,VACA MUERTA,GAS,2024,19679.6,99.6,0.955,227464.6,1338857.0,160173.0,70.4,0.6493,28,2,REGULAR
160522,YPF,VACA MUERTA,GAS,2019,10491.1,89.0,0.927,227148.4,1336995.0,177419.9,78.1,0.9117,85,3,BUENO
163423,YPF,VACA MUERTA,PETROLEO,2022,4650.0,95.4,2.0,212517.1,1336690.0,96752.9,45.5,0.3869,45,5,DESCARTADO
166685,YPF,VACA MUERTA,PETROLEO,2025,6176.2,99.6,2.0,211680.9,1331431.0,43942.8,20.8,0.2442,12,2,DESCARTADO
158288,Tecpetrol,VACA MUERTA,GAS,2017,8650.9,97.1,1.342,225651.9,1328187.0,166092.3,73.6,0.825,107,3,BUENO
165492,YPF,VACA MUERTA,PETROLEO,2024,4061.9,88.8,2.0,210901.7,1326530.0,61453.1,29.1,0.5165,21,5,REGULAR
165682,YPF,VACA MUERTA,PETROLEO,2024,3059.5,62.6,2.0,210892.9,1326474.0,50125.1,23.8,0.412,21,3,REGULAR
155452,TotalEnergies,VACA MUERTA,GAS,2015,11179.4,95.2,1.022,225354.9,1326439.0,195125.8,86.6,0.8964,124,7,BUENO
166952,Shell,VACA MUERTA,PETROLEO,2025,4737.8,94.9,2.0,210659.5,1325006.0,29404.1,14.0,0.9138,6,5,BUENO
165490,YPF,VACA MUERTA,PETROLEO,2024,4700.5,95.1,2.0,210323.9,1322895.0,61742.7,29.4,0.5293,22,4,REGULAR
159379,YPF,VACA MUERTA,PETROLEO,2018,3776.7,86.7,2.0,209746.7,1319265.0,135601.1,64.6,0.328,92,7,DESCARTADO
161307,Pluspetrol,VACA MUERTA,GAS,2019,8973.5,96.2,1.252,224095.1,1319024.0,148203.9,66.1,0.8217,73,10,BUENO
163605,YPF,VACA MUERTA,PETROLEO,2022,7943.1,95.2,1.272,209696.0,1318946.0,111995.4,53.4,0.9137,46,2,BUENO
161373,YPF,VACA MUERTA,PETROLEO,2019,6076.3,72.9,0.973,209692.9,1318926.0,143897.3,68.6,0.8095,80,3,BUENO
165634,Pluspetrol,VACA MUERTA,GAS,2023,9276.8,98.0,1.326,223764.1,1317075.0,70442.0,31.5,0.9574,14,12,BUENO
160951,Tecpetrol,VACA MUERTA,GAS,2019,7251.0,94.9,1.435,223594.5,1316077.0,139015.2,62.2,0.6333,81,5,REGULAR
166681,YPF,VACA MUERTA,PETROLEO,2025,5909.5,89.7,1.43,209223.4,1315973.0,48033.3,23.0,0.6894,11,3,REGULAR
161451,Pan American Energy,VACA MUERTA,PETROLEO,2019,5102.0,53.0,0.774,208914.6,1314031.0,142686.4,68.3,0.9699,80,2,BUENO
162195,YPF,VACA MUERTA,GAS,2021,6918.8,91.8,1.163,223170.7,1313583.0,146857.4,65.8,0.8096,54,12,BUENO
161278,Pluspetrol,VACA MUERTA,GAS,2019,9239.1,49.8,0.179,222968.2,1312391.0,222081.3,99.6,0.9172,76,8,BUENO
159835,YPF,VACA MUERTA,GAS,2018,4919.8,27.4,0.01,222898.4,1311980.0,201466.8,90.4,0.5659,75,20,REGULAR
161687,YPF,VACA MUERTA,PETROLEO,2020,5164.9,88.2,1.425,208035.9,1308504.0,130419.4,62.7,0.7911,73,6,BUENO
164707,Pluspetrol,VACA MUERTA,GAS,2023,12512.3,53.6,0.01,222255.9,1308198.0,187575.9,84.4,0.5832,24,11,REGULAR
160335,YPF,VACA MUERTA,PETROLEO,2019,7658.4,99.7,1.628,207803.4,1307042.0,135761.8,65.3,0.7971,86,4,BUENO
166315,YPF,VACA MUERTA,PETROLEO,2025,7987.8,100.0,2.0,207722.7,1306534.0,59524.9,28.7,0.4926,16,2,REGULAR
165824,TotalEnergies,VACA MUERTA,PETROLEO,2024,9948.5,46.7,0.01,207227.1,1303417.0,133088.2,64.2,0.4626,17,4,REGULAR
164031,YPF,VACA MUERTA,PETROLEO,2023,4662.2,93.9,2.0,207048.5,1302294.0,78835.5,38.1,0.4869,41,2,REGULAR
161935,Vista Energy,VACA MUERTA,PETROLEO,2020,6173.3,99.7,2.0,206940.4,1301614.0,107009.0,51.7,0.8816,68,2,BUENO
166601,TotalEnergies,VACA MUERTA,GAS,2025,12506.5,51.3,0.01,221005.8,1300840.0,123385.2,55.8,0.9529,12,3,BUENO
163326,YPF,VACA MUERTA,PETROLEO,2022,8971.2,82.7,0.854,206752.2,1300430.0,132872.6,64.3,0.9161,48,3,BUENO
166748,Pampa Energía,VACA MUERTA,PETROLEO,2025,7184.5,84.4,1.05,206574.3,1299311.0,56035.0,27.1,0.8611,10,3,BUENO
164946,Tecpetrol,VACA MUERTA,GAS,2024,10232.8,53.9,0.23,219912.2,1294403.0,166297.3,75.6,0.7188,28,4,BUENO
164408,YPF,VACA MUERTA,PETROLEO,2023,8599.6,100.0,1.856,205793.2,1294398.0,92575.4,45.0,0.6455,35,4,REGULAR
162627,Tecpetrol,VACA MUERTA,GAS,2021,11425.8,47.9,0.01,219907.4,1294375.0,216458.7,98.4,0.8895,58,2,BUENO
163762,YPF,VACA MUERTA,PETROLEO,2022,7151.8,94.5,1.327,205775.2,1294285.0,92546.5,45.0,0.8743,33,13,BUENO
155451,TotalEnergies,VACA MUERTA,GAS,2015,7366.8,90.4,1.281,219888.2,1294262.0,168250.3,76.5,0.6787,126,5,REGULAR
160521,YPF,VACA MUERTA,GAS,2019,7395.6,76.5,0.905,219433.2,1291584.0,161463.1,73.6,0.7862,84,4,BUENO
162590,Vista Energy,VACA MUERTA,PETROLEO,2021,10789.4,97.3,1.113,205144.9,1290320.0,133044.0,64.9,0.9161,58,3,BUENO
164179,YPF,VACA MUERTA,PETROLEO,2023,6461.1,96.1,1.551,205113.9,1290125.0,87794.8,42.8,0.8098,39,2,BUENO
160850,YPF,VACA MUERTA,GAS,2019,9325.8,76.5,0.684,218807.5,1287901.0,188888.5,86.3,0.7842,81,5,BUENO
166880,YPF,VACA MUERTA,PETROLEO,2025,4146.0,89.8,2.0,204610.0,1286956.0,31754.1,15.5,0.8407,8,3,BUENO
166795,Vista Energy,VACA MUERTA,PETROLEO,2025,5221.8,97.7,2.0,204092.9,1283704.0,32805.9,16.1,0.9198,10,2,BUENO
163377,Pluspetrol,VACA MUERTA,GAS,2022,9138.7,60.2,0.447,217884.8,1282470.0,174144.1,79.9,0.9335,47,3,BUENO
165716,YPF,VACA MUERTA,PETROLEO,2024,3036.1,60.1,1.889,203593.4,1280562.0,43875.7,21.6,0.6089,20,3,REGULAR
164808,YPF,VACA MUERTA,PETROLEO,2023,5878.7,98.6,1.787,203437.4,1279581.0,77019.3,37.9,0.5643,30,4,REGULAR
166263,Tecpetrol,VACA MUERTA,GAS,2025,13313.2,80.9,0.581,217216.2,1278535.0,128114.3,59.0,0.9697,17,2,BUENO
160572,Vista Energy,VACA MUERTA,PETROLEO,2019,8621.3,97.7,1.315,202720.3,1275070.0,134444.3,66.3,0.8302,85,2,BUENO
162030,YPF,VACA MUERTA,PETROLEO,2020,5183.1,98.3,2.0,202188.9,1271728.0,105618.3,52.2,0.6089,66,3,REGULAR
164409,YPF,VACA MUERTA,PETROLEO,2023,7423.1,97.6,1.423,201999.0,1270533.0,91485.4,45.3,0.7274,35,4,BUENO
165578,YPF,VACA MUERTA,PETROLEO,2024,4894.4,96.7,2.0,201886.4,1269825.0,56837.3,28.2,0.4508,23,2,REGULAR
163850,YPF,VACA MUERTA,PETROLEO,2022,5843.0,81.9,1.12,201681.7,1268538.0,106552.1,52.8,0.8928,40,5,BUENO
165577,YPF,VACA MUERTA,PETROLEO,2024,4496.0,25.7,0.01,201615.2,1268119.0,94693.1,47.0,0.1416,21,4,DESCARTADO
164806,YPF,VACA MUERTA,PETROLEO,2023,6732.1,76.3,0.87,201571.9,1267847.0,106767.2,53.0,0.851,30,4,BUENO
163679,Tecpetrol,VACA MUERTA,GAS,2022,11234.4,71.3,0.326,214954.5,1265222.0,202415.1,94.2,0.9147,39,8,BUENO
165721,YPF,VACA MUERTA,PETROLEO,2024,5500.8,99.4,2.0,201071.5,1264700.0,57741.1,28.7,0.5806,19,4,REGULAR
166560,YPF,VACA MUERTA,PETROLEO,2025,6822.4,81.7,1.033,201067.8,1264676.0,58980.7,29.3,0.9598,13,3,BUENO
166204,YPF,VACA MUERTA,PETROLEO,2025,6583.3,75.1,0.945,200975.5,1264096.0,71845.8,35.7,0.8605,19,1,BUENO
164654,YPF,VACA MUERTA,PETROLEO,2023,7278.2,99.7,1.695,200673.5,1262196.0,80142.8,39.9,0.542,33,3,REGULAR
164861,Chevron,VACA MUERTA,PETROLEO,2023,5108.9,87.5,1.453,200408.4,1260529.0,74150.5,37.0,0.5121,25,9,REGULAR
165270,YPF,VACA MUERTA,PETROLEO,2024,3123.3,68.3,2.0,200151.2,1258911.0,52943.1,26.5,0.1324,25,4,DESCARTADO
163820,Pampa Energía,VACA MUERTA,GAS,2022,13384.9,72.2,0.419,213769.5,1258247.0,188153.2,88.0,0.9053,42,3,BUENO
161421,YPF,VACA MUERTA,PETROLEO,2019,5198.4,100.0,2.0,199955.2,1257678.0,132728.6,66.4,0.6932,59,23,REGULAR
164781,Pluspetrol,VACA MUERTA,GAS,2023,13708.9,58.0,0.01,213518.4,1256769.0,189316.9,88.7,0.782,24,10,BUENO
164903,TotalEnergies,VACA MUERTA,GAS,2023,13691.7,66.2,0.287,213453.3,1256386.0,183013.4,85.7,0.9364,32,1,BUENO
162946,YPF,VACA MUERTA,PETROLEO,2022,9690.9,83.9,0.744,199696.0,1256048.0,152556.0,76.4,0.8917,52,4,BUENO
162954,Vista Energy,VACA MUERTA,PETROLEO,2022,7289.6,46.8,0.31,199246.8,1253223.0,161175.3,80.9,0.8978,53,3,BUENO
158426,YPF,VACA MUERTA,GAS,2017,9231.2,71.0,0.215,212746.8,1252228.0,216944.7,102.0,0.7653,56,52,BUENO
164300,Vista Energy,VACA MUERTA,PETROLEO,2023,8461.9,99.6,1.471,198916.1,1251142.0,92016.4,46.3,0.9671,36,4,BUENO
164180,YPF,VACA MUERTA,PETROLEO,2023,4733.0,95.3,1.958,198779.4,1250283.0,73985.2,37.2,0.7924,39,2,BUENO
162200,YPF,VACA MUERTA,PETROLEO,2021,5254.4,48.3,0.535,198647.1,1249451.0,142267.6,71.6,0.8742,61,5,BUENO
162592,Vista Energy,VACA MUERTA,PETROLEO,2021,11510.4,98.8,1.132,198344.8,1247549.0,133175.2,67.1,0.9002,58,3,BUENO
164711,Vista Energy,VACA MUERTA,PETROLEO,2023,8865.4,91.9,1.034,198124.9,1246166.0,102795.4,51.9,0.9509,33,2,BUENO
162712,YPF,VACA MUERTA,PETROLEO,2021,5541.5,99.3,2.0,197983.1,1245274.0,94307.1,47.6,0.7344,57,2,BUENO
162748,Shell,VACA MUERTA,PETROLEO,2021,4535.1,54.9,0.824,197951.2,1245073.0,116610.8,58.9,0.7719,53,8,BUENO
162127,Vista Energy,VACA MUERTA,PETROLEO,2021,6208.7,85.6,1.199,197929.8,1244939.0,116832.0,59.0,0.8919,64,3,BUENO
163695,YPF,VACA MUERTA,PETROLEO,2022,5155.6,61.9,0.888,197699.1,1243488.0,104792.1,53.0,0.6224,44,3,REGULAR
158929,Tecpetrol,VACA MUERTA,GAS,2018,6285.0,38.2,0.258,211171.2,1242954.0,194687.0,92.2,0.6477,102,2,REGULAR
165729,YPF,VACA MUERTA,PETROLEO,2024,6631.7,95.6,1.407,197484.9,1242141.0,68830.0,34.9,0.7992,20,3,BUENO
160810,Pluspetrol,VACA MUERTA,GAS,2019,10235.7,62.5,0.407,210951.1,1241658.0,200972.8,95.3,0.9407,83,3,BUENO
165609,Pan American Energy,VACA MUERTA,PETROLEO,2024,7139.1,51.5,0.229,197314.0,1241066.0,124996.6,63.3,0.9675,16,9,BUENO
166127,YPF,VACA MUERTA,PETROLEO,2024,6286.6,100.0,2.0,196797.2,1237815.0,62391.7,31.7,0.2973,18,4,DESCARTADO
166162,Pan American Energy,VACA MUERTA,PETROLEO,2024,6442.1,94.3,1.414,196376.9,1235171.0,60258.1,30.7,0.6608,18,3,REGULAR
159982,YPF,VACA MUERTA,GAS,2018,4731.5,39.6,0.471,209696.1,1234271.0,162189.3,77.3,0.7358,84,11,BUENO
159984,YPF,VACA MUERTA,PETROLEO,2018,9306.8,94.7,1.024,196195.6,1234031.0,151717.3,77.3,0.9525,90,4,BUENO
160941,ExxonMobil,VACA MUERTA,PETROLEO,2019,10140.7,93.9,0.965,196195.5,1234030.0,154999.2,79.0,0.66,80,4,REGULAR
162682,Shell,VACA MUERTA,PETROLEO,2021,5397.0,98.2,1.903,195891.6,1232119.0,90375.3,46.1,0.7105,55,8,BUENO
165435,Vista Energy,VACA MUERTA,PETROLEO,2024,4922.5,81.8,1.387,195676.2,1230764.0,64750.1,33.1,0.9798,24,3,BUENO
164553,Vista Energy,VACA MUERTA,PETROLEO,2023,4986.2,96.7,1.887,195149.8,1227453.0,70790.0,36.3,0.9026,34,3,BUENO
161999,Vista Energy,VACA MUERTA,PETROLEO,2020,7401.6,90.1,1.104,194940.1,1226134.0,124522.8,63.9,0.957,65,4,BUENO
162197,YPF,VACA MUERTA,PETROLEO,2021,6114.4,81.3,1.01,194917.1,1225990.0,127658.5,65.5,0.8195,61,5,BUENO
161769,TotalEnergies,VACA MUERTA,GAS,2020,4588.7,65.2,1.166,208273.6,1225898.0,121907.4,58.5,0.9853,71,4,BUENO
165685,YPF,VACA MUERTA,PETROLEO,2024,5419.8,98.4,1.867,194868.7,1225685.0,56684.5,29.1,0.8748,21,3,BUENO
164456,Pluspetrol,VACA MUERTA,GAS,2023,8542.4,100.0,1.761,208045.3,1224555.0,75542.3,36.3,0.7202,25,13,BUENO
162879,YPF,VACA MUERTA,PETROLEO,2021,5793.1,98.3,1.786,194630.6,1224188.0,92415.4,47.5,0.8126,55,2,BUENO
162352,Vista Energy,VACA MUERTA,PETROLEO,2021,7172.4,80.2,0.922,194557.2,1223726.0,126737.8,65.1,0.9151,61,3,BUENO
166449,YPF,VACA MUERTA,PETROLEO,2025,11475.6,100.0,1.699,193505.0,1217108.0,67950.8,35.1,0.6244,14,3,REGULAR
165360,YPF,VACA MUERTA,PETROLEO,2024,5263.0,99.3,2.0,192877.4,1213160.0,61083.1,31.7,0.9597,25,3,BUENO
164657,YPF,VACA MUERTA,PETROLEO,2023,6571.4,92.4,1.257,192825.8,1212836.0,90224.2,46.8,0.9442,33,3,BUENO
162215,YPF,VACA MUERTA,GAS,2021,5417.4,93.2,1.646,205924.1,1212069.0,109332.0,53.1,0.6126,63,3,REGULAR
163945,YPF,VACA MUERTA,PETROLEO,2023,5030.6,64.7,0.923,192635.5,1211639.0,98945.5,51.4,0.9304,40,4,BUENO
164467,YPF,VACA MUERTA,PETROLEO,2023,5404.9,99.7,2.0,192629.4,1211600.0,77392.5,40.2,0.3335,33,5,DESCARTADO
164250,Tecpetrol,VACA MUERTA,GAS,2023,13917.0,58.3,0.01,205607.8,1210208.0,205355.7,99.9,0.8175,38,3,BUENO
162130,Vista Energy,VACA MUERTA,PETROLEO,2021,9035.3,99.9,1.559,192339.3,1209776.0,109586.6,57.0,0.8971,65,2,BUENO
161949,YPF,VACA MUERTA,PETROLEO,2020,5971.7,83.4,1.098,192265.6,1209312.0,123383.3,64.2,0.8893,66,4,BUENO
162203,YPF,VACA MUERTA,PETROLEO,2021,6238.3,34.0,0.01,192186.9,1208817.0,171795.9,89.4,0.8499,61,5,BUENO
161721,YPF,VACA MUERTA,PETROLEO,2020,4055.5,93.0,2.0,192157.5,1208632.0,103615.5,53.9,0.5661,72,6,REGULAR
162815,Pan American Energy,VACA MUERTA,PETROLEO,2021,5211.1,99.3,2.0,192085.8,1208181.0,92498.0,48.2,0.5796,54,4,REGULAR
164623,Vista Energy,VACA MUERTA,PETROLEO,2023,7286.8,99.3,1.585,192025.4,1207801.0,78578.4,40.9,0.9628,34,2,BUENO
161369,YPF,VACA MUERTA,PETROLEO,2019,5588.6,87.9,1.362,191957.7,1207376.0,118653.1,61.8,0.8129,81,2,BUENO
164302,Vista Energy,VACA MUERTA,PETROLEO,2023,8150.8,98.5,1.341,191829.6,1206570.0,91838.4,47.9,0.956,36,4,BUENO
163229,YPF,VACA MUERTA,PETROLEO,2022,7441.8,98.4,1.433,191621.8,1205263.0,100074.4,52.2,0.7278,50,2,BUENO
166382,TotalEnergies,VACA MUERTA,GAS,2025,14271.8,74.6,0.338,204468.1,1203499.0,132494.5,64.8,0.9392,13,4,BUENO
162483,YPF,VACA MUERTA,PETROLEO,2021,7485.8,99.4,1.517,191318.9,1203358.0,106115.6,55.5,0.5908,59,3,REGULAR
165780,YPF,VACA MUERTA,PETROLEO,2024,3198.1,73.4,2.0,190977.2,1201208.0,43138.5,22.6,0.0131,20,2,DESCARTADO
160339,YPF,VACA MUERTA,GAS,2019,5922.9,92.5,1.513,203798.2,1199556.0,127821.5,62.7,0.6245,86,4,REGULAR
161608,YPF,VACA MUERTA,PETROLEO,2020,5136.8,81.7,1.157,190478.8,1198074.0,123680.9,64.9,0.7813,70,10,BUENO
160169,Pan American Energy,VACA MUERTA,GAS,2019,11118.8,67.5,0.334,203522.2,1197932.0,206413.9,101.4,0.927,88,4,BUENO
165678,YPF,VACA MUERTA,PETROLEO,2024,3972.8,98.3,2.0,190402.2,1197592.0,64895.1,34.1,0.2903,10,14,DESCARTADO
161253,YPF,VACA MUERTA,PETROLEO,2019,6016.9,99.2,1.778,190343.7,1197224.0,113227.9,59.5,0.7878,82,2,BUENO
160209,Vista Energy,VACA MUERTA,PETROLEO,2019,7879.3,99.6,1.553,190270.2,1196762.0,123581.3,65.0,0.8682,89,2,BUENO
164273,YPF,VACA MUERTA,PETROLEO,2023,5649.5,99.9,2.0,190165.6,1196104.0,78786.7,41.4,0.7885,37,3,BUENO
162183,Pluspetrol,VACA MUERTA,GAS,2021,15378.4,86.9,0.546,202864.7,1194062.0,196291.3,96.8,0.9168,62,4,BUENO
163332,YPF,VACA MUERTA,PETROLEO,2022,6408.2,99.8,1.765,189743.4,1193448.0,91718.5,48.3,0.9477,48,3,BUENO
162781,YPF,VACA MUERTA,GAS,2021,14993.9,95.2,0.785,202701.5,1193101.0,165564.0,81.7,0.8987,49,9,BUENO
158421,YPF,VACA MUERTA,GAS,2017,6533.9,100.0,2.0,202490.6,1191860.0,144391.6,71.3,0.2049,103,5,DESCARTADO
162198,YPF,VACA MUERTA,PETROLEO,2021,6417.7,95.3,1.337,189179.2,1189899.0,114728.5,60.6,0.8528,62,4,BUENO
162026,YPF,VACA MUERTA,PETROLEO,2020,9432.3,98.6,1.176,189094.3,1189365.0,129139.8,68.3,0.8257,66,3,BUENO
161933,Vista Energy,VACA MUERTA,PETROLEO,2020,6749.2,99.8,1.755,188748.2,1187188.0,103557.8,54.9,0.9296,68,2,BUENO
163631,ExxonMobil,VACA MUERTA,PETROLEO,2022,12239.7,65.3,0.01,188416.9,1185105.0,140974.5,74.8,0.8255,11,37,BUENO
166316,YPF,VACA MUERTA,PETROLEO,2025,5627.9,99.8,2.0,188394.1,1184961.0,49345.0,26.2,0.3577,16,2,DESCARTADO
165549,Vista Energy,VACA MUERTA,PETROLEO,2024,8854.2,99.2,1.351,188286.7,1184286.0,72859.7,38.7,0.9514,23,2,BUENO
166461,YPF,VACA MUERTA,PETROLEO,2025,5737.1,99.9,2.0,188195.2,1183710.0,46431.2,24.7,0.7652,15,2,BUENO
166568,YPF,VACA MUERTA,PETROLEO,2025,5479.0,99.8,2.0,188052.9,1182815.0,46290.5,24.6,0.2294,13,3,DESCARTADO
164807,YPF,VACA MUERTA,PETROLEO,2023,5358.1,99.6,2.0,187951.0,1182174.0,67270.6,35.8,0.7151,31,3,BUENO
162084,YPF,VACA MUERTA,PETROLEO,2021,7887.1,89.7,0.986,187900.5,1181857.0,130258.1,69.3,0.9174,65,3,BUENO
162081,YPF,VACA MUERTA,PETROLEO,2021,7676.9,98.1,1.365,187877.3,1181711.0,113655.8,60.5,0.8384,66,2,BUENO
166565,YPF,VACA MUERTA,PETROLEO,2025,5545.7,92.9,1.484,187808.0,1181275.0,46659.7,24.8,0.9677,13,3,BUENO
163780,Pan American Energy,VACA MUERTA,PETROLEO,2022,7639.6,95.5,1.169,187688.5,1180523.0,107311.8,57.2,0.9031,42,4,BUENO
165029,Vista Energy,VACA MUERTA,PETROLEO,2024,6083.0,86.2,1.183,187657.2,1180326.0,77006.2,41.0,0.8871,28,3,BUENO
160435,YPF,VACA MUERTA,PETROLEO,2019,4865.2,58.6,0.819,187603.1,1179986.0,132955.2,70.9,0.8094,86,3,BUENO
166196,YPF,VACA MUERTA,PETROLEO,2025,4664.5,97.5,2.0,187338.6,1178322.0,47283.2,25.2,0.2541,18,2,DESCARTADO
163739,Tecpetrol,VACA MUERTA,GAS,2022,11987.8,52.7,0.01,200190.0,1178318.0,200600.4,100.2,0.8764,44,2,BUENO
165030,Vista Energy,VACA MUERTA,PETROLEO,2024,8857.5,84.2,0.829,187326.1,1178244.0,102618.2,54.8,0.954,29,2,BUENO
162213,YPF,VACA MUERTA,PETROLEO,2021,7475.2,99.8,1.581,187317.6,1178190.0,106934.2,57.1,0.841,63,3,BUENO
162881,YPF,VACA MUERTA,PETROLEO,2021,5506.1,91.2,1.444,187313.0,1178161.0,95300.6,50.9,0.7812,55,2,BUENO
159836,YPF,VACA MUERTA,GAS,2018,6331.3,35.0,0.01,200145.3,1178055.0,193811.9,96.8,0.8429,78,17,BUENO
164965,YPF,VACA MUERTA,PETROLEO,2024,5215.1,99.2,2.0,187264.2,1177854.0,62050.9,33.1,0.6959,30,2,REGULAR
162645,YPF,VACA MUERTA,PETROLEO,2021,6165.8,93.9,1.353,186692.2,1174257.0,104563.3,56.0,0.8668,57,3,BUENO
163952,YPF,VACA MUERTA,PETROLEO,2023,6092.2,89.9,1.257,186612.1,1173753.0,91145.7,48.8,0.8421,41,3,BUENO
166689,YPF,VACA MUERTA,PETROLEO,2025,6051.1,86.5,1.169,186547.4,1173346.0,49736.9,26.7,0.9798,11,3,BUENO
162166,Shell,VACA MUERTA,PETROLEO,2021,5505.7,99.3,1.801,186471.7,1172870.0,99952.6,53.6,0.6909,59,6,REGULAR
164798,YPF,VACA MUERTA,PETROLEO,2023,6844.5,96.7,1.385,186228.8,1171342.0,80264.6,43.1,0.9148,32,2,BUENO
165802,Vista Energy,VACA MUERTA,PETROLEO,2024,6468.9,100.0,2.0,186078.0,1170393.0,50841.5,27.3,0.9731,20,2,BUENO
163740,Tecpetrol,VACA MUERTA,GAS,2022,12680.1,55.1,0.01,198703.0,1169566.0,198633.5,100.0,0.8697,44,2,BUENO
163874,Vista Energy,VACA MUERTA,PETROLEO,2022,7547.4,96.4,1.253,185426.8,1166297.0,96900.7,52.3,0.961,42,10,BUENO
163334,YPF,VACA MUERTA,PETROLEO,2022,5194.1,97.2,1.809,185237.9,1165109.0,81678.7,44.1,0.7225,50,1,BUENO
166637,Pan American Energy,VACA MUERTA,PETROLEO,2025,6646.5,90.1,1.141,184693.5,1161685.0,56925.5,30.8,0.9694,12,3,BUENO
158333,Tecpetrol,VACA MUERTA,GAS,2017,5959.4,66.8,0.748,197293.3,1161268.0,163784.8,83.0,0.7609,104,6,BUENO
164827,Vista Energy,VACA MUERTA,PETROLEO,2023,10763.3,100.0,1.425,184575.7,1160944.0,87007.1,47.1,0.8882,32,2,BUENO
159980,YPF,VACA MUERTA,GAS,2018,5541.2,70.1,0.835,196973.5,1159386.0,149407.5,75.9,0.8446,80,15,BUENO
162782,YPF,VACA MUERTA,GAS,2021,12283.2,90.0,0.736,196679.2,1157654.0,155700.0,79.2,0.7943,49,9,BUENO
164968,YPF,VACA MUERTA,PETROLEO,2024,7479.3,99.8,1.56,184026.0,1157487.0,79235.6,43.1,0.4032,28,4,REGULAR
160054,YPF,VACA MUERTA,PETROLEO,2018,4576.4,97.8,2.0,184002.4,1157338.0,114394.2,62.2,0.4429,90,3,REGULAR
162179,Pluspetrol,VACA MUERTA,GAS,2021,9453.8,91.2,0.897,196520.7,1156721.0,150564.1,76.6,0.6563,59,7,REGULAR
166323,YPF,VACA MUERTA,PETROLEO,2025,3772.5,90.1,2.0,183597.8,1154793.0,37553.1,20.5,0.8143,14,4,BUENO
166597,Pampa Energía,VACA MUERTA,PETROLEO,2025,5327.0,97.5,1.757,183594.4,1154772.0,39589.7,21.6,0.9505,13,2,BUENO
159224,YPF,VACA MUERTA,PETROLEO,2018,4706.9,96.8,1.823,183471.6,1154000.0,119274.4,65.0,0.7679,97,4,BUENO
163596,YPF,VACA MUERTA,PETROLEO,2022,8102.1,100.0,1.971,183129.0,1151845.0,88210.0,48.2,0.5705,45,3,REGULAR
164779,Tecpetrol,VACA MUERTA,GAS,2023,13968.4,82.2,0.502,195511.7,1150782.0,163577.3,83.7,0.8719,32,2,BUENO
165177,YPF,VACA MUERTA,PETROLEO,2024,4205.5,86.8,1.667,182695.9,1149121.0,59057.2,32.3,0.8235,27,3,BUENO
166930,YPF,VACA MUERTA,PETROLEO,2025,6111.9,100.0,2.0,182632.7,1148723.0,33574.5,18.4,0.9739,8,2,BUENO
166562,YPF,VACA MUERTA,PETROLEO,2025,10528.5,97.9,1.06,182606.2,1148556.0,73607.4,40.3,0.9705,14,2,BUENO
160436,YPF,VACA MUERTA,PETROLEO,2019,5132.2,40.8,0.356,182375.5,1147105.0,154755.6,84.9,0.7034,86,3,BUENO
162387,Shell,VACA MUERTA,PETROLEO,2021,6321.3,96.3,1.444,182340.9,1146888.0,99156.9,54.4,0.6392,60,4,REGULAR
161774,Pan American Energy,VACA MUERTA,PETROLEO,2020,4985.9,60.6,0.796,182065.1,1145153.0,124047.9,68.1,0.9561,71,4,BUENO
164354,Pluspetrol,VACA MUERTA,GAS,2023,14550.9,100.0,1.391,194526.8,1144985.0,119540.0,61.5,0.7838,26,13,BUENO
162388,Shell,VACA MUERTA,PETROLEO,2021,5597.1,99.9,2.0,181921.9,1144252.0,92769.4,51.0,0.5167,58,6,REGULAR
162945,YPF,VACA MUERTA,PETROLEO,2022,4631.3,77.5,1.282,181798.1,1143474.0,92031.2,50.6,0.8951,54,2,BUENO
164869,Pluspetrol,VACA MUERTA,GAS,2023,12530.9,60.3,0.038,194216.5,1143158.0,174155.9,89.7,0.7961,24,9,BUENO
164732,YPF,VACA MUERTA,PETROLEO,2023,5150.4,79.9,1.17,181487.7,1141521.0,79503.8,43.8,0.9306,33,2,BUENO
163394,Vista Energy,VACA MUERTA,PETROLEO,2022,8218.4,95.2,1.126,181460.9,1141353.0,105058.8,57.9,0.9706,47,5,BUENO
160525,YPF,VACA MUERTA,GAS,2019,11569.2,56.8,0.01,193887.8,1141224.0,194586.3,100.4,0.9417,85,3,BUENO
161654,Pan American Energy,VACA MUERTA,PETROLEO,2020,3935.2,75.5,1.461,181401.5,1140979.0,103783.2,57.2,0.9621,77,2,BUENO
165514,Vista Energy,VACA MUERTA,PETROLEO,2024,9689.3,99.8,1.356,180997.4,1138437.0,74273.7,41.0,0.9756,24,2,BUENO
159220,YPF,VACA MUERTA,GAS,2018,6969.3,51.9,0.047,193276.7,1137627.0,198126.8,102.5,0.8755,87,14,BUENO
153540,TotalEnergies,VACA MUERTA,GAS,2014,7482.0,83.5,0.956,192843.7,1135078.0,160725.9,83.3,0.977,134,7,BUENO
162355,Vista Energy,VACA MUERTA,PETROLEO,2021,5815.7,54.9,0.536,180221.5,1133557.0,135075.2,74.9,0.8943,60,4,BUENO
164829,Vista Energy,VACA MUERTA,PETROLEO,2023,8216.5,99.4,1.399,180103.4,1132814.0,79218.0,44.0,0.9054,32,2,BUENO
164110,YPF,VACA MUERTA,PETROLEO,2023,7794.0,99.9,1.538,179042.1,1126139.0,84632.6,47.3,0.8742,39,3,BUENO
161516,YPF,VACA MUERTA,PETROLEO,2019,5526.1,91.4,1.302,179016.2,1125976.0,115420.4,64.5,0.8726,75,6,BUENO
160149,YPF,VACA MUERTA,PETROLEO,2019,7350.4,49.3,0.253,178982.3,1125763.0,173687.0,97.0,0.7868,89,3,BUENO
166251,YPF,VACA MUERTA,PETROLEO,2025,5214.2,99.8,2.0,178973.9,1125710.0,48304.7,27.0,0.852,15,4,BUENO
166627,YPF,VACA MUERTA,PETROLEO,2025,6686.6,91.3,1.162,178633.1,1123566.0,53747.6,30.1,0.9046,13,2,BUENO
163328,YPF,VACA MUERTA,PETROLEO,2022,7280.3,83.5,0.894,178616.3,1123461.0,112703.8,63.1,0.898,48,3,BUENO
166614,YPF,VACA MUERTA,PETROLEO,2025,4044.3,94.5,2.0,178573.5,1123192.0,33951.9,19.0,0.6807,12,3,REGULAR
159376,YPF,VACA MUERTA,GAS,2018,6617.2,99.5,1.677,190742.6,1122711.0,128401.9,67.3,0.4561,95,4,REGULAR
165672,YPF,VACA MUERTA,PETROLEO,2024,4380.1,75.4,1.25,178393.9,1122062.0,57564.5,32.3,0.6666,21,3,REGULAR
161690,YPF,VACA MUERTA,PETROLEO,2020,6375.9,72.8,0.755,178286.7,1121388.0,136088.6,76.3,0.9238,73,6,BUENO
166820,YPF,VACA MUERTA,PETROLEO,2025,4656.0,98.7,2.0,178137.1,1120447.0,30132.2,16.9,0.7422,8,4,BUENO
163329,YPF,VACA MUERTA,PETROLEO,2022,7440.5,81.3,0.814,178071.3,1120033.0,119604.0,67.2,0.9506,47,4,BUENO
163760,YPF,VACA MUERTA,PETROLEO,2022,6102.7,84.4,1.003,177494.2,1116403.0,103243.7,58.2,0.915,42,4,BUENO
164683,Kilwer,VACA MUERTA,PETROLEO,2023,7190.0,100.0,2.0,177454.3,1116152.0,70894.1,40.0,0.9343,34,2,BUENO
163875,Vista Energy,VACA MUERTA,PETROLEO,2022,9366.9,96.6,1.045,177441.9,1116074.0,110347.6,62.2,0.971,42,10,BUENO
159203,ExxonMobil,VACA MUERTA,GAS,2018,5236.9,85.4,1.357,189588.9,1115920.0,128681.5,67.9,0.5672,100,1,REGULAR
165356,YPF,VACA MUERTA,PETROLEO,2024,3966.5,91.9,1.847,177159.8,1114300.0,55335.8,31.2,0.4509,24,4,REGULAR
165180,YPF,VACA MUERTA,PETROLEO,2024,6900.7,99.0,1.478,177100.8,1113929.0,70831.6,40.0,0.6924,27,3,REGULAR
159240,TotalEnergies,VACA MUERTA,GAS,2018,6208.1,89.9,1.221,189186.1,1113549.0,131040.0,69.3,0.9913,89,13,BUENO
162943,YPF,VACA MUERTA,PETROLEO,2022,11088.5,59.0,0.049,177039.4,1113542.0,184446.4,104.2,0.9532,52,4,BUENO
164571,YPF,VACA MUERTA,PETROLEO,2023,6035.8,100.0,2.0,177032.2,1113497.0,72304.8,40.8,0.6991,34,3,REGULAR
164705,TotalEnergies,VACA MUERTA,GAS,2023,9997.5,48.5,0.01,189121.2,1113167.0,170391.0,90.1,0.84,35,2,BUENO
162642,YPF,VACA MUERTA,PETROLEO,2021,4406.4,79.1,1.18,176757.2,1111767.0,100492.3,56.9,0.821,49,11,BUENO
163235,YPF,VACA MUERTA,PETROLEO,2022,7284.1,98.4,1.353,176649.2,1111088.0,96446.2,54.6,0.859,49,3,BUENO
165661,Vista Energy,VACA MUERTA,PETROLEO,2024,9198.4,99.6,1.33,176554.0,1110489.0,69151.3,39.2,0.9457,22,2,BUENO
162944,YPF,VACA MUERTA,PETROLEO,2022,9339.9,79.1,0.596,176549.0,1110458.0,149571.0,84.7,0.926,52,4,BUENO
160859,ExxonMobil,VACA MUERTA,GAS,2019,6384.6,74.7,0.782,188485.2,1109424.0,150443.5,79.8,0.8785,78,8,BUENO
162882,YPF,VACA MUERTA,PETROLEO,2021,3206.7,45.4,0.962,176305.5,1108926.0,88153.8,50.0,0.7634,55,2,BUENO
156967,YPF,VACA MUERTA,PETROLEO,2016,2171.6,54.4,2.0,176194.9,1108231.0,118924.4,67.5,0.2787,110,11,DESCARTADO
162725,Pan American Energy,VACA MUERTA,PETROLEO,2021,4909.6,64.8,0.874,176035.7,1107229.0,106661.6,60.6,0.9061,57,2,BUENO
164905,Kilwer,VACA MUERTA,PETROLEO,2023,7311.0,97.8,1.279,175115.5,1101441.0,83216.2,47.5,0.9385,30,3,BUENO
164882,YPF,VACA MUERTA,PETROLEO,2023,6832.6,98.6,1.385,175017.9,1100828.0,79024.7,45.2,0.8766,28,5,BUENO
163685,YPF,VACA MUERTA,PETROLEO,2022,6505.1,99.9,1.689,174850.2,1099773.0,88161.0,50.4,0.7584,42,5,BUENO
165172,YPF,VACA MUERTA,PETROLEO,2024,11255.5,99.6,1.15,174400.6,1096945.0,93885.2,53.8,0.8187,29,1,BUENO
164972,YPF,VACA MUERTA,PETROLEO,2024,6726.0,100.0,1.876,174338.6,1096555.0,66094.5,37.9,0.6138,29,3,REGULAR
160211,Vista Energy,VACA MUERTA,PETROLEO,2019,7043.7,96.0,1.27,174337.6,1096549.0,118628.1,68.0,0.8704,89,2,BUENO
165801,Vista Energy,VACA MUERTA,PETROLEO,2024,7486.6,100.0,1.873,174321.0,1096444.0,51662.2,29.6,0.9935,20,2,BUENO
160927,YPF,VACA MUERTA,PETROLEO,2019,4586.8,96.2,1.765,173969.4,1094233.0,103612.2,59.6,0.766,82,3,BUENO
165354,YPF,VACA MUERTA,PETROLEO,2024,5679.2,98.6,1.588,173916.9,1093903.0,66822.7,38.4,0.7961,24,4,BUENO
161865,Vista Energy,VACA MUERTA,PETROLEO,2020,5800.3,74.3,0.885,173858.4,1093535.0,117989.5,67.9,0.9582,69,3,BUENO
166264,Tecpetrol,VACA MUERTA,GAS,2025,13821.2,85.4,0.544,185537.5,1092074.0,123806.5,66.7,0.8962,17,2,BUENO
165359,YPF,VACA MUERTA,PETROLEO,2024,5786.3,100.0,1.951,173597.8,1091895.0,57011.7,32.8,0.9423,25,3,BUENO
156966,YPF,VACA MUERTA,GAS,2016,7546.1,98.3,1.258,185313.0,1090752.0,150142.3,81.0,0.6051,114,7,REGULAR
162974,Pan American Energy,VACA MUERTA,PETROLEO,2022,4192.5,27.1,0.01,173358.8,1090392.0,134039.9,77.3,0.7705,51,5,BUENO
163140,Vista Energy,VACA MUERTA,PETROLEO,2022,5941.9,96.9,1.494,172830.7,1087071.0,85037.5,49.2,0.7488,51,2,BUENO
165341,Tecpetrol,VACA MUERTA,GAS,2024,20697.2,99.9,0.603,184654.5,1086876.0,188042.9,101.8,0.495,15,13,REGULAR
162194,YPF,VACA MUERTA,GAS,2021,5613.1,88.0,1.137,184644.7,1086819.0,116030.7,62.8,0.7939,53,13,BUENO
165503,YPF,VACA MUERTA,PETROLEO,2024,6560.2,100.0,2.0,172617.6,1085730.0,56657.9,32.8,0.4279,23,3,REGULAR
163155,Tecpetrol,VACA MUERTA,GAS,2022,20954.4,86.3,0.207,184407.2,1085421.0,200438.5,108.7,0.8897,51,3,BUENO
163333,YPF,VACA MUERTA,PETROLEO,2022,7292.1,96.4,1.223,172561.9,1085380.0,96759.9,56.1,0.8611,49,2,BUENO
159499,YPF,VACA MUERTA,PETROLEO,2018,5775.8,99.2,1.671,172482.4,1084880.0,113819.7,66.0,0.7136,95,3,BUENO
165719,YPF,VACA MUERTA,PETROLEO,2024,6454.8,93.8,1.254,171938.4,1081458.0,62127.8,36.1,0.7099,21,2,BUENO
166958,Pampa Energía,VACA MUERTA,GAS,2025,18492.9,72.3,0.01,183730.1,1081435.0,108076.7,58.8,0.6722,7,2,REGULAR
166546,YPF,VACA MUERTA,PETROLEO,2025,3337.2,84.6,2.0,171896.2,1081193.0,31882.9,18.5,0.8553,15,1,BUENO
164570,YPF,VACA MUERTA,PETROLEO,2023,6636.9,90.4,1.096,171802.8,1080605.0,87137.7,50.7,0.7941,35,2,BUENO
165027,Vista Energy,VACA MUERTA,PETROLEO,2024,8219.2,86.7,0.874,171779.0,1080456.0,92086.0,53.6,0.9617,29,2,BUENO
163216,Pluspetrol,VACA MUERTA,GAS,2022,4729.5,98.4,2.0,183417.8,1079597.0,85490.0,46.6,0.2046,50,2,DESCARTADO
164270,YPF,VACA MUERTA,PETROLEO,2023,8655.3,99.4,1.285,171632.7,1079535.0,91221.8,53.1,0.8976,38,2,BUENO
160942,ExxonMobil,VACA MUERTA,PETROLEO,2019,7537.9,71.7,0.656,171627.5,1079503.0,145519.1,84.8,0.5625,79,5,REGULAR
164625,Vista Energy,VACA MUERTA,PETROLEO,2023,6155.2,97.0,1.44,171622.1,1079469.0,72457.0,42.2,0.9215,34,2,BUENO
165607,Pan American Energy,VACA MUERTA,PETROLEO,2024,7219.5,52.8,0.01,171550.8,1079020.0,129436.5,75.5,0.8621,15,10,BUENO
163586,YPF,VACA MUERTA,PETROLEO,2022,6813.3,87.5,0.941,171508.1,1078752.0,108366.9,63.2,0.8997,43,5,BUENO
161582,Vista Energy,VACA MUERTA,PETROLEO,2020,10396.9,99.9,1.322,171300.4,1077445.0,116898.7,68.2,0.9233,75,5,BUENO
162890,YPF,VACA MUERTA,PETROLEO,2021,7676.6,76.8,0.656,171271.4,1077263.0,133433.4,77.9,0.8316,53,4,BUENO
158363,YPF,VACA MUERTA,PETROLEO,2017,6363.1,96.4,1.304,171251.4,1077137.0,127716.2,74.6,0.8826,105,4,BUENO
160811,Pluspetrol,VACA MUERTA,GAS,2019,7741.8,44.2,0.119,182912.8,1076625.0,182111.9,99.6,0.9246,83,3,BUENO
163905,Tecpetrol,VACA MUERTA,PETROLEO,2022,2218.8,50.9,2.0,170955.1,1075273.0,59703.4,34.9,0.3644,43,2,DESCARTADO
164660,YPF,VACA MUERTA,PETROLEO,2023,5761.7,56.7,0.507,170951.8,1075253.0,109268.3,63.9,0.9394,32,4,BUENO
162955,Vista Energy,VACA MUERTA,PETROLEO,2022,8077.7,47.9,0.118,170907.1,1074971.0,160732.4,94.0,0.9329,53,3,BUENO
166616,YPF,VACA MUERTA,PETROLEO,2025,10276.7,97.1,0.982,170703.5,1073691.0,69922.0,41.0,0.8888,12,3,BUENO
166934,YPF,VACA MUERTA,PETROLEO,2025,7605.3,99.4,1.333,170443.3,1072054.0,45352.4,26.6,0.9848,6,4,BUENO
163238,YPF,VACA MUERTA,PETROLEO,2022,6508.5,99.9,1.661,170351.7,1071478.0,87753.3,51.5,0.9247,48,4,BUENO
163678,Tecpetrol,VACA MUERTA,GAS,2022,11460.1,64.6,0.12,182020.3,1071371.0,184492.3,101.4,0.9238,41,6,BUENO
164652,YPF,VACA MUERTA,PETROLEO,2023,7044.8,99.9,1.61,170298.5,1071144.0,73850.3,43.4,0.6465,32,4,REGULAR
160885,Wintershall,VACA MUERTA,PETROLEO,2019,4115.5,96.7,2.0,170278.8,1071020.0,98536.2,57.9,0.7475,83,2,BUENO
162714,YPF,VACA MUERTA,PETROLEO,2021,5753.1,100.0,2.0,170129.7,1070082.0,82091.7,48.3,0.808,57,2,BUENO
159983,YPF,VACA MUERTA,PETROLEO,2018,6619.4,93.3,1.191,170098.3,1069884.0,117921.4,69.3,0.7619,92,2,BUENO
165695,Pluspetrol,VACA MUERTA,GAS,2024,5946.5,86.4,1.159,181483.5,1068212.0,54936.8,30.3,0.9612,14,11,BUENO
165342,Tecpetrol,VACA MUERTA,GAS,2024,18555.9,100.0,0.736,181448.8,1068008.0,169743.0,93.5,0.4661,15,13,REGULAR
165242,Shell,VACA MUERTA,PETROLEO,2024,5997.7,100.0,2.0,169263.1,1064631.0,50717.5,30.0,0.378,23,6,DESCARTADO
163742,Tecpetrol,VACA MUERTA,GAS,2022,10700.4,52.2,0.01,180681.3,1063490.0,175525.1,97.1,0.9143,44,2,BUENO
163876,Vista Energy,VACA MUERTA,PETROLEO,2022,6909.7,90.4,1.041,168685.7,1060999.0,96283.2,57.1,0.9211,42,10,BUENO
162027,YPF,VACA MUERTA,PETROLEO,2020,7269.9,97.4,1.206,168611.9,1060535.0,112057.3,66.5,0.8011,66,3,BUENO
163508,YPF,VACA MUERTA,PETROLEO,2022,5544.4,99.1,1.655,168363.3,1058971.0,81648.6,48.5,0.7047,45,4,BUENO
161685,YPF,VACA MUERTA,PETROLEO,2020,6392.0,86.6,0.945,168154.5,1057658.0,124743.8,74.2,0.9109,73,6,BUENO
163943,YPF,VACA MUERTA,PETROLEO,2023,3407.7,24.0,0.01,168152.2,1057644.0,105350.7,62.7,0.448,37,7,REGULAR
165560,Vista Energy,VACA MUERTA,PETROLEO,2024,6548.0,99.9,1.667,167906.1,1056096.0,58129.9,34.6,0.7382,22,3,BUENO
162744,Vista Energy,VACA MUERTA,PETROLEO,2021,11483.4,97.5,0.956,167902.9,1056076.0,124401.8,74.1,0.9124,56,2,BUENO
163597,YPF,VACA MUERTA,PETROLEO,2022,7011.9,99.4,1.416,167651.3,1054493.0,89907.0,53.6,0.8904,45,3,BUENO
163837,YPF,VACA MUERTA,PETROLEO,2022,6939.3,93.5,1.123,167575.1,1054014.0,92868.9,55.4,0.9361,42,3,BUENO
166394,Tecpetrol,VACA MUERTA,GAS,2025,16316.0,93.2,0.613,178996.8,1053575.0,121138.2,67.7,0.7355,15,2,BUENO
164802,YPF,VACA MUERTA,PETROLEO,2023,6850.6,72.6,0.635,167427.2,1053084.0,108591.7,64.9,0.8259,29,5,BUENO
166172,Tecpetrol,VACA MUERTA,PETROLEO,2025,1993.5,42.1,2.0,167310.7,1052351.0,30278.9,18.1,0.2994,19,1,DESCARTADO
166687,YPF,VACA MUERTA,PETROLEO,2025,5176.9,99.8,2.0,167251.6,1051979.0,34108.8,20.4,0.5751,12,2,REGULAR
165168,YPF,VACA MUERTA,PETROLEO,2024,5483.1,99.8,1.864,166967.9,1050195.0,59355.7,35.5,0.4467,28,2,REGULAR
166769,YPF,VACA MUERTA,PETROLEO,2025,3105.4,83.7,2.0,166858.9,1049509.0,27161.5,16.3,0.8672,10,3,BUENO
165717,YPF,VACA MUERTA,PETROLEO,2024,5150.9,99.9,2.0,166737.5,1048746.0,48246.5,28.9,0.7192,19,4,BUENO
164659,YPF,VACA MUERTA,PETROLEO,2023,5920.9,94.4,1.269,166511.0,1047321.0,79508.2,47.7,0.9469,33,3,BUENO
161583,Vista Energy,VACA MUERTA,PETROLEO,2020,6428.3,100.0,1.81,166238.1,1045604.0,95683.9,57.6,0.9268,75,5,BUENO
158432,YPF,VACA MUERTA,GAS,2017,7963.5,47.1,0.01,177306.8,1043628.0,177365.8,100.0,0.9307,101,7,BUENO
165684,YPF,VACA MUERTA,PETROLEO,2024,1228.2,5.0,2.0,165919.6,1043601.0,29579.5,17.8,-0.0001,21,3,DESCARTADO
162895,YPF,VACA MUERTA,PETROLEO,2021,5776.8,98.3,1.517,165720.3,1042348.0,88437.4,53.4,0.8433,54,3,BUENO
159958,Tecpetrol,VACA MUERTA,GAS,2018,7279.2,80.0,0.851,176685.9,1039973.0,136856.9,77.5,0.7149,93,2,BUENO
164109,YPF,VACA MUERTA,PETROLEO,2023,7089.5,97.2,1.248,165291.6,1039651.0,85193.8,51.5,0.8499,39,3,BUENO
165579,YPF,VACA MUERTA,PETROLEO,2024,7151.3,97.5,1.262,165063.8,1038218.0,66819.3,40.5,0.8611,23,2,BUENO
163694,YPF,VACA MUERTA,PETROLEO,2022,10355.2,67.1,0.265,164882.8,1037080.0,158093.4,95.9,0.9734,44,3,BUENO
165665,YPF,VACA MUERTA,PETROLEO,2024,3757.3,86.3,1.656,164702.1,1035943.0,46969.4,28.5,0.4264,21,3,REGULAR
158757,YPF,VACA MUERTA,PETROLEO,2017,2759.2,44.6,0.976,164508.9,1034728.0,112238.1,68.2,0.5042,100,5,REGULAR
162172,Shell,VACA MUERTA,PETROLEO,2021,5465.5,98.9,1.66,164263.8,1033186.0,85526.0,52.1,0.4128,58,7,REGULAR
164969,YPF,VACA MUERTA,PETROLEO,2024,7975.9,99.3,1.293,164262.9,1033181.0,78283.6,47.7,0.7382,29,3,BUENO
162324,Pluspetrol,VACA MUERTA,GAS,2021,5622.2,75.5,0.952,175443.2,1032659.0,108482.0,61.8,0.8566,58,6,BUENO
161641,Pan American Energy,VACA MUERTA,PETROLEO,2020,3750.5,84.7,1.623,164139.6,1032405.0,92270.0,56.2,0.8974,76,3,BUENO
160334,YPF,VACA MUERTA,PETROLEO,2019,5050.1,79.2,1.063,164043.3,1031800.0,113525.4,69.2,0.8163,87,3,BUENO
162243,ExxonMobil,VACA MUERTA,PETROLEO,2021,11493.0,99.5,1.062,163857.2,1030629.0,119418.4,72.9,0.8735,57,9,BUENO
163376,Pluspetrol,VACA MUERTA,GAS,2022,7947.8,70.6,0.593,174902.1,1029474.0,131453.4,75.2,0.8853,48,2,BUENO
166987,YPF,VACA MUERTA,PETROLEO,2025,9055.0,51.1,0.01,163656.3,1029365.0,65215.7,39.8,0.7845,7,2,BUENO
166477,Pan American Energy,VACA MUERTA,GAS,2025,10330.6,51.9,0.01,174603.6,1027717.0,115417.6,66.1,0.954,16,2,BUENO
165436,Vista Energy,VACA MUERTA,PETROLEO,2024,6910.7,98.7,1.313,163268.9,1026929.0,71642.5,43.9,0.9926,23,4,BUENO
165582,YPF,VACA MUERTA,PETROLEO,2024,6489.1,99.7,1.596,163225.4,1026655.0,57464.5,35.2,0.6844,23,2,REGULAR
166626,YPF,VACA MUERTA,PETROLEO,2025,5036.4,79.8,1.088,162941.5,1024869.0,44645.2,27.4,0.9774,13,2,BUENO
163629,ExxonMobil,VACA MUERTA,PETROLEO,2022,8374.1,51.9,0.01,162709.6,1023411.0,103379.1,63.5,0.4842,13,35,REGULAR
161950,YPF,VACA MUERTA,PETROLEO,2020,7112.7,95.5,1.074,162658.7,1023091.0,116988.8,71.9,0.9046,66,4,BUENO
166150,Petrolera El Trébol,VACA MUERTA,PETROLEO,2024,7775.4,97.7,1.177,162656.4,1023076.0,69880.3,43.0,0.9393,21,2,BUENO
161483,Pan American Energy,VACA MUERTA,PETROLEO,2019,4129.3,95.5,1.791,162499.0,1022086.0,93983.2,57.8,0.9168,78,3,BUENO
161423,YPF,VACA MUERTA,PETROLEO,2019,5556.1,100.0,2.0,161906.7,1018361.0,98973.8,61.1,0.7583,79,3,BUENO
166504,Pampa Energía,VACA MUERTA,PETROLEO,2025,5356.0,99.8,1.827,161783.8,1017588.0,39572.9,24.5,0.9498,12,4,BUENO
165217,Vista Energy,VACA MUERTA,PETROLEO,2024,6404.9,97.4,1.374,161688.4,1016988.0,63764.9,39.4,0.9544,28,2,BUENO
164970,YPF,VACA MUERTA,PETROLEO,2024,6697.3,97.0,1.25,161646.8,1016726.0,74561.6,46.1,0.6289,29,3,REGULAR
166451,YPF,VACA MUERTA,PETROLEO,2025,12323.2,100.0,1.307,161490.7,1015744.0,72871.7,45.1,0.7079,14,3,BUENO
164446,Vista Energy,VACA MUERTA,PETROLEO,2023,5048.7,99.9,2.0,161447.6,1015473.0,60399.2,37.4,0.9422,36,2,BUENO
165680,YPF,VACA MUERTA,PETROLEO,2024,3173.4,87.8,2.0,161079.4,1013157.0,42266.7,26.2,0.6993,21,3,REGULAR
166933,YPF,VACA MUERTA,PETROLEO,2025,7897.7,91.9,0.923,160968.4,1012459.0,47734.1,29.7,0.9776,6,4,BUENO
160692,YPF,VACA MUERTA,PETROLEO,2019,6349.1,98.3,1.376,160782.1,1011287.0,107566.4,66.9,0.723,84,3,BUENO
162489,YPF,VACA MUERTA,GAS,2021,6812.0,98.8,1.356,171810.9,1011279.0,105818.6,61.6,0.8882,57,5,BUENO
162491,YPF,VACA MUERTA,GAS,2021,9624.5,99.3,1.177,171403.5,1008881.0,117271.2,68.4,0.891,58,4,BUENO
163941,YPF,VACA MUERTA,PETROLEO,2023,6802.9,95.2,1.131,160346.6,1008548.0,91451.6,57.0,0.9437,40,4,BUENO
162743,Vista Energy,VACA MUERTA,PETROLEO,2021,8552.8,91.9,0.922,159853.4,1005446.0,110801.9,69.3,0.9318,56,2,BUENO
163693,YPF,VACA MUERTA,PETROLEO,2022,9320.7,53.3,0.01,159848.4,1005414.0,158463.8,99.1,0.9317,44,3,BUENO
166718,Vista Energy,VACA MUERTA,PETROLEO,2025,4501.0,98.6,1.898,159711.4,1004553.0,30304.0,19.0,0.9229,11,2,BUENO
163392,Vista Energy,VACA MUERTA,PETROLEO,2022,8572.9,78.3,0.619,159699.3,1004477.0,124884.2,78.2,0.9576,47,5,BUENO
163686,YPF,VACA MUERTA,PETROLEO,2022,5127.9,99.1,1.635,159517.9,1003336.0,78492.9,49.2,0.6868,42,5,REGULAR
164468,YPF,VACA MUERTA,PETROLEO,2023,7296.6,99.9,1.422,159313.7,1002051.0,81171.8,51.0,0.6049,33,5,REGULAR
162560,YPF,VACA MUERTA,PETROLEO,2021,5279.9,100.0,1.951,159045.8,1000366.0,80424.4,50.6,0.5588,58,3,REGULAR
162484,YPF,VACA MUERTA,PETROLEO,2021,4710.8,79.4,1.113,158844.6,999101.0,92981.7,58.5,0.5812,60,2,REGULAR
163138,Vista Energy,VACA MUERTA,PETROLEO,2022,8134.6,99.9,1.404,158693.4,998150.0,90045.6,56.7,0.8906,50,3,BUENO
162554,YPF,VACA MUERTA,PETROLEO,2021,5482.9,93.4,1.299,158606.5,997603.0,91589.2,57.7,0.8029,59,2,BUENO
165531,Pan American Energy,VACA MUERTA,GAS,2024,10701.8,79.1,0.536,169372.3,996925.0,118204.4,69.8,0.7647,24,2,BUENO
162647,YPF,VACA MUERTA,PETROLEO,2021,9073.7,91.7,0.823,158476.4,996785.0,122592.4,77.4,0.9287,57,3,BUENO
160056,YPF,VACA MUERTA,PETROLEO,2018,6423.7,99.5,1.511,158428.4,996483.0,106098.3,67.0,0.7067,90,3,BUENO
166284,Pan American Energy,VACA MUERTA,PETROLEO,2025,4278.1,83.4,1.348,158270.6,995490.0,42895.5,27.1,0.8591,17,2,BUENO
162481,YPF,VACA MUERTA,PETROLEO,2021,5727.3,100.0,1.96,158117.5,994527.0,82013.9,51.9,0.5372,59,3,REGULAR
159227,YPF,VACA MUERTA,PETROLEO,2018,7075.8,96.9,1.212,158110.9,994486.0,117251.8,74.2,0.9156,99,2,BUENO
164469,YPF,VACA MUERTA,PETROLEO,2023,5911.5,99.1,1.549,157967.3,993583.0,68090.7,43.1,0.7065,35,3,BUENO
166968,YPF,VACA MUERTA,PETROLEO,2025,3137.0,88.1,2.0,157774.4,992369.0,19254.1,12.2,0.9293,6,3,BUENO
163511,YPF,VACA MUERTA,PETROLEO,2022,7336.0,99.6,1.331,157435.1,990235.0,90264.9,57.3,0.8005,45,4,BUENO
161934,Vista Energy,VACA MUERTA,PETROLEO,2020,7014.3,100.0,1.746,157409.9,990077.0,89863.6,57.1,0.9544,68,2,BUENO
156697,YPF,VACA MUERTA,PETROLEO,2016,3178.0,100.0,2.0,157110.5,988194.0,118493.2,75.4,0.4933,83,41,REGULAR
166498,Vista Energy,VACA MUERTA,PETROLEO,2025,6810.9,93.9,1.125,156859.9,986617.0,50636.0,32.3,0.911,14,2,BUENO
161370,YPF,VACA MUERTA,PETROLEO,2019,8359.6,95.3,0.961,156851.4,986564.0,127994.2,81.6,0.9158,80,3,BUENO
166442,YPF,VACA MUERTA,PETROLEO,2025,3730.7,97.0,2.0,156667.6,985408.0,35359.5,22.6,0.5109,13,4,REGULAR
165079,Pan American Energy,VACA MUERTA,GAS,2024,14292.2,75.5,0.168,167410.8,985380.0,165903.8,99.1,0.882,28,4,BUENO
166564,YPF,VACA MUERTA,PETROLEO,2025,10415.0,95.2,0.854,156563.9,984756.0,75843.3,48.4,0.9624,14,2,BUENO
164271,YPF,VACA MUERTA,PETROLEO,2023,5503.5,97.1,1.451,156450.8,984044.0,70953.5,45.4,0.9085,38,2,BUENO
166184,YPF,VACA MUERTA,PETROLEO,2025,5398.5,100.0,2.0,156390.0,983662.0,40014.3,25.6,0.8687,16,4,BUENO
160789,Pan American Energy,VACA MUERTA,PETROLEO,2019,4772.3,99.2,1.796,156285.6,983005.0,94670.7,60.6,0.9568,83,3,BUENO
158892,YPF,VACA MUERTA,PETROLEO,2018,5969.3,80.2,0.843,156059.3,981582.0,127404.0,81.6,0.9207,100,4,BUENO
166246,YPF,VACA MUERTA,PETROLEO,2025,2799.9,81.1,2.0,156056.2,981562.0,33393.0,21.4,0.7032,16,3,BUENO
163946,YPF,VACA MUERTA,PETROLEO,2023,6138.4,92.7,1.103,155950.9,980900.0,88114.8,56.5,0.925,40,4,BUENO
166486,Pan American Energy,VACA MUERTA,GAS,2025,25146.2,95.2,0.01,166648.1,980891.0,177150.0,106.3,0.8037,13,5,BUENO
161581,Pan American Energy,VACA MUERTA,PETROLEO,2020,4195.8,98.7,2.0,155840.4,980205.0,86485.6,55.5,0.9251,79,1,BUENO
160574,Vista Energy,VACA MUERTA,PETROLEO,2019,6088.3,86.5,1.026,155738.1,979562.0,109228.6,70.1,0.81,85,2,BUENO
166193,YPF,VACA MUERTA,PETROLEO,2025,4441.7,99.5,2.0,155716.2,979424.0,40369.2,25.9,0.5785,18,2,REGULAR
163525,ExxonMobil,VACA MUERTA,PETROLEO,2022,10112.6,65.2,0.01,155686.4,979236.0,159699.0,102.6,0.9423,41,8,BUENO
162125,Tecpetrol,VACA MUERTA,GAS,2021,9372.0,80.9,0.661,166276.8,978705.0,140780.5,84.7,0.9117,66,2,BUENO
160865,Shell,VACA MUERTA,PETROLEO,2019,6122.4,82.5,0.925,155538.4,978305.0,114534.5,73.6,0.8978,84,1,BUENO
163531,Tecpetrol,VACA MUERTA,PETROLEO,2022,5240.7,100.0,2.0,155480.0,977938.0,90010.4,57.9,0.1448,30,19,DESCARTADO
162268,Pan American Energy,VACA MUERTA,PETROLEO,2021,5118.2,99.9,1.905,155311.9,976881.0,80615.5,51.9,0.9483,62,3,BUENO
162845,Shell,VACA MUERTA,PETROLEO,2021,6457.2,94.9,1.165,155195.1,976146.0,93071.6,60.0,0.8843,53,4,BUENO
156969,YPF,VACA MUERTA,PETROLEO,2016,3815.6,98.6,2.0,155136.6,975778.0,112495.1,72.5,0.4162,115,6,REGULAR
159583,YPF,VACA MUERTA,PETROLEO,2018,6618.1,99.7,1.445,155073.9,975384.0,112358.4,72.5,0.7205,93,4,BUENO
160150,YPF,VACA MUERTA,PETROLEO,2019,6698.3,85.6,0.876,155004.7,974949.0,119051.8,76.8,0.6617,88,4,REGULAR
158802,Pluspetrol,VACA MUERTA,GAS,2017,8249.0,94.7,0.947,165631.7,974908.0,138873.6,83.8,0.8849,88,16,BUENO
162727,Pan American Energy,VACA MUERTA,PETROLEO,2021,5863.2,92.7,1.182,154936.7,974521.0,92417.9,59.6,0.9669,57,2,BUENO
162025,YPF,VACA MUERTA,PETROLEO,2020,7098.6,99.8,1.427,154879.4,974160.0,97870.9,63.2,0.7933,66,3,BUENO
165501,YPF,VACA MUERTA,PETROLEO,2024,5546.4,100.0,2.0,154759.9,973409.0,55663.3,36.0,0.2226,22,4,DESCARTADO
162219,YPF,VACA MUERTA,GAS,2021,7711.4,99.5,1.374,165348.6,973242.0,100332.5,60.7,0.7392,63,3,BUENO
164355,Pluspetrol,VACA MUERTA,GAS,2023,15118.1,99.9,0.92,165307.3,972999.0,137608.7,83.2,0.7959,27,12,BUENO
161846,Shell,VACA MUERTA,PETROLEO,2020,4687.6,100.0,2.0,154417.3,971254.0,97834.4,63.4,0.4262,62,11,REGULAR
164971,YPF,VACA MUERTA,PETROLEO,2024,7251.7,99.9,1.489,154416.3,971248.0,69225.1,44.8,0.6427,29,3,REGULAR
164412,YPF,VACA MUERTA,PETROLEO,2023,6844.4,97.5,1.23,154242.2,970153.0,77578.0,50.3,0.7774,35,4,BUENO
161371,YPF,VACA MUERTA,PETROLEO,2019,4663.3,70.3,0.873,154121.6,969394.0,110858.1,71.9,0.8775,80,3,BUENO
159942,Pan American Energy,VACA MUERTA,PETROLEO,2018,5354.9,99.7,1.774,154105.0,969290.0,97564.4,63.3,0.889,93,1,BUENO
163687,YPF,VACA MUERTA,PETROLEO,2022,5971.1,93.9,1.093,153783.2,967266.0,94462.3,61.4,0.8604,42,5,BUENO
153705,TotalEnergies,VACA MUERTA,GAS,2014,5767.3,92.3,1.255,164300.7,967074.0,130615.9,79.5,0.8631,133,7,BUENO
163522,ExxonMobil,VACA MUERTA,PETROLEO,2022,14289.4,87.0,0.466,153624.2,966265.0,151189.1,98.4,0.9703,46,3,BUENO
159629,Tecpetrol,VACA MUERTA,GAS,2018,9829.4,54.7,0.01,164101.1,965899.0,172389.6,105.1,0.9563,95,2,BUENO
165509,YPF,VACA MUERTA,PETROLEO,2024,7231.5,95.4,1.086,153032.4,962543.0,71677.9,46.8,0.9467,24,2,BUENO
160858,ExxonMobil,VACA MUERTA,GAS,2019,6592.6,86.5,0.912,163327.5,961346.0,127583.8,78.1,0.9024,79,7,BUENO
161533,Shell,VACA MUERTA,PETROLEO,2019,5266.6,99.8,1.749,152760.5,960833.0,92527.0,60.6,0.6751,77,3,REGULAR
160911,Pan American Energy,VACA MUERTA,PETROLEO,2019,3722.7,96.8,2.0,152755.9,960804.0,89905.5,58.9,0.9125,84,1,BUENO
164681,Kilwer,VACA MUERTA,PETROLEO,2023,7821.1,100.0,1.576,152591.8,959772.0,67068.1,44.0,0.9231,35,1,BUENO
164622,Vista Energy,VACA MUERTA,PETROLEO,2023,8038.0,100.0,1.499,152492.7,959149.0,69668.0,45.7,0.9357,34,2,BUENO
164773,Pampa Energía,VACA MUERTA,GAS,2023,9103.7,99.9,1.294,162867.5,958638.0,86029.3,52.8,0.8707,31,3,BUENO
162074,Pluspetrol,VACA MUERTA,GAS,2021,9423.3,96.6,0.992,162765.8,958039.0,126038.8,77.4,0.7006,66,2,BUENO
163139,Vista Energy,VACA MUERTA,PETROLEO,2022,5096.8,99.3,1.751,152192.6,957261.0,70660.6,46.4,0.8316,51,2,BUENO
159709,YPF,VACA MUERTA,PETROLEO,2018,6120.6,80.2,0.857,152075.9,956527.0,117510.7,77.3,0.9276,94,2,BUENO
164352,Pluspetrol,VACA MUERTA,PETROLEO,2023,9068.5,100.0,1.566,152044.7,956331.0,62422.2,41.1,0.8376,25,14,BUENO
165187,YPF,VACA MUERTA,PETROLEO,2024,6821.0,93.3,1.069,152013.0,956131.0,73203.8,48.2,0.8999,28,2,BUENO
163375,Pluspetrol,VACA MUERTA,GAS,2022,6300.6,39.7,0.01,162144.2,954381.0,146601.7,90.4,0.5481,48,2,REGULAR
162490,YPF,VACA MUERTA,GAS,2021,7318.5,99.9,1.498,161977.1,953397.0,97167.7,60.0,0.9108,56,6,BUENO
162705,YPF,VACA MUERTA,GAS,2021,13083.6,64.3,0.01,161859.0,952702.0,172643.5,106.7,0.8257,57,2,BUENO
165267,YPF,VACA MUERTA,PETROLEO,2024,6730.6,99.7,1.466,151418.0,952389.0,61480.2,40.6,0.7263,27,2,BUENO
163758,YPF,VACA MUERTA,PETROLEO,2022,5611.0,94.9,1.227,151255.0,951364.0,82624.0,54.6,0.9208,42,4,BUENO
158755,YPF,VACA MUERTA,PETROLEO,2017,6011.4,94.4,1.191,151188.4,950945.0,110649.9,73.2,0.8074,102,3,BUENO
165181,YPF,VACA MUERTA,PETROLEO,2024,3714.3,90.6,1.678,151164.3,950793.0,49872.8,33.0,0.7267,27,3,BUENO
160432,YPF,VACA MUERTA,PETROLEO,2019,4170.5,86.3,1.367,151025.2,949918.0,96501.1,63.9,0.7941,87,2,BUENO
162275,Pan American Energy,VACA MUERTA,PETROLEO,2021,4727.8,99.0,1.778,150925.0,949288.0,77840.8,51.6,0.9442,61,4,BUENO
161279,Pluspetrol,VACA MUERTA,GAS,2019,7673.4,92.9,0.949,161171.3,948654.0,126803.5,78.7,0.7595,71,13,BUENO
166566,YPF,VACA MUERTA,PETROLEO,2025,6315.0,100.0,1.838,150795.2,948472.0,43836.7,29.1,0.4616,12,4,REGULAR
162244,ExxonMobil,VACA MUERTA,PETROLEO,2021,6835.4,43.9,0.033,150615.5,947341.0,144540.5,96.0,0.8339,54,12,BUENO
162214,YPF,VACA MUERTA,PETROLEO,2021,6804.2,96.5,1.143,150552.4,946944.0,99910.9,66.4,0.9143,63,3,BUENO
162362,Pan American Energy,VACA MUERTA,PETROLEO,2021,4873.2,98.1,1.643,150421.1,946119.0,79579.1,52.9,0.9585,62,2,BUENO
166247,YPF,VACA MUERTA,PETROLEO,2025,1976.5,52.9,2.0,150229.8,944915.0,27977.9,18.6,0.2555,16,3,DESCARTADO
164108,YPF,VACA MUERTA,PETROLEO,2023,4391.2,97.1,1.679,150222.6,944870.0,63510.0,42.3,0.869,39,3,BUENO
160755,Shell,VACA MUERTA,PETROLEO,2019,6389.7,92.4,1.078,150212.2,944805.0,108046.3,71.9,0.8866,84,2,BUENO
166972,YPF,VACA MUERTA,PETROLEO,2025,4262.0,83.5,1.298,150170.8,944544.0,24884.1,16.6,0.957,8,1,BUENO
166387,Vista Energy,VACA MUERTA,PETROLEO,2025,6165.9,81.9,0.891,150135.5,944322.0,53072.4,35.3,0.9796,15,2,BUENO
161577,Pan American Energy,VACA MUERTA,PETROLEO,2020,3150.2,67.4,1.315,150087.6,944021.0,87288.9,58.2,0.8858,78,2,BUENO
164697,Pan American Energy,VACA MUERTA,PETROLEO,2023,4446.6,99.7,2.0,149830.7,942405.0,53563.3,35.7,0.9742,33,3,BUENO
164680,Kilwer,VACA MUERTA,PETROLEO,2023,5601.1,98.9,1.56,149663.0,941350.0,61406.6,41.0,0.8894,35,1,BUENO
164470,YPF,VACA MUERTA,PETROLEO,2023,5907.3,99.9,1.679,149455.0,940042.0,63267.7,42.3,0.59,35,3,REGULAR
164859,Chevron,VACA MUERTA,PETROLEO,2023,4649.5,99.9,1.659,149237.8,938676.0,63516.4,42.6,0.8902,13,21,BUENO
166569,YPF,VACA MUERTA,PETROLEO,2025,9268.8,93.4,0.851,149163.2,938207.0,68076.9,45.6,0.964,14,2,BUENO
162562,YPF,VACA MUERTA,PETROLEO,2021,6631.7,66.5,0.493,149041.9,937444.0,127084.3,85.3,0.9029,56,5,BUENO
165741,Shell,VACA MUERTA,PETROLEO,2024,6384.0,100.0,1.965,148957.7,936914.0,47808.8,32.1,0.9817,21,2,BUENO
162083,YPF,VACA MUERTA,PETROLEO,2021,5698.4,94.7,1.255,148865.7,936335.0,91060.9,61.2,0.9261,66,2,BUENO
163793,Kilwer,VACA MUERTA,PETROLEO,2022,6364.4,99.1,1.359,148548.9,934343.0,79827.1,53.7,0.893,42,4,BUENO
162480,YPF,VACA MUERTA,PETROLEO,2021,5508.5,47.9,0.252,148372.9,933236.0,132480.8,89.3,0.6368,58,4,REGULAR
159841,YPF,VACA MUERTA,PETROLEO,2018,3636.1,97.6,2.0,148285.1,932684.0,92143.2,62.1,0.6774,92,4,REGULAR
163632,ExxonMobil,VACA MUERTA,PETROLEO,2022,11425.8,80.6,0.01,148252.8,932480.0,129682.7,87.5,0.9564,9,39,BUENO
164030,YPF,VACA MUERTA,PETROLEO,2023,4335.2,99.8,2.0,147891.2,930206.0,60867.7,41.2,0.815,40,3,BUENO
162822,Pan American Energy,VACA MUERTA,PETROLEO,2021,5470.4,92.5,1.223,147875.0,930104.0,84533.2,57.2,0.9578,56,2,BUENO
160332,YPF,VACA MUERTA,PETROLEO,2019,3288.1,61.7,1.018,147873.7,930096.0,99159.1,67.1,0.9633,85,5,BUENO
165532,Pan American Energy,VACA MUERTA,PETROLEO,2024,4995.3,95.1,1.354,147701.2,929011.0,56922.1,38.5,0.8147,22,4,BUENO
162823,Pan American Energy,VACA MUERTA,PETROLEO,2021,5591.5,92.6,1.18,147649.7,928687.0,87040.5,59.0,0.8384,55,3,BUENO
165830,Tecpetrol,VACA MUERTA,GAS,2024,9462.4,75.0,0.318,157563.2,927417.0,116929.9,74.2,0.9228,14,7,BUENO
166860,Vista Energy,VACA MUERTA,PETROLEO,2025,6325.7,100.0,1.732,147296.0,926462.0,29557.0,20.1,0.9273,9,2,BUENO
165245,Chevron,VACA MUERTA,PETROLEO,2024,4961.8,97.5,1.468,147136.1,925457.0,56117.0,38.1,0.5402,22,7,REGULAR
162196,YPF,VACA MUERTA,PETROLEO,2021,3567.9,84.9,1.514,146920.6,924101.0,78586.6,53.5,0.5937,64,2,REGULAR
164712,Vista Energy,VACA MUERTA,PETROLEO,2023,5404.4,97.0,1.407,146786.4,923257.0,62997.8,42.9,0.9525,33,2,BUENO
165574,YPF,VACA MUERTA,PETROLEO,2024,6029.9,80.4,0.85,146580.6,921963.0,67775.2,46.2,0.9546,23,2,BUENO
157407,YPF,VACA MUERTA,GAS,2016,8913.5,99.7,1.238,156511.6,921227.0,134390.3,85.9,0.7537,114,3,BUENO
163250,Vista Energy,VACA MUERTA,PETROLEO,2022,10155.3,89.6,0.705,146427.1,920997.0,119918.6,81.9,0.8854,49,3,BUENO
160049,YPF,VACA MUERTA,PETROLEO,2018,6166.2,94.3,1.163,146369.0,920632.0,102261.4,69.9,0.7175,91,2,BUENO
162080,YPF,VACA MUERTA,PETROLEO,2021,7294.2,80.3,0.706,146354.5,920541.0,116394.0,79.5,0.8947,66,2,BUENO
162354,Vista Energy,VACA MUERTA,PETROLEO,2021,7101.5,76.9,0.659,146304.0,920223.0,115453.7,78.9,0.8785,61,3,BUENO
160526,YPF,VACA MUERTA,GAS,2019,10700.8,60.8,0.01,156325.6,920132.0,173550.9,111.0,0.8995,85,3,BUENO
154220,TotalEnergies,VACA MUERTA,GAS,2015,5457.0,99.6,1.757,156266.4,919784.0,122937.8,78.7,0.4046,133,4,REGULAR
160051,YPF,VACA MUERTA,PETROLEO,2018,6888.3,98.3,0.915,146172.0,919393.0,134272.9,91.9,0.8355,69,24,BUENO
165515,Vista Energy,VACA MUERTA,PETROLEO,2024,9346.9,100.0,1.387,146121.2,919073.0,62835.0,43.0,0.9891,24,2,BUENO
162843,Shell,VACA MUERTA,PETROLEO,2021,5804.5,91.5,1.104,145892.3,917633.0,87590.2,60.0,0.8357,53,4,BUENO
166875,YPF,VACA MUERTA,PETROLEO,2025,8244.7,88.3,0.77,145828.4,917231.0,55274.9,37.9,0.975,9,2,BUENO
166859,Vista Energy,VACA MUERTA,PETROLEO,2025,3924.1,98.8,2.0,145683.8,916322.0,22139.2,15.2,0.5914,8,3,REGULAR
165497,YPF,VACA MUERTA,PETROLEO,2024,7293.5,100.0,1.778,145396.9,914517.0,56239.5,38.7,0.7466,23,3,BUENO
161222,Pan American Energy,VACA MUERTA,PETROLEO,2019,4706.1,94.1,1.421,145362.9,914304.0,91416.8,62.9,0.9418,82,2,BUENO
162170,Shell,VACA MUERTA,PETROLEO,2021,5036.7,100.0,1.906,145339.4,914156.0,76387.8,52.6,0.8651,58,7,BUENO
164550,Vista Energy,VACA MUERTA,PETROLEO,2023,8597.9,97.5,1.039,145174.1,913116.0,84097.4,57.9,0.9687,35,2,BUENO
160519,YPF,VACA MUERTA,GAS,2019,8747.4,68.5,0.327,154509.5,909443.0,157242.9,101.8,0.8696,80,8,BUENO
160852,YPF,VACA MUERTA,GAS,2019,9757.5,60.5,0.01,154388.2,908729.0,154473.9,100.1,0.9191,81,5,BUENO
165782,YPF,VACA MUERTA,PETROLEO,2024,2996.1,92.5,2.0,144423.0,908392.0,35411.4,24.5,0.5154,15,7,REGULAR
165033,Capex,VACA MUERTA,PETROLEO,2024,4282.7,87.5,1.319,144368.7,908050.0,55578.6,38.5,0.776,28,3,BUENO
160164,Pan American Energy,VACA MUERTA,PETROLEO,2019,4691.8,100.0,2.0,144277.2,907475.0,89560.1,62.1,0.8635,90,2,BUENO
163540,Pan American Energy,VACA MUERTA,PETROLEO,2022,5567.2,99.3,1.495,144103.2,906380.0,74066.5,51.4,0.9824,45,4,BUENO
166570,YPF,VACA MUERTA,PETROLEO,2025,9140.1,93.2,0.834,144005.2,905764.0,67011.6,46.5,0.9066,14,2,BUENO
163880,Pan American Energy,VACA MUERTA,PETROLEO,2022,4910.8,96.9,1.477,143841.2,904732.0,68267.6,47.5,0.9177,43,2,BUENO
162210,YPF,VACA MUERTA,PETROLEO,2021,5852.0,99.0,1.401,143829.2,904657.0,87368.9,60.7,0.9299,63,3,BUENO
165101,Vista Energy,VACA MUERTA,PETROLEO,2024,7472.1,100.0,1.59,143702.4,903859.0,59550.9,41.4,0.8831,28,2,BUENO
166858,Vista Energy,VACA MUERTA,PETROLEO,2025,6812.9,100.0,1.689,143694.9,903812.0,31071.4,21.6,0.9293,9,2,BUENO
166126,YPF,VACA MUERTA,PETROLEO,2024,5934.7,100.0,2.0,143633.1,903423.0,46653.0,32.5,0.6772,18,4,REGULAR
162386,Shell,VACA MUERTA,PETROLEO,2021,6011.8,99.9,1.644,143453.9,902296.0,77325.9,53.9,0.7694,60,4,BUENO
166970,YPF,VACA MUERTA,PETROLEO,2025,2882.1,88.2,2.0,143432.1,902159.0,16506.9,11.5,0.9763,6,3,BUENO
165099,Vista Energy,VACA MUERTA,PETROLEO,2024,5748.6,99.8,1.623,143284.3,901230.0,53118.0,37.1,0.9389,27,3,BUENO
165352,YPF,VACA MUERTA,PETROLEO,2024,8660.5,97.2,0.979,143190.8,900641.0,80516.2,56.2,0.5604,25,3,REGULAR
162245,ExxonMobil,VACA MUERTA,PETROLEO,2021,8795.0,87.1,0.64,143080.8,899950.0,126268.3,88.2,0.8401,57,9,BUENO
161514,YPF,VACA MUERTA,PETROLEO,2019,5243.9,95.4,1.338,142740.4,897809.0,91213.6,63.9,0.8322,78,3,BUENO
165100,Vista Energy,VACA MUERTA,PETROLEO,2024,8999.9,100.0,1.349,142666.5,897344.0,66349.2,46.5,0.9688,28,2,BUENO
160930,YPF,VACA MUERTA,PETROLEO,2019,4448.4,68.2,0.835,142629.9,897114.0,103096.6,72.3,0.9069,83,2,BUENO
167010,Pampa Energía,VACA MUERTA,GAS,2026,16541.4,77.7,0.01,152299.6,896435.0,95283.7,62.6,0.94,6,2,BUENO
165295,Vista Energy,VACA MUERTA,PETROLEO,2024,5347.0,85.9,1.024,142487.1,896215.0,63558.7,44.6,0.97,26,2,BUENO
163141,Vista Energy,VACA MUERTA,PETROLEO,2022,6101.6,99.5,1.477,142200.3,894411.0,73589.5,51.8,0.8824,51,2,BUENO
163492,Vista Energy,VACA MUERTA,PETROLEO,2022,6743.8,99.4,1.344,142161.7,894169.0,77362.2,54.4,0.9599,46,6,BUENO
159493,YPF,VACA MUERTA,PETROLEO,2018,6480.0,100.0,1.69,141794.8,891861.0,96970.6,68.4,0.6963,96,2,REGULAR
165420,YPF,VACA MUERTA,PETROLEO,2024,9444.0,97.7,0.919,141686.6,891180.0,87537.3,61.8,0.9335,24,3,BUENO
159046,TotalEnergies,VACA MUERTA,GAS,2018,4769.7,97.0,1.576,151382.9,891040.0,100730.5,66.5,0.9652,98,5,BUENO
165508,YPF,VACA MUERTA,PETROLEO,2024,4108.4,99.5,1.962,141605.9,890673.0,43313.0,30.6,0.8739,24,2,BUENO
166133,YPF,VACA MUERTA,GAS,2024,7685.3,100.0,1.599,150998.7,888778.0,62751.7,41.6,0.3054,14,8,DESCARTADO
162638,YPF,VACA MUERTA,PETROLEO,2021,5459.5,100.0,2.0,141262.9,888515.0,82701.5,58.5,0.4396,54,6,REGULAR
161706,Shell,VACA MUERTA,PETROLEO,2020,4431.9,100.0,2.0,141099.1,887485.0,83863.1,59.4,0.6011,73,5,REGULAR
163065,YPF,VACA MUERTA,PETROLEO,2022,6311.2,99.2,1.336,141048.4,887166.0,82034.3,58.2,0.8543,51,3,BUENO
161460,Shell,VACA MUERTA,PETROLEO,2019,4303.3,99.9,1.981,141010.6,886928.0,82428.1,58.5,0.6053,78,3,REGULAR
165003,Pan American Energy,VACA MUERTA,PETROLEO,2024,5901.5,62.0,0.497,140939.9,886484.0,91469.7,64.9,0.9578,30,2,BUENO
161847,Shell,VACA MUERTA,PETROLEO,2020,4330.7,99.9,2.0,140928.5,886412.0,76699.8,54.4,0.5117,69,4,REGULAR
161704,Shell,VACA MUERTA,PETROLEO,2020,4700.4,95.3,1.343,140898.5,886223.0,91320.5,64.8,0.7926,73,5,BUENO
164942,Vista Energy,VACA MUERTA,PETROLEO,2024,15815.0,98.9,0.703,140779.8,885477.0,127290.4,90.4,0.9198,28,4,BUENO
162180,Pluspetrol,VACA MUERTA,GAS,2021,7626.7,96.8,1.084,150262.5,884445.0,106182.3,70.7,0.625,61,5,REGULAR
160786,Pan American Energy,VACA MUERTA,PETROLEO,2019,4602.7,99.0,1.663,140597.9,884333.0,87620.2,62.3,0.9098,83,3,BUENO
163579,Vista Energy,VACA MUERTA,PETROLEO,2022,6305.9,100.0,1.694,140525.9,883880.0,67991.2,48.4,0.9474,45,7,BUENO
165188,YPF,VACA MUERTA,PETROLEO,2024,5451.6,100.0,1.701,140522.9,883861.0,56777.4,40.4,0.8784,26,4,BUENO
163840,YPF,VACA MUERTA,PETROLEO,2022,3924.9,99.4,2.0,140397.2,883070.0,58136.1,41.4,0.7776,43,2,BUENO
166625,YPF,VACA MUERTA,PETROLEO,2025,5334.3,83.3,0.959,140329.2,882643.0,45542.8,32.5,0.9564,13,2,BUENO
164567,YPF,VACA MUERTA,PETROLEO,2023,4485.7,73.5,0.921,140229.9,882018.0,70217.0,50.1,0.7938,35,2,BUENO
163756,YPF,VACA MUERTA,PETROLEO,2022,6562.3,91.0,0.917,140213.7,881916.0,92304.3,65.8,0.8871,42,4,BUENO
163601,YPF,VACA MUERTA,PETROLEO,2022,7600.3,50.9,0.01,140140.6,881456.0,138142.7,98.6,0.9041,46,2,BUENO
156968,YPF,VACA MUERTA,PETROLEO,2016,2014.6,60.1,2.0,140053.4,880908.0,94755.0,67.7,0.5094,119,2,REGULAR
162167,Shell,VACA MUERTA,PETROLEO,2021,4717.7,100.0,2.0,140044.1,880849.0,76291.4,54.5,0.7057,59,6,BUENO
165098,Shell,VACA MUERTA,PETROLEO,2024,6098.4,93.8,1.111,140037.5,880808.0,66059.6,47.2,0.9275,29,1,BUENO
166173,Tecpetrol,VACA MUERTA,PETROLEO,2025,5981.0,100.0,1.964,139931.2,880139.0,40572.0,29.0,0.945,19,1,BUENO
163494,Vista Energy,VACA MUERTA,PETROLEO,2022,6427.7,99.6,1.44,139917.8,880055.0,71472.8,51.1,0.9649,47,5,BUENO
163134,Pluspetrol,VACA MUERTA,GAS,2022,7925.1,92.8,0.947,149409.5,879424.0,100273.0,67.1,0.8136,52,1,BUENO
163972,Shell,VACA MUERTA,PETROLEO,2023,7217.3,98.4,0.998,139630.6,878249.0,101471.8,72.7,0.9362,37,6,BUENO
159580,YPF,VACA MUERTA,PETROLEO,2018,6353.9,97.5,1.219,139607.3,878102.0,102738.1,73.6,0.8591,96,1,BUENO
159168,O&G Developments,VACA MUERTA,PETROLEO,2018,4211.2,96.8,1.608,139582.1,877943.0,93142.7,66.7,0.7759,98,3,BUENO
161915,Shell,VACA MUERTA,PETROLEO,2020,5140.7,98.8,1.513,139563.9,877829.0,82305.5,59.0,0.6969,67,3,REGULAR
164027,YPF,VACA MUERTA,PETROLEO,2023,5732.8,95.1,1.17,139535.6,877651.0,75634.0,54.2,0.8635,40,3,BUENO
165404,Pluspetrol,VACA MUERTA,GAS,2023,11392.5,90.2,0.605,148908.9,876478.0,100286.2,67.3,0.8614,16,15,BUENO
159138,YPF,VACA MUERTA,GAS,2018,3854.9,46.8,0.473,148814.1,875920.0,124913.3,83.9,0.8187,84,18,BUENO
162711,YPF,VACA MUERTA,PETROLEO,2021,6314.3,97.0,1.203,139112.9,874992.0,85037.5,61.1,0.814,58,1,BUENO
163897,Pan American Energy,VACA MUERTA,PETROLEO,2022,7072.7,59.0,0.01,138966.9,874074.0,138868.9,99.9,0.8738,36,9,BUENO
166581,Shell,VACA MUERTA,PETROLEO,2025,7649.6,99.9,1.38,138913.2,873736.0,46861.9,33.7,0.9715,14,2,BUENO
165742,Shell,VACA MUERTA,PETROLEO,2024,6387.7,100.0,1.614,138840.8,873281.0,49012.0,35.3,0.9718,21,2,BUENO
161364,YPF,VACA MUERTA,PETROLEO,2019,3911.7,94.5,1.622,138579.1,871635.0,82318.1,59.4,0.6526,80,3,REGULAR
164651,YPF,VACA MUERTA,PETROLEO,2023,9271.8,100.0,1.419,138533.0,871345.0,75592.1,54.6,0.7778,33,3,BUENO
160426,YPF,VACA MUERTA,GAS,2019,4238.2,99.8,2.0,148002.0,871140.0,81922.9,55.4,0.1973,62,27,DESCARTADO
164026,YPF,VACA MUERTA,PETROLEO,2023,6535.5,84.8,0.806,138391.4,870454.0,91691.5,66.3,0.8486,40,3,BUENO
161585,Vista Energy,VACA MUERTA,PETROLEO,2020,5118.4,98.2,1.483,138241.2,869509.0,83689.1,60.5,0.88,75,5,BUENO
158146,YPF,VACA MUERTA,GAS,2017,10940.9,82.4,0.01,147638.3,868999.0,151641.6,102.7,0.8626,95,16,BUENO
162735,Tecpetrol,VACA MUERTA,PETROLEO,2021,2640.7,85.7,2.0,137800.3,866736.0,62859.0,45.6,0.658,57,2,REGULAR
162199,YPF,VACA MUERTA,PETROLEO,2021,4518.8,96.0,1.501,137707.7,866154.0,77026.8,55.9,0.7368,65,1,BUENO
161932,Vista Energy,VACA MUERTA,PETROLEO,2020,6828.0,100.0,1.536,137705.1,866138.0,83687.2,60.8,0.9182,68,2,BUENO
164551,Vista Energy,VACA MUERTA,PETROLEO,2023,5529.2,96.1,1.284,137563.5,865247.0,63298.9,46.0,0.9251,35,2,BUENO
158362,YPF,VACA MUERTA,PETROLEO,2017,3168.9,93.3,1.729,137540.7,865103.0,93045.1,67.6,0.7901,101,8,BUENO
165167,YPF,VACA MUERTA,PETROLEO,2024,6249.5,99.1,1.339,137512.3,864925.0,61735.3,44.9,0.5425,28,2,REGULAR
164733,YPF,VACA MUERTA,PETROLEO,2023,6750.5,93.7,0.997,137444.8,864500.0,77986.8,56.7,0.8301,33,2,BUENO
164303,Vista Energy,VACA MUERTA,PETROLEO,2023,4209.1,99.8,2.0,137109.5,862391.0,51130.0,37.3,0.9111,37,3,BUENO
162641,YPF,VACA MUERTA,PETROLEO,2021,6165.2,76.9,0.612,136704.9,859846.0,113239.8,82.8,0.8507,52,8,BUENO
162889,YPF,VACA MUERTA,PETROLEO,2021,6271.2,97.4,1.185,136585.7,859097.0,84778.0,62.1,0.8879,54,3,BUENO
157109,YPF,VACA MUERTA,PETROLEO,2016,2428.4,81.2,2.0,136579.7,859059.0,94222.5,69.0,0.586,117,3,REGULAR
163073,YPF,VACA MUERTA,PETROLEO,2022,5861.2,99.4,1.413,136571.3,859006.0,76798.9,56.2,0.7348,51,3,BUENO
156555,YPF,VACA MUERTA,PETROLEO,2016,2739.0,63.1,1.267,136386.2,857842.0,97678.2,71.6,0.7967,121,4,BUENO
163164,YPF,VACA MUERTA,PETROLEO,2022,2736.1,89.6,2.0,136342.6,857568.0,59104.3,43.3,0.5253,49,4,REGULAR
160431,YPF,VACA MUERTA,PETROLEO,2019,4897.6,95.0,1.352,136263.5,857070.0,90709.6,66.6,0.818,88,1,BUENO
162681,Shell,VACA MUERTA,PETROLEO,2021,5492.2,90.8,1.072,135597.2,852879.0,83584.5,61.6,0.8792,55,8,BUENO
162730,Pan American Energy,VACA MUERTA,PETROLEO,2021,3829.3,96.8,1.738,135557.1,852627.0,66724.5,49.2,0.9463,57,2,BUENO
162430,Pan American Energy,VACA MUERTA,PETROLEO,2021,4515.7,99.4,1.738,135543.5,852542.0,71013.1,52.4,0.8545,60,3,BUENO
164028,YPF,VACA MUERTA,PETROLEO,2023,4036.7,99.8,2.0,135496.5,852246.0,57076.6,42.1,0.7781,40,3,BUENO
165510,YPF,VACA MUERTA,PETROLEO,2024,5359.9,83.3,0.89,135379.8,851512.0,66121.3,48.8,0.8906,23,3,BUENO
163523,ExxonMobil,VACA MUERTA,PETROLEO,2022,5032.3,97.8,1.469,135373.8,851474.0,46566.5,34.4,0.86,24,25,BUENO
165576,YPF,VACA MUERTA,PETROLEO,2024,3166.9,95.5,2.0,135276.8,850864.0,37290.7,27.6,0.5002,23,2,REGULAR
165032,Capex,VACA MUERTA,PETROLEO,2024,2074.6,73.0,2.0,134963.2,848892.0,38829.0,28.8,0.4035,21,10,REGULAR
162353,Vista Energy,VACA MUERTA,PETROLEO,2021,3971.2,68.2,0.895,134959.5,848868.0,84171.9,62.4,0.8598,61,3,BUENO
165240,Shell,VACA MUERTA,PETROLEO,2024,6309.5,100.0,1.919,134941.9,848758.0,51677.3,38.3,0.9592,24,5,BUENO
162749,Shell,VACA MUERTA,PETROLEO,2021,4558.7,87.5,1.138,134740.6,847491.0,78422.1,58.2,0.8705,54,7,BUENO
166640,Pan American Energy,VACA MUERTA,PETROLEO,2025,8011.4,92.4,0.827,134636.4,846836.0,60496.2,44.9,0.9615,12,3,BUENO
161873,Chevron,VACA MUERTA,PETROLEO,2020,4094.8,91.6,1.339,134598.3,846596.0,81349.3,60.4,0.6859,65,7,REGULAR
164445,Vista Energy,VACA MUERTA,PETROLEO,2023,8762.9,97.5,0.975,134581.6,846491.0,84697.9,62.9,0.9842,36,2,BUENO
166833,YPF,VACA MUERTA,PETROLEO,2025,9006.0,82.2,0.512,134479.3,845848.0,65426.0,48.7,0.971,8,4,BUENO
158431,YPF,VACA MUERTA,GAS,2017,7167.5,57.0,0.087,143473.7,844486.0,147148.0,102.6,0.9542,101,7,BUENO
163163,YPF,VACA MUERTA,PETROLEO,2022,3904.1,97.7,1.662,134213.6,844177.0,67203.2,50.1,0.6569,49,4,REGULAR
165403,Pluspetrol,VACA MUERTA,PETROLEO,2024,6148.9,95.3,1.112,134195.1,844060.0,56945.1,42.4,0.9534,21,9,BUENO
165507,YPF,VACA MUERTA,PETROLEO,2024,5754.6,100.0,1.598,134062.3,843225.0,54043.0,40.3,0.9637,23,3,BUENO
160333,YPF,VACA MUERTA,PETROLEO,2019,6093.7,99.9,1.547,134049.5,843145.0,89577.6,66.8,0.7958,87,3,BUENO
159582,YPF,VACA MUERTA,PETROLEO,2018,5840.4,91.8,1.031,134025.0,842990.0,104552.4,78.0,0.7768,95,2,BUENO
158975,O&G Developments,VACA MUERTA,PETROLEO,2018,3522.5,98.6,1.829,133934.0,842418.0,89550.7,66.9,0.4861,94,7,REGULAR
158364,YPF,VACA MUERTA,PETROLEO,2017,4600.0,92.1,1.25,133808.5,841629.0,97820.9,73.1,0.8728,106,3,BUENO
165671,YPF,VACA MUERTA,PETROLEO,2024,7144.3,97.0,1.016,133799.8,841574.0,68973.8,51.5,0.8971,20,4,BUENO
163580,Vista Energy,VACA MUERTA,PETROLEO,2022,4247.7,39.9,0.259,133725.0,841104.0,97472.3,72.9,0.8884,45,7,BUENO
158751,YPF,VACA MUERTA,GAS,2017,13664.8,82.4,0.01,142832.2,840710.0,151038.4,105.7,0.9215,97,8,BUENO
165355,YPF,VACA MUERTA,PETROLEO,2024,4319.1,97.1,1.507,133638.3,840558.0,50946.1,38.1,0.8,24,4,BUENO
162679,Shell,VACA MUERTA,PETROLEO,2021,6180.8,80.9,0.788,133601.6,840327.0,95202.5,71.3,0.8889,57,6,BUENO
165216,Vista Energy,VACA MUERTA,PETROLEO,2024,6321.2,98.6,1.289,133585.6,840227.0,57127.1,42.8,0.9547,28,2,BUENO
163833,YPF,VACA MUERTA,PETROLEO,2022,7156.1,97.5,1.043,133555.7,840039.0,86286.7,64.6,0.7451,41,4,BUENO
166380,Pluspetrol,VACA MUERTA,GAS,2025,11355.7,99.9,1.111,142631.9,839531.0,62245.0,43.6,0.9742,11,6,BUENO
166385,Vista Energy,VACA MUERTA,PETROLEO,2025,5389.6,88.2,1.001,133370.8,838876.0,47577.7,35.7,0.9166,14,3,BUENO
165730,YPF,VACA MUERTA,PETROLEO,2024,7103.8,97.7,1.067,133189.4,837735.0,65509.0,49.2,0.7286,20,3,BUENO
164994,Pan American Energy,VACA MUERTA,PETROLEO,2024,5396.3,86.8,0.979,132838.9,835530.0,66500.7,50.1,0.9333,30,2,BUENO
164885,YPF,VACA MUERTA,PETROLEO,2023,6495.8,97.6,1.108,132721.3,834790.0,71855.8,54.1,0.7911,28,5,BUENO
165785,YPF,VACA MUERTA,PETROLEO,2024,6479.0,97.7,1.104,132634.7,834246.0,62949.7,47.5,0.8687,18,4,BUENO
165243,Chevron,VACA MUERTA,PETROLEO,2024,4000.6,100.0,2.0,132585.1,833934.0,52459.2,39.6,0.0822,19,10,DESCARTADO
165800,Vista Energy,VACA MUERTA,PETROLEO,2024,5914.5,84.2,0.862,132349.0,832449.0,59280.5,44.8,0.9376,20,2,BUENO
164404,YPF,VACA MUERTA,PETROLEO,2023,7580.4,100.0,1.51,132102.2,830896.0,66120.7,50.1,0.7481,36,3,BUENO
158238,YPF,VACA MUERTA,PETROLEO,2017,2864.1,99.4,2.0,132058.8,830623.0,95927.3,72.6,0.5974,94,16,REGULAR
159981,YPF,VACA MUERTA,GAS,2018,3858.5,55.9,0.606,140514.9,827071.0,112443.5,80.0,0.771,81,14,BUENO
162211,YPF,VACA MUERTA,PETROLEO,2021,8798.4,97.3,0.906,131456.5,826835.0,107236.8,81.6,0.9541,63,3,BUENO
163688,YPF,VACA MUERTA,PETROLEO,2022,4929.4,93.5,1.117,131072.5,824420.0,78804.5,60.1,0.7752,42,5,BUENO
163948,YPF,VACA MUERTA,PETROLEO,2023,4790.7,86.3,0.951,131057.9,824328.0,81289.2,62.0,0.826,39,5,BUENO
159711,YPF,VACA MUERTA,PETROLEO,2018,4960.1,99.8,1.665,131042.2,824229.0,86328.6,65.9,0.8934,94,2,BUENO
164552,Vista Energy,VACA MUERTA,PETROLEO,2023,8033.0,99.5,1.166,130941.1,823593.0,73232.1,55.9,0.9504,35,2,BUENO
167000,Pampa Energía,VACA MUERTA,PETROLEO,2025,5909.9,100.0,1.769,130919.7,823459.0,28333.5,21.6,0.9841,6,3,BUENO
163161,YPF,VACA MUERTA,PETROLEO,2022,9042.7,80.1,0.499,130835.2,822927.0,121788.1,93.1,0.7551,52,1,BUENO
163427,YPF,VACA MUERTA,GAS,2022,7248.5,100.0,1.73,139749.0,822563.0,90493.5,64.8,0.1177,45,5,DESCARTADO
165572,YPF,VACA MUERTA,PETROLEO,2024,7239.1,97.4,1.051,130513.6,820904.0,64852.7,49.7,0.8005,22,3,BUENO
156470,YPF,VACA MUERTA,GAS,2016,7942.9,54.0,0.01,139436.7,820724.0,142868.9,102.5,0.8982,122,4,BUENO
158686,ExxonMobil,VACA MUERTA,PETROLEO,2017,6903.7,89.1,0.791,130481.0,820699.0,121274.6,92.9,0.819,102,4,BUENO
162591,Vista Energy,VACA MUERTA,PETROLEO,2021,8784.5,91.4,0.761,130467.3,820613.0,106585.7,81.7,0.9597,58,3,BUENO
167102,Tecpetrol,VACA MUERTA,PETROLEO,2026,6572.0,100.0,1.934,130196.2,818908.0,20054.9,15.4,0.5423,6,1,REGULAR
164008,Shell,VACA MUERTA,PETROLEO,2023,4947.1,72.2,0.754,129971.5,817495.0,79102.6,60.9,0.6629,41,1,REGULAR
161422,YPF,VACA MUERTA,PETROLEO,2019,6260.6,99.9,1.443,129970.6,817489.0,86005.1,66.2,0.8998,79,3,BUENO
163602,YPF,VACA MUERTA,PETROLEO,2022,5054.0,76.9,0.818,129631.1,815354.0,81551.0,62.9,0.8107,47,1,BUENO
163005,YPF,VACA MUERTA,PETROLEO,2022,4289.5,100.0,2.0,129616.3,815261.0,63710.2,49.2,0.5836,50,5,REGULAR
162482,YPF,VACA MUERTA,PETROLEO,2021,6486.9,99.9,1.44,129294.3,813235.0,78544.3,60.7,0.7061,59,3,BUENO
165516,Vista Energy,VACA MUERTA,PETROLEO,2024,8193.5,99.6,1.185,129272.9,813101.0,60617.0,46.9,0.9641,24,2,BUENO
163004,YPF,VACA MUERTA,PETROLEO,2022,6372.5,95.1,0.943,129225.1,812800.0,94509.0,73.1,0.9226,49,6,BUENO
158974,O&G Developments,VACA MUERTA,PETROLEO,2018,3539.3,78.5,1.157,129031.3,811581.0,91945.1,71.3,0.7843,98,3,BUENO
162680,Shell,VACA MUERTA,PETROLEO,2021,6075.8,99.9,1.511,128940.1,811007.0,71384.1,55.4,0.8903,56,7,BUENO
166861,Vista Energy,VACA MUERTA,PETROLEO,2025,4920.4,99.6,1.644,128736.4,809726.0,25161.0,19.5,0.9572,9,2,BUENO
164658,YPF,VACA MUERTA,PETROLEO,2023,5135.0,87.3,0.966,128717.3,809606.0,70661.1,54.9,0.9077,33,3,BUENO
166756,Pan American Energy,VACA MUERTA,PETROLEO,2025,6910.8,95.5,1.001,128655.6,809218.0,44309.5,34.4,0.7459,10,3,BUENO
162431,Pan American Energy,VACA MUERTA,PETROLEO,2021,3355.5,68.8,1.049,128649.9,809182.0,73325.3,57.0,0.9164,60,3,BUENO
159139,YPF,VACA MUERTA,GAS,2018,4839.4,83.2,0.842,137335.4,808356.0,113555.0,82.7,0.9012,81,21,BUENO
162790,YPF,VACA MUERTA,PETROLEO,2021,5766.8,94.5,1.055,128405.7,807646.0,84782.5,66.0,0.862,54,4,BUENO
164411,YPF,VACA MUERTA,PETROLEO,2023,7110.7,53.7,0.01,128368.0,807409.0,120744.1,94.1,0.6158,34,5,REGULAR
163707,Pan American Energy,VACA MUERTA,PETROLEO,2022,2798.9,85.9,1.729,128363.2,807379.0,53462.0,41.6,0.8763,44,3,BUENO
163167,YPF,VACA MUERTA,PETROLEO,2022,4391.8,91.3,1.192,128337.5,807217.0,73884.6,57.6,0.8959,49,4,BUENO
163630,ExxonMobil,VACA MUERTA,PETROLEO,2022,10962.5,77.9,0.01,128328.3,807159.0,105465.8,82.2,0.9416,9,39,BUENO
156757,YPF,VACA MUERTA,PETROLEO,2016,2676.6,95.6,1.961,128312.9,807062.0,91657.5,71.4,0.4393,112,11,REGULAR
164025,YPF,VACA MUERTA,PETROLEO,2023,4294.0,69.4,0.784,128152.1,806051.0,74217.7,57.9,0.9036,40,3,BUENO
158430,YPF,VACA MUERTA,GAS,2017,5067.3,45.8,0.01,136610.0,804086.0,136331.6,99.8,0.9065,100,8,BUENO
166982,YPF,VACA MUERTA,PETROLEO,2025,4112.2,95.8,1.462,127724.7,803363.0,24504.0,19.2,0.8715,6,3,BUENO
161532,Shell,VACA MUERTA,PETROLEO,2019,4154.2,99.9,1.919,127660.3,802958.0,75254.4,58.9,0.6655,75,5,REGULAR
163002,YPF,VACA MUERTA,PETROLEO,2022,8765.6,85.3,0.511,127388.4,801248.0,120358.6,94.5,0.9391,50,6,BUENO
162844,Shell,VACA MUERTA,PETROLEO,2021,5786.2,98.4,1.257,127277.9,800553.0,76331.5,60.0,0.8929,53,4,BUENO
164830,Vista Energy,VACA MUERTA,PETROLEO,2023,4788.1,62.7,0.606,127200.3,800064.0,73202.4,57.5,0.7644,32,2,BUENO
165418,YPF,VACA MUERTA,PETROLEO,2024,10733.1,100.0,1.234,127171.0,799880.0,71490.4,56.2,0.7914,23,4,BUENO
162643,YPF,VACA MUERTA,PETROLEO,2021,4531.8,41.3,0.154,127030.7,798998.0,112790.7,88.8,0.7086,57,3,BUENO
159135,YPF,VACA MUERTA,PETROLEO,2018,1558.2,49.1,2.0,126959.8,798552.0,78353.9,61.7,0.1469,97,5,DESCARTADO
164471,YPF,VACA MUERTA,PETROLEO,2023,6444.5,99.3,1.27,126869.7,797985.0,65460.1,51.6,0.6021,35,3,REGULAR
166661,Vista Energy,VACA MUERTA,PETROLEO,2025,8721.1,87.7,0.654,126860.3,797926.0,64018.5,50.5,0.9801,12,2,BUENO
160208,Vista Energy,VACA MUERTA,PETROLEO,2019,5572.1,99.2,1.413,126848.6,797852.0,85518.0,67.4,0.8435,89,2,BUENO
161372,YPF,VACA MUERTA,PETROLEO,2019,6653.2,94.2,0.939,126753.0,797251.0,103611.7,81.7,0.9075,80,3,BUENO
160518,YPF,VACA MUERTA,GAS,2019,9456.4,82.5,0.327,135398.1,796953.0,142417.0,105.2,0.9073,77,11,BUENO
160430,YPF,VACA MUERTA,PETROLEO,2019,4431.9,100.0,2.0,126547.2,795957.0,83663.6,66.1,0.6208,86,3,REGULAR
164803,YPF,VACA MUERTA,PETROLEO,2023,7216.2,71.3,0.479,126486.3,795574.0,94332.5,74.6,0.9127,32,2,BUENO
163105,Shell,VACA MUERTA,PETROLEO,2022,4675.1,100.0,1.891,126403.1,795050.0,65471.3,51.8,0.8624,47,7,BUENO
165559,Vista Energy,VACA MUERTA,PETROLEO,2024,11301.5,98.7,0.876,126398.2,795019.0,81305.4,64.3,0.7774,23,2,BUENO
166132,YPF,VACA MUERTA,PETROLEO,2024,6177.2,100.0,1.776,126369.3,794838.0,42809.7,33.9,0.6635,16,5,REGULAR
162085,YPF,VACA MUERTA,PETROLEO,2021,5153.7,91.7,1.072,126355.5,794751.0,84367.3,66.8,0.8084,65,3,BUENO
165373,Pluspetrol,VACA MUERTA,GAS,2023,10663.1,62.2,0.01,134750.8,793143.0,115826.1,86.0,0.7746,20,11,BUENO
164636,Pluspetrol,VACA MUERTA,GAS,2023,18269.4,98.4,0.586,134737.5,793065.0,130856.0,97.1,0.7132,25,11,BUENO
159843,YPF,VACA MUERTA,PETROLEO,2018,4232.1,99.5,1.767,125923.5,792034.0,80060.4,63.6,0.7605,93,3,BUENO
163851,YPF,VACA MUERTA,PETROLEO,2022,5898.5,72.9,0.552,125912.1,791962.0,99365.7,78.9,0.9409,41,4,BUENO
162171,Shell,VACA MUERTA,PETROLEO,2021,4900.7,100.0,1.936,125872.3,791712.0,65827.8,52.3,0.8177,58,7,BUENO
162811,Shell,VACA MUERTA,PETROLEO,2021,4215.3,48.6,0.3,125800.7,791261.0,106447.1,84.6,0.8807,50,11,BUENO
166715,Vista Energy,VACA MUERTA,PETROLEO,2025,8242.0,99.8,1.166,125708.1,790679.0,47667.2,37.9,0.983,11,2,BUENO
162201,YPF,VACA MUERTA,PETROLEO,2021,4016.4,62.1,0.626,125705.6,790663.0,94587.7,75.2,0.8864,61,5,BUENO
164701,Pan American Energy,VACA MUERTA,PETROLEO,2023,4658.1,99.6,1.659,125697.1,790610.0,50242.9,40.0,0.9644,34,2,BUENO
166771,YPF,VACA MUERTA,PETROLEO,2025,3513.9,99.4,2.0,125610.9,790067.0,23655.0,18.8,0.9316,10,3,BUENO
163951,YPF,VACA MUERTA,PETROLEO,2023,4039.6,67.9,0.787,125551.6,789694.0,72418.5,57.7,0.9173,41,3,BUENO
166849,Pampa Energía,VACA MUERTA,PETROLEO,2025,8354.7,100.0,1.639,125463.3,789139.0,35272.1,28.1,0.6793,9,2,REGULAR
161376,YPF,VACA MUERTA,GAS,2019,2712.3,88.3,2.0,133989.5,788662.0,66540.3,49.7,0.5567,64,19,REGULAR
166670,Pluspetrol,VACA MUERTA,GAS,2025,10070.4,62.2,0.01,133727.9,787122.0,65887.3,49.3,0.9065,7,7,BUENO
161229,Pan American Energy,VACA MUERTA,PETROLEO,2019,3529.0,91.7,1.517,125022.3,786365.0,75823.8,60.6,0.9134,82,2,BUENO
162880,YPF,VACA MUERTA,PETROLEO,2021,2912.1,69.2,1.107,124938.8,785840.0,69055.9,55.3,0.7882,52,5,BUENO
158236,YPF,VACA MUERTA,GAS,2017,8789.5,65.3,0.01,133441.6,785437.0,133809.3,100.3,0.8929,102,8,BUENO
161953,YPF,VACA MUERTA,PETROLEO,2020,4667.4,94.1,1.203,124624.4,783863.0,81224.5,65.2,0.844,66,4,BUENO
153806,TotalEnergies,VACA MUERTA,GAS,2015,5086.7,94.4,1.272,133128.3,783593.0,102859.2,77.3,0.9493,128,10,BUENO
165505,YPF,VACA MUERTA,PETROLEO,2024,4901.2,90.5,1.088,124326.7,781990.0,53275.4,42.9,0.8167,24,2,BUENO
159137,YPF,VACA MUERTA,PETROLEO,2018,4124.9,100.0,2.0,124297.0,781803.0,84317.6,67.8,0.7104,98,4,BUENO
166935,YPF,VACA MUERTA,PETROLEO,2025,7647.0,96.9,0.938,124190.5,781133.0,44484.0,35.8,0.9791,7,3,BUENO
166185,YPF,VACA MUERTA,PETROLEO,2025,4007.2,100.0,2.0,124082.5,780454.0,31316.2,25.2,0.8028,16,4,BUENO
158443,YPF,VACA MUERTA,PETROLEO,2017,3452.9,92.7,1.511,123874.4,779145.0,85604.5,69.1,0.7927,104,4,BUENO
164205,TotalEnergies,VACA MUERTA,PETROLEO,2023,8059.1,58.4,0.01,123813.8,778764.0,122119.9,98.6,0.6841,34,7,REGULAR
161374,YPF,VACA MUERTA,PETROLEO,2019,4597.8,91.9,1.151,123804.1,778703.0,85373.0,69.0,0.8586,80,3,BUENO
165376,Vista Energy,VACA MUERTA,PETROLEO,2024,8410.1,95.4,0.837,123738.9,778293.0,78524.6,63.5,0.9841,25,3,BUENO
165550,Vista Energy,VACA MUERTA,PETROLEO,2024,6709.7,100.0,1.821,123464.6,776568.0,44306.8,35.9,0.952,23,2,BUENO
161874,Chevron,VACA MUERTA,PETROLEO,2020,3394.1,96.8,1.699,123314.0,775620.0,69297.4,56.2,0.5956,66,6,REGULAR
163534,Pan American Energy,VACA MUERTA,PETROLEO,2022,4040.0,100.0,1.999,123075.4,774120.0,54405.6,44.2,0.9127,45,4,BUENO
160148,YPF,VACA MUERTA,PETROLEO,2019,4939.8,98.0,1.336,123063.4,774044.0,86241.6,70.1,0.8101,89,3,BUENO
165438,Vista Energy,VACA MUERTA,PETROLEO,2024,9827.7,95.4,0.773,122855.0,772733.0,82987.3,67.5,0.9747,25,2,BUENO
161916,Shell,VACA MUERTA,PETROLEO,2020,4728.5,100.0,1.804,122844.9,772670.0,69313.6,56.4,0.8879,67,3,BUENO
162371,Pan American Energy,VACA MUERTA,PETROLEO,2021,4255.9,99.8,1.812,122715.1,771853.0,63936.1,52.1,0.949,61,3,BUENO
163003,YPF,VACA MUERTA,PETROLEO,2022,6180.5,99.5,1.264,122704.2,771785.0,76614.5,62.4,0.6869,51,4,REGULAR
166454,YPF,VACA MUERTA,PETROLEO,2025,5065.9,100.0,1.956,122649.6,771441.0,42905.8,35.0,0.5892,12,5,REGULAR
163835,YPF,VACA MUERTA,PETROLEO,2022,6470.4,55.1,0.168,122585.2,771036.0,112686.7,91.9,0.963,42,3,BUENO
165324,Shell,VACA MUERTA,PETROLEO,2024,5791.8,100.0,1.524,122531.6,770699.0,50009.8,40.8,0.6467,24,4,REGULAR
157111,YPF,VACA MUERTA,PETROLEO,2016,2772.0,39.0,0.504,122463.4,770270.0,101365.0,82.8,0.7587,118,2,BUENO
162885,YPF,VACA MUERTA,PETROLEO,2021,6109.3,90.3,0.86,122315.3,769339.0,90507.3,74.0,0.9181,53,4,BUENO
166250,YPF,VACA MUERTA,PETROLEO,2025,2953.8,96.9,2.0,122312.8,769323.0,28598.7,23.4,0.5211,16,3,REGULAR
165363,YPF,VACA MUERTA,PETROLEO,2024,9205.1,77.8,0.378,122182.9,768506.0,102777.4,84.1,0.8316,26,2,BUENO
166314,YPF,VACA MUERTA,PETROLEO,2025,5143.7,100.0,1.73,122134.1,768199.0,36755.1,30.1,0.5853,16,2,REGULAR
166365,Pluspetrol,VACA MUERTA,GAS,2025,8014.4,97.8,1.031,130468.2,767936.0,48777.3,37.4,0.9514,12,5,BUENO
162315,Chevron,VACA MUERTA,PETROLEO,2021,3734.1,98.7,1.731,122084.3,767886.0,64346.1,52.7,0.5309,59,5,REGULAR
165739,Shell,VACA MUERTA,PETROLEO,2024,2060.4,74.9,2.0,122047.0,767651.0,28707.4,23.5,0.9033,21,2,BUENO
160520,YPF,VACA MUERTA,PETROLEO,2019,6119.5,82.4,0.724,122040.4,767610.0,105677.4,86.6,0.8826,85,3,BUENO
166496,Pluspetrol,VACA MUERTA,GAS,2025,11022.1,99.8,1.029,130341.0,767187.0,59939.0,46.0,0.9771,11,5,BUENO
165567,YPF,VACA MUERTA,PETROLEO,2024,3413.5,79.4,1.177,121907.8,766776.0,44141.6,36.2,0.7562,23,2,BUENO
162796,YPF,VACA MUERTA,PETROLEO,2021,8527.3,76.7,0.318,121866.2,766514.0,124559.4,102.2,0.9454,54,4,BUENO
164444,Shell,VACA MUERTA,PETROLEO,2023,4713.4,99.9,1.679,121757.8,765832.0,51850.6,42.6,0.9073,35,3,BUENO
165784,YPF,VACA MUERTA,PETROLEO,2024,4464.3,91.1,1.164,121724.3,765622.0,45437.8,37.3,0.9323,19,3,BUENO
163593,YPF,VACA MUERTA,PETROLEO,2022,3862.2,90.1,1.324,121701.4,765477.0,59728.7,49.1,0.8441,46,2,BUENO
162561,YPF,VACA MUERTA,PETROLEO,2021,4844.1,84.7,0.946,121624.1,764991.0,79858.2,65.7,0.8945,58,3,BUENO
163094,Pan American Energy,VACA MUERTA,PETROLEO,2022,4678.1,99.5,1.532,121587.6,764762.0,64730.6,53.2,0.9445,50,4,BUENO
166973,YPF,VACA MUERTA,PETROLEO,2025,3494.4,98.3,1.858,121437.9,763820.0,17660.5,14.5,0.9606,8,1,BUENO
164331,Shell,VACA MUERTA,PETROLEO,2023,7267.4,98.4,1.039,121179.3,762194.0,77295.0,63.8,0.9305,37,2,BUENO
160753,Shell,VACA MUERTA,GAS,2019,4537.0,74.6,0.716,129437.7,761870.0,106905.0,82.6,0.3386,65,21,DESCARTADO
162082,YPF,VACA MUERTA,PETROLEO,2021,4722.3,78.9,0.847,120918.1,760551.0,85218.2,70.5,0.9176,66,2,BUENO
163595,YPF,VACA MUERTA,PETROLEO,2022,4955.2,69.7,0.573,120382.4,757181.0,92466.0,76.8,0.7848,44,4,BUENO
165488,YPF,VACA MUERTA,PETROLEO,2024,4822.3,99.9,1.648,120306.7,756705.0,44759.7,37.2,0.5958,23,3,REGULAR
164554,Pluspetrol,VACA MUERTA,GAS,2023,10808.0,86.5,0.493,128456.2,756093.0,105413.3,82.1,0.8548,25,12,BUENO
161366,YPF,VACA MUERTA,PETROLEO,2019,4542.7,83.3,0.94,120134.2,755620.0,88738.4,73.9,0.7419,80,3,BUENO
162557,YPF,VACA MUERTA,PETROLEO,2021,5635.7,96.0,1.076,120133.2,755614.0,80973.0,67.4,0.8565,57,4,BUENO
163885,Pan American Energy,VACA MUERTA,PETROLEO,2022,5842.0,90.7,0.916,120095.0,755374.0,77279.5,64.3,0.9457,42,3,BUENO
164713,Vista Energy,VACA MUERTA,PETROLEO,2023,9134.6,75.4,0.335,119936.2,754375.0,109028.4,90.9,0.9337,33,2,BUENO
157861,YPF,VACA MUERTA,PETROLEO,2017,2143.7,45.2,0.995,119847.7,753818.0,83279.8,69.5,0.7114,113,1,BUENO
164772,Pampa Energía,VACA MUERTA,GAS,2023,8791.3,76.9,0.466,127910.8,752883.0,104275.2,81.5,0.83,33,1,BUENO
159834,YPF,VACA MUERTA,GAS,2018,7105.4,60.6,0.133,127804.2,752256.0,131308.9,102.7,0.8582,78,17,BUENO
166453,YPF,VACA MUERTA,PETROLEO,2025,4726.2,100.0,2.0,119406.5,751043.0,43602.0,36.5,0.3027,12,5,DESCARTADO
159225,YPF,VACA MUERTA,PETROLEO,2018,4770.4,98.8,1.417,119069.6,748924.0,83606.2,70.2,0.7621,98,3,BUENO
165025,Pluspetrol,VACA MUERTA,GAS,2024,9723.6,99.1,0.955,127082.5,748008.0,77030.5,60.6,0.8242,22,9,BUENO
165005,Pan American Energy,VACA MUERTA,PETROLEO,2024,4795.6,66.0,0.602,118888.8,747787.0,70747.9,59.5,0.9574,30,2,BUENO
165347,YPF,VACA MUERTA,PETROLEO,2024,5043.9,74.0,0.697,118818.0,747341.0,64637.6,54.4,0.4562,25,3,REGULAR
164945,Pluspetrol,VACA MUERTA,GAS,2024,9722.8,100.0,1.336,126891.1,746881.0,59771.7,47.1,0.8884,21,11,BUENO
159986,YPF,VACA MUERTA,PETROLEO,2018,4768.9,100.0,1.746,118621.3,746104.0,76566.3,64.5,0.6307,90,5,REGULAR
166319,YPF,VACA MUERTA,PETROLEO,2025,3617.0,99.9,2.0,118618.1,746084.0,29910.6,25.2,0.0583,14,4,DESCARTADO
165239,Shell,VACA MUERTA,PETROLEO,2024,5562.8,100.0,1.751,118568.4,745772.0,48517.8,40.9,0.8562,25,4,BUENO
165425,YPF,VACA MUERTA,PETROLEO,2024,4371.0,93.4,1.225,118484.8,745246.0,48513.0,40.9,0.9263,24,3,BUENO
164886,YPF,VACA MUERTA,PETROLEO,2023,9398.1,100.0,1.175,118062.4,742589.0,71980.4,61.0,0.9395,29,4,BUENO
156475,YPF,VACA MUERTA,PETROLEO,2016,2844.0,80.1,1.442,117990.1,742134.0,85440.8,72.4,0.7709,125,1,BUENO
159501,YPF,VACA MUERTA,PETROLEO,2018,5637.7,99.9,1.451,117989.3,742129.0,86309.0,73.1,0.6565,95,3,REGULAR
159222,YPF,VACA MUERTA,PETROLEO,2018,3870.4,93.9,1.315,117853.0,741272.0,83530.9,70.9,0.8278,97,4,BUENO
161607,YPF,VACA MUERTA,PETROLEO,2020,2401.9,21.9,0.01,117830.3,741129.0,95202.8,80.8,0.3076,78,2,DESCARTADO
159590,YPF,VACA MUERTA,PETROLEO,2018,4008.5,93.3,1.339,117808.5,740992.0,80299.3,68.2,0.7598,96,1,BUENO
162884,YPF,VACA MUERTA,PETROLEO,2021,4396.8,85.2,0.963,117763.4,740708.0,75890.1,64.4,0.8457,53,4,BUENO
166198,YPF,VACA MUERTA,PETROLEO,2025,7065.3,98.3,1.062,117700.5,740313.0,53544.5,45.5,0.9035,18,2,BUENO
161691,YPF,VACA MUERTA,PETROLEO,2020,6564.9,81.6,0.619,117672.4,740136.0,107141.3,91.1,0.935,73,6,BUENO
163692,YPF,VACA MUERTA,PETROLEO,2022,3256.8,96.1,1.689,117612.9,739762.0,52820.1,44.9,0.7837,44,3,BUENO
167031,Tecpetrol,VACA MUERTA,GAS,2026,14036.8,78.0,0.076,125677.4,739737.0,77430.9,61.6,0.9652,7,1,BUENO
156710,YPF,VACA MUERTA,PETROLEO,2016,2174.6,41.9,0.748,117432.1,738624.0,90308.3,76.9,0.7222,119,5,BUENO
159884,Kilwer,VACA MUERTA,PETROLEO,2018,4049.4,100.0,1.929,117297.6,737778.0,73481.8,62.6,0.6246,83,12,REGULAR
164563,YPF,VACA MUERTA,PETROLEO,2023,5391.2,100.0,1.967,117221.6,737300.0,48836.1,41.7,0.654,33,4,REGULAR
159075,Pan American Energy,VACA MUERTA,PETROLEO,2018,2367.2,74.4,1.504,117132.5,736740.0,75875.8,64.8,0.8934,98,4,BUENO
163257,Pan American Energy,VACA MUERTA,PETROLEO,2022,4097.3,83.5,0.955,117099.4,736532.0,72658.1,62.0,0.9479,45,7,BUENO
161955,YPF,VACA MUERTA,PETROLEO,2020,6777.0,97.0,0.934,117082.5,736426.0,96476.7,82.4,0.9048,66,4,BUENO
166222,Vista Energy,VACA MUERTA,PETROLEO,2025,7221.9,100.0,1.407,116972.6,735734.0,44007.9,37.6,0.9788,17,2,BUENO
162846,Shell,VACA MUERTA,PETROLEO,2021,6306.2,95.3,0.979,116900.5,735281.0,81591.3,69.8,0.9238,53,4,BUENO
159584,YPF,VACA MUERTA,PETROLEO,2018,4010.5,81.9,1.014,116821.7,734785.0,86755.1,74.3,0.8516,95,2,BUENO
162809,Shell,VACA MUERTA,PETROLEO,2021,5098.0,75.4,0.716,116742.4,734286.0,84308.3,72.2,0.8957,55,6,BUENO
166545,YPF,VACA MUERTA,PETROLEO,2025,2829.8,96.1,2.0,116720.7,734150.0,23429.7,20.1,0.9645,15,1,BUENO
164828,Vista Energy,VACA MUERTA,PETROLEO,2023,6371.6,94.0,0.933,116550.5,733079.0,69080.7,59.3,0.7665,31,3,BUENO
160925,YPF,VACA MUERTA,PETROLEO,2019,5637.5,93.6,0.988,116344.7,731785.0,90481.8,77.8,0.9399,82,3,BUENO
160866,Shell,VACA MUERTA,PETROLEO,2019,6012.3,99.8,1.333,116337.7,731741.0,83581.1,71.8,0.9072,83,2,BUENO
163237,YPF,VACA MUERTA,PETROLEO,2022,5211.1,94.3,1.077,116327.2,731675.0,71876.1,61.8,0.9067,49,3,BUENO
165740,Shell,VACA MUERTA,PETROLEO,2024,6435.3,99.5,1.229,116159.9,730623.0,50771.1,43.7,0.9716,21,2,BUENO
163016,Shell,VACA MUERTA,PETROLEO,2022,5773.9,48.7,0.01,116122.0,730384.0,113450.8,97.7,0.9187,50,4,BUENO
161845,Shell,VACA MUERTA,PETROLEO,2020,4736.7,99.1,1.441,115906.9,729031.0,72146.6,62.2,0.6766,70,3,REGULAR
162316,Chevron,VACA MUERTA,PETROLEO,2021,3571.4,83.2,1.122,115906.0,729026.0,69286.4,59.8,0.5282,59,5,REGULAR
163944,YPF,VACA MUERTA,PETROLEO,2023,5394.4,95.8,1.053,115771.2,728178.0,72232.0,62.4,0.8626,40,4,BUENO
160057,YPF,VACA MUERTA,PETROLEO,2018,6271.4,98.4,1.118,115740.0,727981.0,89881.8,77.7,0.841,89,4,BUENO
164530,Chevron,VACA MUERTA,PETROLEO,2023,4928.2,100.0,1.469,115603.0,727120.0,63186.1,54.7,0.822,9,28,BUENO
164529,Chevron,VACA MUERTA,PETROLEO,2023,2744.8,26.2,0.01,115600.9,727107.0,69820.2,60.4,0.2086,33,4,DESCARTADO
164447,Vista Energy,VACA MUERTA,PETROLEO,2023,7385.1,99.5,1.142,115598.6,727092.0,67271.8,58.2,0.9733,36,2,BUENO
164443,Shell,VACA MUERTA,PETROLEO,2023,4334.8,94.9,1.227,115491.6,726419.0,57801.9,50.0,0.9132,34,4,BUENO
163744,Tecpetrol,VACA MUERTA,PETROLEO,2022,4078.4,100.0,2.0,115240.2,724838.0,49725.3,43.1,0.7722,44,2,BUENO
166888,YPF,VACA MUERTA,PETROLEO,2025,2835.1,96.9,2.0,115213.2,724668.0,17604.3,15.3,0.6754,9,2,REGULAR
162896,YPF,VACA MUERTA,PETROLEO,2021,6393.8,74.8,0.504,115187.2,724504.0,102539.4,89.0,0.872,54,3,BUENO
158571,YPF,VACA MUERTA,GAS,2017,5077.6,100.0,1.846,122839.1,723031.0,87533.2,71.3,0.7189,89,18,BUENO
165444,Pluspetrol,VACA MUERTA,GAS,2023,9968.5,85.7,0.01,122805.8,722835.0,122593.1,99.8,0.7868,13,15,BUENO
163628,ExxonMobil,VACA MUERTA,PETROLEO,2022,9383.9,88.5,0.01,114908.1,722749.0,110104.0,95.8,0.7843,9,39,BUENO
156698,YPF,VACA MUERTA,PETROLEO,2016,2874.5,97.5,2.0,114855.4,722417.0,81920.9,71.3,0.4731,122,2,REGULAR
161844,Shell,VACA MUERTA,PETROLEO,2020,4024.9,99.8,1.705,114601.6,720821.0,68159.8,59.5,0.6189,70,3,REGULAR
162940,YPF,VACA MUERTA,PETROLEO,2022,7102.8,92.6,0.819,114539.2,720429.0,89141.2,77.8,0.8952,54,2,BUENO
163834,YPF,VACA MUERTA,PETROLEO,2022,6383.7,75.2,0.515,114268.3,718725.0,95592.5,83.7,0.9172,42,3,BUENO
163942,YPF,VACA MUERTA,PETROLEO,2023,4727.5,88.7,0.97,114258.6,718664.0,68420.4,59.9,0.8763,40,4,BUENO
166326,YPF,VACA MUERTA,PETROLEO,2025,2784.8,96.7,2.0,114062.8,717432.0,25448.3,22.3,0.6351,16,2,REGULAR
159086,Pan American Energy,VACA MUERTA,PETROLEO,2018,2924.5,98.0,2.0,113975.5,716883.0,72589.4,63.7,0.9792,101,1,BUENO
165660,Vista Energy,VACA MUERTA,PETROLEO,2024,8751.2,100.0,1.222,113814.7,715872.0,54270.0,47.7,0.9874,22,2,BUENO
160524,YPF,VACA MUERTA,GAS,2019,7580.7,58.8,0.01,121437.1,714779.0,122482.7,100.9,0.9371,85,3,BUENO
163524,ExxonMobil,VACA MUERTA,PETROLEO,2022,12737.9,93.8,0.544,113626.9,714690.0,107423.3,94.5,0.98,35,14,BUENO
165031,Vista Energy,VACA MUERTA,PETROLEO,2024,5374.1,86.0,0.845,113521.9,714030.0,62836.3,55.4,0.9206,28,3,BUENO
161948,YPF,VACA MUERTA,PETROLEO,2020,7497.6,97.1,0.877,113297.8,712621.0,95440.2,84.2,0.9268,66,4,BUENO
163970,Shell,VACA MUERTA,PETROLEO,2023,7275.4,76.5,0.446,113209.8,712067.0,101494.1,89.7,0.918,41,2,BUENO
165789,YPF,VACA MUERTA,PETROLEO,2024,7325.0,100.0,1.451,113139.2,711623.0,58190.5,51.4,0.6156,16,6,REGULAR
164277,YPF,VACA MUERTA,PETROLEO,2023,5560.0,99.7,1.356,113115.8,711476.0,58379.4,51.6,0.9136,38,2,BUENO
165783,YPF,VACA MUERTA,PETROLEO,2024,1487.8,57.1,2.0,113057.1,711107.0,21965.3,19.4,0.2191,12,10,DESCARTADO
158365,YPF,VACA MUERTA,PETROLEO,2017,2869.3,60.9,0.874,113038.4,710989.0,84532.8,74.8,0.7143,105,4,BUENO
160154,YPF,VACA MUERTA,GAS,2019,4867.8,46.5,0.01,120562.8,709633.0,120670.8,100.1,0.6844,84,8,REGULAR
164448,Vista Energy,VACA MUERTA,PETROLEO,2023,4542.9,100.0,2.0,112707.1,708905.0,44447.1,39.4,0.9709,36,2,BUENO
162694,Shell,VACA MUERTA,PETROLEO,2021,3836.9,100.0,2.0,112221.9,705853.0,40956.9,36.5,0.8844,8,57,BUENO
161705,Shell,VACA MUERTA,PETROLEO,2020,4328.3,100.0,1.661,112212.9,705797.0,70908.9,63.2,0.7461,73,5,BUENO
164406,YPF,VACA MUERTA,PETROLEO,2023,6918.7,100.0,1.401,112191.4,705661.0,63334.2,56.5,0.78,36,3,BUENO
163604,YPF,VACA MUERTA,PETROLEO,2022,5243.5,66.5,0.519,112190.0,705653.0,86958.4,77.5,0.8411,47,1,BUENO
164375,Kilwer,VACA MUERTA,PETROLEO,2023,6830.3,100.0,1.643,112113.7,705173.0,54101.9,48.3,0.9447,38,1,BUENO
163438,Kilwer,VACA MUERTA,PETROLEO,2022,7004.5,99.5,1.165,111972.1,704282.0,71349.7,63.7,0.9683,49,1,BUENO
166450,YPF,VACA MUERTA,PETROLEO,2025,7039.2,100.0,1.471,111928.2,704006.0,43050.1,38.5,0.649,14,3,REGULAR
162553,YPF,VACA MUERTA,PETROLEO,2021,8983.3,81.5,0.378,111657.2,702301.0,115986.8,103.9,0.9479,59,2,BUENO
162385,Shell,VACA MUERTA,PETROLEO,2021,5007.7,99.8,1.517,111650.0,702256.0,62270.1,55.8,0.7314,60,4,BUENO
164647,YPF,VACA MUERTA,PETROLEO,2023,10282.4,98.5,0.814,111639.3,702189.0,88991.0,79.7,0.9267,34,2,BUENO
165327,Shell,VACA MUERTA,PETROLEO,2024,8130.3,99.9,1.17,111501.2,701320.0,60004.4,53.8,0.9305,25,3,BUENO
156550,YPF,VACA MUERTA,PETROLEO,2016,2783.1,93.1,1.786,111490.0,701250.0,79143.6,71.0,0.7678,123,2,BUENO
162569,YPF,VACA MUERTA,PETROLEO,2021,6374.2,93.3,0.834,111457.5,701045.0,87779.2,78.8,0.9141,56,5,BUENO
163072,YPF,VACA MUERTA,PETROLEO,2022,5236.9,92.7,0.999,111156.5,699152.0,72699.0,65.4,0.8251,51,3,BUENO
161952,YPF,VACA MUERTA,PETROLEO,2020,7206.3,93.0,0.755,110905.4,697573.0,100185.8,90.3,0.8273,66,4,BUENO
159842,YPF,VACA MUERTA,PETROLEO,2018,3281.7,98.5,1.797,110886.4,697453.0,69760.7,62.9,0.7684,93,3,BUENO
166584,Shell,VACA MUERTA,PETROLEO,2025,5992.7,94.7,0.978,110747.2,696578.0,44336.7,40.0,0.9691,14,2,BUENO
165500,YPF,VACA MUERTA,PETROLEO,2024,4187.7,100.0,2.0,110621.0,695784.0,36841.2,33.3,0.2713,22,4,DESCARTADO
163690,YPF,VACA MUERTA,PETROLEO,2022,4650.4,88.9,0.921,110591.0,695595.0,72240.5,65.3,0.8198,42,5,BUENO
166131,YPF,VACA MUERTA,PETROLEO,2024,4690.1,100.0,2.0,110360.6,694146.0,36669.3,33.2,0.5079,15,6,REGULAR
165580,YPF,VACA MUERTA,PETROLEO,2024,5710.8,98.3,1.167,110350.4,694082.0,49965.1,45.3,0.7622,23,2,BUENO
163627,Kilwer,VACA MUERTA,PETROLEO,2022,3534.2,81.8,1.108,110132.6,692712.0,57200.1,51.9,0.9088,46,2,BUENO
165294,Vista Energy,VACA MUERTA,PETROLEO,2024,10081.9,98.7,0.82,110124.8,692663.0,81435.5,73.9,0.9879,26,2,BUENO
166223,Vista Energy,VACA MUERTA,PETROLEO,2025,4263.5,100.0,1.782,110024.2,692030.0,30009.6,27.3,0.9756,17,2,BUENO
163873,Vista Energy,VACA MUERTA,PETROLEO,2022,6418.9,95.5,0.965,110021.4,692013.0,70732.9,64.3,0.9679,43,9,BUENO
164010,Shell,VACA MUERTA,PETROLEO,2023,4784.3,41.1,0.01,109996.2,691854.0,85493.8,77.7,0.5221,32,10,REGULAR
166149,Petrolera El Trébol,VACA MUERTA,PETROLEO,2024,9680.6,76.5,0.141,109872.9,691079.0,102689.3,93.5,0.9363,20,3,BUENO
162208,YPF,VACA MUERTA,PETROLEO,2021,7744.2,92.1,0.699,109796.3,690597.0,99140.1,90.3,0.9149,63,3,BUENO
158145,YPF,VACA MUERTA,GAS,2017,8241.2,69.8,0.01,117195.1,689810.0,117109.0,99.9,0.8818,101,10,BUENO
162202,YPF,VACA MUERTA,PETROLEO,2021,3599.2,95.4,1.434,109328.4,687654.0,62205.6,56.9,0.8465,63,3,BUENO
161686,YPF,VACA MUERTA,PETROLEO,2020,5250.3,55.4,0.136,109274.9,687317.0,112237.2,102.7,0.9319,73,6,BUENO
162877,YPF,VACA MUERTA,PETROLEO,2021,8279.1,100.0,1.197,109160.5,686598.0,80846.1,74.1,0.7909,55,2,BUENO
161954,YPF,VACA MUERTA,PETROLEO,2020,5092.1,79.2,0.687,108893.6,684919.0,89306.9,82.0,0.8451,66,4,BUENO
162169,Shell,VACA MUERTA,PETROLEO,2021,4796.2,99.9,1.509,108871.9,684782.0,64329.9,59.1,0.8361,58,7,BUENO
163971,Shell,VACA MUERTA,PETROLEO,2023,7873.0,78.8,0.403,108768.2,684130.0,103160.1,94.8,0.9162,41,2,BUENO
165688,YPF,VACA MUERTA,PETROLEO,2024,3733.0,100.0,2.0,108741.4,683962.0,32474.5,29.9,0.707,21,3,BUENO
160180,Pan American Energy,VACA MUERTA,GAS,2019,3925.6,59.9,0.619,116048.2,683060.0,94560.2,81.5,0.7763,90,2,BUENO
163020,Shell,VACA MUERTA,PETROLEO,2022,5019.2,99.7,1.427,108518.8,682562.0,60470.4,55.7,0.913,51,3,BUENO
163566,Pluspetrol,VACA MUERTA,GAS,2022,4947.7,53.2,0.01,115915.6,682279.0,101713.1,87.7,0.8201,24,24,BUENO
158973,O&G Developments,VACA MUERTA,PETROLEO,2018,3350.0,87.0,1.224,108404.6,681843.0,77196.2,71.2,0.8117,98,3,BUENO
162750,Shell,VACA MUERTA,PETROLEO,2021,3630.7,89.7,1.259,108340.2,681438.0,57820.5,53.4,0.9096,53,8,BUENO
160856,YPF,VACA MUERTA,PETROLEO,2019,4184.1,97.8,1.393,108117.2,680036.0,70871.4,65.6,0.8114,84,2,BUENO
163830,YPF,VACA MUERTA,PETROLEO,2022,7364.9,93.5,0.739,108026.6,679466.0,89171.3,82.5,0.8853,42,3,BUENO
156554,YPF,VACA MUERTA,PETROLEO,2016,3013.3,58.1,0.729,108022.1,679437.0,89409.3,82.8,0.8169,122,3,BUENO
163550,Pluspetrol,VACA MUERTA,GAS,2022,5757.5,82.1,0.01,115293.3,678616.0,116991.7,101.5,0.9206,19,29,BUENO
163068,YPF,VACA MUERTA,PETROLEO,2022,4986.2,64.4,0.44,107763.4,677810.0,90994.4,84.4,0.7366,49,5,BUENO
162566,YPF,VACA MUERTA,PETROLEO,2021,4163.9,88.5,0.972,107632.4,676986.0,72826.7,67.7,0.9014,55,6,BUENO
165493,YPF,VACA MUERTA,PETROLEO,2024,6565.6,99.8,1.196,107323.6,675044.0,57136.2,53.2,0.808,23,3,BUENO
166834,YPF,VACA MUERTA,PETROLEO,2025,8755.2,69.8,0.01,107206.1,674305.0,70871.4,66.1,0.957,8,4,BUENO
166457,YPF,VACA MUERTA,PETROLEO,2025,4958.9,98.7,1.271,107161.9,674027.0,38287.8,35.7,0.8,15,2,BUENO
164868,Pluspetrol,VACA MUERTA,GAS,2023,9214.7,97.6,0.813,114477.2,673813.0,75856.5,66.3,0.9269,20,13,BUENO
166541,Capex,VACA MUERTA,PETROLEO,2025,3390.4,99.9,2.0,107066.1,673424.0,24728.7,23.1,0.9723,14,2,BUENO
161606,YPF,VACA MUERTA,PETROLEO,2020,5685.6,98.1,1.082,107014.3,673099.0,81025.0,75.7,0.8639,70,10,BUENO
160860,ExxonMobil,VACA MUERTA,GAS,2019,7208.7,67.0,0.01,114011.9,671074.0,114387.6,100.3,0.923,76,10,BUENO
162646,YPF,VACA MUERTA,PETROLEO,2021,3786.4,98.6,1.55,106142.2,667613.0,56670.1,53.4,0.9287,58,2,BUENO
166628,YPF,VACA MUERTA,PETROLEO,2025,5097.2,87.8,0.874,106050.7,667038.0,41148.3,38.8,0.969,13,2,BUENO
165677,YPF,VACA MUERTA,PETROLEO,2024,4408.3,43.8,0.01,106021.0,666851.0,69136.9,65.2,0.8415,18,6,BUENO
165437,Vista Energy,VACA MUERTA,PETROLEO,2024,5088.5,92.9,1.018,105993.7,666679.0,49821.4,47.0,0.9012,25,2,BUENO
164650,YPF,VACA MUERTA,PETROLEO,2023,6627.7,100.0,1.646,105920.9,666221.0,51623.3,48.7,0.5838,32,4,REGULAR
165019,Tecpetrol,VACA MUERTA,GAS,2024,7224.5,54.4,0.01,112954.6,664851.0,102851.0,91.1,0.9007,30,1,BUENO
165241,Shell,VACA MUERTA,PETROLEO,2024,6025.9,100.0,1.732,105666.8,664623.0,44074.8,41.7,0.8319,24,5,BUENO
160473,Shell,VACA MUERTA,GAS,2019,4381.7,100.0,2.0,112878.8,664405.0,25542.4,22.6,0.4291,11,77,REGULAR
163577,Vista Energy,VACA MUERTA,PETROLEO,2022,6143.5,99.9,1.326,105496.8,663554.0,60374.2,57.2,0.9435,45,7,BUENO
160926,YPF,VACA MUERTA,PETROLEO,2019,2480.3,96.4,1.981,105308.1,662367.0,60743.6,57.7,0.7698,81,4,BUENO
162204,YPF,VACA MUERTA,PETROLEO,2021,6700.2,95.8,0.868,105034.5,660646.0,84830.4,80.8,0.9,63,3,BUENO
156709,YPF,VACA MUERTA,PETROLEO,2016,2759.6,78.0,1.23,104923.5,659948.0,77736.4,74.1,0.8557,121,3,BUENO
166896,YPF,VACA MUERTA,PETROLEO,2025,10191.7,74.5,0.01,104915.4,659897.0,73001.1,69.6,0.9557,8,3,BUENO
165767,Pan American Energy,VACA MUERTA,PETROLEO,2024,3855.4,99.9,1.793,104669.1,658348.0,33096.4,31.6,0.7903,21,3,BUENO
165184,YPF,VACA MUERTA,PETROLEO,2024,6372.8,97.9,1.029,104505.7,657320.0,58035.7,55.5,0.9319,28,2,BUENO
159783,Pan American Energy,VACA MUERTA,GAS,2018,11749.7,89.6,0.349,111647.3,657156.0,119892.3,107.4,0.9709,93,2,BUENO
164964,YPF,VACA MUERTA,PETROLEO,2024,5819.8,99.2,1.15,104476.6,657137.0,57228.3,54.8,0.8473,29,3,BUENO
164771,Pampa Energía,VACA MUERTA,GAS,2023,9576.0,97.6,0.762,111483.1,656190.0,90127.2,80.8,0.9176,31,3,BUENO
165472,Pluspetrol,VACA MUERTA,GAS,2023,10950.9,85.9,0.342,111392.2,655654.0,97331.1,87.4,0.9325,19,8,BUENO
158893,YPF,VACA MUERTA,PETROLEO,2018,2881.7,98.0,1.843,104213.9,655485.0,69444.8,66.6,0.6266,102,2,REGULAR
161918,Shell,VACA MUERTA,PETROLEO,2020,4552.6,94.0,1.088,104148.1,655071.0,70628.2,67.8,0.8527,67,3,BUENO
166301,Tecpetrol,VACA MUERTA,GAS,2025,11158.4,71.7,0.01,111270.4,654938.0,101040.7,90.8,0.9074,17,1,BUENO
163551,Pluspetrol,VACA MUERTA,GAS,2022,5715.0,68.5,0.01,111124.0,654076.0,107170.2,96.4,0.9297,21,27,BUENO
163017,Shell,VACA MUERTA,PETROLEO,2022,5053.8,48.5,0.01,103974.5,653979.0,103095.3,99.2,0.9458,50,4,BUENO
164333,Shell,VACA MUERTA,PETROLEO,2023,7528.0,98.4,0.919,103956.5,653866.0,75033.2,72.2,0.9465,37,2,BUENO
165170,YPF,VACA MUERTA,PETROLEO,2024,6289.5,99.6,1.187,103950.1,653825.0,56041.5,53.9,0.5319,28,2,REGULAR
163625,Kilwer,VACA MUERTA,PETROLEO,2022,3513.3,98.9,1.627,103752.0,652579.0,48988.5,47.2,0.9027,45,3,BUENO
156972,YPF,VACA MUERTA,PETROLEO,2016,3332.9,81.4,1.09,103652.9,651956.0,79064.7,76.3,0.8522,119,2,BUENO
163247,Vista Energy,VACA MUERTA,PETROLEO,2022,3957.9,99.5,1.587,103634.7,651842.0,51694.1,49.9,0.9029,49,3,BUENO
155546,YPF,VACA MUERTA,PETROLEO,2015,4446.7,93.2,1.103,103496.8,650974.0,86030.2,83.1,0.9093,128,2,BUENO
159989,YPF,VACA MUERTA,PETROLEO,2018,4345.8,80.9,0.835,103454.5,650708.0,81553.9,78.8,0.9166,92,2,BUENO
162400,YPF,VACA MUERTA,PETROLEO,2021,5418.5,99.7,1.311,103363.0,650133.0,64837.9,62.7,0.9308,61,2,BUENO
165451,Pan American Energy,VACA MUERTA,GAS,2024,17193.8,86.3,0.01,110418.3,649922.0,127660.6,115.6,0.8995,26,1,BUENO
160437,YPF,VACA MUERTA,PETROLEO,2019,2534.4,86.2,1.486,103164.5,648884.0,64902.8,62.9,0.68,85,4,REGULAR
165673,YPF,VACA MUERTA,PETROLEO,2024,5331.0,50.4,0.01,102871.5,647041.0,78962.4,76.8,0.4454,21,3,REGULAR
166538,Capex,VACA MUERTA,PETROLEO,2025,3597.8,100.0,2.0,102807.5,646639.0,24859.5,24.2,0.9703,14,2,BUENO
166254,YPF,VACA MUERTA,PETROLEO,2025,6584.5,93.0,0.827,102599.9,645333.0,52940.3,51.6,0.8911,18,1,BUENO
164930,Shell,VACA MUERTA,PETROLEO,2023,4167.0,99.7,1.418,102446.6,644369.0,50261.6,49.1,0.9858,27,5,BUENO
163231,YPF,VACA MUERTA,PETROLEO,2022,6330.0,99.5,1.151,102334.0,643660.0,66634.8,65.1,0.9347,50,2,BUENO
166445,YPF,VACA MUERTA,PETROLEO,2025,3929.6,98.6,1.408,102261.0,643201.0,32618.3,31.9,0.8118,13,4,BUENO
157190,YPF,VACA MUERTA,PETROLEO,2016,2669.9,77.0,1.205,101757.6,640035.0,75691.5,74.4,0.696,117,2,REGULAR
162812,Pan American Energy,VACA MUERTA,PETROLEO,2021,5224.4,98.3,1.186,101738.6,639915.0,64787.0,63.7,0.8611,56,2,BUENO
155033,YPF,VACA MUERTA,PETROLEO,2015,4183.9,99.5,1.504,101701.7,639683.0,80638.8,79.3,0.7524,131,2,BUENO
164440,Shell,VACA MUERTA,PETROLEO,2023,4796.8,92.2,0.979,101653.3,639379.0,58656.4,57.7,0.9606,35,3,BUENO
163509,YPF,VACA MUERTA,PETROLEO,2022,7415.9,96.2,0.817,101537.2,638649.0,81224.4,80.0,0.9026,46,3,BUENO
163795,Kilwer,VACA MUERTA,PETROLEO,2022,3384.0,97.3,1.542,101410.2,637850.0,47024.9,46.4,0.5528,44,2,REGULAR
163532,Tecpetrol,VACA MUERTA,PETROLEO,2022,4094.6,99.8,1.625,101389.4,637719.0,48158.8,47.5,0.4166,45,4,REGULAR
162810,Shell,VACA MUERTA,PETROLEO,2021,3743.8,48.9,0.3,101166.8,636319.0,85693.0,84.7,0.8428,53,8,BUENO
165573,YPF,VACA MUERTA,PETROLEO,2024,3815.1,39.9,0.062,101128.1,636076.0,61383.9,60.7,0.7137,21,4,BUENO
166300,Tecpetrol,VACA MUERTA,GAS,2025,12198.3,83.3,0.01,107985.5,635603.0,108629.3,100.6,0.8806,15,3,BUENO
162891,YPF,VACA MUERTA,PETROLEO,2021,4943.3,59.6,0.3,100966.6,635060.0,93416.7,92.5,0.8143,54,3,BUENO
164376,Kilwer,VACA MUERTA,PETROLEO,2023,3920.3,99.5,1.594,100771.4,633832.0,43166.8,42.8,0.8724,38,1,BUENO
164624,Vista Energy,VACA MUERTA,PETROLEO,2023,6212.9,98.9,1.092,100533.5,632336.0,58392.0,58.1,0.9083,34,2,BUENO
164804,YPF,VACA MUERTA,PETROLEO,2023,4938.4,80.8,0.733,100463.9,631898.0,61834.3,61.5,0.8388,32,2,BUENO
166810,YPF,VACA MUERTA,PETROLEO,2025,10679.3,99.8,0.856,100346.1,631157.0,62232.2,62.0,0.8687,9,3,BUENO
166937,YPF,VACA MUERTA,PETROLEO,2025,10812.4,74.7,0.01,100339.9,631118.0,71316.9,71.1,0.9572,9,1,BUENO
146980,YPF,VACA MUERTA,GAS,2014,4135.1,41.9,0.01,107196.0,630956.0,107968.4,100.7,0.8345,140,12,BUENO
155536,YPF,VACA MUERTA,PETROLEO,2015,2916.5,85.2,1.284,100249.4,630549.0,77179.7,77.0,0.7589,128,2,BUENO
164276,YPF,VACA MUERTA,PETROLEO,2023,7159.7,99.9,1.148,100216.0,630339.0,63639.0,63.5,0.9275,38,2,BUENO
162558,YPF,VACA MUERTA,PETROLEO,2021,3036.6,99.9,2.0,100192.3,630190.0,49990.4,49.9,0.6655,58,3,REGULAR
154791,O&G Developments,VACA MUERTA,PETROLEO,2015,3386.3,100.0,2.0,99579.4,626335.0,75448.1,75.8,0.6674,114,19,REGULAR
165426,YPF,VACA MUERTA,PETROLEO,2024,5072.4,85.3,0.771,99442.6,625474.0,56485.9,56.8,0.8706,24,3,BUENO
162644,YPF,VACA MUERTA,PETROLEO,2021,4855.4,93.8,0.971,99304.8,624607.0,70264.0,70.8,0.905,57,3,BUENO
164351,Pluspetrol,VACA MUERTA,PETROLEO,2023,3746.2,100.0,1.899,99262.9,624344.0,35977.7,36.2,0.9655,25,14,BUENO
164848,Pan American Energy,VACA MUERTA,PETROLEO,2023,5298.0,82.1,0.687,99148.1,623622.0,65041.4,65.6,0.9166,30,4,BUENO
166225,Vista Energy,VACA MUERTA,PETROLEO,2025,4687.2,100.0,1.707,98964.2,622465.0,28869.6,29.2,0.9959,17,2,BUENO
158493,TotalEnergies,VACA MUERTA,GAS,2017,4106.7,99.8,1.565,105495.9,620949.0,74751.8,70.9,0.844,104,4,BUENO
166253,YPF,VACA MUERTA,PETROLEO,2025,7677.7,98.4,0.917,98711.0,620872.0,53762.2,54.5,0.9558,18,1,BUENO
163947,YPF,VACA MUERTA,PETROLEO,2023,4761.5,64.9,0.424,98693.1,620760.0,80188.0,81.2,0.9692,40,4,BUENO
163001,YPF,VACA MUERTA,PETROLEO,2022,5057.3,95.7,1.004,98373.2,618748.0,67485.9,68.6,0.9206,51,4,BUENO
165094,Shell,VACA MUERTA,PETROLEO,2024,7342.6,87.5,0.553,98342.5,618555.0,80816.8,82.2,0.9446,28,2,BUENO
163021,Shell,VACA MUERTA,PETROLEO,2022,4779.7,96.0,1.078,98213.1,617741.0,63204.0,64.4,0.9304,51,3,BUENO
160344,Shell,VACA MUERTA,PETROLEO,2019,5483.5,100.0,1.409,98173.9,617494.0,69120.4,70.4,0.8181,87,1,BUENO
162206,YPF,VACA MUERTA,PETROLEO,2021,4547.6,91.7,0.997,98110.2,617094.0,66895.1,68.2,0.8057,64,2,BUENO
163588,YPF,VACA MUERTA,PETROLEO,2022,6628.2,61.1,0.079,97804.3,615169.0,99917.1,102.2,0.9172,45,3,BUENO
162792,YPF,VACA MUERTA,PETROLEO,2021,4713.9,95.8,1.055,97714.8,614607.0,65379.3,66.9,0.8059,55,3,BUENO
156488,YPF,VACA MUERTA,PETROLEO,2016,2156.6,85.9,1.745,97678.8,614380.0,69807.8,71.5,0.7323,125,1,BUENO
160146,YPF,VACA MUERTA,PETROLEO,2019,5573.9,100.0,1.775,97652.6,614215.0,70330.6,72.0,0.5,90,2,REGULAR
166712,Vista Energy,VACA MUERTA,PETROLEO,2025,6584.5,99.9,1.222,97536.0,613482.0,33729.5,34.6,0.9517,11,2,BUENO
166668,Tecpetrol,VACA MUERTA,PETROLEO,2025,5811.5,97.6,1.047,97530.7,613449.0,36371.9,37.3,0.943,13,1,BUENO
164753,Pan American Energy,VACA MUERTA,PETROLEO,2023,3014.5,95.6,1.536,97508.4,613308.0,39002.0,40.0,0.7595,33,2,BUENO
163087,Pan American Energy,VACA MUERTA,PETROLEO,2022,5851.3,81.9,0.617,97502.5,613271.0,82327.7,84.4,0.8687,52,2,BUENO
162878,YPF,VACA MUERTA,PETROLEO,2021,8273.4,99.9,1.032,97487.2,613175.0,81496.7,83.6,0.7136,55,2,BUENO
166273,Pan American Energy,VACA MUERTA,PETROLEO,2025,3423.5,99.1,1.634,97481.6,613140.0,27840.9,28.6,0.9112,17,2,BUENO
165268,YPF,VACA MUERTA,PETROLEO,2024,4547.8,99.9,1.534,97326.6,612165.0,39262.2,40.3,0.7176,27,2,BUENO
165606,Shell,VACA MUERTA,PETROLEO,2024,6900.8,99.9,1.137,97276.2,611848.0,52895.7,54.4,0.8307,21,3,BUENO
162209,YPF,VACA MUERTA,PETROLEO,2021,6839.6,72.1,0.222,97261.7,611757.0,102826.0,105.7,0.9327,62,4,BUENO
165603,Shell,VACA MUERTA,PETROLEO,2024,5961.8,100.0,1.351,97246.7,611662.0,46746.6,48.1,0.9694,21,3,BUENO
165484,Kilwer,VACA MUERTA,PETROLEO,2024,8069.8,95.7,0.736,97220.8,611499.0,69368.8,71.4,0.8449,23,3,BUENO
163950,YPF,VACA MUERTA,PETROLEO,2023,5695.3,64.3,0.284,97218.6,611486.0,88563.8,91.1,0.942,41,3,BUENO
162883,YPF,VACA MUERTA,PETROLEO,2021,5033.2,75.5,0.569,96831.0,609048.0,82580.1,85.3,0.6902,53,4,REGULAR
154790,O&G Developments,VACA MUERTA,PETROLEO,2015,4442.5,100.0,1.367,96815.4,608950.0,80471.5,83.1,0.8269,114,19,BUENO
164083,TotalEnergies,VACA MUERTA,PETROLEO,2023,6285.4,80.5,0.391,96662.4,607987.0,92577.4,95.8,0.8584,37,6,BUENO
156715,TotalEnergies,VACA MUERTA,GAS,2016,5335.4,90.2,0.9,103000.4,606260.0,89379.9,86.8,0.9406,121,5,BUENO
165402,Pluspetrol,VACA MUERTA,GAS,2023,8391.9,63.5,0.01,102965.8,606057.0,87712.7,85.2,0.8088,19,12,BUENO
165485,YPF,VACA MUERTA,PETROLEO,2024,3301.6,100.0,2.0,96208.0,605129.0,36802.1,38.3,0.3192,21,5,DESCARTADO
165178,YPF,VACA MUERTA,PETROLEO,2024,6016.7,95.9,0.9,96049.0,604129.0,58969.5,61.4,0.8304,27,3,BUENO
163253,Pan American Energy,VACA MUERTA,GAS,2022,2498.6,99.9,2.0,102617.1,604004.0,52538.3,51.2,0.7,37,15,REGULAR
163836,YPF,VACA MUERTA,PETROLEO,2022,7582.7,90.9,0.611,96009.4,603880.0,85503.2,89.1,0.9538,42,3,BUENO
158080,O&G Developments,VACA MUERTA,PETROLEO,2017,3847.4,99.5,1.493,96008.2,603872.0,71044.8,74.0,0.729,108,2,BUENO
165686,YPF,VACA MUERTA,PETROLEO,2024,4402.7,99.9,1.521,95837.1,602796.0,35202.2,36.7,0.8458,21,3,BUENO
166395,Tecpetrol,VACA MUERTA,GAS,2025,18244.8,91.5,0.01,102328.7,602307.0,114917.8,112.3,0.864,15,2,BUENO
166975,YPF,VACA MUERTA,PETROLEO,2025,10637.8,76.8,0.01,95744.9,602216.0,56899.0,59.4,0.9329,6,3,BUENO
165208,Tecpetrol,VACA MUERTA,PETROLEO,2024,3250.2,81.5,0.966,95667.1,601727.0,43662.3,45.6,0.9356,23,7,BUENO
160055,YPF,VACA MUERTA,PETROLEO,2018,3427.9,100.0,1.987,95514.0,600764.0,59331.1,62.1,0.7156,90,3,BUENO
166224,Vista Energy,VACA MUERTA,PETROLEO,2025,7061.4,98.1,0.931,95466.6,600466.0,48723.4,51.0,0.9731,17,2,BUENO
162401,YPF,VACA MUERTA,PETROLEO,2021,6778.9,95.5,0.827,95437.3,600282.0,80238.1,84.1,0.9525,61,2,BUENO
162788,YPF,VACA MUERTA,PETROLEO,2021,5903.4,95.5,0.851,95421.4,600182.0,75266.8,78.9,0.7507,54,4,BUENO
162722,Pan American Energy,VACA MUERTA,PETROLEO,2021,4410.9,98.9,1.287,95398.9,600040.0,57891.5,60.7,0.9772,57,2,BUENO
166986,YPF,VACA MUERTA,PETROLEO,2025,7913.8,67.2,0.01,95321.7,599554.0,53110.3,55.7,0.955,7,2,BUENO
158754,YPF,VACA MUERTA,PETROLEO,2017,3984.0,99.9,1.526,95297.4,599402.0,70176.4,73.6,0.7219,100,5,BUENO
159280,YPF,VACA MUERTA,PETROLEO,2018,4136.6,82.4,0.823,95147.8,598461.0,77344.3,81.3,0.7502,98,2,BUENO
166501,Pampa Energía,VACA MUERTA,PETROLEO,2025,4230.4,100.0,1.929,95072.8,597989.0,25560.1,26.9,0.9792,14,2,BUENO
161254,YPF,VACA MUERTA,PETROLEO,2019,2689.4,86.6,1.37,94942.6,597170.0,58319.0,61.4,0.8029,82,2,BUENO
164676,Shell,VACA MUERTA,PETROLEO,2023,6689.5,98.5,0.985,94650.0,595330.0,59621.0,63.0,0.9094,33,1,BUENO
162073,Pluspetrol,VACA MUERTA,GAS,2021,5682.9,99.9,1.366,100842.5,593559.0,64580.9,64.0,0.7062,67,1,BUENO
163104,Shell,VACA MUERTA,PETROLEO,2022,5236.9,96.0,1.024,94170.5,592314.0,61829.4,65.7,0.9041,51,3,BUENO
164757,Pan American Energy,VACA MUERTA,PETROLEO,2023,2769.9,99.7,2.0,94023.9,591392.0,34320.3,36.5,0.8097,33,2,BUENO
164764,Pan American Energy,VACA MUERTA,PETROLEO,2023,4575.2,96.4,1.123,94015.5,591339.0,48139.1,51.2,0.9789,33,2,BUENO
165096,Shell,VACA MUERTA,PETROLEO,2024,7690.9,83.7,0.354,93952.5,590942.0,87762.1,93.4,0.9493,27,3,BUENO
166446,YPF,VACA MUERTA,PETROLEO,2025,3279.4,99.9,1.834,93905.5,590647.0,24003.0,25.6,0.7903,15,2,BUENO
158425,YPF,VACA MUERTA,GAS,2017,8084.4,65.1,0.01,100253.2,590090.0,100961.7,100.7,0.8469,104,4,BUENO
164962,YPF,VACA MUERTA,PETROLEO,2024,6910.2,95.2,0.799,93771.2,589802.0,66051.9,70.4,0.7782,30,2,BUENO
166244,YPF,VACA MUERTA,PETROLEO,2025,3675.3,97.1,1.336,93759.3,589727.0,31031.3,33.1,0.8884,17,2,BUENO
163975,Vista Energy,VACA MUERTA,PETROLEO,2022,6330.9,99.5,1.082,93526.8,588265.0,60481.7,64.7,0.9773,38,14,BUENO
159223,YPF,VACA MUERTA,PETROLEO,2018,2951.8,99.7,1.834,93502.0,588109.0,62416.5,66.8,0.7721,98,3,BUENO
160210,Vista Energy,VACA MUERTA,PETROLEO,2019,5876.7,99.4,1.152,93261.9,586599.0,73097.1,78.4,0.9229,89,2,BUENO
165427,YPF,VACA MUERTA,PETROLEO,2024,4019.0,95.9,1.13,93091.6,585528.0,44194.5,47.5,0.8868,23,4,BUENO
165405,Pluspetrol,VACA MUERTA,PETROLEO,2024,3021.8,99.9,2.0,93051.0,585272.0,26992.0,29.0,0.8542,21,9,BUENO
161689,YPF,VACA MUERTA,PETROLEO,2020,3823.1,73.4,0.661,92924.0,584473.0,77915.9,83.8,0.9119,74,5,BUENO
165278,YPF,VACA MUERTA,PETROLEO,2024,5966.4,62.5,0.01,92857.8,584057.0,85665.9,92.3,0.9367,23,6,BUENO
164472,YPF,VACA MUERTA,PETROLEO,2023,6464.3,90.7,0.708,92840.0,583945.0,70949.5,76.4,0.7508,35,3,BUENO
166677,YPF,VACA MUERTA,GAS,2025,16265.3,93.0,0.01,99119.7,583419.0,101418.1,102.3,0.7655,10,4,BUENO
165518,Vista Energy,VACA MUERTA,PETROLEO,2024,8137.7,97.5,0.819,92700.1,583065.0,60916.9,65.7,0.9026,24,2,BUENO
162029,YPF,VACA MUERTA,PETROLEO,2020,2736.2,100.0,2.0,92678.1,582927.0,53683.3,57.9,0.6595,57,12,REGULAR
164137,Pan American Energy,VACA MUERTA,PETROLEO,2023,5462.5,100.0,1.438,92644.1,582713.0,51613.8,55.7,0.9056,40,2,BUENO
166495,Pluspetrol,VACA MUERTA,GAS,2025,12686.9,84.4,0.01,98974.5,582564.0,71691.0,72.4,0.9641,6,10,BUENO
164884,YPF,VACA MUERTA,PETROLEO,2023,6662.2,99.9,1.118,92615.7,582534.0,58557.7,63.2,0.9034,29,4,BUENO
161485,Pan American Energy,VACA MUERTA,PETROLEO,2019,1086.2,41.9,2.0,92610.6,582502.0,47431.8,51.2,0.5062,79,2,REGULAR
159739,Pan American Energy,VACA MUERTA,PETROLEO,2018,3425.3,61.2,0.556,92333.2,580757.0,80508.4,87.2,0.9773,92,4,BUENO
165026,Vista Energy,VACA MUERTA,PETROLEO,2024,3664.5,45.6,0.213,92215.0,580014.0,61646.4,66.9,0.9596,28,3,BUENO
156971,YPF,VACA MUERTA,PETROLEO,2016,2593.5,49.6,0.549,92213.0,580001.0,80296.6,87.1,0.7393,118,3,BUENO
162600,Pan American Energy,VACA MUERTA,GAS,2021,15440.7,87.2,0.01,98474.0,579618.0,132686.3,134.7,0.9193,60,1,BUENO
166505,Pluspetrol,VACA MUERTA,GAS,2025,11636.3,83.7,0.01,98467.8,579581.0,71816.7,72.9,0.9124,6,10,BUENO
166775,YPF,VACA MUERTA,PETROLEO,2025,4950.6,100.0,1.794,91934.7,578251.0,27224.4,29.6,0.4113,11,2,REGULAR
163530,Tecpetrol,VACA MUERTA,PETROLEO,2022,3852.2,100.0,2.0,91626.5,576312.0,46406.2,50.6,0.297,42,7,DESCARTADO
166186,YPF,VACA MUERTA,PETROLEO,2025,2894.2,98.5,1.696,91477.3,575374.0,24504.9,26.8,0.8956,16,4,BUENO
164269,YPF,VACA MUERTA,PETROLEO,2023,6981.3,85.9,0.507,91338.3,574500.0,82757.9,90.6,0.8595,37,3,BUENO
163103,Shell,VACA MUERTA,PETROLEO,2022,5052.4,89.2,0.822,91276.0,574108.0,67042.8,73.5,0.8356,51,3,BUENO
162565,YPF,VACA MUERTA,PETROLEO,2021,5471.1,84.1,0.62,91234.3,573846.0,80446.4,88.2,0.9028,57,4,BUENO
157872,YPF,VACA MUERTA,PETROLEO,2017,6471.6,92.8,0.456,91079.1,572869.0,105391.8,115.7,0.8708,102,12,BUENO
165424,YPF,VACA MUERTA,PETROLEO,2024,4394.3,97.8,1.167,91020.4,572500.0,42289.6,46.5,0.8944,24,3,BUENO
165635,Pan American Energy,VACA MUERTA,PETROLEO,2024,5571.9,93.8,0.851,91013.0,572454.0,52172.3,57.3,0.8621,22,2,BUENO
164114,YPF,VACA MUERTA,PETROLEO,2023,2443.3,98.5,2.0,91009.2,572430.0,36804.0,40.4,0.3001,42,0,DESCARTADO
160855,YPF,VACA MUERTA,PETROLEO,2019,3754.0,99.8,1.588,90937.1,571976.0,59145.8,65.0,0.6742,84,2,REGULAR
164350,Pluspetrol,VACA MUERTA,PETROLEO,2023,5835.2,100.0,1.465,90709.9,570547.0,40481.7,44.6,0.8894,25,14,BUENO
166455,YPF,VACA MUERTA,PETROLEO,2025,7132.8,97.0,0.798,90651.1,570177.0,54121.5,59.7,0.7611,15,2,BUENO
165176,YPF,VACA MUERTA,PETROLEO,2024,6158.0,98.5,0.975,90440.7,568854.0,55013.1,60.8,0.8924,27,3,BUENO
165662,Vista Energy,VACA MUERTA,PETROLEO,2024,7393.4,100.0,1.223,90400.1,568599.0,43900.8,48.6,0.9802,22,2,BUENO
165494,YPF,VACA MUERTA,PETROLEO,2024,7696.6,99.9,1.047,90225.6,567501.0,58035.6,64.3,0.8812,23,3,BUENO
164332,Shell,VACA MUERTA,PETROLEO,2023,4201.8,100.0,2.0,90225.0,567497.0,39175.9,43.4,0.6137,37,2,REGULAR
164272,YPF,VACA MUERTA,PETROLEO,2023,7637.3,98.6,0.854,90050.0,566396.0,70321.1,78.1,0.939,38,2,BUENO
157986,O&G Developments,VACA MUERTA,PETROLEO,2017,3924.6,99.6,1.438,90010.9,566151.0,67269.2,74.7,0.6796,108,3,REGULAR
165349,YPF,VACA MUERTA,PETROLEO,2024,6461.1,99.9,1.078,90004.8,566112.0,55831.6,62.0,0.6123,22,6,REGULAR
165653,Pan American Energy,VACA MUERTA,PETROLEO,2024,4537.7,100.0,1.505,89995.0,566051.0,36241.2,40.3,0.7995,22,2,BUENO
163603,YPF,VACA MUERTA,PETROLEO,2022,6252.1,84.5,0.595,89990.5,566022.0,76534.0,85.0,0.9273,47,1,BUENO
160754,Shell,VACA MUERTA,GAS,2019,3559.8,100.0,1.867,95983.6,564959.0,56518.5,58.9,0.2189,69,17,DESCARTADO
156707,YPF,VACA MUERTA,PETROLEO,2016,2377.7,61.9,0.83,89815.9,564924.0,72521.5,80.7,0.8131,120,4,BUENO
163847,YPF,VACA MUERTA,PETROLEO,2022,3782.2,99.2,1.366,89717.2,564303.0,47205.3,52.6,0.9301,40,5,BUENO
163778,Pan American Energy,VACA MUERTA,PETROLEO,2022,5585.3,99.2,1.084,89468.9,562741.0,59218.8,66.2,0.9303,44,2,BUENO
159027,YPF,VACA MUERTA,PETROLEO,2018,2282.3,63.2,0.905,89462.1,562699.0,66717.1,74.6,0.7893,100,3,BUENO
159226,YPF,VACA MUERTA,PETROLEO,2018,2311.8,64.1,0.958,89407.7,562357.0,64230.1,71.8,0.7542,99,2,BUENO
165296,Vista Energy,VACA MUERTA,PETROLEO,2024,8145.9,94.3,0.676,89351.0,562000.0,68694.6,76.9,0.9602,27,1,BUENO
163526,ExxonMobil,VACA MUERTA,PETROLEO,2022,7698.3,98.8,0.879,89290.5,561619.0,63196.7,70.8,0.9416,30,19,BUENO
160346,Shell,VACA MUERTA,PETROLEO,2019,5229.5,100.0,1.583,89077.7,560281.0,61059.1,68.5,0.8046,87,1,BUENO
162212,YPF,VACA MUERTA,PETROLEO,2021,2881.7,100.0,2.0,88973.1,559623.0,46544.1,52.3,0.5853,64,2,REGULAR
163689,YPF,VACA MUERTA,PETROLEO,2022,1594.5,80.7,2.0,88944.8,559445.0,35066.8,39.4,0.4179,45,2,REGULAR
159281,YPF,VACA MUERTA,PETROLEO,2018,3472.3,99.9,1.737,88835.1,558755.0,58969.0,66.4,0.8272,98,2,BUENO
166717,Vista Energy,VACA MUERTA,PETROLEO,2025,5852.9,99.4,1.102,88797.3,558517.0,34142.9,38.5,0.9741,11,2,BUENO
165604,Shell,VACA MUERTA,PETROLEO,2024,6300.9,100.0,1.272,88785.5,558443.0,48456.7,54.6,0.9488,21,3,BUENO
160184,TotalEnergies,VACA MUERTA,GAS,2019,8475.9,99.7,0.981,94820.5,558113.0,84968.4,89.6,0.9593,89,3,BUENO
165525,Pan American Energy,VACA MUERTA,PETROLEO,2024,5136.9,82.5,0.605,88660.6,557657.0,59792.4,67.4,0.8911,22,4,BUENO
165089,Pampa Energía,VACA MUERTA,PETROLEO,2024,5894.7,100.0,0.857,88497.0,556628.0,83044.9,93.8,0.8241,14,17,BUENO
166322,YPF,VACA MUERTA,PETROLEO,2025,6485.1,100.0,1.489,88314.9,555483.0,40031.8,45.3,0.6363,14,4,REGULAR
164933,Shell,VACA MUERTA,PETROLEO,2023,5938.0,99.9,1.162,88249.5,555072.0,53994.0,61.2,0.937,29,3,BUENO
164679,Shell,VACA MUERTA,PETROLEO,2023,3991.9,99.2,1.32,88231.7,554960.0,43630.9,49.5,0.94,31,3,BUENO
162031,YPF,VACA MUERTA,PETROLEO,2020,3745.4,99.4,1.435,87840.3,552498.0,53318.8,60.7,0.8663,66,3,BUENO
165562,Vista Energy,VACA MUERTA,PETROLEO,2024,6951.9,96.1,0.776,87761.5,552002.0,59034.6,67.3,0.8542,22,3,BUENO
166171,Tecpetrol,VACA MUERTA,PETROLEO,2025,6834.4,99.9,1.134,87716.7,551720.0,43476.9,49.6,0.9207,19,1,BUENO
166210,Pan American Energy,VACA MUERTA,PETROLEO,2025,5496.7,62.6,0.236,87708.8,551671.0,59247.0,67.5,0.9355,18,2,BUENO
164789,YPF,VACA MUERTA,PETROLEO,2023,5521.5,98.4,1.01,87473.3,550190.0,53848.8,61.6,0.8132,30,4,BUENO
153621,YPF,VACA MUERTA,PETROLEO,2014,3929.8,91.8,0.981,87305.1,549132.0,76465.1,87.6,0.9102,137,4,BUENO
163440,Kilwer,VACA MUERTA,PETROLEO,2022,6495.1,100.0,1.233,87293.2,549057.0,57758.7,66.2,0.9325,49,1,BUENO
158239,YPF,VACA MUERTA,PETROLEO,2017,3508.8,99.2,1.391,87251.8,548796.0,65319.7,74.9,0.8432,104,6,BUENO
166265,Tecpetrol,VACA MUERTA,GAS,2025,8693.5,71.6,0.01,93132.7,548179.0,85137.8,91.4,0.939,17,2,BUENO
166540,Capex,VACA MUERTA,PETROLEO,2025,3170.3,100.0,2.0,87067.3,547636.0,21241.9,24.4,0.9783,14,2,BUENO
165787,YPF,VACA MUERTA,PETROLEO,2024,6760.0,99.9,0.952,87047.7,547513.0,61415.8,70.6,0.8313,16,6,BUENO
158041,YPF,VACA MUERTA,PETROLEO,2017,2053.7,25.5,0.01,86950.7,546903.0,82141.2,94.5,0.7712,109,3,BUENO
166782,YPF,VACA MUERTA,PETROLEO,2025,9951.4,83.4,0.178,86907.3,546630.0,71439.0,82.2,0.9657,12,1,BUENO
163853,YPF,VACA MUERTA,PETROLEO,2022,5382.3,69.0,0.247,86905.9,546621.0,83873.1,96.5,0.939,41,4,BUENO
165362,YPF,VACA MUERTA,PETROLEO,2024,6933.3,94.8,0.674,86884.6,546487.0,68567.4,78.9,0.8885,25,3,BUENO
166331,Vista Energy,VACA MUERTA,PETROLEO,2025,8279.2,84.7,0.338,86882.9,546476.0,69127.4,79.6,0.9447,15,3,BUENO
157875,YPF,VACA MUERTA,PETROLEO,2017,2559.1,92.7,1.456,86875.5,546430.0,62824.7,72.3,0.7087,110,4,BUENO
165238,Pluspetrol,VACA MUERTA,GAS,2024,9536.8,75.8,0.01,92796.1,546198.0,94115.6,101.4,0.8757,21,10,BUENO
164009,Shell,VACA MUERTA,PETROLEO,2023,5134.9,64.1,0.107,86765.9,545740.0,84125.7,97.0,0.6316,32,10,REGULAR
157114,YPF,VACA MUERTA,PETROLEO,2016,1960.0,80.4,1.496,86638.8,544941.0,61178.1,70.6,0.7202,117,3,BUENO
165722,YPF,VACA MUERTA,PETROLEO,2024,2229.5,98.8,1.78,86546.8,544362.0,30380.5,35.1,0.8556,13,10,BUENO
163101,Pan American Energy,VACA MUERTA,PETROLEO,2022,4749.9,98.2,1.08,86450.1,543754.0,58653.1,67.8,0.8838,50,4,BUENO
158044,YPF,VACA MUERTA,PETROLEO,2017,3136.7,67.6,0.691,86274.7,542651.0,74133.4,85.9,0.9199,109,3,BUENO
165644,Pan American Energy,VACA MUERTA,PETROLEO,2024,3953.8,89.6,0.966,86195.7,542154.0,38332.2,44.5,0.8954,22,2,BUENO
161367,YPF,VACA MUERTA,PETROLEO,2019,3763.5,99.5,1.425,86183.4,542076.0,56283.1,65.3,0.7782,81,2,BUENO
158953,Tecpetrol,VACA MUERTA,GAS,2018,4320.4,66.7,0.445,91966.9,541317.0,88677.5,96.4,0.8072,98,6,BUENO
165415,YPF,VACA MUERTA,PETROLEO,2024,6571.6,99.8,1.076,86057.9,541287.0,50191.5,58.3,0.7899,26,1,BUENO
156714,TotalEnergies,VACA MUERTA,GAS,2016,3348.4,92.1,1.222,91869.1,540742.0,71394.7,77.7,0.9225,123,1,BUENO
163846,YPF,VACA MUERTA,PETROLEO,2022,5073.8,94.5,0.864,85953.7,540632.0,62372.1,72.6,0.8981,41,4,BUENO
161531,Shell,VACA MUERTA,PETROLEO,2019,5328.5,99.4,1.12,85778.6,539530.0,68149.1,79.4,0.7774,78,2,BUENO
163590,YPF,VACA MUERTA,PETROLEO,2022,5717.2,63.8,0.01,85591.5,538353.0,89267.5,104.3,0.8996,43,5,BUENO
165051,YPF,VACA MUERTA,PETROLEO,2024,3754.6,95.0,1.107,85445.3,537434.0,42700.2,50.0,0.6778,28,3,REGULAR
162791,YPF,VACA MUERTA,PETROLEO,2021,4880.4,100.0,1.342,85386.2,537062.0,56782.2,66.5,0.6917,54,4,REGULAR
158427,YPF,VACA MUERTA,PETROLEO,2017,4115.2,90.9,0.875,85123.4,535409.0,74711.6,87.8,0.8982,103,5,BUENO
166853,Petrolera El Trébol,VACA MUERTA,PETROLEO,2025,8479.1,74.6,0.01,85094.7,535229.0,58690.6,69.0,0.936,8,3,BUENO
161917,Shell,VACA MUERTA,PETROLEO,2020,4483.6,99.9,1.343,84913.3,534088.0,56149.8,66.1,0.9197,67,3,BUENO
158471,O&G Developments,VACA MUERTA,PETROLEO,2017,3105.6,100.0,1.831,84828.7,533556.0,57456.7,67.7,0.7735,104,2,BUENO
162648,YPF,VACA MUERTA,PETROLEO,2021,6006.7,81.7,0.511,84817.4,533484.0,79212.8,93.4,0.9376,58,2,BUENO
160691,YPF,VACA MUERTA,PETROLEO,2019,7154.5,73.0,0.01,84672.6,532574.0,88368.7,104.4,0.8116,82,5,BUENO
166288,Pan American Energy,VACA MUERTA,PETROLEO,2025,4180.4,99.7,1.383,84632.7,532323.0,29939.6,35.4,0.9198,17,2,BUENO
163071,YPF,VACA MUERTA,PETROLEO,2022,5271.4,99.5,1.114,84605.4,532151.0,58848.0,69.6,0.8656,51,3,BUENO
166554,YPF,VACA MUERTA,PETROLEO,2025,3587.7,100.0,2.0,84566.6,531907.0,25949.8,30.7,0.2884,11,5,DESCARTADO
159710,YPF,VACA MUERTA,PETROLEO,2018,5372.9,94.0,0.845,84477.5,531347.0,75739.9,89.7,0.9031,94,2,BUENO
161722,YPF,VACA MUERTA,PETROLEO,2020,2023.4,28.9,0.01,84333.6,530441.0,75872.2,90.0,0.4632,69,9,REGULAR
162406,YPF,VACA MUERTA,PETROLEO,2021,6802.2,89.2,0.579,84279.8,530103.0,80881.1,96.0,0.9306,61,2,BUENO
164932,Shell,VACA MUERTA,PETROLEO,2023,4795.4,99.9,1.287,84159.6,529347.0,45820.3,54.4,0.9614,29,3,BUENO
163228,YPF,VACA MUERTA,PETROLEO,2022,5709.6,98.9,1.028,84156.2,529326.0,60084.3,71.4,0.8869,49,3,BUENO
166662,Pluspetrol,VACA MUERTA,GAS,2025,9149.2,98.6,0.734,89857.9,528904.0,46246.0,51.5,0.9894,6,8,BUENO
165565,YPF,VACA MUERTA,PETROLEO,2024,4184.5,78.6,0.664,83958.1,528080.0,49072.2,58.4,0.9219,23,2,BUENO
165305,Pan American Energy,VACA MUERTA,PETROLEO,2024,4700.5,82.6,0.618,83856.3,527439.0,58505.0,69.8,0.9222,25,4,BUENO
165724,YPF,VACA MUERTA,PETROLEO,2024,2701.9,40.4,0.01,83844.4,527365.0,48758.6,58.2,0.6282,13,10,REGULAR
161723,YPF,VACA MUERTA,PETROLEO,2020,2210.4,86.7,1.335,83793.5,527044.0,52764.6,63.0,0.8135,73,5,BUENO
163015,Shell,VACA MUERTA,PETROLEO,2022,4738.4,58.0,0.137,83760.1,526834.0,83349.1,99.5,0.9199,50,4,BUENO
165631,Pluspetrol,VACA MUERTA,GAS,2023,10361.3,88.1,0.313,89424.9,526355.0,78070.2,87.3,0.9377,16,10,BUENO
166539,Capex,VACA MUERTA,PETROLEO,2025,3482.4,100.0,1.844,83670.1,526268.0,22159.8,26.5,0.9801,14,2,BUENO
164510,Pan American Energy,VACA MUERTA,PETROLEO,2023,5236.6,90.0,0.654,83600.7,525832.0,68683.7,82.2,0.8249,33,5,BUENO
157874,YPF,VACA MUERTA,PETROLEO,2017,2089.7,97.1,2.0,83505.1,525230.0,56851.9,68.1,0.6817,113,1,REGULAR
164528,Pluspetrol,VACA MUERTA,GAS,2023,6177.8,100.0,1.563,89161.4,524804.0,44023.3,49.4,0.5803,25,12,REGULAR
165092,Kilwer,VACA MUERTA,PETROLEO,2024,6240.2,99.2,0.983,83202.6,523328.0,53095.0,63.8,0.9603,29,2,BUENO
163940,YPF,VACA MUERTA,PETROLEO,2023,4218.6,55.8,0.226,83138.7,522926.0,73143.1,88.0,0.9303,41,3,BUENO
164649,YPF,VACA MUERTA,PETROLEO,2023,7040.1,80.6,0.356,83121.4,522817.0,78630.3,94.6,0.8937,34,2,BUENO
158469,O&G Developments,VACA MUERTA,PETROLEO,2017,3084.9,100.0,1.953,82949.0,521733.0,55668.9,67.1,0.7864,104,2,BUENO
159840,YPF,VACA MUERTA,PETROLEO,2018,2451.9,99.8,2.0,82914.2,521514.0,51627.6,62.3,0.6645,92,4,REGULAR
166807,YPF,VACA MUERTA,PETROLEO,2025,6503.6,88.7,0.569,82871.4,521245.0,43784.3,52.8,0.9648,9,3,BUENO
161604,YPF,VACA MUERTA,PETROLEO,2020,3229.4,100.0,2.0,82606.0,519575.0,52749.2,63.9,0.3712,76,4,DESCARTADO
162640,YPF,VACA MUERTA,PETROLEO,2021,3052.2,38.6,0.01,82555.0,519254.0,77176.1,93.5,0.6121,57,3,REGULAR
162165,Shell,VACA MUERTA,PETROLEO,2021,4371.2,58.3,0.01,82544.8,519190.0,82078.9,99.4,0.7857,58,7,BUENO
162789,YPF,VACA MUERTA,PETROLEO,2021,2167.5,31.0,0.01,82450.8,518599.0,69783.0,84.6,0.5651,52,6,REGULAR
155547,YPF,VACA MUERTA,PETROLEO,2015,3823.6,98.9,1.307,82434.9,518499.0,65769.8,79.8,0.9043,128,2,BUENO
165464,Pluspetrol,VACA MUERTA,PETROLEO,2024,5723.1,95.6,0.812,82301.1,517657.0,51185.6,62.2,0.8615,20,7,BUENO
163230,YPF,VACA MUERTA,PETROLEO,2022,4349.6,98.9,1.197,82112.8,516473.0,51328.9,62.5,0.7676,50,2,BUENO
164132,Pan American Energy,VACA MUERTA,PETROLEO,2023,4995.0,100.0,1.688,82089.3,516325.0,42487.3,51.8,0.8949,40,2,BUENO
164441,Shell,VACA MUERTA,PETROLEO,2023,3860.7,83.4,0.778,82075.0,516235.0,52665.5,64.2,0.8928,35,3,BUENO
155535,YPF,VACA MUERTA,PETROLEO,2015,3069.8,100.0,2.0,82043.7,516038.0,70089.4,85.4,0.3921,127,3,DESCARTADO
156493,YPF,VACA MUERTA,PETROLEO,2016,2251.9,99.2,2.0,82036.5,515993.0,61204.7,74.6,0.4664,124,2,REGULAR
163168,YPF,VACA MUERTA,GAS,2022,5428.2,75.4,0.01,87593.6,515576.0,88930.5,101.5,0.7893,42,11,BUENO
153620,YPF,VACA MUERTA,PETROLEO,2015,2364.3,97.7,1.774,81942.6,515403.0,62970.1,76.8,0.7199,138,2,BUENO
164378,Kilwer,VACA MUERTA,PETROLEO,2023,7343.4,100.0,1.447,81828.2,514683.0,46833.1,57.2,0.9675,38,1,BUENO
162403,YPF,VACA MUERTA,PETROLEO,2021,4933.5,99.8,1.226,81822.6,514648.0,56588.7,69.2,0.8464,61,2,BUENO
146978,YPF,VACA MUERTA,GAS,2014,4992.3,57.3,0.01,87371.8,514270.0,87752.8,100.4,0.9531,140,12,BUENO
163848,YPF,VACA MUERTA,PETROLEO,2022,4530.2,89.3,0.788,81682.5,513767.0,58109.0,71.1,0.9498,40,5,BUENO
158470,O&G Developments,VACA MUERTA,PETROLEO,2017,3030.7,100.0,1.895,81549.3,512929.0,55075.8,67.5,0.7459,104,2,BUENO
165095,Shell,VACA MUERTA,PETROLEO,2024,7373.4,95.7,0.677,81489.0,512550.0,67189.0,82.5,0.911,28,2,BUENO
161530,TotalEnergies,VACA MUERTA,PETROLEO,2019,4036.4,54.8,0.204,81365.1,511770.0,81808.8,100.5,0.9122,72,9,BUENO
159026,YPF,VACA MUERTA,PETROLEO,2018,3203.2,97.4,1.328,81289.9,511297.0,58272.7,71.7,0.8084,99,4,BUENO
163974,Vista Energy,VACA MUERTA,PETROLEO,2022,6988.2,96.3,0.729,81052.6,509805.0,68883.9,85.0,0.9771,38,14,BUENO
166249,YPF,VACA MUERTA,PETROLEO,2025,6133.9,80.6,0.398,81034.8,509693.0,59027.6,72.8,0.9176,16,3,BUENO
164405,YPF,VACA MUERTA,PETROLEO,2023,4906.7,100.0,1.653,80806.7,508258.0,43282.6,53.6,0.8187,36,3,BUENO
165374,Vista Energy,VACA MUERTA,PETROLEO,2024,7246.8,90.0,0.576,80742.0,507851.0,63818.2,79.0,0.9762,26,2,BUENO
157863,YPF,VACA MUERTA,PETROLEO,2017,2328.4,36.7,0.265,80740.1,507839.0,75601.1,93.6,0.8654,113,1,BUENO
165482,Kilwer,VACA MUERTA,PETROLEO,2024,12129.3,93.6,0.34,80555.8,506680.0,84508.1,104.9,0.9455,25,1,BUENO
166694,YPF,VACA MUERTA,PETROLEO,2025,7137.8,70.1,0.01,80404.0,505725.0,60234.5,74.9,0.8662,11,3,BUENO
166321,YPF,VACA MUERTA,PETROLEO,2025,3647.3,100.0,2.0,80376.3,505551.0,22418.8,27.9,0.4649,14,4,REGULAR
163811,Pluspetrol,VACA MUERTA,PETROLEO,2022,6120.6,92.7,0.44,80368.2,505500.0,82597.3,102.8,0.8082,36,9,BUENO
165049,YPF,VACA MUERTA,PETROLEO,2024,3560.6,99.8,1.466,80336.1,505298.0,35562.6,44.3,0.8358,28,3,BUENO
146224,YPF,VACA MUERTA,PETROLEO,2014,2255.0,88.7,1.421,80266.9,504863.0,64267.7,80.1,0.8215,150,2,BUENO
161603,YPF,VACA MUERTA,GAS,2020,1618.5,24.3,0.01,85749.4,504721.0,63541.8,74.1,0.7082,48,32,BUENO
158753,YPF,VACA MUERTA,PETROLEO,2017,3173.7,97.4,1.325,80185.3,504349.0,59296.1,73.9,0.7151,102,3,BUENO
162794,YPF,VACA MUERTA,PETROLEO,2021,3782.2,75.6,0.603,80139.3,504060.0,65833.3,82.1,0.9206,54,4,BUENO
156334,YPF,VACA MUERTA,PETROLEO,2016,2379.2,94.5,1.536,80123.5,503961.0,60260.6,75.2,0.7178,125,2,BUENO
165179,YPF,VACA MUERTA,PETROLEO,2024,4291.6,91.5,0.827,80072.2,503638.0,50115.3,62.6,0.598,25,5,REGULAR
153541,TotalEnergies,VACA MUERTA,GAS,2014,7768.6,67.5,0.01,85535.9,503464.0,86933.2,101.6,0.9418,134,7,BUENO
163303,Shell,VACA MUERTA,PETROLEO,2022,5092.3,100.0,1.369,79986.7,503100.0,48501.0,60.6,0.9241,48,2,BUENO
163578,Vista Energy,VACA MUERTA,PETROLEO,2022,2519.4,94.6,1.483,79968.2,502984.0,37182.4,46.5,0.9037,45,7,BUENO
158560,YPF,VACA MUERTA,PETROLEO,2017,3284.0,49.2,0.01,79913.9,502642.0,81734.7,102.3,0.9388,100,7,BUENO
166693,YPF,VACA MUERTA,PETROLEO,2025,6983.7,69.6,0.01,79815.2,502022.0,59482.2,74.5,0.9247,11,3,BUENO
162723,Pan American Energy,VACA MUERTA,PETROLEO,2021,2281.3,99.3,2.0,79770.4,501740.0,38326.1,48.0,0.7683,58,1,BUENO
147021,O&G Developments,VACA MUERTA,PETROLEO,2014,2458.2,99.2,1.854,79642.7,500937.0,63407.1,79.6,0.5798,147,1,REGULAR
164401,YPF,VACA MUERTA,PETROLEO,2023,4343.6,99.9,1.352,79518.2,500154.0,43195.9,54.3,0.9458,35,4,BUENO
165185,YPF,VACA MUERTA,PETROLEO,2024,5455.8,91.7,0.719,79512.4,500117.0,56269.3,70.8,0.9335,27,3,BUENO
163600,YPF,VACA MUERTA,PETROLEO,2022,4980.3,62.3,0.207,79207.1,498197.0,77326.4,97.6,0.8591,47,1,BUENO
157410,YPF,VACA MUERTA,PETROLEO,2016,1503.7,62.6,1.331,79190.7,498094.0,55397.5,70.0,0.7422,114,3,BUENO
156473,YPF,VACA MUERTA,PETROLEO,2016,2228.4,86.7,1.347,79093.5,497482.0,59484.6,75.2,0.8631,124,2,BUENO
163302,Shell,VACA MUERTA,PETROLEO,2022,4676.5,100.0,1.426,79021.9,497032.0,48608.7,61.5,0.9007,47,3,BUENO
165605,Shell,VACA MUERTA,PETROLEO,2024,6142.3,100.0,1.186,78758.9,495378.0,46654.9,59.2,0.8524,21,3,BUENO
162402,YPF,VACA MUERTA,PETROLEO,2021,3947.5,97.7,1.155,78447.2,493417.0,51061.0,65.1,0.9322,61,2,BUENO
166995,YPF,VACA MUERTA,PETROLEO,2025,7746.1,85.8,0.332,78386.4,493035.0,42274.8,53.9,0.989,6,3,BUENO
159634,TotalEnergies,VACA MUERTA,PETROLEO,2018,3487.2,68.6,0.563,78343.1,492762.0,71568.0,91.4,0.9088,92,6,BUENO
165325,Shell,VACA MUERTA,PETROLEO,2024,7603.4,100.0,1.3,78102.2,491247.0,46584.0,59.6,0.9939,24,4,BUENO
163719,Pan American Energy,VACA MUERTA,PETROLEO,2022,3176.6,98.0,1.343,78063.2,491002.0,40676.2,52.1,0.9134,44,3,BUENO
163066,YPF,VACA MUERTA,PETROLEO,2022,4084.0,60.4,0.307,78051.1,490926.0,71274.4,91.3,0.8095,52,2,BUENO
163842,YPF,VACA MUERTA,PETROLEO,2022,4146.6,49.6,0.01,78044.7,490886.0,72383.7,92.7,0.6581,42,3,REGULAR
156970,YPF,VACA MUERTA,PETROLEO,2016,2585.4,53.7,0.52,77986.7,490521.0,70182.3,90.0,0.8386,119,2,BUENO
166231,Chevron,VACA MUERTA,PETROLEO,2025,6086.2,64.3,0.01,77914.7,490068.0,61468.0,78.9,0.8544,15,4,BUENO
163301,Shell,VACA MUERTA,PETROLEO,2022,12902.0,100.0,1.097,77851.6,489671.0,68969.6,88.6,0.8624,48,2,BUENO
166158,Pan American Energy,VACA MUERTA,PETROLEO,2024,6737.4,97.4,0.795,77772.0,489170.0,49327.4,63.4,0.7096,18,3,BUENO
160472,Shell,VACA MUERTA,GAS,2019,3992.3,59.4,0.01,83051.2,488839.0,90395.6,108.8,0.652,63,25,REGULAR
166462,YPF,VACA MUERTA,PETROLEO,2025,6862.6,94.7,0.675,77525.7,487621.0,48821.1,63.0,0.6609,14,3,REGULAR
164090,Vista Energy,VACA MUERTA,PETROLEO,2023,2516.3,92.8,1.355,77505.8,487496.0,36077.2,46.5,0.9401,39,3,BUENO
166218,Vista Energy,VACA MUERTA,PETROLEO,2025,4895.8,98.7,1.073,77503.4,487481.0,33915.3,43.8,0.8881,17,2,BUENO
163069,YPF,VACA MUERTA,PETROLEO,2022,3082.0,53.6,0.339,77258.6,485941.0,64964.9,84.1,0.5802,50,4,REGULAR
162404,YPF,VACA MUERTA,PETROLEO,2021,6974.3,97.2,0.79,77148.5,485249.0,71460.1,92.6,0.8662,62,1,BUENO
158561,YPF,VACA MUERTA,PETROLEO,2017,2574.0,100.0,2.0,76944.0,483962.0,51781.7,67.3,0.5449,105,2,REGULAR
161692,YPF,VACA MUERTA,PETROLEO,2020,2142.5,58.9,0.674,76930.9,483880.0,58016.8,75.4,0.8179,73,6,BUENO
156320,YPF,VACA MUERTA,PETROLEO,2016,1709.9,93.9,2.0,76834.0,483270.0,55360.1,72.1,0.4363,124,3,REGULAR
163106,Shell,VACA MUERTA,PETROLEO,2022,4876.8,96.1,0.912,76825.9,483220.0,57092.6,74.3,0.9024,50,4,BUENO
163705,Pan American Energy,VACA MUERTA,PETROLEO,2022,5364.7,88.9,0.678,76660.6,482180.0,62871.9,82.0,0.9514,45,2,BUENO
166579,Shell,VACA MUERTA,PETROLEO,2025,6976.8,100.0,1.234,76595.9,481773.0,35510.6,46.4,0.9835,14,2,BUENO
158424,YPF,VACA MUERTA,GAS,2017,7885.0,76.5,0.01,81843.7,481732.0,88639.8,108.3,0.7713,103,5,BUENO
163074,YPF,VACA MUERTA,PETROLEO,2022,3520.5,77.3,0.673,76588.8,481728.0,58731.3,76.7,0.8991,51,3,BUENO
166192,YPF,VACA MUERTA,PETROLEO,2025,5858.8,99.7,0.929,76156.4,479009.0,49169.9,64.6,0.7098,14,6,BUENO
162570,YPF,VACA MUERTA,PETROLEO,2021,4706.2,76.4,0.409,76026.8,478193.0,73413.9,96.6,0.9089,56,5,BUENO
166531,Pan American Energy,VACA MUERTA,PETROLEO,2025,7199.3,73.5,0.092,75975.0,477868.0,59710.3,78.6,0.9773,13,3,BUENO
160434,YPF,VACA MUERTA,PETROLEO,2019,3412.8,98.5,1.285,75956.2,477749.0,52838.4,69.6,0.8598,87,2,BUENO
164334,Shell,VACA MUERTA,PETROLEO,2023,7884.5,99.4,0.816,75956.0,477748.0,66937.2,88.1,0.9364,37,2,BUENO
166951,Shell,VACA MUERTA,PETROLEO,2025,3309.5,100.0,1.621,75792.7,476721.0,19709.3,26.0,0.9833,6,5,BUENO
166672,YPF,VACA MUERTA,PETROLEO,2025,3591.3,99.7,1.389,75788.3,476693.0,21838.4,28.8,0.7747,11,3,BUENO
165348,YPF,VACA MUERTA,PETROLEO,2024,5498.8,74.1,0.336,75666.5,475927.0,62375.4,82.4,0.6124,25,3,REGULAR
165687,YPF,VACA MUERTA,PETROLEO,2024,3295.7,100.0,2.0,75653.3,475844.0,24277.2,32.1,0.7588,21,3,BUENO
162939,YPF,VACA MUERTA,PETROLEO,2022,3502.1,90.5,0.96,75523.4,475027.0,50507.2,66.9,0.889,54,2,BUENO
164858,Pluspetrol,VACA MUERTA,GAS,2023,11085.3,96.5,0.411,80690.1,474942.0,81783.6,101.4,0.8436,20,14,BUENO
158562,YPF,VACA MUERTA,PETROLEO,2017,2606.4,100.0,2.0,75393.5,474210.0,51326.6,68.1,0.6124,104,3,REGULAR
164800,YPF,VACA MUERTA,PETROLEO,2023,6163.4,68.5,0.024,75391.1,474195.0,77091.9,102.3,0.9401,31,3,BUENO
166856,Petrolera El Trébol,VACA MUERTA,PETROLEO,2025,6131.0,76.6,0.312,75317.6,473733.0,41065.2,54.5,0.8988,9,2,BUENO
162942,YPF,VACA MUERTA,PETROLEO,2022,7618.0,98.9,0.682,75245.3,473278.0,77384.8,102.8,0.9442,52,4,BUENO
163070,YPF,VACA MUERTA,PETROLEO,2022,3429.5,97.9,1.181,75123.4,472511.0,47339.7,63.0,0.807,50,4,BUENO
163598,YPF,VACA MUERTA,PETROLEO,2022,5068.0,89.3,0.639,75122.9,472508.0,64678.0,86.1,0.9028,45,3,BUENO
166242,YPF,VACA MUERTA,PETROLEO,2025,3075.7,99.9,1.663,74971.3,471554.0,22919.8,30.6,0.8575,17,2,BUENO
161707,Shell,VACA MUERTA,PETROLEO,2020,4453.4,100.0,1.63,74958.8,471476.0,55045.8,73.4,0.589,73,5,REGULAR
163019,Shell,VACA MUERTA,PETROLEO,2022,5487.5,98.5,0.938,74946.8,471400.0,57719.2,77.0,0.9403,51,3,BUENO
165499,YPF,VACA MUERTA,PETROLEO,2024,2344.0,99.9,2.0,74866.7,470897.0,23330.4,31.2,0.5754,23,3,REGULAR
165566,YPF,VACA MUERTA,PETROLEO,2024,2652.5,42.9,0.228,74863.9,470879.0,42747.8,57.1,0.8,23,2,BUENO
166304,Pampa Energía,VACA MUERTA,PETROLEO,2025,7475.3,70.2,0.01,74727.7,470022.0,64235.4,86.0,0.8684,16,2,BUENO
156491,YPF,VACA MUERTA,PETROLEO,2016,2842.6,100.0,1.825,74592.9,469174.0,55562.5,74.5,0.7541,123,3,BUENO
162168,Shell,VACA MUERTA,PETROLEO,2021,2187.5,41.5,0.27,74592.8,469174.0,63236.0,84.8,0.463,61,4,REGULAR
160429,YPF,VACA MUERTA,PETROLEO,2019,5257.2,98.4,0.903,74346.1,467622.0,68708.7,92.4,0.7684,85,4,BUENO
165423,YPF,VACA MUERTA,PETROLEO,2024,5911.9,63.8,0.01,74304.4,467360.0,70011.9,94.2,0.8805,25,2,BUENO
164805,YPF,VACA MUERTA,PETROLEO,2023,4739.0,83.9,0.614,74280.6,467210.0,55482.1,74.7,0.9372,32,2,BUENO
160909,Pan American Energy,VACA MUERTA,PETROLEO,2019,2040.7,69.8,1.007,74202.0,466716.0,49690.6,67.0,0.8601,83,2,BUENO
163018,Shell,VACA MUERTA,PETROLEO,2022,5166.5,97.9,0.919,74026.5,465612.0,56875.8,76.8,0.8032,51,3,BUENO
165496,YPF,VACA MUERTA,PETROLEO,2024,10034.5,100.0,0.949,73903.1,464836.0,61371.5,83.0,0.7623,23,3,BUENO
158045,YPF,VACA MUERTA,PETROLEO,2017,2862.5,84.0,0.93,73841.2,464446.0,60562.5,82.0,0.8982,109,3,BUENO
158042,YPF,VACA MUERTA,PETROLEO,2017,1932.6,43.3,0.456,73712.3,463636.0,62960.3,85.4,0.7185,109,3,BUENO
154932,YPF,VACA MUERTA,PETROLEO,2015,2822.3,100.0,2.0,73695.0,463527.0,56285.5,76.4,0.8156,131,3,BUENO
164566,YPF,VACA MUERTA,PETROLEO,2023,4474.7,66.0,0.246,73429.1,461854.0,66438.3,90.5,0.8042,34,3,BUENO
153773,YPF,VACA MUERTA,PETROLEO,2015,2351.4,89.3,1.251,73427.1,461842.0,59659.7,81.3,0.7667,137,2,BUENO
156336,YPF,VACA MUERTA,PETROLEO,2016,2314.5,98.8,1.669,73162.6,460178.0,55120.8,75.3,0.7691,124,3,BUENO
165506,YPF,VACA MUERTA,PETROLEO,2024,2676.1,83.1,0.965,72999.6,459153.0,32871.8,45.0,0.8386,24,2,BUENO
156335,YPF,VACA MUERTA,PETROLEO,2016,2300.7,86.6,1.212,72945.5,458813.0,55802.1,76.5,0.8283,125,2,BUENO
160345,Shell,VACA MUERTA,PETROLEO,2019,4160.7,99.4,1.21,72803.2,457918.0,55152.8,75.8,0.9137,87,1,BUENO
163299,Shell,VACA MUERTA,PETROLEO,2022,10813.8,96.7,0.354,72791.0,457841.0,79469.6,109.2,0.9425,45,5,BUENO
162556,YPF,VACA MUERTA,PETROLEO,2021,3470.6,100.0,1.946,72725.1,457426.0,37999.9,52.3,0.8271,60,1,BUENO
166774,YPF,VACA MUERTA,PETROLEO,2025,3258.6,100.0,2.0,72663.5,457039.0,18856.6,26.0,0.3111,11,2,DESCARTADO
156490,YPF,VACA MUERTA,PETROLEO,2016,2231.2,97.5,1.674,72619.3,456761.0,53093.7,73.1,0.7494,125,1,BUENO
166444,YPF,VACA MUERTA,PETROLEO,2025,2343.5,100.0,2.0,72568.0,456438.0,21490.9,29.6,0.7285,11,6,BUENO
164442,Shell,VACA MUERTA,PETROLEO,2023,3447.7,99.8,1.394,72511.7,456084.0,37518.9,51.7,0.8523,34,4,BUENO
164929,Shell,VACA MUERTA,PETROLEO,2023,5773.4,99.9,1.088,72360.4,455132.0,46572.2,64.4,0.9586,30,2,BUENO
158896,YPF,VACA MUERTA,PETROLEO,2018,3132.8,72.0,0.582,72203.3,454144.0,66227.5,91.7,0.8328,99,5,BUENO
166550,YPF,VACA MUERTA,PETROLEO,2025,5663.0,62.6,0.01,72112.4,453573.0,52982.7,73.5,0.6171,14,2,REGULAR
166557,YPF,VACA MUERTA,PETROLEO,2025,4462.2,100.0,1.608,72088.8,453424.0,24374.6,33.8,0.8537,14,2,BUENO
157409,YPF,VACA MUERTA,PETROLEO,2016,1806.2,51.1,0.669,71984.3,452767.0,58184.8,80.8,0.8984,114,3,BUENO
166216,Kilwer,VACA MUERTA,PETROLEO,2025,8733.3,97.0,0.597,71965.0,452645.0,58201.3,80.9,0.9707,18,2,BUENO
165253,Pluspetrol,VACA MUERTA,GAS,2024,13623.5,94.2,0.071,76604.2,450892.0,90500.5,118.1,0.9628,21,10,BUENO
162563,YPF,VACA MUERTA,PETROLEO,2021,3865.7,77.8,0.562,71469.4,449528.0,62451.7,87.4,0.9112,57,4,BUENO
164726,YPF,VACA MUERTA,PETROLEO,2023,8350.7,98.0,0.685,71441.7,449354.0,64762.4,90.7,0.8476,34,1,BUENO
157977,YPF,VACA MUERTA,PETROLEO,2017,2294.1,99.8,1.894,71363.5,448862.0,49738.5,69.7,0.6883,111,2,REGULAR
158149,YPF,VACA MUERTA,PETROLEO,2017,1961.1,99.1,2.0,71335.7,448687.0,51068.4,71.6,0.2223,109,2,DESCARTADO
162405,YPF,VACA MUERTA,PETROLEO,2021,4800.5,98.1,0.957,71268.6,448265.0,56049.3,78.6,0.9354,61,2,BUENO
166580,Shell,VACA MUERTA,PETROLEO,2025,7289.2,100.0,1.043,71133.2,447414.0,39066.4,54.9,0.977,14,2,BUENO
163831,YPF,VACA MUERTA,PETROLEO,2022,10016.5,99.9,0.731,71102.1,447218.0,76701.3,107.9,0.8917,42,3,BUENO
165375,Vista Energy,VACA MUERTA,PETROLEO,2024,6161.9,93.4,0.628,70924.9,446103.0,56649.4,79.9,0.9625,25,3,BUENO
162650,YPF,VACA MUERTA,PETROLEO,2021,5367.7,79.5,0.302,70741.8,444952.0,74661.8,105.5,0.9207,56,4,BUENO
156339,YPF,VACA MUERTA,PETROLEO,2016,2636.0,75.8,0.804,70728.5,444868.0,59222.4,83.7,0.8774,124,3,BUENO
160537,TotalEnergies,VACA MUERTA,PETROLEO,2019,3690.0,94.9,1.016,70699.8,444688.0,53973.8,76.3,0.9453,84,4,BUENO
166629,YPF,VACA MUERTA,PETROLEO,2025,5151.0,88.7,0.633,70682.5,444579.0,39405.2,55.7,0.9534,13,2,BUENO
156333,YPF,VACA MUERTA,PETROLEO,2016,3286.8,97.4,1.132,70551.3,443754.0,59889.7,84.9,0.9114,124,3,BUENO
166876,YPF,VACA MUERTA,PETROLEO,2025,6380.9,74.3,0.01,70526.0,443594.0,43957.8,62.3,0.885,6,5,BUENO
165483,Kilwer,VACA MUERTA,PETROLEO,2024,5046.1,99.7,1.131,70462.1,443193.0,36396.8,51.7,0.9263,25,1,BUENO
162894,YPF,VACA MUERTA,PETROLEO,2021,3889.3,88.5,0.798,70452.6,443133.0,53057.5,75.3,0.9407,55,2,BUENO
162795,YPF,VACA MUERTA,PETROLEO,2021,4901.2,94.1,0.792,70439.9,443053.0,59640.5,84.7,0.8018,56,2,BUENO
156553,YPF,VACA MUERTA,PETROLEO,2016,2975.0,49.4,0.259,70347.3,442470.0,70041.1,99.6,0.9173,123,2,BUENO
155041,YPF,VACA MUERTA,PETROLEO,2015,3045.0,100.0,1.692,70224.5,441698.0,53042.1,75.5,0.8466,132,1,BUENO
164682,Kilwer,VACA MUERTA,PETROLEO,2023,3899.2,100.0,1.456,69934.1,439872.0,32841.3,47.0,0.894,35,1,BUENO
164092,Vista Energy,VACA MUERTA,PETROLEO,2023,2906.6,100.0,1.694,69794.3,438992.0,31372.0,44.9,0.9536,39,3,BUENO
156331,YPF,VACA MUERTA,PETROLEO,2016,2632.1,100.0,1.936,69756.9,438757.0,51989.8,74.5,0.7762,126,1,BUENO
164648,YPF,VACA MUERTA,PETROLEO,2023,6585.5,96.6,0.702,69680.4,438276.0,58735.0,84.3,0.9003,34,2,BUENO
156872,YPF,VACA MUERTA,GAS,2016,7110.6,87.3,0.01,74416.0,438013.0,76979.5,103.4,0.8982,114,8,BUENO
147190,ExxonMobil,VACA MUERTA,PETROLEO,2011,4021.1,100.0,1.566,69585.8,437681.0,60415.5,86.8,0.5893,148,40,REGULAR
166813,YPF,VACA MUERTA,PETROLEO,2025,11985.9,93.4,0.01,69540.9,437398.0,71901.3,103.4,0.8939,10,3,BUENO
166582,Shell,VACA MUERTA,PETROLEO,2025,6150.4,97.3,0.777,69511.8,437215.0,40883.4,58.8,0.9805,14,2,BUENO
166711,Vista Energy,VACA MUERTA,PETROLEO,2025,7279.3,100.0,1.265,68920.9,433499.0,29114.2,42.2,0.9924,11,2,BUENO
165715,YPF,VACA MUERTA,PETROLEO,2024,4032.9,87.3,0.723,68888.1,433292.0,39960.4,58.0,0.9616,20,3,BUENO
164402,YPF,VACA MUERTA,PETROLEO,2023,4308.9,66.2,0.267,68872.6,433195.0,62103.0,90.2,0.8295,35,4,BUENO
157335,YPF,VACA MUERTA,PETROLEO,2016,2266.7,90.3,1.287,68859.3,433111.0,50746.5,73.7,0.8375,116,2,BUENO
160428,YPF,VACA MUERTA,PETROLEO,2019,5195.6,99.9,1.091,68822.0,432877.0,61536.7,89.4,0.7681,86,3,BUENO
157973,YPF,VACA MUERTA,PETROLEO,2017,2063.8,90.5,1.388,68818.3,432853.0,50139.3,72.9,0.6837,111,2,REGULAR
166324,YPF,VACA MUERTA,PETROLEO,2025,7073.1,79.9,0.038,68805.4,432772.0,64483.2,93.7,0.8923,14,4,BUENO
166883,YPF,VACA MUERTA,PETROLEO,2025,6700.7,71.2,0.01,68683.6,432006.0,42925.5,62.5,0.8098,8,3,BUENO
156379,O&G Developments,VACA MUERTA,PETROLEO,2015,2358.3,100.0,2.0,68678.8,431976.0,53521.1,77.9,0.3781,125,2,DESCARTADO
161529,TotalEnergies,VACA MUERTA,PETROLEO,2019,3504.2,93.2,0.956,68640.6,431736.0,52325.3,76.2,0.9165,73,8,BUENO
164801,YPF,VACA MUERTA,PETROLEO,2023,5576.6,63.8,0.01,68640.4,431734.0,68502.9,99.8,0.9259,32,2,BUENO
165091,Kilwer,VACA MUERTA,PETROLEO,2024,4559.0,94.1,0.794,68522.5,430993.0,46973.7,68.6,0.9165,28,3,BUENO
166523,Kilwer,VACA MUERTA,PETROLEO,2025,6186.6,94.5,0.642,68486.9,430769.0,44124.9,64.4,0.9894,13,3,BUENO
158806,Petrobras,VACA MUERTA,GAS,2017,9619.3,99.3,0.703,73180.8,430742.0,82949.5,113.3,0.9748,104,2,BUENO
159635,TotalEnergies,VACA MUERTA,PETROLEO,2018,3483.7,79.5,0.634,68308.5,429647.0,63321.9,92.7,0.9362,92,6,BUENO
164934,Shell,VACA MUERTA,PETROLEO,2023,2778.0,99.7,1.418,68297.8,429580.0,33508.0,49.1,0.9858,27,5,BUENO
161872,Chevron,VACA MUERTA,PETROLEO,2020,2849.0,99.2,1.373,68287.3,429513.0,43867.5,64.2,0.7658,66,6,BUENO
166811,YPF,VACA MUERTA,PETROLEO,2025,11219.5,95.4,0.01,68018.8,427825.0,71319.9,104.9,0.8733,9,3,BUENO
164134,Pan American Energy,VACA MUERTA,PETROLEO,2023,3683.2,98.2,1.134,67959.0,427449.0,39043.3,57.5,0.8335,41,1,BUENO
165414,YPF,VACA MUERTA,PETROLEO,2024,9629.5,96.0,0.445,67926.6,427245.0,70601.9,103.9,0.8297,26,1,BUENO
163813,Pluspetrol,VACA MUERTA,PETROLEO,2022,4123.6,62.3,0.24,67801.4,426457.0,63137.5,93.1,0.7406,42,3,BUENO
164723,YPF,VACA MUERTA,PETROLEO,2023,6845.5,98.1,0.716,67716.6,425924.0,60123.7,88.8,0.8898,33,2,BUENO
164931,Shell,VACA MUERTA,PETROLEO,2023,4382.1,98.3,0.952,67625.8,425353.0,44579.9,65.9,0.9659,29,3,BUENO
163589,YPF,VACA MUERTA,PETROLEO,2022,3938.5,96.5,0.973,67509.5,424621.0,45630.4,67.6,0.701,45,3,BUENO
166460,YPF,VACA MUERTA,PETROLEO,2025,7561.1,96.4,0.534,67348.7,423610.0,55017.2,81.7,0.7531,14,3,BUENO
162778,YPF,VACA MUERTA,GAS,2021,4205.7,100.0,1.143,71886.8,423126.0,47130.5,65.6,0.4063,19,39,REGULAR
163839,YPF,VACA MUERTA,PETROLEO,2022,1452.7,92.3,2.0,67231.7,422874.0,26966.0,40.1,0.516,44,1,REGULAR
166153,Vista Energy,VACA MUERTA,PETROLEO,2025,6259.3,83.3,0.394,67073.8,421881.0,52403.7,78.1,0.9288,19,1,BUENO
153764,YPF,VACA MUERTA,GAS,2014,2636.9,100.0,2.0,71612.0,421508.0,62533.2,87.3,0.1543,135,5,DESCARTADO
166252,YPF,VACA MUERTA,PETROLEO,2025,7899.4,93.1,0.474,66966.5,421206.0,56578.4,84.5,0.8687,18,1,BUENO
154187,YPF,VACA MUERTA,GAS,2015,2745.4,99.9,1.63,71548.8,421136.0,56866.2,79.5,0.6873,130,7,REGULAR
166844,Pan American Energy,VACA MUERTA,PETROLEO,2025,5474.3,64.7,0.01,66807.4,420205.0,42426.4,63.5,0.9619,10,2,BUENO
162136,YPF,VACA MUERTA,PETROLEO,2021,2946.0,98.4,1.329,66736.8,419761.0,40664.4,60.9,0.8876,66,1,BUENO
165638,Pan American Energy,VACA MUERTA,PETROLEO,2024,4228.5,96.5,0.948,66652.6,419232.0,34611.6,51.9,0.9413,22,2,BUENO
158494,TotalEnergies,VACA MUERTA,GAS,2017,4578.6,100.0,1.652,71222.8,419217.0,53000.9,74.4,0.8134,104,4,BUENO
156742,YPF,VACA MUERTA,GAS,2016,4109.3,79.6,0.01,71201.7,419093.0,72251.8,101.5,0.8374,92,31,BUENO
164851,Pan American Energy,VACA MUERTA,PETROLEO,2023,5385.5,84.7,0.465,66542.4,418538.0,58153.6,87.4,0.9416,30,4,BUENO
166197,YPF,VACA MUERTA,PETROLEO,2025,7453.8,89.6,0.367,66454.9,417988.0,58914.9,88.7,0.8738,18,2,BUENO
159581,YPF,VACA MUERTA,PETROLEO,2018,6328.4,92.0,0.51,66428.5,417822.0,80375.9,121.0,0.8037,94,3,BUENO
163439,Kilwer,VACA MUERTA,PETROLEO,2022,6465.0,100.0,1.276,66330.0,417202.0,48057.7,72.5,0.9339,49,1,BUENO
154930,YPF,VACA MUERTA,PETROLEO,2015,3530.5,100.0,1.608,66310.8,417082.0,51785.7,78.1,0.8798,133,1,BUENO
166209,Pan American Energy,VACA MUERTA,PETROLEO,2025,5259.3,79.4,0.402,66137.4,415991.0,47830.8,72.3,0.9454,18,2,BUENO
165350,YPF,VACA MUERTA,PETROLEO,2024,9445.7,98.9,0.553,65950.3,414814.0,67525.7,102.4,0.8867,25,3,BUENO
158923,ExxonMobil,VACA MUERTA,PETROLEO,2018,3221.1,77.9,0.653,65905.6,414533.0,60903.7,92.4,0.7795,101,3,BUENO
164792,YPF,VACA MUERTA,PETROLEO,2023,3863.5,87.3,0.746,65856.9,414227.0,43819.7,66.5,0.8495,33,1,BUENO
166578,Shell,VACA MUERTA,PETROLEO,2025,6721.1,100.0,1.199,65803.5,413891.0,33311.4,50.6,0.9888,14,2,BUENO
166710,Vista Energy,VACA MUERTA,PETROLEO,2025,6453.4,98.9,0.839,65727.7,413414.0,34172.8,52.0,0.9761,11,2,BUENO
167054,Pampa Energía,VACA MUERTA,PETROLEO,2026,5808.3,98.2,0.848,65689.0,413171.0,23048.0,35.1,0.8259,6,1,BUENO
164725,YPF,VACA MUERTA,PETROLEO,2023,7417.6,100.0,1.163,65677.7,413100.0,48649.5,74.1,0.9082,33,2,BUENO
166248,YPF,VACA MUERTA,PETROLEO,2025,5540.9,69.3,0.01,65617.2,412719.0,54566.7,83.2,0.9023,14,5,BUENO
166667,Tecpetrol,VACA MUERTA,PETROLEO,2025,5009.3,92.5,0.72,65587.1,412530.0,33780.8,51.5,0.9472,13,1,BUENO
164380,Kilwer,VACA MUERTA,PETROLEO,2023,9870.3,96.7,0.469,65584.0,412510.0,69676.9,106.2,0.9569,38,1,BUENO
165452,Pan American Energy,VACA MUERTA,GAS,2024,5692.8,97.9,0.853,70013.2,412098.0,47157.5,67.4,0.8839,26,1,BUENO
162639,YPF,VACA MUERTA,PETROLEO,2021,2972.4,97.9,1.253,65438.8,411597.0,39650.8,60.6,0.7916,58,2,BUENO
164724,YPF,VACA MUERTA,PETROLEO,2023,6097.5,98.3,0.72,65396.4,411330.0,58180.0,89.0,0.8446,32,3,BUENO
165247,Tecpetrol,VACA MUERTA,PETROLEO,2024,3896.8,58.3,0.01,65066.7,409257.0,57624.0,88.6,0.8,23,6,BUENO
164907,Kilwer,VACA MUERTA,PETROLEO,2023,9058.6,95.8,0.423,65038.9,409082.0,69867.5,107.4,0.9583,31,2,BUENO
166503,Pampa Energía,VACA MUERTA,PETROLEO,2025,4520.8,100.0,1.369,64821.2,407712.0,25193.6,38.9,0.9089,14,2,BUENO
165186,YPF,VACA MUERTA,PETROLEO,2024,5629.4,92.0,0.584,64749.2,407260.0,54117.1,83.6,0.9453,27,3,BUENO
165416,YPF,VACA MUERTA,PETROLEO,2024,4879.1,94.9,0.734,64723.3,407097.0,46282.0,71.5,0.8983,23,4,BUENO
159847,YPF,VACA MUERTA,PETROLEO,2018,4365.8,100.0,1.381,64578.6,406186.0,49903.0,77.3,0.8257,93,2,BUENO
162207,YPF,VACA MUERTA,PETROLEO,2021,2978.7,82.3,0.767,64503.6,405715.0,49448.5,76.7,0.852,63,3,BUENO
166439,YPF,VACA MUERTA,PETROLEO,2025,2929.2,99.8,1.506,64411.9,405138.0,19236.1,29.9,0.8893,15,2,BUENO
166306,Pampa Energía,VACA MUERTA,PETROLEO,2025,5994.6,68.0,0.01,64343.3,404706.0,54167.9,84.2,0.9044,16,2,BUENO
157876,YPF,VACA MUERTA,PETROLEO,2017,2769.6,100.0,1.837,64158.4,403544.0,45882.3,71.5,0.7438,112,2,BUENO
163418,YPF,VACA MUERTA,PETROLEO,2022,4471.1,77.9,0.419,63967.7,402344.0,61747.1,96.5,0.8636,48,2,BUENO
160818,TotalEnergies,VACA MUERTA,PETROLEO,2019,2121.9,38.3,0.046,63909.4,401977.0,63686.0,99.7,0.7751,80,6,BUENO
165775,Vista Energy,VACA MUERTA,PETROLEO,2024,1304.8,87.9,2.0,63856.1,401642.0,15063.1,23.6,0.7623,21,1,BUENO
166124,YPF,VACA MUERTA,PETROLEO,2024,5247.1,99.9,1.01,63691.3,400606.0,39703.5,62.3,0.8538,18,3,BUENO
166522,Kilwer,VACA MUERTA,PETROLEO,2025,8932.5,99.4,0.71,63557.7,399765.0,46806.8,73.6,0.9937,14,2,BUENO
157404,YPF,VACA MUERTA,GAS,2016,8448.8,83.4,0.096,67875.6,399516.0,76829.5,113.2,0.9878,114,3,BUENO
161252,YPF,VACA MUERTA,PETROLEO,2019,1632.0,69.8,1.013,63489.3,399335.0,42479.8,66.9,0.8809,78,6,BUENO
166979,YPF,VACA MUERTA,PETROLEO,2025,5406.8,94.7,0.647,63452.6,399104.0,31208.1,49.2,0.7856,6,3,BUENO
164000,Tecpetrol,VACA MUERTA,PETROLEO,2023,4757.4,62.8,0.01,63440.4,399027.0,65975.4,104.0,0.9051,41,3,BUENO
163304,Shell,VACA MUERTA,PETROLEO,2022,4582.1,100.0,1.232,63424.3,398926.0,42300.8,66.7,0.9221,48,2,BUENO
156760,YPF,VACA MUERTA,PETROLEO,2016,2377.6,96.1,1.342,63395.5,398745.0,48378.8,76.3,0.7608,121,2,BUENO
159434,O&G Developments,VACA MUERTA,PETROLEO,2018,2177.6,42.6,0.01,63340.8,398401.0,63272.9,99.9,0.7244,91,7,BUENO
166618,YPF,VACA MUERTA,PETROLEO,2025,9828.5,90.3,0.01,63266.4,397933.0,65253.5,103.1,0.8978,12,3,BUENO
166927,YPF,VACA MUERTA,PETROLEO,2025,11016.8,90.1,0.01,63020.5,396386.0,57200.1,90.8,0.6556,8,2,REGULAR
165790,YPF,VACA MUERTA,PETROLEO,2024,5307.7,69.6,0.01,62924.3,395781.0,58558.5,93.1,0.7757,19,3,BUENO
166815,YPF,VACA MUERTA,PETROLEO,2025,11784.4,98.4,0.24,62904.4,395656.0,65965.7,104.9,0.8288,10,2,BUENO
165792,YPF,VACA MUERTA,PETROLEO,2024,5811.0,81.1,0.01,62808.9,395055.0,63416.8,101.0,0.9396,17,5,BUENO
161256,YPF,VACA MUERTA,PETROLEO,2019,3640.0,85.8,0.71,62754.5,394713.0,56009.4,89.3,0.939,81,3,BUENO
160742,Kilwer,VACA MUERTA,PETROLEO,2019,2855.9,100.0,2.0,62656.4,394096.0,47045.6,75.1,0.1555,85,2,DESCARTADO
162649,YPF,VACA MUERTA,PETROLEO,2021,4812.3,96.5,0.719,62634.9,393961.0,58494.0,93.4,0.9209,56,4,BUENO
166620,YPF,VACA MUERTA,PETROLEO,2025,10417.7,91.4,0.01,62602.0,393754.0,65614.6,104.8,0.9207,12,3,BUENO
166988,YPF,VACA MUERTA,PETROLEO,2025,7635.5,78.9,0.01,62425.9,392646.0,44906.9,71.9,0.814,8,1,BUENO
163591,YPF,VACA MUERTA,PETROLEO,2022,3296.4,69.5,0.489,62391.5,392430.0,50570.5,81.1,0.7531,46,2,BUENO
160447,Pan American Energy,VACA MUERTA,PETROLEO,2019,1786.8,84.4,1.248,62317.5,391965.0,41099.5,66.0,0.8857,85,4,BUENO
162205,YPF,VACA MUERTA,PETROLEO,2021,4225.2,62.7,0.01,62066.9,390388.0,63355.3,102.1,0.8976,62,4,BUENO
157331,YPF,VACA MUERTA,PETROLEO,2016,2407.4,99.0,1.483,62025.4,390127.0,46444.3,74.9,0.6558,116,2,REGULAR
161512,YPF,VACA MUERTA,PETROLEO,2019,4162.4,58.8,0.01,61825.4,388869.0,62850.0,101.7,0.824,79,2,BUENO
162314,Chevron,VACA MUERTA,PETROLEO,2021,2916.3,97.2,1.097,61804.7,388739.0,43141.8,69.8,0.674,59,5,REGULAR
165357,YPF,VACA MUERTA,PETROLEO,2024,3509.9,54.8,0.01,61780.0,388584.0,52218.6,84.5,0.7367,23,5,BUENO
166891,YPF,VACA MUERTA,PETROLEO,2025,2496.6,100.0,2.0,61698.0,388068.0,13165.2,21.3,0.6407,9,2,REGULAR
155544,YPF,VACA MUERTA,PETROLEO,2015,1446.7,95.1,2.0,61682.6,387971.0,46757.7,75.8,0.4046,129,1,REGULAR
164585,Pluspetrol,VACA MUERTA,GAS,2023,17940.6,98.5,0.01,65868.6,387703.0,80699.5,122.5,0.8925,25,12,BUENO
160331,YPF,VACA MUERTA,GAS,2019,2333.8,54.6,0.267,65776.5,387160.0,63745.7,96.9,0.8028,80,10,BUENO
157333,YPF,VACA MUERTA,PETROLEO,2016,2160.8,98.0,1.519,61484.3,386724.0,44476.1,72.3,0.738,116,2,BUENO
136211,YPF,VACA MUERTA,PETROLEO,2006,1227.5,38.3,0.01,61370.9,386011.0,61018.7,99.4,0.7288,159,55,BUENO
165035,Capex,VACA MUERTA,PETROLEO,2024,1414.5,87.0,1.467,61369.7,386003.0,23857.3,38.9,0.8883,21,10,BUENO
165413,YPF,VACA MUERTA,PETROLEO,2024,5220.3,100.0,1.162,61356.8,385922.0,37408.0,61.0,0.8121,25,2,BUENO
166561,YPF,VACA MUERTA,PETROLEO,2025,5542.3,72.2,0.01,61306.9,385608.0,51453.7,83.9,0.8527,13,3,BUENO
163832,YPF,VACA MUERTA,PETROLEO,2022,8914.7,99.8,0.652,61293.9,385526.0,67030.5,109.4,0.9221,42,3,BUENO
166329,Vista Energy,VACA MUERTA,PETROLEO,2025,6027.5,72.6,0.084,61266.3,385353.0,51822.6,84.6,0.9731,16,2,BUENO
164509,Pan American Energy,VACA MUERTA,PETROLEO,2023,2333.6,59.9,0.517,61206.7,384978.0,40500.9,66.2,0.9135,35,3,BUENO
166809,YPF,VACA MUERTA,PETROLEO,2025,5853.4,100.0,1.029,60910.6,383115.0,32341.4,53.1,0.8886,9,3,BUENO
164906,Kilwer,VACA MUERTA,PETROLEO,2023,4844.9,100.0,1.15,60758.7,382160.0,37788.0,62.2,0.9569,31,2,BUENO
165794,YPF,VACA MUERTA,PETROLEO,2024,6428.5,74.5,0.01,60696.4,381768.0,59571.7,98.1,0.8308,20,2,BUENO
161724,YPF,VACA MUERTA,GAS,2020,1422.6,36.5,0.412,64815.8,381506.0,48223.0,74.4,0.8757,73,5,BUENO
156875,YPF,VACA MUERTA,PETROLEO,2016,2410.2,93.6,1.185,60601.5,381171.0,46820.9,77.3,0.8786,120,2,BUENO
162693,Shell,VACA MUERTA,PETROLEO,2021,3078.1,99.7,1.114,60579.1,381030.0,32494.4,53.6,0.8518,9,56,BUENO
165050,YPF,VACA MUERTA,PETROLEO,2024,2135.6,100.0,2.0,60514.8,380626.0,23477.0,38.8,0.3763,28,3,DESCARTADO
162555,YPF,VACA MUERTA,PETROLEO,2021,5013.0,99.3,0.953,60463.9,380306.0,49705.8,82.2,0.8907,60,1,BUENO
157862,YPF,VACA MUERTA,PETROLEO,2017,1564.0,41.7,0.226,60324.2,379427.0,57995.1,96.1,0.6911,104,10,REGULAR
166617,YPF,VACA MUERTA,PETROLEO,2025,6250.1,76.2,0.01,60180.3,378522.0,51120.0,84.9,0.6573,12,3,REGULAR
164778,Tecpetrol,VACA MUERTA,GAS,2023,7702.0,96.0,0.568,64119.7,377409.0,60142.2,93.8,0.9521,33,1,BUENO
156761,YPF,VACA MUERTA,PETROLEO,2016,2292.4,94.0,1.235,59930.4,376950.0,46121.4,77.0,0.7509,121,2,BUENO
165667,YPF,VACA MUERTA,PETROLEO,2024,3676.9,90.5,0.742,59885.4,376667.0,37489.3,62.6,0.6181,21,3,REGULAR
166994,YPF,VACA MUERTA,PETROLEO,2025,8113.6,85.4,0.041,59816.0,376231.0,42078.5,70.3,0.9807,6,3,BUENO
161720,YPF,VACA MUERTA,PETROLEO,2020,2997.8,47.4,0.01,59801.0,376136.0,60033.7,100.4,0.8246,74,4,BUENO
163419,YPF,VACA MUERTA,PETROLEO,2022,3071.8,99.5,1.287,59708.0,375551.0,35230.3,59.0,0.8008,48,2,BUENO
163812,Pluspetrol,VACA MUERTA,PETROLEO,2022,4717.4,95.6,0.609,59694.6,375467.0,56837.7,95.2,0.8188,37,8,BUENO
156758,YPF,VACA MUERTA,PETROLEO,2016,2066.1,88.9,1.181,59648.3,375176.0,44888.5,75.3,0.845,121,2,BUENO
159706,YPF,VACA MUERTA,GAS,2018,5311.8,100.0,0.01,63729.4,375111.0,67082.3,105.3,0.9039,81,16,BUENO
166906,Vista Energy,VACA MUERTA,PETROLEO,2025,5488.4,68.0,0.01,59614.4,374963.0,34380.4,57.7,0.7082,8,2,BUENO
165252,Tecpetrol,VACA MUERTA,GAS,2024,4123.7,55.4,0.01,63633.0,374544.0,55019.7,86.5,0.5409,26,3,REGULAR
166806,Shell,VACA MUERTA,PETROLEO,2025,7143.4,79.1,0.01,59367.0,373407.0,48335.8,81.4,0.9589,10,2,BUENO
166925,YPF,VACA MUERTA,PETROLEO,2025,11369.9,92.6,0.01,59308.0,373035.0,57012.6,96.1,0.6325,8,2,REGULAR
165571,YPF,VACA MUERTA,PETROLEO,2024,3320.2,60.9,0.195,59289.3,372918.0,45490.3,76.7,0.8872,21,4,BUENO
163165,YPF,VACA MUERTA,PETROLEO,2022,3108.3,52.4,0.01,59184.1,372256.0,59252.3,100.1,0.8508,49,4,BUENO
166230,Chevron,VACA MUERTA,PETROLEO,2025,6090.3,81.6,0.158,59099.4,371723.0,52841.4,89.4,0.9512,15,4,BUENO
157112,YPF,VACA MUERTA,PETROLEO,2016,2260.9,70.6,0.72,59065.1,371508.0,51067.6,86.5,0.8885,118,2,BUENO
147317,YPF,VACA MUERTA,PETROLEO,2014,386.5,8.6,2.0,59040.6,371354.0,14693.6,24.9,-0.1448,20,129,DESCARTADO
166180,Pluspetrol,VACA MUERTA,GAS,2025,10374.0,100.0,0.827,62950.1,370524.0,45234.0,71.9,0.9553,13,7,BUENO
161957,YPF,VACA MUERTA,PETROLEO,2020,5075.0,72.1,0.01,58906.0,370507.0,62929.0,106.8,0.9529,66,4,BUENO
157113,YPF,VACA MUERTA,PETROLEO,2016,2177.2,65.6,0.645,58859.8,370216.0,52073.7,88.5,0.8762,118,2,BUENO
158894,YPF,VACA MUERTA,PETROLEO,2018,2563.2,71.1,0.632,58535.5,368177.0,53248.2,91.0,0.7834,102,2,BUENO
166928,YPF,VACA MUERTA,PETROLEO,2025,5179.7,67.1,0.01,58478.9,367821.0,33591.8,57.4,0.9369,8,2,BUENO
157873,YPF,VACA MUERTA,PETROLEO,2017,3020.6,99.8,1.359,58396.8,367304.0,45977.7,78.7,0.6694,113,1,REGULAR
164403,YPF,VACA MUERTA,PETROLEO,2023,6076.9,100.0,1.025,58313.1,366778.0,46078.4,79.0,0.888,36,3,BUENO
156759,YPF,VACA MUERTA,PETROLEO,2016,2615.1,99.6,1.438,58201.7,366077.0,45125.9,77.5,0.6112,121,2,REGULAR
162692,Shell,VACA MUERTA,PETROLEO,2021,4216.4,90.8,0.01,58161.9,365827.0,56314.5,96.8,0.8697,8,57,BUENO
164181,YPF,VACA MUERTA,PETROLEO,2023,5805.9,71.9,0.01,58154.4,365780.0,62616.5,107.7,0.9349,39,2,BUENO
163953,YPF,VACA MUERTA,PETROLEO,2023,3390.1,53.6,0.01,58146.5,365730.0,56350.8,96.9,0.8735,41,3,BUENO
159748,Pan American Energy,VACA MUERTA,PETROLEO,2018,2546.8,100.0,1.657,58106.2,365476.0,39451.3,67.9,0.9478,93,3,BUENO
164455,Pluspetrol,VACA MUERTA,GAS,2023,18260.6,99.0,0.01,62049.3,365222.0,96610.8,155.7,0.8164,25,13,BUENO
146274,TotalEnergies,VACA MUERTA,GAS,2014,3286.5,93.5,0.972,61919.4,364458.0,56181.5,90.7,0.8633,149,3,BUENO
166654,Pampa Energía,VACA MUERTA,PETROLEO,2025,8334.1,82.8,0.01,57920.5,364308.0,54682.5,94.4,0.8912,13,2,BUENO
120022,YPF,VACA MUERTA,PETROLEO,2024,710.3,52.9,2.0,57885.6,364089.0,16311.7,28.2,0.4615,22,10,REGULAR
166656,Pampa Energía,VACA MUERTA,PETROLEO,2025,8662.3,84.7,0.01,57666.0,362708.0,56250.8,97.5,0.9182,13,2,BUENO
165692,Pluspetrol,VACA MUERTA,GAS,2024,7526.9,88.9,0.281,61536.3,362203.0,56102.4,91.2,0.9518,16,9,BUENO
156756,YPF,VACA MUERTA,PETROLEO,2016,2590.1,55.6,0.311,57505.1,361696.0,58935.4,102.5,0.8995,120,3,BUENO
166328,Vista Energy,VACA MUERTA,PETROLEO,2025,6302.5,92.8,0.476,57306.1,360444.0,45394.5,79.2,0.9762,15,3,BUENO
166194,YPF,VACA MUERTA,PETROLEO,2025,8084.8,93.9,0.21,57231.8,359977.0,60469.5,105.7,0.8553,17,3,BUENO
166840,Pan American Energy,VACA MUERTA,PETROLEO,2025,5104.6,68.0,0.01,57157.8,359511.0,38533.3,67.4,0.9659,10,2,BUENO
165417,YPF,VACA MUERTA,PETROLEO,2024,3396.0,93.9,0.839,57056.9,358876.0,35106.5,61.5,0.8305,23,4,BUENO
165183,YPF,VACA MUERTA,PETROLEO,2024,4194.2,79.2,0.381,56982.9,358411.0,49382.8,86.7,0.9418,27,3,BUENO
158756,YPF,VACA MUERTA,PETROLEO,2017,3975.4,87.7,0.625,56941.7,358152.0,56676.1,99.5,0.9273,102,3,BUENO
165478,Tecpetrol,VACA MUERTA,PETROLEO,2024,6016.3,99.5,0.805,56858.0,357625.0,35811.2,63.0,0.9439,11,15,BUENO
160536,TotalEnergies,VACA MUERTA,PETROLEO,2019,2583.8,95.7,1.13,56835.0,357481.0,40888.4,71.9,0.9527,84,4,BUENO
163845,YPF,VACA MUERTA,PETROLEO,2022,4822.4,99.3,0.926,56810.8,357329.0,42997.1,75.7,0.8689,42,3,BUENO
166436,YPF,VACA MUERTA,PETROLEO,2025,5868.1,87.0,0.305,56676.0,356481.0,47279.5,83.4,0.8908,14,3,BUENO
166447,YPF,VACA MUERTA,PETROLEO,2025,2181.7,87.3,1.035,56676.1,356481.0,19402.7,34.2,0.8575,15,2,BUENO
166770,YPF,VACA MUERTA,PETROLEO,2025,3396.3,63.4,0.01,56510.9,355442.0,32757.4,58.0,0.9314,6,7,BUENO
165669,YPF,VACA MUERTA,PETROLEO,2024,5443.6,81.8,0.195,56504.3,355401.0,54104.3,95.8,0.7753,21,3,BUENO
164565,YPF,VACA MUERTA,PETROLEO,2023,3917.6,96.0,0.819,56369.4,354552.0,41160.5,73.0,0.7799,33,4,BUENO
157405,YPF,VACA MUERTA,GAS,2016,6098.8,91.7,0.357,60167.5,354146.0,65204.1,108.4,0.9817,112,5,BUENO
165271,YPF,VACA MUERTA,PETROLEO,2024,4558.9,98.0,0.828,56156.1,353211.0,40897.0,72.8,0.761,26,3,BUENO
165048,YPF,VACA MUERTA,PETROLEO,2024,2647.1,100.0,1.6,56033.2,352438.0,24923.2,44.5,0.7826,28,3,BUENO
165022,Tecpetrol,VACA MUERTA,GAS,2024,14202.5,98.9,0.318,59839.0,352212.0,73318.1,122.5,0.9921,30,1,BUENO
162787,YPF,VACA MUERTA,PETROLEO,2021,4280.7,65.7,0.01,55885.0,351505.0,57759.2,103.4,0.8489,54,4,BUENO
166777,YPF,VACA MUERTA,PETROLEO,2025,12684.5,95.3,0.01,55852.4,351300.0,63289.3,113.3,0.9102,11,2,BUENO
145984,TotalEnergies,VACA MUERTA,GAS,2013,3557.1,97.4,1.013,59632.7,350998.0,54076.0,90.7,0.984,146,7,BUENO
163759,YPF,VACA MUERTA,PETROLEO,2022,3477.0,63.6,0.01,55785.3,350878.0,57924.6,103.8,0.8354,40,6,BUENO
165568,YPF,VACA MUERTA,PETROLEO,2024,2594.3,44.6,0.01,55679.5,350213.0,39856.2,71.6,0.7554,23,2,BUENO
166708,Pluspetrol,VACA MUERTA,GAS,2025,8448.7,93.4,0.169,59484.5,350126.0,47537.3,79.9,0.9947,6,7,BUENO
164594,Pan American Energy,VACA MUERTA,PETROLEO,2023,1871.2,100.0,1.77,55633.4,349923.0,25351.5,45.6,0.9583,26,11,BUENO
158152,YPF,VACA MUERTA,PETROLEO,2017,2170.2,91.5,1.156,55595.3,349683.0,42233.5,76.0,0.8493,110,1,BUENO
166129,YPF,VACA MUERTA,PETROLEO,2024,5743.4,76.9,0.01,55582.5,349603.0,53820.5,96.8,0.7119,17,4,BUENO
166214,Kilwer,VACA MUERTA,PETROLEO,2025,6658.1,95.3,0.535,55550.7,349403.0,46006.8,82.8,0.9725,18,2,BUENO
166851,Pampa Energía,VACA MUERTA,PETROLEO,2025,7869.0,100.0,1.169,55493.0,349040.0,29352.8,52.9,0.7187,9,2,BUENO
166221,Pluspetrol,VACA MUERTA,GAS,2025,11206.3,99.5,0.58,59177.7,348320.0,52085.0,88.0,0.9676,13,6,BUENO
166183,YPF,VACA MUERTA,PETROLEO,2025,3318.8,53.8,0.01,55371.7,348277.0,38479.9,69.5,0.7423,16,4,BUENO
166683,YPF,VACA MUERTA,PETROLEO,2025,10476.3,98.2,0.113,55303.7,347849.0,61359.8,111.0,0.9334,10,4,BUENO
166305,Pampa Energía,VACA MUERTA,PETROLEO,2025,8007.2,82.8,0.01,55285.4,347734.0,56335.5,101.9,0.9562,16,2,BUENO
156492,YPF,VACA MUERTA,PETROLEO,2016,2904.2,99.7,1.299,55214.7,347289.0,44491.0,80.6,0.8682,124,2,BUENO
166812,YPF,VACA MUERTA,PETROLEO,2025,9332.1,91.1,0.01,55188.3,347123.0,55136.3,99.9,0.819,10,2,BUENO
165298,Vista Energy,VACA MUERTA,PETROLEO,2024,4748.3,70.3,0.095,55047.0,346235.0,53448.2,97.1,0.9148,26,2,BUENO
166125,YPF,VACA MUERTA,PETROLEO,2024,7500.2,83.0,0.01,54903.7,345333.0,58346.4,106.3,0.8999,20,1,BUENO
161255,YPF,VACA MUERTA,PETROLEO,2019,4246.7,92.2,0.692,54830.0,344870.0,52505.3,95.8,0.9404,82,2,BUENO
163300,Shell,VACA MUERTA,PETROLEO,2022,12542.5,100.0,1.013,54683.1,343946.0,52872.3,96.7,0.8589,47,3,BUENO
165273,YPF,VACA MUERTA,PETROLEO,2024,2768.4,100.0,1.565,54551.9,343121.0,21683.3,39.7,0.8164,27,2,BUENO
165047,YPF,VACA MUERTA,PETROLEO,2024,2792.2,84.7,0.697,54482.3,342683.0,37007.7,67.9,0.8188,27,4,BUENO
166804,Shell,VACA MUERTA,PETROLEO,2025,6237.4,77.3,0.01,54335.1,341757.0,42856.2,78.9,0.9663,10,2,BUENO
164790,YPF,VACA MUERTA,PETROLEO,2023,5705.9,96.6,0.601,54156.6,340634.0,50422.1,93.1,0.9045,30,4,BUENO
166452,YPF,VACA MUERTA,PETROLEO,2025,5164.4,99.6,0.864,54154.7,340622.0,35150.4,64.9,0.6073,14,3,REGULAR
165321,Pan American Energy,VACA MUERTA,PETROLEO,2024,5042.7,92.9,0.608,54139.3,340525.0,43713.5,80.7,0.8805,27,2,BUENO
161875,Chevron,VACA MUERTA,PETROLEO,2020,2696.1,98.2,1.122,54069.7,340088.0,39462.7,73.0,0.7998,66,6,BUENO
164407,YPF,VACA MUERTA,PETROLEO,2023,7264.6,99.8,0.683,53834.2,338606.0,56140.5,104.3,0.8251,36,3,BUENO
160846,YPF,VACA MUERTA,PETROLEO,2019,1291.6,58.3,0.901,53766.2,338179.0,36324.4,67.6,0.8164,84,2,BUENO
154933,YPF,VACA MUERTA,PETROLEO,2015,2665.9,99.9,1.471,53754.2,338103.0,41929.0,78.0,0.8577,132,2,BUENO
167051,Vista Energy,VACA MUERTA,PETROLEO,2026,6750.9,97.8,0.65,53745.2,338047.0,25676.7,47.8,0.9701,6,2,BUENO
158043,YPF,VACA MUERTA,PETROLEO,2017,2208.9,68.0,0.619,53580.3,337009.0,48348.5,90.2,0.9133,110,2,BUENO
166936,YPF,VACA MUERTA,PETROLEO,2025,7058.3,89.8,0.269,53492.9,336460.0,37752.1,70.6,0.987,8,2,BUENO
155545,YPF,VACA MUERTA,PETROLEO,2015,2039.8,100.0,1.878,53269.9,335057.0,39971.9,75.0,0.7211,129,1,BUENO
166977,YPF,VACA MUERTA,PETROLEO,2025,9135.8,90.1,0.01,52979.3,333229.0,48298.3,91.2,0.9676,8,1,BUENO
166909,Vista Energy,VACA MUERTA,PETROLEO,2025,5742.2,74.3,0.01,52973.0,333190.0,34665.4,65.4,0.9217,8,2,BUENO
166855,Petrolera El Trébol,VACA MUERTA,PETROLEO,2025,5927.9,81.1,0.01,52931.7,332930.0,41665.3,78.7,0.9002,8,3,BUENO
166808,YPF,VACA MUERTA,PETROLEO,2025,12638.9,99.3,0.017,52804.4,332129.0,63721.6,120.7,0.9349,9,3,BUENO
166303,Pampa Energía,VACA MUERTA,PETROLEO,2025,6492.5,82.0,0.01,52626.7,331011.0,51929.0,98.7,0.8958,15,3,BUENO
42905,Petrobras,VACA MUERTA,PETROLEO,2006,401.6,9.2,0.01,52586.8,330760.0,46134.5,87.7,0.7537,217,31,BUENO
166621,YPF,VACA MUERTA,PETROLEO,2025,7093.7,85.8,0.01,52471.9,330038.0,50655.2,96.5,0.8058,12,3,BUENO
164400,YPF,VACA MUERTA,PETROLEO,2023,4166.8,67.1,0.057,52369.0,329391.0,53702.3,102.5,0.9225,35,4,BUENO
166256,YPF,VACA MUERTA,PETROLEO,2025,5143.9,87.0,0.376,52311.0,329026.0,43346.0,82.9,0.8586,17,2,BUENO
152993,YPF,VACA MUERTA,PETROLEO,2014,1965.3,91.3,1.094,52293.4,328915.0,44841.0,85.7,0.8813,140,5,BUENO
165169,YPF,VACA MUERTA,PETROLEO,2024,5219.0,99.0,0.803,52277.3,328814.0,42148.8,80.6,0.5858,28,2,REGULAR
164399,YPF,VACA MUERTA,PETROLEO,2023,4329.4,98.2,0.82,52152.2,328027.0,41301.8,79.2,0.9397,35,4,BUENO
167027,Petrolera El Trébol,VACA MUERTA,PETROLEO,2026,7419.0,86.5,0.01,52100.1,327699.0,38875.7,74.6,0.9557,6,2,BUENO
160455,Pan American Energy,VACA MUERTA,PETROLEO,2019,3095.4,91.3,0.816,52089.7,327634.0,44304.4,85.1,0.9792,86,3,BUENO
165570,YPF,VACA MUERTA,PETROLEO,2024,4935.2,95.7,0.669,51991.5,327016.0,40009.6,77.0,0.8572,22,3,BUENO
153622,YPF,VACA MUERTA,PETROLEO,2015,1963.6,86.8,1.037,51974.3,326908.0,44106.6,84.9,0.7492,138,2,BUENO
163587,YPF,VACA MUERTA,PETROLEO,2022,2949.5,91.9,0.791,51946.7,326734.0,39377.7,75.8,0.8967,43,5,BUENO
166215,Kilwer,VACA MUERTA,PETROLEO,2025,7527.5,84.1,0.01,51840.0,326063.0,55318.3,106.7,0.929,18,2,BUENO
162941,YPF,VACA MUERTA,PETROLEO,2022,6862.1,96.9,0.542,51823.7,325961.0,58655.3,113.2,0.9295,54,2,BUENO
160052,YPF,VACA MUERTA,PETROLEO,2018,1155.0,24.9,0.01,51544.2,324203.0,46625.8,90.5,0.5054,90,3,REGULAR
157332,YPF,VACA MUERTA,PETROLEO,2016,2733.8,95.6,1.006,51408.8,323351.0,44621.8,86.8,0.8932,116,2,BUENO
166190,YPF,VACA MUERTA,PETROLEO,2025,6439.8,90.3,0.01,51402.1,323309.0,55013.6,107.0,0.6546,14,6,REGULAR
166679,YPF,VACA MUERTA,PETROLEO,2025,5456.8,89.3,0.36,51350.9,322987.0,38721.0,75.4,0.6999,11,3,REGULAR
166524,Kilwer,VACA MUERTA,PETROLEO,2025,8473.0,90.9,0.164,51350.1,322982.0,51206.5,99.7,0.9722,14,2,BUENO
157191,YPF,VACA MUERTA,PETROLEO,2016,2548.4,56.7,0.253,51268.7,322470.0,52743.9,102.9,0.901,117,2,BUENO
166819,YPF,VACA MUERTA,PETROLEO,2025,5998.2,96.1,0.551,51240.8,322294.0,33611.7,65.6,0.8293,9,3,BUENO
166525,Kilwer,VACA MUERTA,PETROLEO,2025,6853.0,91.2,0.234,51148.3,321713.0,47571.8,93.0,0.9781,13,3,BUENO
166448,YPF,VACA MUERTA,PETROLEO,2025,7648.7,99.7,0.671,51091.1,321353.0,43850.8,85.8,0.6811,14,3,REGULAR
164011,Capex,VACA MUERTA,PETROLEO,2023,2106.5,100.0,1.739,51090.0,321346.0,22788.4,44.6,0.7728,41,2,BUENO
166559,YPF,VACA MUERTA,PETROLEO,2025,5651.4,91.3,0.01,51060.3,321159.0,49885.3,97.7,0.7256,9,7,BUENO
164398,YPF,VACA MUERTA,PETROLEO,2023,4384.8,100.0,1.126,51043.8,321055.0,33832.7,66.3,0.9126,35,4,BUENO
166680,YPF,VACA MUERTA,PETROLEO,2025,7146.0,95.0,0.399,51028.3,320958.0,42984.3,84.2,0.891,12,2,BUENO
166594,Pampa Energía,VACA MUERTA,PETROLEO,2025,4469.3,67.4,0.01,50997.9,320767.0,39033.1,76.5,0.8732,13,2,BUENO
166907,Vista Energy,VACA MUERTA,PETROLEO,2025,5389.3,76.9,0.01,50995.5,320751.0,34159.3,67.0,0.8639,7,3,BUENO
164029,YPF,VACA MUERTA,PETROLEO,2023,4520.6,78.5,0.212,50907.9,320201.0,53886.6,105.9,0.9179,40,3,BUENO
166330,Vista Energy,VACA MUERTA,PETROLEO,2025,7375.9,93.8,0.283,50738.4,319134.0,49788.4,98.1,0.8643,15,3,BUENO
166556,YPF,VACA MUERTA,PETROLEO,2025,6047.9,100.0,1.234,50681.9,318779.0,28718.3,56.7,0.7712,14,2,BUENO
167037,YPF,VACA MUERTA,PETROLEO,2026,7003.6,84.0,0.01,50673.7,318727.0,35029.7,69.1,0.934,6,2,BUENO
160897,Pan American Energy,VACA MUERTA,PETROLEO,2019,1732.5,95.9,1.424,50669.7,318702.0,32218.7,63.6,0.929,83,2,BUENO
166555,YPF,VACA MUERTA,PETROLEO,2025,4635.8,100.0,1.071,50572.1,318088.0,25821.8,51.1,0.7363,14,2,BUENO
165106,Pluspetrol,VACA MUERTA,GAS,2024,8739.2,87.8,0.01,54029.2,318016.0,61224.9,113.3,0.9363,22,10,BUENO
166386,Vista Energy,VACA MUERTA,PETROLEO,2025,4365.1,86.3,0.496,50521.3,317769.0,33803.6,66.9,0.9292,15,2,BUENO
156338,YPF,VACA MUERTA,PETROLEO,2016,1949.6,84.1,0.898,50484.9,317540.0,42706.8,84.6,0.8147,121,6,BUENO
154212,YPF,VACA MUERTA,PETROLEO,2015,3292.4,98.4,1.031,50479.0,317503.0,43986.7,87.1,0.9444,136,1,BUENO
155240,YPF,VACA MUERTA,PETROLEO,2015,2447.1,100.0,1.67,50338.2,316617.0,38742.7,77.0,0.8065,131,1,BUENO
166534,Pan American Energy,VACA MUERTA,PETROLEO,2025,7314.9,86.2,0.01,50319.9,316502.0,50236.2,99.8,0.9716,13,3,BUENO
159708,YPF,VACA MUERTA,GAS,2018,9007.4,99.1,0.01,53645.5,315757.0,59335.4,110.6,0.894,80,18,BUENO
166704,Pan American Energy,VACA MUERTA,PETROLEO,2025,6225.3,80.3,0.01,50014.0,314578.0,43304.6,86.6,0.9678,11,3,BUENO
165315,Pan American Energy,VACA MUERTA,PETROLEO,2024,4074.0,77.3,0.302,49977.1,314346.0,44540.2,89.1,0.9667,26,3,BUENO
164927,Shell,VACA MUERTA,PETROLEO,2023,5358.5,100.0,1.061,49898.4,313851.0,36834.2,73.8,0.9296,30,2,BUENO
165517,Vista Energy,VACA MUERTA,PETROLEO,2024,8166.3,86.5,0.01,49745.1,312887.0,54875.8,110.3,0.941,24,2,BUENO
166191,YPF,VACA MUERTA,PETROLEO,2025,6519.1,88.4,0.01,49691.7,312551.0,52224.9,105.1,0.8039,15,5,BUENO
166814,YPF,VACA MUERTA,PETROLEO,2025,8232.2,100.0,0.722,49106.8,308872.0,40858.2,83.2,0.8537,10,2,BUENO
166232,Chevron,VACA MUERTA,PETROLEO,2025,6419.1,86.8,0.156,49062.9,308596.0,47803.6,97.4,0.9723,16,3,BUENO
166688,YPF,VACA MUERTA,PETROLEO,2025,9195.5,97.0,0.01,48930.6,307764.0,54257.8,110.9,0.8947,10,4,BUENO
158046,YPF,VACA MUERTA,PETROLEO,2017,2055.9,54.9,0.355,48725.2,306472.0,48882.8,100.3,0.8789,110,2,BUENO
164397,YPF,VACA MUERTA,PETROLEO,2023,4914.8,99.8,0.884,48695.5,306285.0,41015.1,84.2,0.941,35,4,BUENO
163838,YPF,VACA MUERTA,PETROLEO,2022,1515.4,45.1,0.364,48412.3,304504.0,34264.8,70.8,0.7212,43,2,BUENO
157408,YPF,VACA MUERTA,GAS,2016,3968.2,70.3,0.192,51628.8,303887.0,53800.7,104.2,0.933,114,3,BUENO
158151,YPF,VACA MUERTA,PETROLEO,2017,2353.8,91.5,0.953,48136.1,302766.0,41055.3,85.3,0.8363,109,2,BUENO
154777,YPF,VACA MUERTA,PETROLEO,2015,1792.2,98.7,1.534,48101.4,302548.0,37673.6,78.3,0.6804,134,1,REGULAR
166749,Pampa Energía,VACA MUERTA,PETROLEO,2025,7205.5,86.5,0.041,48059.6,302285.0,44997.2,93.6,0.9664,11,2,BUENO
158148,YPF,VACA MUERTA,PETROLEO,2017,2492.8,49.7,0.076,48031.1,302106.0,51237.1,106.7,0.9465,110,1,BUENO
166195,YPF,VACA MUERTA,PETROLEO,2025,7294.2,91.9,0.163,47811.3,300724.0,51278.2,107.3,0.8509,18,2,BUENO
166967,YPF,VACA MUERTA,PETROLEO,2025,4376.2,68.7,0.01,47663.0,299791.0,26033.7,54.6,0.9908,7,2,BUENO
159314,Pan American Energy,VACA MUERTA,PETROLEO,2018,2597.7,97.7,1.068,47620.1,299521.0,38509.7,80.9,0.8773,97,3,BUENO
160275,YPF,VACA MUERTA,GAS,2019,4336.3,69.6,0.01,50860.2,299363.0,51917.1,102.1,0.8774,87,4,BUENO
154746,YPF,VACA MUERTA,GAS,2015,1415.0,97.4,1.746,50808.1,299056.0,36811.1,72.5,0.428,131,4,REGULAR
154929,YPF,VACA MUERTA,PETROLEO,2015,2395.0,88.3,0.876,47283.5,297404.0,40998.0,86.7,0.9304,133,1,BUENO
166634,Pan American Energy,VACA MUERTA,PETROLEO,2025,6783.8,85.1,0.01,47221.8,297016.0,46488.8,98.4,0.9751,13,3,BUENO
165788,YPF,VACA MUERTA,PETROLEO,2024,5626.7,80.5,0.01,47088.9,296180.0,47585.4,101.1,0.8737,18,4,BUENO
158520,Pan American Energy,VACA MUERTA,PETROLEO,2017,1875.7,99.0,1.358,47026.4,295787.0,35514.7,75.5,0.9295,100,7,BUENO
162636,YPF,VACA MUERTA,PETROLEO,2021,4513.0,99.9,0.99,46915.9,295092.0,41017.3,87.4,0.8074,58,2,BUENO
167025,Petrolera El Trébol,VACA MUERTA,PETROLEO,2026,7536.0,90.9,0.01,46826.3,294528.0,38937.8,83.2,0.9716,6,2,BUENO
145736,YPF,VACA MUERTA,PETROLEO,2013,460.6,46.8,2.0,46577.3,292962.0,16780.6,36.0,0.1027,19,136,DESCARTADO
166502,Pampa Energía,VACA MUERTA,PETROLEO,2025,5474.8,87.4,0.304,46547.1,292772.0,38339.1,82.4,0.7864,14,2,BUENO
165266,YPF,VACA MUERTA,PETROLEO,2024,4704.9,99.9,0.956,46434.9,292066.0,33293.1,71.7,0.7375,27,2,BUENO
166926,YPF,VACA MUERTA,PETROLEO,2025,6194.7,82.4,0.01,46256.4,290944.0,35759.6,77.3,0.4534,8,2,REGULAR
160021,Petrolera El Trébol,VACA MUERTA,PETROLEO,2018,457.0,31.5,2.0,46212.1,290665.0,23735.4,51.4,-0.2999,82,11,DESCARTADO
165791,YPF,VACA MUERTA,PETROLEO,2024,4177.4,68.3,0.01,46181.2,290471.0,42267.8,91.5,0.8526,20,2,BUENO
156874,YPF,VACA MUERTA,PETROLEO,2016,1310.1,51.8,0.609,46167.5,290384.0,38583.0,83.6,0.8535,120,2,BUENO
164569,YPF,VACA MUERTA,PETROLEO,2023,4527.1,75.8,0.01,46162.5,290353.0,48437.3,104.9,0.8794,34,3,BUENO
166759,Pan American Energy,VACA MUERTA,PETROLEO,2025,7141.1,92.3,0.161,46062.1,289721.0,42675.8,92.6,0.9136,10,3,BUENO
163841,YPF,VACA MUERTA,PETROLEO,2022,1930.8,41.6,0.01,46040.7,289587.0,40939.0,88.9,0.6536,43,2,REGULAR
166803,Shell,VACA MUERTA,PETROLEO,2025,7661.1,89.1,0.019,46008.8,289386.0,44390.2,96.5,0.9681,10,2,BUENO
164677,Shell,VACA MUERTA,PETROLEO,2023,5980.7,100.0,0.944,45956.5,289057.0,38578.9,83.9,0.8981,33,1,BUENO
165206,Tecpetrol,VACA MUERTA,PETROLEO,2024,2613.1,96.3,0.98,45661.7,287203.0,24731.4,54.2,0.8367,25,5,BUENO
166713,Vista Energy,VACA MUERTA,PETROLEO,2025,6686.3,99.3,0.664,45521.8,286323.0,32973.2,72.4,0.98,11,2,BUENO
163014,Shell,VACA MUERTA,PETROLEO,2022,2510.4,100.0,1.56,45481.3,286068.0,16934.0,37.2,0.8917,22,32,BUENO
165727,YPF,VACA MUERTA,PETROLEO,2024,3839.6,65.4,0.01,45463.0,285953.0,40970.3,90.1,0.6936,21,2,REGULAR
165481,Kilwer,VACA MUERTA,PETROLEO,2024,5156.6,93.4,0.462,45400.7,285561.0,42832.1,94.3,0.8546,24,2,BUENO
165052,YPF,VACA MUERTA,PETROLEO,2024,3251.9,99.7,1.085,45362.5,285321.0,27512.8,60.7,0.8145,28,3,BUENO
166619,YPF,VACA MUERTA,PETROLEO,2025,4930.1,79.9,0.01,44578.9,280392.0,39901.1,89.5,0.7711,12,3,BUENO
166779,YPF,VACA MUERTA,PETROLEO,2025,7774.9,100.0,0.681,44450.3,279583.0,40447.1,91.0,0.7077,11,2,BUENO
154211,YPF,VACA MUERTA,PETROLEO,2015,3566.9,100.0,1.187,44411.8,279341.0,40762.7,91.8,0.9509,136,1,BUENO
165786,YPF,VACA MUERTA,PETROLEO,2024,5279.1,83.7,0.01,44254.2,278350.0,46181.6,104.4,0.9477,18,4,BUENO
158968,Tecpetrol,VACA MUERTA,GAS,2018,11860.4,97.1,0.01,47246.8,278095.0,54027.1,114.4,0.913,100,4,BUENO
164177,YPF,VACA MUERTA,PETROLEO,2023,5605.1,84.6,0.01,44054.8,277096.0,46593.6,105.8,0.9489,38,3,BUENO
164793,YPF,VACA MUERTA,PETROLEO,2023,4473.5,99.9,0.96,44006.3,276791.0,32636.0,74.2,0.8211,33,1,BUENO
162332,YPF,VACA MUERTA,PETROLEO,2021,3192.3,91.2,0.589,43978.1,276613.0,44870.7,102.0,0.6031,59,5,REGULAR
167038,YPF,VACA MUERTA,PETROLEO,2026,9819.3,96.4,0.067,43667.6,274660.0,40914.2,93.7,0.989,6,2,BUENO
166168,Pluspetrol,VACA MUERTA,GAS,2025,10851.5,99.7,0.494,46628.3,274454.0,46921.0,100.6,0.9696,13,7,BUENO
162779,YPF,VACA MUERTA,GAS,2021,2621.7,100.0,1.784,46464.7,273491.0,21594.8,46.5,0.2909,38,20,DESCARTADO
165351,YPF,VACA MUERTA,PETROLEO,2024,7044.9,93.6,0.112,43471.9,273430.0,50079.7,115.2,0.7898,24,4,BUENO
162178,Pluspetrol,VACA MUERTA,GAS,2021,5701.0,87.8,0.152,46428.3,273277.0,58068.2,125.1,0.8155,61,5,BUENO
159619,Pan American Energy,VACA MUERTA,PETROLEO,2018,2064.8,84.4,0.816,43371.1,272796.0,35739.0,82.4,0.9602,94,3,BUENO
157364,Tecpetrol,VACA MUERTA,GAS,2016,1895.6,100.0,1.826,46201.0,271939.0,35075.8,75.9,0.4112,109,8,REGULAR
157110,YPF,VACA MUERTA,PETROLEO,2016,1331.2,33.9,0.105,43175.6,271566.0,43216.8,100.1,0.8371,119,1,BUENO
162333,YPF,VACA MUERTA,PETROLEO,2021,2249.1,99.3,1.222,43072.4,270917.0,29571.0,68.7,0.3718,60,4,DESCARTADO
165793,YPF,VACA MUERTA,PETROLEO,2024,3876.1,68.6,0.01,42992.2,270412.0,39822.0,92.6,0.8414,20,2,BUENO
164564,YPF,VACA MUERTA,PETROLEO,2023,2341.9,100.0,1.459,42944.0,270109.0,20725.8,48.3,0.7147,36,1,BUENO
164963,YPF,VACA MUERTA,PETROLEO,2024,4868.4,80.5,0.01,42829.7,269390.0,47552.6,111.0,0.8467,29,3,BUENO
147488,YPF,VACA MUERTA,PETROLEO,2014,2021.7,59.1,0.338,42641.8,268208.0,45460.8,106.6,0.8375,144,4,BUENO
137237,YPF,VACA MUERTA,GAS,2008,1303.6,29.7,0.01,45492.8,267771.0,42942.6,94.4,0.4987,162,17,REGULAR
165668,YPF,VACA MUERTA,PETROLEO,2024,6634.5,94.9,0.275,42482.2,267205.0,46467.0,109.4,0.8741,22,2,BUENO
155636,YPF,VACA MUERTA,PETROLEO,2015,1341.6,79.4,0.898,42210.4,265495.0,35921.1,85.1,0.9509,123,6,BUENO
155713,O&G Developments,VACA MUERTA,PETROLEO,2015,1386.3,100.0,2.0,42143.0,265071.0,33819.0,80.2,0.2477,126,2,DESCARTADO
156552,YPF,VACA MUERTA,PETROLEO,2016,1680.2,49.5,0.01,42018.7,264289.0,41820.1,99.5,0.8748,114,11,BUENO
166596,Pampa Energía,VACA MUERTA,PETROLEO,2025,3463.8,99.9,1.068,41680.4,262161.0,18730.8,44.9,0.9545,13,2,BUENO
157978,YPF,VACA MUERTA,PETROLEO,2017,2443.1,97.9,1.063,41597.0,261637.0,35273.0,84.8,0.8783,112,1,BUENO
166567,YPF,VACA MUERTA,PETROLEO,2025,5129.1,86.1,0.064,41512.7,261107.0,40261.8,97.0,0.8772,13,3,BUENO
156873,YPF,VACA MUERTA,PETROLEO,2016,1775.0,63.2,0.496,41494.5,260992.0,38780.3,93.5,0.8472,119,3,BUENO
166674,YPF,VACA MUERTA,PETROLEO,2025,3760.1,85.1,0.372,41494.1,260990.0,28530.5,68.8,0.9246,11,3,BUENO
166611,YPF,VACA MUERTA,PETROLEO,2025,3368.5,94.4,0.511,41354.4,260111.0,30922.1,74.8,0.7728,9,6,BUENO
164646,YPF,VACA MUERTA,PETROLEO,2023,3733.0,89.9,0.546,41343.2,260040.0,36636.0,88.6,0.834,34,2,BUENO
157336,YPF,VACA MUERTA,PETROLEO,2016,1451.6,74.9,0.882,41157.3,258871.0,33055.0,80.3,0.7716,117,1,BUENO
157972,YPF,VACA MUERTA,PETROLEO,2017,2102.7,47.2,0.01,41108.9,258567.0,42294.2,102.9,0.9421,111,2,BUENO
137592,TotalEnergies,VACA MUERTA,GAS,2012,2275.6,99.6,1.338,43616.2,256725.0,37595.4,86.2,0.8453,171,1,BUENO
165489,YPF,VACA MUERTA,PETROLEO,2024,2823.9,63.2,0.01,40760.4,256375.0,37325.4,91.6,0.4716,22,4,REGULAR
163794,Kilwer,VACA MUERTA,PETROLEO,2022,4687.4,98.6,0.722,40719.8,256119.0,39461.7,96.9,0.8573,44,2,BUENO
166552,YPF,VACA MUERTA,PETROLEO,2025,6666.7,100.0,0.89,40670.8,255811.0,32187.2,79.1,0.8594,14,2,BUENO
165569,YPF,VACA MUERTA,PETROLEO,2024,4852.3,93.3,0.427,40648.7,255672.0,38452.8,94.6,0.8884,22,3,BUENO
165326,Shell,VACA MUERTA,PETROLEO,2024,6623.3,100.0,1.005,40646.1,255656.0,37960.4,93.4,0.9689,24,4,BUENO
155043,YPF,VACA MUERTA,PETROLEO,2015,1556.7,100.0,1.94,40515.7,254836.0,30571.9,75.5,0.6667,132,1,REGULAR
155639,YPF,VACA MUERTA,PETROLEO,2015,2235.1,98.3,0.648,40475.8,254585.0,40003.1,98.8,0.7991,32,97,BUENO
159527,Pan American Energy,VACA MUERTA,PETROLEO,2018,2359.9,93.2,0.848,40449.8,254421.0,35893.2,88.7,0.9104,94,4,BUENO
166786,YPF,VACA MUERTA,PETROLEO,2025,7756.2,94.8,0.01,40269.2,253285.0,43351.3,107.7,0.9198,10,3,BUENO
157329,YPF,VACA MUERTA,PETROLEO,2016,2269.3,96.0,0.985,40035.3,251814.0,34747.6,86.8,0.9028,116,2,BUENO
158150,YPF,VACA MUERTA,PETROLEO,2017,2220.6,90.5,0.836,39880.6,250841.0,35465.1,88.9,0.9179,109,2,BUENO
163507,YPF,VACA MUERTA,PETROLEO,2022,2175.0,96.0,0.966,39860.9,250717.0,27784.7,69.7,0.7882,45,4,BUENO
166671,YPF,VACA MUERTA,PETROLEO,2025,3475.8,88.6,0.507,39685.0,249611.0,24518.3,61.8,0.95,11,3,BUENO
157406,YPF,VACA MUERTA,GAS,2016,4315.8,87.8,0.366,42313.4,249057.0,45026.6,106.4,0.946,114,3,BUENO
157516,Pan American Energy,VACA MUERTA,PETROLEO,2017,1728.6,100.0,1.933,39588.3,249002.0,28352.5,71.6,0.8225,112,4,BUENO
155525,YPF,VACA MUERTA,GAS,2015,5125.8,100.0,1.051,42205.5,248422.0,41936.8,99.4,0.7365,127,3,BUENO
158895,YPF,VACA MUERTA,PETROLEO,2018,2145.2,51.5,0.063,39439.1,248064.0,41887.4,106.2,0.8254,102,2,BUENO
166655,Pampa Energía,VACA MUERTA,PETROLEO,2025,7530.8,91.4,0.01,39353.6,247526.0,42674.6,108.4,0.9397,13,2,BUENO
147472,YPF,VACA MUERTA,PETROLEO,2014,1913.4,99.7,1.311,38968.0,245101.0,31926.4,81.9,0.8508,144,4,BUENO
145295,Petrobras,VACA MUERTA,GAS,2013,1572.2,97.9,1.46,41600.2,244859.0,33279.3,80.0,0.7763,151,7,BUENO
166893,YPF,VACA MUERTA,PETROLEO,2025,5038.9,87.4,0.071,38862.7,244439.0,32539.4,83.7,0.6034,8,3,REGULAR
166976,YPF,VACA MUERTA,PETROLEO,2025,4311.5,74.8,0.01,38730.0,243604.0,25501.9,65.8,0.9493,8,1,BUENO
165274,YPF,VACA MUERTA,PETROLEO,2024,3124.8,97.4,0.762,38606.8,242829.0,30010.4,77.7,0.7085,25,4,BUENO
145032,Americas Petrogas,VACA MUERTA,GAS,2013,602.5,60.1,2.0,41206.9,242544.0,37241.4,90.4,-0.1494,161,1,DESCARTADO
157871,YPF,VACA MUERTA,PETROLEO,2017,2607.1,99.2,1.053,38301.0,240906.0,35039.7,91.5,0.8739,113,1,BUENO
158171,Pan American Energy,VACA MUERTA,PETROLEO,2017,1374.0,100.0,2.0,38237.5,240506.0,26995.4,70.6,0.937,110,1,BUENO
167012,Vista Energy,VACA MUERTA,PETROLEO,2026,6549.6,88.9,0.01,38200.5,240274.0,29212.0,76.5,0.9559,6,2,BUENO
166441,YPF,VACA MUERTA,PETROLEO,2025,2539.1,58.2,0.01,38121.4,239776.0,26594.3,69.8,0.7106,14,3,BUENO
165723,YPF,VACA MUERTA,PETROLEO,2024,2280.7,75.6,0.01,38090.8,239584.0,35090.0,92.1,0.669,13,10,REGULAR
166787,YPF,VACA MUERTA,PETROLEO,2025,8185.4,99.3,0.448,38017.7,239124.0,36278.1,95.4,0.8966,11,2,BUENO
157330,YPF,VACA MUERTA,PETROLEO,2016,2784.7,100.0,1.427,37915.8,238483.0,31892.6,84.1,0.7837,116,2,BUENO
162793,YPF,VACA MUERTA,PETROLEO,2021,2240.6,89.5,0.759,37785.6,237664.0,30724.2,81.3,0.7946,56,2,BUENO
166130,YPF,VACA MUERTA,PETROLEO,2024,5366.4,98.7,0.601,37637.6,236733.0,33618.8,89.3,0.7558,18,3,BUENO
166981,YPF,VACA MUERTA,PETROLEO,2025,4408.7,93.6,0.455,37593.4,236455.0,22882.2,60.9,0.9905,7,2,BUENO
153074,TotalEnergies,VACA MUERTA,GAS,2014,3013.7,100.0,1.574,40112.2,236100.0,35781.7,89.2,0.5663,141,4,REGULAR
156751,YPF,VACA MUERTA,PETROLEO,2016,2233.8,86.7,0.709,37449.5,235550.0,35391.2,94.5,0.9218,121,2,BUENO
160371,Pan American Energy,VACA MUERTA,GAS,2019,1934.7,47.0,0.01,39656.5,233418.0,38034.4,95.9,0.7215,87,3,BUENO
137008,YPF,VACA MUERTA,PETROLEO,2006,1529.8,82.6,0.848,37015.1,232818.0,33726.6,91.1,0.8677,173,35,BUENO
165768,Pan American Energy,VACA MUERTA,PETROLEO,2024,4159.9,97.8,0.603,36984.5,232625.0,32798.6,88.7,0.789,20,4,BUENO
157860,YPF,VACA MUERTA,GAS,2017,4458.6,99.6,0.845,39292.7,231277.0,41352.3,105.2,0.8701,112,2,BUENO
154190,YPF,VACA MUERTA,PETROLEO,2015,1234.0,100.0,2.0,36755.8,231187.0,29304.1,79.7,0.6641,136,1,REGULAR
157106,YPF,VACA MUERTA,GAS,2016,4401.0,80.6,0.01,39212.2,230803.0,44438.0,113.3,0.9488,117,3,BUENO
166997,Pampa Energía,VACA MUERTA,PETROLEO,2025,6195.3,100.0,0.828,36677.1,230692.0,25955.8,70.8,0.9672,6,3,BUENO
160053,YPF,VACA MUERTA,PETROLEO,2018,1929.0,62.6,0.374,36266.2,228107.0,36743.0,101.3,0.8119,92,1,BUENO
164908,Kilwer,VACA MUERTA,PETROLEO,2023,5177.9,98.6,0.628,36242.1,227956.0,36074.3,99.5,0.9205,32,1,BUENO
114670,YPF,VACA MUERTA,PETROLEO,2024,242.4,11.4,2.0,36091.4,227008.0,7372.4,20.4,0.0052,9,23,DESCARTADO
166924,YPF,VACA MUERTA,PETROLEO,2025,6974.4,92.5,0.01,36054.0,226772.0,34723.0,96.3,0.6612,8,2,REGULAR
159313,Pan American Energy,VACA MUERTA,PETROLEO,2018,1213.9,91.6,1.235,35931.5,226002.0,24974.9,69.5,0.9451,90,10,BUENO
164788,YPF,VACA MUERTA,PETROLEO,2023,2246.2,90.0,0.707,35467.8,223085.0,26253.3,74.0,0.8214,31,3,BUENO
160817,TotalEnergies,VACA MUERTA,GAS,2019,1832.5,100.0,1.637,37792.6,222447.0,23955.3,63.4,0.7754,82,4,BUENO
165043,YPF,VACA MUERTA,PETROLEO,2024,1373.3,100.0,1.954,35365.0,222439.0,13096.6,37.0,0.6826,28,3,REGULAR
164678,Shell,VACA MUERTA,PETROLEO,2023,644.2,85.3,2.0,35125.4,220932.0,9998.5,28.5,0.725,21,13,BUENO
136404,YPF,VACA MUERTA,PETROLEO,2006,816.0,94.8,2.0,35092.2,220723.0,34560.5,98.5,0.057,179,34,DESCARTADO
166220,Vista Energy,VACA MUERTA,PETROLEO,2025,3608.8,76.1,0.01,34993.4,220101.0,32993.8,94.3,0.725,16,3,BUENO
166443,YPF,VACA MUERTA,PETROLEO,2025,2989.3,67.2,0.01,34949.3,219824.0,28639.5,81.9,0.7821,15,2,BUENO
166816,YPF,VACA MUERTA,PETROLEO,2025,6013.8,99.8,0.609,34904.2,219540.0,29902.5,85.7,0.8331,10,3,BUENO
166243,YPF,VACA MUERTA,PETROLEO,2025,1518.7,100.0,2.0,34773.9,218721.0,11732.1,33.7,0.3137,16,3,DESCARTADO
154188,YPF,VACA MUERTA,GAS,2015,4744.6,99.5,0.586,37045.9,218052.0,41214.2,111.3,0.8881,131,6,BUENO
164111,YPF,VACA MUERTA,PETROLEO,2023,3019.5,75.0,0.126,34487.2,216918.0,35751.9,103.7,0.9425,39,3,BUENO
164604,Pan American Energy,VACA MUERTA,PETROLEO,2023,3839.1,83.0,0.21,34277.1,215596.0,36127.9,105.4,0.8969,35,2,BUENO
166895,YPF,VACA MUERTA,PETROLEO,2025,7782.0,95.3,0.01,34051.0,214174.0,36828.8,108.2,0.7796,9,2,BUENO
160155,YPF,VACA MUERTA,GAS,2019,2634.4,97.4,0.747,36289.7,213601.0,34068.3,93.9,0.5474,86,6,REGULAR
147624,YPF,VACA MUERTA,PETROLEO,2014,1374.9,100.0,1.761,33799.7,212593.0,27314.0,80.8,0.8375,143,4,BUENO
166882,YPF,VACA MUERTA,PETROLEO,2025,3539.1,80.6,0.01,33648.8,211644.0,23533.4,69.9,0.9258,6,5,BUENO
147165,YPF,VACA MUERTA,PETROLEO,2014,1004.6,85.8,0.674,33643.5,211611.0,30233.7,89.9,0.806,45,107,BUENO
163324,YPF,VACA MUERTA,PETROLEO,2022,2947.6,81.2,0.254,33499.1,210703.0,35243.2,105.2,0.8621,45,6,BUENO
164301,Vista Energy,VACA MUERTA,PETROLEO,2023,3716.7,78.0,0.01,33411.2,210150.0,35854.9,107.3,0.9032,36,4,BUENO
157224,O&G Developments,VACA MUERTA,PETROLEO,2016,1705.8,99.8,1.326,32887.1,206853.0,25711.0,78.2,0.8221,112,5,BUENO
160330,YPF,VACA MUERTA,GAS,2019,1845.8,81.3,0.61,35109.2,206653.0,32347.0,92.1,0.8228,82,8,BUENO
159985,YPF,VACA MUERTA,PETROLEO,2018,3582.8,100.0,1.011,32822.7,206448.0,32015.5,97.5,0.8582,90,6,BUENO
164928,Shell,VACA MUERTA,PETROLEO,2023,5087.8,100.0,0.859,32746.9,205971.0,30793.5,94.0,0.9561,31,1,BUENO
166325,YPF,VACA MUERTA,PETROLEO,2025,4166.7,80.9,0.01,32732.0,205878.0,31931.7,97.6,0.8301,16,2,BUENO
144385,YPF,VACA MUERTA,PETROLEO,2006,1497.3,61.7,0.368,32696.4,205654.0,33299.3,101.8,0.8868,160,36,BUENO
165495,YPF,VACA MUERTA,PETROLEO,2024,6874.9,95.4,0.096,32684.2,205577.0,40638.0,124.3,0.9112,25,1,BUENO
153604,YPF,VACA MUERTA,GAS,2014,1763.4,99.0,1.183,34732.4,204435.0,29868.3,86.0,0.9233,136,5,BUENO
156551,YPF,VACA MUERTA,PETROLEO,2016,1128.6,100.0,2.0,32501.5,204428.0,24902.7,76.6,0.3991,124,1,DESCARTADO
157108,YPF,VACA MUERTA,GAS,2016,3974.1,79.8,0.048,34661.1,204015.0,40797.4,117.7,0.9332,118,2,BUENO
163416,YPF,VACA MUERTA,PETROLEO,2022,2477.5,100.0,0.01,32331.5,203359.0,35901.0,111.0,0.8222,10,40,BUENO
166267,Tecpetrol,VACA MUERTA,PETROLEO,2025,4027.4,100.0,1.257,32190.3,202471.0,17923.6,55.7,0.8586,18,1,BUENO
155239,YPF,VACA MUERTA,PETROLEO,2015,2296.8,99.3,1.065,32138.2,202143.0,26970.2,83.9,0.8651,131,1,BUENO
155430,YPF,VACA MUERTA,PETROLEO,2015,1457.6,100.0,2.0,31951.7,200970.0,23773.0,74.4,0.7492,130,1,BUENO
166673,YPF,VACA MUERTA,PETROLEO,2025,3234.4,89.4,0.357,31902.2,200658.0,23706.4,74.3,0.9469,10,4,BUENO
165726,YPF,VACA MUERTA,PETROLEO,2024,2678.4,65.3,0.01,31792.2,199967.0,28925.6,91.0,0.8415,21,2,BUENO
42933,Petrobras,VACA MUERTA,PETROLEO,2006,541.9,32.3,0.01,31790.1,199953.0,30895.4,97.2,0.5859,112,136,REGULAR
166459,YPF,VACA MUERTA,PETROLEO,2025,5316.2,92.4,0.01,31740.7,199643.0,35275.8,111.1,0.9142,15,2,BUENO
156743,YPF,VACA MUERTA,GAS,2016,4310.8,86.7,0.01,33830.1,199124.0,36917.8,109.1,0.9833,119,4,BUENO
157334,YPF,VACA MUERTA,PETROLEO,2016,2231.2,99.3,1.038,31628.5,198937.0,27692.1,87.6,0.9089,116,2,BUENO
160752,Shell,VACA MUERTA,PETROLEO,2019,2019.0,96.7,0.01,31605.4,198792.0,38632.0,122.2,0.5097,52,34,REGULAR
159837,YPF,VACA MUERTA,PETROLEO,2018,2715.0,97.4,0.815,31431.9,197700.0,28910.8,92.0,0.8878,93,3,BUENO
163843,YPF,VACA MUERTA,PETROLEO,2022,3430.9,76.1,0.01,31393.1,197456.0,34376.5,109.5,0.8701,42,3,BUENO
166831,YPF,VACA MUERTA,PETROLEO,2025,8260.3,96.3,0.01,31386.8,197417.0,36706.6,116.9,0.9684,11,2,BUENO
165034,Capex,VACA MUERTA,PETROLEO,2024,1490.1,61.6,0.287,31379.3,197370.0,23852.8,76.0,0.9159,23,8,BUENO
159378,YPF,VACA MUERTA,GAS,2018,4717.2,85.1,0.01,33425.8,196744.0,34472.4,103.1,0.77,91,8,BUENO
166785,YPF,VACA MUERTA,PETROLEO,2025,8230.2,96.7,0.01,30979.5,194855.0,36654.5,118.3,0.9554,11,2,BUENO
156474,YPF,VACA MUERTA,PETROLEO,2016,1212.3,100.0,2.0,30910.5,194421.0,23419.6,75.8,0.716,125,1,BUENO
156332,YPF,VACA MUERTA,PETROLEO,2016,3322.6,93.9,0.523,30902.8,194372.0,35301.3,114.2,0.9673,125,2,BUENO
165480,Tecpetrol,VACA MUERTA,PETROLEO,2024,3373.5,97.5,0.444,30775.3,193570.0,26227.2,85.2,0.6567,9,17,REGULAR
159464,TotalEnergies,VACA MUERTA,PETROLEO,2018,3682.6,93.5,0.468,30526.6,192006.0,38310.0,125.5,0.8457,94,6,BUENO
157322,YPF,VACA MUERTA,GAS,2016,4361.3,87.8,0.01,32606.1,191920.0,37148.3,113.9,0.991,114,4,BUENO
164935,Shell,VACA MUERTA,PETROLEO,2023,1968.8,98.3,0.952,30381.7,191095.0,20028.9,65.9,0.9659,29,3,BUENO
155721,TotalEnergies,VACA MUERTA,GAS,2015,3390.3,75.5,0.01,32422.2,190837.0,32971.8,101.7,0.9261,124,5,BUENO
156485,YPF,VACA MUERTA,GAS,2016,2509.6,75.0,0.01,32206.1,189565.0,33724.9,104.7,0.9668,116,10,BUENO
167049,Vista Energy,VACA MUERTA,PETROLEO,2026,6697.6,93.3,0.01,30121.7,189459.0,25930.2,86.1,0.9776,6,2,BUENO
152794,Pluspetrol,VACA MUERTA,PETROLEO,2014,1012.7,100.0,2.0,30114.2,189412.0,24433.2,81.1,0.8873,142,2,BUENO
165272,YPF,VACA MUERTA,PETROLEO,2024,2532.2,98.4,0.806,29987.8,188617.0,22896.7,76.4,0.6934,25,4,REGULAR
166971,YPF,VACA MUERTA,PETROLEO,2025,4887.4,98.4,0.544,29977.5,188552.0,20421.7,68.1,0.9792,8,1,BUENO
145082,YPF,VACA MUERTA,GAS,2006,238.1,44.7,2.0,31992.2,188306.0,19205.1,60.0,-0.4081,46,145,DESCARTADO
154744,YPF,VACA MUERTA,GAS,2015,3111.1,98.4,0.671,31937.8,187986.0,32288.5,101.1,0.7693,128,7,BUENO
166953,Shell,VACA MUERTA,PETROLEO,2025,2224.9,98.9,0.956,29233.2,183871.0,11459.6,39.2,0.9694,8,3,BUENO
144634,O&G Developments,VACA MUERTA,PETROLEO,2012,1046.6,100.0,2.0,29229.1,183845.0,24752.4,84.7,0.3897,159,8,DESCARTADO
154776,YPF,VACA MUERTA,PETROLEO,2015,2165.4,98.4,0.955,29156.0,183385.0,26605.9,91.3,0.9238,134,1,BUENO
166686,YPF,VACA MUERTA,PETROLEO,2025,6852.6,97.9,0.166,29123.3,183180.0,33767.1,115.9,0.6494,12,2,REGULAR
163849,YPF,VACA MUERTA,PETROLEO,2022,2411.0,64.4,0.01,28979.2,182273.0,28877.1,99.6,0.8629,44,1,BUENO
145043,O&G Developments,VACA MUERTA,PETROLEO,2013,1150.6,98.0,1.408,28808.8,181202.0,23337.2,81.0,0.6381,158,0,REGULAR
164926,Shell,VACA MUERTA,PETROLEO,2023,5877.9,94.1,0.018,28739.9,180768.0,34494.8,120.0,0.964,31,1,BUENO
156871,YPF,VACA MUERTA,GAS,2016,1906.3,88.8,0.01,30343.7,178603.0,31679.8,104.4,0.9516,88,34,BUENO
166829,YPF,VACA MUERTA,PETROLEO,2025,8419.5,97.6,0.01,28230.1,177562.0,34636.9,122.7,0.9898,11,2,BUENO
155218,YPF,VACA MUERTA,PETROLEO,2015,2187.1,95.6,0.803,28056.2,176468.0,26890.3,95.8,0.9633,131,1,BUENO
164887,YPF,VACA MUERTA,PETROLEO,2023,1772.5,100.0,1.675,27817.2,174965.0,12843.9,46.2,0.8842,32,1,BUENO
156973,YPF,VACA MUERTA,PETROLEO,2016,1579.0,98.4,1.078,27791.4,174802.0,23663.3,85.1,0.7953,119,2,BUENO
158514,Pan American Energy,VACA MUERTA,PETROLEO,2017,1469.9,97.6,1.112,27750.2,174543.0,22246.9,80.2,0.8932,103,5,BUENO
166645,Pan American Energy,VACA MUERTA,PETROLEO,2025,3753.8,97.8,0.53,27714.5,174319.0,23013.7,83.0,0.9918,13,2,BUENO
166613,YPF,VACA MUERTA,PETROLEO,2025,3176.0,99.9,0.651,27662.2,173990.0,23696.7,85.7,0.7706,8,7,BUENO
158833,Pan American Energy,VACA MUERTA,PETROLEO,2018,634.0,29.2,0.152,27315.2,171807.0,24826.8,90.9,0.7177,99,5,BUENO
166437,YPF,VACA MUERTA,PETROLEO,2025,2827.6,76.0,0.01,27219.7,171206.0,24355.5,89.5,0.7985,14,3,BUENO
158526,Pan American Energy,VACA MUERTA,PETROLEO,2017,2016.8,97.3,0.874,27163.7,170854.0,26178.0,96.4,0.9485,104,4,BUENO
146225,YPF,VACA MUERTA,PETROLEO,2014,1514.4,100.0,1.539,26973.1,169655.0,23674.5,87.8,0.7741,150,2,BUENO
159607,Pan American Energy,VACA MUERTA,PETROLEO,2018,1651.1,99.7,1.196,26956.8,169553.0,21393.7,79.4,0.9454,94,3,BUENO
161375,YPF,VACA MUERTA,GAS,2019,1159.8,100.0,2.0,28468.6,167566.0,17712.9,62.2,0.4231,64,19,REGULAR
152994,YPF,VACA MUERTA,PETROLEO,2014,1083.0,89.9,1.047,26588.7,167238.0,22191.4,83.5,0.8088,142,4,BUENO
157552,Americas Petrogas,VACA MUERTA,PETROLEO,2017,2308.4,68.7,0.01,26256.8,165150.0,35034.0,133.4,0.7518,114,2,BUENO
146227,YPF,VACA MUERTA,PETROLEO,2014,1177.5,69.2,0.586,26252.2,165121.0,25513.1,97.2,0.8464,150,2,BUENO
166830,YPF,VACA MUERTA,PETROLEO,2025,8111.0,98.0,0.01,26242.7,165061.0,32491.5,123.8,0.9884,11,2,BUENO
155828,YPF,VACA MUERTA,GAS,2016,2004.7,78.4,0.459,27961.1,164579.0,27978.8,100.1,0.7667,126,2,BUENO
155241,YPF,VACA MUERTA,PETROLEO,2015,1264.9,100.0,1.958,26110.1,164227.0,20172.8,77.3,0.7209,131,1,BUENO
156477,YPF,VACA MUERTA,PETROLEO,2016,1014.2,99.2,1.544,26088.9,164094.0,19873.2,76.2,0.8852,125,1,BUENO
153474,YPF,VACA MUERTA,PETROLEO,2014,1093.8,100.0,1.68,26014.6,163627.0,21650.7,83.2,0.5355,140,3,REGULAR
166245,YPF,VACA MUERTA,PETROLEO,2025,1571.9,75.2,0.01,25901.9,162918.0,20458.8,79.0,0.5336,7,12,REGULAR
164091,Vista Energy,VACA MUERTA,PETROLEO,2023,2936.5,97.8,0.707,25894.2,162869.0,23853.8,92.1,0.9232,40,2,BUENO
136060,YPF,VACA MUERTA,PETROLEO,2006,1740.8,100.0,1.391,25739.7,161898.0,22400.0,87.0,0.8712,180,35,BUENO
166675,YPF,VACA MUERTA,PETROLEO,2025,4898.4,97.0,0.216,25656.1,161372.0,27021.8,105.3,0.9505,12,2,BUENO
165776,Vista Energy,VACA MUERTA,PETROLEO,2024,764.1,99.6,2.0,25622.0,161157.0,6834.1,26.7,0.6105,21,1,REGULAR
162691,Shell,VACA MUERTA,PETROLEO,2021,2681.5,95.2,0.076,25534.2,160605.0,26683.4,104.5,0.9171,11,54,BUENO
164089,Vista Energy,VACA MUERTA,PETROLEO,2023,3736.1,99.4,0.693,25408.4,159814.0,26014.8,102.4,0.9372,40,2,BUENO
166980,YPF,VACA MUERTA,PETROLEO,2025,3517.3,87.4,0.01,25324.1,159284.0,19561.2,77.2,0.9057,6,3,BUENO
159005,Pan American Energy,VACA MUERTA,PETROLEO,2018,1283.7,96.5,1.084,25278.9,158999.0,19776.0,78.2,0.8532,100,3,BUENO
146992,YPF,VACA MUERTA,PETROLEO,2014,1012.0,100.0,2.0,24962.0,157006.0,21904.3,87.8,0.5184,146,6,REGULAR
135484,YPF,VACA MUERTA,PETROLEO,2006,642.4,86.9,1.504,24870.2,156429.0,21352.6,85.9,0.6524,186,33,REGULAR
145256,YPF,VACA MUERTA,PETROLEO,2006,982.4,100.0,1.811,24863.0,156383.0,21597.5,86.9,0.7838,148,42,BUENO
166553,YPF,VACA MUERTA,PETROLEO,2025,3360.1,85.0,0.01,24806.3,156027.0,25017.1,100.8,0.668,14,2,REGULAR
157791,YPF,VACA MUERTA,GAS,2017,2554.1,95.0,0.61,26479.6,155859.0,28854.4,109.0,0.6694,112,3,REGULAR
157859,YPF,VACA MUERTA,GAS,2017,3767.4,96.8,0.474,26369.6,155211.0,31137.7,118.1,0.9322,112,2,BUENO
166852,Pampa Energía,VACA MUERTA,PETROLEO,2025,7913.4,100.0,0.578,24533.1,154308.0,27553.0,112.3,0.8018,9,2,BUENO
146999,YPF,VACA MUERTA,PETROLEO,2014,818.3,100.0,1.84,24478.3,153964.0,18209.5,74.4,0.6389,76,75,REGULAR
136996,YPF,VACA MUERTA,PETROLEO,2006,1158.9,75.9,0.554,24393.2,153428.0,23700.5,97.2,0.8884,169,39,BUENO
154931,YPF,VACA MUERTA,PETROLEO,2015,1043.7,100.0,1.761,24344.2,153120.0,17900.8,73.5,0.6316,134,0,REGULAR
160533,Tecpetrol,VACA MUERTA,GAS,2019,6889.4,99.9,0.01,26002.5,153051.0,31110.0,119.6,0.9206,31,10,BUENO
146046,YPF,VACA MUERTA,PETROLEO,2013,825.1,91.0,1.192,24304.8,152872.0,20107.4,82.7,0.7455,148,5,BUENO
158087,ExxonMobil,VACA MUERTA,GAS,2017,5997.3,99.9,0.485,25885.3,152361.0,32665.2,126.2,0.97,107,5,BUENO
146226,YPF,VACA MUERTA,PETROLEO,2014,2958.6,99.9,0.879,24147.9,151885.0,29253.3,121.1,0.9021,150,2,BUENO
145387,YPF,VACA MUERTA,PETROLEO,2006,1197.2,100.0,1.554,24096.4,151562.0,22998.3,95.4,0.8077,144,45,BUENO
144384,YPF,VACA MUERTA,PETROLEO,2013,694.3,58.5,0.726,24078.4,151448.0,21202.0,88.1,0.6752,163,1,REGULAR
145875,YPF,VACA MUERTA,PETROLEO,2013,896.4,99.8,1.731,23959.1,150698.0,19558.9,81.6,0.512,153,1,REGULAR
153603,YPF,VACA MUERTA,GAS,2014,1187.4,100.0,1.795,25484.9,150004.0,20979.1,82.3,0.876,136,5,BUENO
155217,YPF,VACA MUERTA,PETROLEO,2015,1062.3,43.4,0.01,23586.5,148354.0,23839.6,101.1,0.9067,130,2,BUENO
157858,YPF,VACA MUERTA,GAS,2017,4330.1,96.9,0.348,25117.4,147841.0,31456.9,125.2,0.9622,112,2,BUENO
167036,Tecpetrol,VACA MUERTA,PETROLEO,2026,9359.8,99.8,0.01,23449.1,147490.0,30782.3,131.3,0.6345,7,1,REGULAR
147297,YPF,VACA MUERTA,PETROLEO,2014,777.4,70.5,0.843,23443.0,147452.0,20321.6,86.7,0.8181,147,2,BUENO
145386,YPF,VACA MUERTA,PETROLEO,2006,1080.4,100.0,1.527,23427.3,147353.0,22523.3,96.1,0.8433,144,45,BUENO
165795,YPF,VACA MUERTA,PETROLEO,2024,3051.5,85.2,0.01,23154.4,145637.0,24589.0,106.2,0.8486,19,3,BUENO
160700,YPF,VACA MUERTA,PETROLEO,2019,1499.2,59.0,0.01,23105.4,145328.0,23331.8,101.0,0.8716,83,4,BUENO
156741,YPF,VACA MUERTA,GAS,2016,3199.9,95.0,0.432,24688.4,145316.0,28062.4,113.7,0.9525,121,2,BUENO
147467,YPF,VACA MUERTA,PETROLEO,2014,1464.1,100.0,1.173,22806.1,143446.0,22672.4,99.4,0.7819,140,8,BUENO
137741,YPF,VACA MUERTA,PETROLEO,2006,1147.7,93.0,0.977,22728.9,142960.0,20319.2,89.4,0.8093,169,33,BUENO
156337,YPF,VACA MUERTA,PETROLEO,2016,2553.3,81.5,0.01,22612.6,142229.0,23592.3,104.3,0.947,123,4,BUENO
153861,YPF,VACA MUERTA,PETROLEO,2014,1960.6,94.4,0.715,22611.1,142219.0,22082.3,97.7,0.9487,137,3,BUENO
166776,YPF,VACA MUERTA,PETROLEO,2025,7999.5,99.4,0.01,22579.2,142019.0,29729.8,131.7,0.9879,11,2,BUENO
166217,Vista Energy,VACA MUERTA,PETROLEO,2025,4676.3,97.5,0.01,22548.2,141824.0,27967.2,124.0,0.8157,16,3,BUENO
156479,YPF,VACA MUERTA,PETROLEO,2016,851.0,100.0,1.843,22538.7,141764.0,16859.7,74.8,0.8743,125,1,BUENO
145550,YPF,VACA MUERTA,PETROLEO,2006,1823.1,67.6,0.01,22526.7,141688.0,25043.2,111.2,0.8944,154,34,BUENO
166999,Pampa Energía,VACA MUERTA,PETROLEO,2025,5055.4,95.6,0.01,22453.8,141230.0,22526.4,100.3,0.9543,7,2,BUENO
158570,YPF,VACA MUERTA,GAS,2017,3480.4,99.5,0.01,23894.5,140643.0,33749.0,141.2,0.8706,89,18,BUENO
163166,YPF,VACA MUERTA,PETROLEO,2022,2769.6,86.1,0.01,22277.9,140124.0,26164.6,117.4,0.8694,49,4,BUENO
154571,YPF,VACA MUERTA,GAS,2015,1125.8,100.0,2.0,23778.9,139963.0,23626.0,99.4,0.0222,135,1,DESCARTADO
147299,YPF,VACA MUERTA,PETROLEO,2014,771.1,72.6,0.843,22201.8,139645.0,19188.5,86.4,0.7722,147,2,BUENO
147627,YPF,VACA MUERTA,PETROLEO,2014,975.6,99.0,1.273,22174.5,139473.0,18958.3,85.5,0.8786,140,6,BUENO
137238,YPF,VACA MUERTA,PETROLEO,2006,1075.2,94.4,0.873,22036.0,138602.0,21530.8,97.7,0.8605,165,41,BUENO
166750,Pampa Energía,VACA MUERTA,PETROLEO,2025,479.6,92.3,2.0,21921.8,137884.0,3591.5,16.4,0.8363,11,2,BUENO
166134,YPF,VACA MUERTA,GAS,2024,4634.7,100.0,0.01,23416.1,137827.0,27262.0,116.4,0.9772,12,10,BUENO
166857,Vista Energy,VACA MUERTA,PETROLEO,2025,5599.2,97.0,0.01,21728.8,136670.0,24570.2,113.1,0.9599,9,2,BUENO
156469,YPF,VACA MUERTA,GAS,2016,2092.5,94.5,0.67,22863.7,134576.0,23462.5,102.6,0.7558,125,1,BUENO
152986,YPF,VACA MUERTA,PETROLEO,2014,1088.0,98.5,1.114,21324.5,134127.0,18724.2,87.8,0.8545,140,6,BUENO
159838,YPF,VACA MUERTA,PETROLEO,2018,1469.6,88.2,0.642,21305.6,134008.0,20947.7,98.3,0.7836,92,4,BUENO
146048,YPF,VACA MUERTA,PETROLEO,2013,985.5,100.0,2.0,21005.3,132119.0,17347.5,82.6,0.5339,152,1,REGULAR
166817,YPF,VACA MUERTA,PETROLEO,2025,5313.6,98.8,0.099,20933.3,131666.0,24576.4,117.4,0.8949,10,2,BUENO
152854,YPF,VACA MUERTA,PETROLEO,2014,950.5,100.0,1.475,20828.8,131009.0,17739.9,85.2,0.9437,140,7,BUENO
153318,YPF,VACA MUERTA,GAS,2014,1624.3,73.3,0.203,22236.6,130885.0,23643.1,106.3,0.9018,137,7,BUENO
166805,Shell,VACA MUERTA,PETROLEO,2025,1273.0,99.9,1.317,20796.2,130804.0,4818.9,23.2,0.9719,7,5,BUENO
145263,YPF,VACA MUERTA,PETROLEO,2006,1542.4,100.0,0.668,20494.4,128906.0,20989.0,102.4,0.9517,22,168,BUENO
156476,YPF,VACA MUERTA,PETROLEO,2016,853.6,100.0,1.813,20375.3,128157.0,15130.0,74.3,0.912,124,2,BUENO
147293,YPF,VACA MUERTA,PETROLEO,2014,1167.0,99.6,1.247,20216.4,127157.0,18356.6,90.8,0.7316,147,2,BUENO
146047,YPF,VACA MUERTA,PETROLEO,2013,840.7,100.0,2.0,20157.9,126789.0,18473.1,91.6,0.3343,151,2,DESCARTADO
147157,YPF,VACA MUERTA,PETROLEO,2014,1320.5,100.0,1.513,20150.1,126740.0,18383.1,91.2,0.7736,144,6,BUENO
161958,YPF,VACA MUERTA,PETROLEO,2020,2919.0,97.3,0.479,20101.6,126435.0,22066.1,109.8,0.9533,68,2,BUENO
147292,YPF,VACA MUERTA,PETROLEO,2014,660.3,100.0,2.0,20051.4,126119.0,16628.2,82.9,0.3582,145,6,DESCARTADO
156708,YPF,VACA MUERTA,PETROLEO,2016,1492.7,99.9,1.151,20000.8,125801.0,17058.0,85.3,0.8466,123,1,BUENO
147626,YPF,VACA MUERTA,PETROLEO,2014,1485.4,99.5,1.038,19919.1,125287.0,19100.7,95.9,0.9438,143,4,BUENO
154747,YPF,VACA MUERTA,GAS,2015,3625.5,99.8,0.562,21269.5,125192.0,31057.5,146.0,0.7776,131,4,BUENO
136203,YPF,VACA MUERTA,PETROLEO,2006,1592.1,97.8,0.881,19860.1,124916.0,19432.6,97.8,0.945,181,33,BUENO
163417,YPF,VACA MUERTA,PETROLEO,2022,2004.1,93.1,0.407,19811.0,124607.0,20797.8,105.0,0.9169,46,4,BUENO
167076,Pampa Energía,VACA MUERTA,PETROLEO,2026,6094.6,99.8,0.373,19803.0,124557.0,18607.7,94.0,0.9906,6,1,BUENO
164936,Shell,VACA MUERTA,PETROLEO,2023,1124.9,99.9,1.287,19740.1,124161.0,10748.0,54.4,0.9613,29,3,BUENO
152857,YPF,VACA MUERTA,PETROLEO,2014,990.4,98.7,1.116,19632.6,123485.0,18022.4,91.8,0.895,140,7,BUENO
160849,YPF,VACA MUERTA,GAS,2019,962.8,53.3,0.226,20958.5,123362.0,21268.4,101.5,0.9215,83,3,BUENO
153158,YPF,VACA MUERTA,GAS,2014,993.8,99.0,1.325,20948.8,123305.0,18001.6,85.9,0.7853,142,3,BUENO
147166,YPF,VACA MUERTA,PETROLEO,2014,559.2,99.9,1.995,19593.1,123237.0,15281.8,78.0,0.4521,141,10,REGULAR
145735,YPF,VACA MUERTA,PETROLEO,2013,1184.7,100.0,1.73,19589.5,123214.0,15860.5,81.0,0.6917,154,1,REGULAR
166763,Pan American Energy,VACA MUERTA,PETROLEO,2025,4600.8,95.1,0.01,19295.6,121365.0,21697.9,112.5,0.9669,11,2,BUENO
166751,Pan American Energy,VACA MUERTA,PETROLEO,2025,4383.5,94.4,0.01,19147.3,120433.0,21237.8,110.9,0.9124,11,2,BUENO
145085,YPF,VACA MUERTA,PETROLEO,2006,802.1,63.8,0.549,19072.3,119961.0,19430.6,101.9,0.8498,158,33,BUENO
162777,YPF,VACA MUERTA,GAS,2021,9874.7,100.0,0.01,20307.8,119532.0,34944.8,172.1,0.9344,37,21,BUENO
147002,YPF,VACA MUERTA,PETROLEO,2014,564.5,99.7,2.0,18984.6,119409.0,15190.9,80.0,0.5329,149,3,REGULAR
152861,YPF,VACA MUERTA,PETROLEO,2014,1002.7,99.9,1.33,18947.6,119177.0,17288.7,91.2,0.869,140,6,BUENO
166219,Vista Energy,VACA MUERTA,PETROLEO,2025,3374.9,90.9,0.035,18912.9,118958.0,21204.8,112.1,0.8933,17,2,BUENO
164575,YPF,VACA MUERTA,PETROLEO,2023,4690.0,99.2,0.01,18897.8,118863.0,22966.4,121.5,0.9694,33,4,BUENO
158889,YPF,VACA MUERTA,GAS,2024,336.9,77.1,2.0,20091.4,118258.0,6242.5,31.1,0.4128,28,4,REGULAR
167039,YPF,VACA MUERTA,PETROLEO,2026,4653.0,95.7,0.01,18747.5,117918.0,17688.9,94.4,0.9193,6,2,BUENO
144521,YPF,VACA MUERTA,PETROLEO,2006,756.1,100.0,1.783,18726.5,117786.0,16976.2,90.7,0.3387,158,37,DESCARTADO
161522,Pampa Energía,VACA MUERTA,PETROLEO,2019,3351.7,100.0,1.035,18608.7,117045.0,30352.7,163.1,0.2615,80,1,DESCARTADO
159309,Wintershall,VACA MUERTA,PETROLEO,2018,2139.4,81.6,0.01,18504.9,116392.0,22765.0,123.0,0.7741,97,3,BUENO
164791,YPF,VACA MUERTA,PETROLEO,2023,3694.5,99.4,0.457,18474.7,116202.0,22125.8,119.8,0.8999,31,3,BUENO
156472,YPF,VACA MUERTA,GAS,2016,2278.9,93.2,0.211,19703.3,115974.0,21508.1,109.2,0.9086,122,4,BUENO
136381,YPF,VACA MUERTA,PETROLEO,2006,2096.6,96.0,0.01,18432.0,115934.0,19522.6,105.9,0.8791,10,203,BUENO
159805,Pan American Energy,VACA MUERTA,PETROLEO,2018,469.8,98.4,1.992,18141.5,114106.0,11059.0,61.0,0.7196,92,3,BUENO
153327,YPF,VACA MUERTA,PETROLEO,2014,869.1,100.0,1.951,18123.7,113994.0,14477.2,79.9,0.8369,140,3,BUENO
159381,YPF,VACA MUERTA,PETROLEO,2018,3508.8,95.1,0.01,18011.6,113289.0,32898.3,182.7,0.8023,96,3,BUENO
147298,YPF,VACA MUERTA,PETROLEO,2014,506.3,53.4,0.655,18002.5,113232.0,15865.4,88.1,0.7343,147,2,BUENO
164577,YPF,VACA MUERTA,PETROLEO,2023,3328.6,96.2,0.01,17984.9,113121.0,19909.1,110.7,0.9181,33,4,BUENO
153346,YPF,VACA MUERTA,PETROLEO,2014,549.4,100.0,2.0,17931.7,112787.0,14133.0,78.8,0.3152,137,7,DESCARTADO
158513,Pan American Energy,VACA MUERTA,PETROLEO,2017,1266.3,98.9,1.006,17897.8,112574.0,15933.5,89.0,0.927,104,4,BUENO
147473,YPF,VACA MUERTA,PETROLEO,2014,1825.2,100.0,1.307,17892.2,112538.0,17161.4,95.9,0.91,144,5,BUENO
166998,Pampa Energía,VACA MUERTA,PETROLEO,2025,4148.3,100.0,0.436,17878.1,112450.0,17541.4,98.1,0.9878,6,3,BUENO
154193,YPF,VACA MUERTA,PETROLEO,2015,845.1,100.0,2.0,17822.3,112099.0,15950.7,89.5,0.2244,136,1,DESCARTADO
152860,YPF,VACA MUERTA,PETROLEO,2014,1195.4,100.0,1.516,17731.9,111530.0,16085.1,90.7,0.8902,140,7,BUENO
153468,YPF,VACA MUERTA,GAS,2014,888.3,100.0,1.704,18908.1,111293.0,14628.8,77.4,0.7782,140,2,BUENO
153867,YPF,VACA MUERTA,GAS,2014,804.9,96.3,1.244,18891.8,111197.0,15231.2,80.6,0.9266,137,2,BUENO
147167,YPF,VACA MUERTA,PETROLEO,2014,398.6,92.6,1.348,17571.0,110518.0,14198.3,80.8,0.6679,119,33,REGULAR
152858,YPF,VACA MUERTA,PETROLEO,2014,780.6,94.2,1.024,17536.4,110300.0,15867.8,90.5,0.9303,141,6,BUENO
146979,YPF,VACA MUERTA,GAS,2014,1506.5,62.7,0.01,18700.0,110068.0,18837.6,100.7,0.9021,148,4,BUENO
165699,Vista Energy,VACA MUERTA,PETROLEO,2024,2496.5,99.6,0.489,17482.7,109963.0,18458.2,105.6,0.9385,18,5,BUENO
144852,YPF,VACA MUERTA,PETROLEO,2006,1581.8,100.0,1.004,17378.6,109308.0,18955.8,109.1,0.9462,158,35,BUENO
145389,YPF,VACA MUERTA,PETROLEO,2006,792.7,86.2,0.903,17346.5,109106.0,15662.0,90.3,0.7923,157,32,BUENO
157790,YPF,VACA MUERTA,GAS,2017,3128.6,99.3,0.532,18516.6,108989.0,22030.0,119.0,0.9445,112,3,BUENO
167078,Pampa Energía,VACA MUERTA,PETROLEO,2026,5656.9,98.2,0.021,17280.7,108692.0,18762.6,108.6,0.9856,6,1,BUENO
144388,YPF,VACA MUERTA,PETROLEO,2006,1368.4,73.6,0.132,17231.3,108381.0,21733.8,126.1,0.9528,161,35,BUENO
146049,YPF,VACA MUERTA,PETROLEO,2013,368.8,45.8,0.696,17138.8,107800.0,14287.0,83.4,0.6795,149,4,REGULAR
3640,Petrolera,VACA MUERTA,PETROLEO,2006,141.1,23.3,0.701,17138.0,107795.0,14777.8,86.2,0.8187,164,83,BUENO
156478,YPF,VACA MUERTA,PETROLEO,2016,930.6,100.0,1.464,17136.6,107786.0,13458.3,78.5,0.9226,125,1,BUENO
156716,TotalEnergies,VACA MUERTA,GAS,2016,1831.3,100.0,1.366,18232.9,107319.0,16251.2,89.1,0.9135,120,5,BUENO
136402,YPF,VACA MUERTA,PETROLEO,2006,777.0,92.5,1.021,17060.4,107307.0,14740.5,86.4,0.823,179,34,BUENO
145551,YPF,VACA MUERTA,PETROLEO,2006,951.3,100.0,1.519,17005.8,106963.0,15225.9,89.5,0.7023,149,39,BUENO
145874,YPF,VACA MUERTA,PETROLEO,2013,841.5,97.0,1.147,16870.8,106114.0,15319.0,90.8,0.6603,153,1,REGULAR
147617,YPF,VACA MUERTA,PETROLEO,2014,1608.5,84.1,0.366,16856.5,106024.0,19748.7,117.2,0.9185,143,4,BUENO
145883,YPF,VACA MUERTA,PETROLEO,2013,938.8,100.0,1.818,16838.5,105911.0,14085.5,83.7,0.3567,153,1,DESCARTADO
159463,TotalEnergies,VACA MUERTA,PETROLEO,2018,3660.1,100.0,0.618,16830.0,105857.0,19995.2,118.8,0.9271,92,6,BUENO
146215,YPF,VACA MUERTA,PETROLEO,2014,967.4,99.9,1.16,16784.1,105569.0,14800.4,88.2,0.8051,146,6,BUENO
147000,YPF,VACA MUERTA,PETROLEO,2014,1094.2,100.0,1.652,16676.8,104894.0,14120.6,84.7,0.6672,147,4,REGULAR
153600,YPF,VACA MUERTA,GAS,2014,450.0,71.3,1.09,17650.8,103893.0,14030.6,79.5,0.7226,138,3,BUENO
147001,YPF,VACA MUERTA,PETROLEO,2014,635.0,94.2,1.209,16456.8,103510.0,13438.0,81.7,0.7177,147,5,BUENO
160194,Petrolera El Trébol,VACA MUERTA,PETROLEO,2019,469.0,54.7,0.681,16441.0,103411.0,12370.1,75.2,0.7258,92,0,BUENO
42900,Petrobras,VACA MUERTA,PETROLEO,2006,510.4,99.3,1.702,16360.2,102902.0,15494.0,94.7,0.7674,214,34,BUENO
166684,YPF,VACA MUERTA,PETROLEO,2025,5963.4,99.6,0.01,16354.9,102869.0,22987.8,140.6,0.6586,12,2,REGULAR
144850,YPF,VACA MUERTA,PETROLEO,2006,785.7,99.1,1.308,16227.1,102065.0,14111.8,87.0,0.776,160,33,BUENO
137564,Pluspetrol,VACA MUERTA,PETROLEO,2012,308.9,77.2,1.795,16077.8,101126.0,13086.4,81.4,0.7533,167,4,BUENO
154745,YPF,VACA MUERTA,GAS,2015,782.9,100.0,1.88,17052.2,100369.0,13132.2,77.0,0.3167,131,4,DESCARTADO
166255,YPF,VACA MUERTA,PETROLEO,2025,2028.8,99.6,0.735,15795.7,99352.0,12579.1,79.6,0.8621,16,3,BUENO
147316,YPF,VACA MUERTA,PETROLEO,2014,966.8,99.9,1.238,15752.1,99078.0,13808.0,87.7,0.8269,147,4,BUENO
147300,YPF,VACA MUERTA,PETROLEO,2014,803.1,100.0,1.477,15719.8,98874.0,13958.9,88.8,0.8422,142,7,BUENO
157249,TotalEnergies,VACA MUERTA,PETROLEO,2016,5414.9,100.0,0.01,15710.3,98815.0,39898.8,254.0,0.678,116,4,REGULAR
152877,YPF,VACA MUERTA,PETROLEO,2014,299.5,67.0,1.454,15622.5,98262.0,11691.3,74.8,0.4049,143,3,REGULAR
145889,YPF,VACA MUERTA,PETROLEO,2013,879.2,99.7,1.305,15599.7,98119.0,12984.5,83.2,0.8216,153,1,BUENO
137680,Medanito,VACA MUERTA,PETROLEO,2012,819.0,100.0,1.501,15596.1,98096.0,13676.5,87.7,0.8483,168,3,BUENO
146050,YPF,VACA MUERTA,PETROLEO,2013,787.2,100.0,1.902,15580.9,98001.0,12958.2,83.2,0.7131,152,1,BUENO
146779,YPF,VACA MUERTA,PETROLEO,2014,578.5,91.6,1.201,15548.4,97796.0,12625.6,81.2,0.802,150,2,BUENO
155042,YPF,VACA MUERTA,PETROLEO,2015,950.6,96.6,0.983,15513.9,97579.0,12875.4,83.0,0.7632,132,1,BUENO
166595,Pampa Energía,VACA MUERTA,PETROLEO,2025,3191.4,96.3,0.162,15491.3,97437.0,17106.7,110.4,0.897,13,2,BUENO
152876,YPF,VACA MUERTA,PETROLEO,2014,209.1,17.9,0.01,15410.9,96931.0,13493.4,87.6,0.4774,124,23,REGULAR
145872,YPF,VACA MUERTA,PETROLEO,2013,1352.4,99.8,1.012,15406.3,96903.0,15405.0,100.0,0.804,153,1,BUENO
147302,YPF,VACA MUERTA,PETROLEO,2014,656.2,100.0,1.598,15391.6,96810.0,12396.4,80.5,0.8219,141,8,BUENO
155621,YPF,VACA MUERTA,GAS,2015,2056.5,100.0,0.973,16392.6,96487.0,17634.9,107.6,0.768,128,1,BUENO
144522,YPF,VACA MUERTA,PETROLEO,2006,1276.7,86.0,0.01,15203.1,95624.0,14737.5,96.9,0.8166,11,184,BUENO
152856,YPF,VACA MUERTA,PETROLEO,2014,976.2,99.8,1.116,15159.4,95350.0,13500.3,89.1,0.8199,141,5,BUENO
145886,YPF,VACA MUERTA,PETROLEO,2013,645.4,97.9,1.326,15076.6,94829.0,12793.7,84.9,0.8154,153,1,BUENO
144656,YPF,VACA MUERTA,PETROLEO,2006,1284.2,99.2,0.818,15057.9,94711.0,17013.9,113.0,0.8932,158,36,BUENO
153358,O&G Developments,VACA MUERTA,PETROLEO,2014,2777.0,92.3,0.01,15013.3,94431.0,29547.2,196.8,0.6348,140,2,REGULAR
145721,YPF,VACA MUERTA,PETROLEO,2013,733.9,96.2,1.11,15003.8,94371.0,13631.8,90.9,0.7574,154,1,BUENO
145734,YPF,VACA MUERTA,PETROLEO,2013,1779.3,99.9,0.743,14972.6,94175.0,17685.4,118.1,0.9154,148,7,BUENO
167052,Pampa Energía,VACA MUERTA,PETROLEO,2026,3556.2,95.5,0.01,14918.1,93832.0,14004.8,93.9,0.8748,6,1,BUENO
157567,Gas y Petróleo Nqn,VACA MUERTA,PETROLEO,2010,1317.1,99.4,0.914,14910.1,93782.0,15590.5,104.6,0.7043,112,11,BUENO
135925,YPF,VACA MUERTA,GAS,2006,396.3,74.7,1.024,15867.1,93394.0,13864.7,87.4,0.6316,170,46,REGULAR
152855,YPF,VACA MUERTA,PETROLEO,2014,722.9,100.0,1.571,14775.8,92937.0,12363.0,83.7,0.879,144,3,BUENO
153875,YPF,VACA MUERTA,GAS,2015,1158.6,100.0,1.445,15788.9,92933.0,14212.1,90.0,0.9111,133,5,BUENO
153332,YPF,VACA MUERTA,GAS,2014,627.4,67.1,0.652,15746.8,92686.0,14763.2,93.8,0.7978,141,2,BUENO
147155,YPF,VACA MUERTA,PETROLEO,2014,1279.0,83.9,0.455,14722.5,92602.0,17848.8,121.2,0.9249,148,3,BUENO
145388,YPF,VACA MUERTA,PETROLEO,2006,967.0,91.9,0.729,14680.0,92334.0,15861.5,108.0,0.7407,155,34,BUENO
153462,YPF,VACA MUERTA,GAS,2014,1537.7,93.0,0.32,15660.2,92176.0,17568.8,112.2,0.921,134,9,BUENO
154201,YPF,VACA MUERTA,GAS,2015,531.2,85.9,1.112,15621.8,91950.0,13006.1,83.3,0.8704,134,3,BUENO
146984,YPF,VACA MUERTA,PETROLEO,2014,475.2,98.8,1.594,14580.3,91707.0,11931.3,81.8,0.6497,145,7,REGULAR
146222,YPF,VACA MUERTA,PETROLEO,2014,283.2,46.3,0.904,14501.9,91214.0,11792.9,81.3,0.5825,152,0,REGULAR
137475,YPF,VACA MUERTA,PETROLEO,2006,612.4,40.0,0.01,14463.7,90974.0,16345.3,113.0,0.501,171,33,REGULAR
146773,YPF,VACA MUERTA,PETROLEO,2014,419.7,99.9,2.0,14445.2,90857.0,13806.4,95.6,0.007,144,8,DESCARTADO
147628,YPF,VACA MUERTA,PETROLEO,2014,1188.8,88.0,0.576,14425.8,90735.0,15957.1,110.6,0.9013,145,2,BUENO
146977,YPF,VACA MUERTA,GAS,2014,1385.5,80.5,0.01,15341.0,90297.0,16210.2,105.7,0.9783,144,8,BUENO
153876,YPF,VACA MUERTA,GAS,2015,1229.6,100.0,1.296,15338.8,90284.0,12875.1,83.9,0.8473,137,1,BUENO
152853,YPF,VACA MUERTA,PETROLEO,2014,1868.1,99.8,0.839,14351.6,90269.0,17016.5,118.6,0.9652,143,4,BUENO
146223,YPF,VACA MUERTA,PETROLEO,2014,683.4,100.0,2.0,14272.8,89773.0,11842.5,83.0,0.4952,152,0,REGULAR
153880,YPF,VACA MUERTA,GAS,2015,604.1,61.6,0.556,15199.0,89461.0,14467.1,95.2,0.8538,137,1,BUENO
136588,YPF,VACA MUERTA,PETROLEO,2011,653.3,100.0,2.0,14154.4,89028.0,14295.8,101.0,0.1801,178,1,DESCARTADO
159308,Wintershall,VACA MUERTA,PETROLEO,2018,1823.3,83.3,0.01,14081.7,88571.0,17352.7,123.2,0.7979,97,3,BUENO
145722,YPF,VACA MUERTA,PETROLEO,2013,597.0,100.0,1.969,14063.5,88457.0,12099.0,86.0,0.658,150,5,REGULAR
147625,YPF,VACA MUERTA,PETROLEO,2014,1417.5,100.0,1.138,14015.7,88156.0,14233.9,101.6,0.9208,143,4,BUENO
152989,YPF,VACA MUERTA,GAS,2014,1023.7,100.0,1.556,14961.4,88063.0,12905.3,86.3,0.8572,140,5,BUENO
155424,YPF,VACA MUERTA,PETROLEO,2015,1225.1,99.5,0.957,13992.6,88011.0,12618.2,90.2,0.9037,130,1,BUENO
136895,YPF,VACA MUERTA,PETROLEO,2006,1064.7,99.6,1.075,13963.3,87826.0,14352.5,102.8,0.8732,177,32,BUENO
153331,YPF,VACA MUERTA,GAS,2014,686.9,99.9,1.474,14880.3,87585.0,12047.6,81.0,0.8633,135,9,BUENO
135803,YPF,VACA MUERTA,PETROLEO,2006,725.2,99.2,1.262,13902.8,87446.0,12497.0,89.9,0.8998,184,33,BUENO
154556,YPF,VACA MUERTA,GAS,2015,585.4,89.9,1.1,14816.2,87208.0,12360.2,83.4,0.9005,135,1,BUENO
147301,YPF,VACA MUERTA,PETROLEO,2014,765.8,96.3,1.031,13838.8,87043.0,12496.8,90.3,0.8936,146,3,BUENO
152995,YPF,VACA MUERTA,PETROLEO,2014,672.2,100.0,1.751,13791.6,86746.0,10790.6,78.2,0.7541,143,3,BUENO
166850,Pampa Energía,VACA MUERTA,PETROLEO,2025,8237.9,100.0,0.01,13732.0,86372.0,22385.0,163.0,0.8788,9,2,BUENO
153322,YPF,VACA MUERTA,PETROLEO,2014,510.8,99.7,1.695,13700.0,86170.0,10843.8,79.2,0.8337,141,3,BUENO
153319,YPF,VACA MUERTA,GAS,2014,1522.6,95.3,0.01,14551.4,85650.0,15664.4,107.6,0.9593,133,11,BUENO
147471,YPF,VACA MUERTA,PETROLEO,2014,907.2,100.0,1.426,13612.5,85620.0,11647.4,85.6,0.7961,145,4,BUENO
145390,YPF,VACA MUERTA,PETROLEO,2006,655.8,80.9,0.725,13580.1,85416.0,14389.7,106.0,0.7413,155,34,BUENO
155096,Gas y Petróleo Nqn,VACA MUERTA,PETROLEO,2010,558.4,100.0,2.0,13567.4,85336.0,12080.3,89.0,0.1362,128,12,DESCARTADO
153389,Grecoil,VACA MUERTA,PETROLEO,2014,112.2,21.1,2.0,13380.0,84158.0,8427.9,63.0,0.0546,105,9,DESCARTADO
155635,YPF,VACA MUERTA,PETROLEO,2015,1219.6,88.6,0.456,13344.2,83932.0,15946.1,119.5,0.9466,127,2,BUENO
153877,YPF,VACA MUERTA,GAS,2015,882.2,100.0,1.527,14228.2,83747.0,11461.0,80.6,0.8385,136,2,BUENO
147158,YPF,VACA MUERTA,PETROLEO,2014,1244.9,100.0,1.238,13288.2,83580.0,14696.3,110.6,0.6356,144,7,REGULAR
155526,YPF,VACA MUERTA,PETROLEO,2015,1526.4,99.0,0.761,13263.6,83425.0,16168.4,121.9,0.8953,128,2,BUENO
152987,YPF,VACA MUERTA,PETROLEO,2014,932.0,100.0,1.527,13257.0,83384.0,11792.8,89.0,0.9125,141,5,BUENO
144941,YPF,VACA MUERTA,GAS,2006,436.1,71.3,0.882,14076.8,82856.0,12009.2,85.3,0.767,156,36,BUENO
145718,YPF,VACA MUERTA,PETROLEO,2013,1190.9,100.0,1.2,13120.3,82524.0,13644.9,104.0,0.8534,152,3,BUENO
146983,YPF,VACA MUERTA,PETROLEO,2014,236.7,99.6,2.0,12999.2,81762.0,10293.1,79.2,0.286,111,41,DESCARTADO
157107,YPF,VACA MUERTA,GAS,2016,3380.2,99.8,0.387,13822.3,81358.0,17154.2,124.1,0.973,118,2,BUENO
147469,YPF,VACA MUERTA,PETROLEO,2014,2190.4,100.0,0.738,12933.8,81351.0,18645.3,144.2,0.9546,144,5,BUENO
159380,YPF,VACA MUERTA,PETROLEO,2018,1880.6,100.0,0.01,12854.5,80852.0,14416.0,112.1,0.9387,87,12,BUENO
153594,YPF,VACA MUERTA,GAS,2015,357.4,84.9,1.427,13693.8,80602.0,10535.0,76.9,0.4685,138,2,REGULAR
147630,YPF,VACA MUERTA,PETROLEO,2014,1184.4,97.1,0.773,12812.7,80589.0,13476.4,105.2,0.913,145,2,BUENO
147156,YPF,VACA MUERTA,PETROLEO,2014,1786.9,100.0,0.915,12803.4,80531.0,15706.8,122.7,0.9322,144,6,BUENO
153330,YPF,VACA MUERTA,GAS,2014,728.2,100.0,1.75,13583.3,79951.0,10686.4,78.7,0.7366,138,5,BUENO
145724,YPF,VACA MUERTA,PETROLEO,2013,1392.0,100.0,1.046,12587.3,79172.0,14070.0,111.8,0.7994,150,5,BUENO
152991,YPF,VACA MUERTA,GAS,2014,1068.7,100.0,1.19,13427.4,79034.0,12857.7,95.8,0.8873,140,6,BUENO
154570,YPF,VACA MUERTA,GAS,2015,644.3,99.9,1.491,13393.2,78832.0,10819.5,80.8,0.9082,134,2,BUENO
155634,YPF,VACA MUERTA,PETROLEO,2015,1307.0,99.7,0.888,12459.9,78370.0,13544.0,108.7,0.9662,128,1,BUENO
153160,YPF,VACA MUERTA,GAS,2014,656.7,94.6,0.998,13303.0,78301.0,12006.2,90.3,0.8398,140,4,BUENO
156802,TotalEnergies,VACA MUERTA,GAS,2016,3055.2,100.0,0.83,13281.4,78174.0,16290.5,122.7,0.9668,119,5,BUENO
155221,YPF,VACA MUERTA,PETROLEO,2015,1922.2,99.3,0.659,12404.0,78019.0,15365.9,123.9,0.9605,131,1,BUENO
136725,YPF,VACA MUERTA,PETROLEO,2006,1421.4,98.2,0.601,12352.8,77697.0,13456.1,108.9,0.9324,171,39,BUENO
145717,YPF,VACA MUERTA,PETROLEO,2013,901.6,100.0,1.373,12240.6,76991.0,11029.1,90.1,0.8101,149,6,BUENO
155412,YPF,VACA MUERTA,PETROLEO,2015,998.4,99.8,0.986,12228.2,76913.0,11791.7,96.4,0.951,129,2,BUENO
153745,YPF,VACA MUERTA,PETROLEO,2015,656.3,99.8,1.368,12211.6,76809.0,10699.9,87.6,0.4635,138,1,REGULAR
137610,YPF,VACA MUERTA,GAS,2006,670.1,60.6,0.298,13044.5,76780.0,13917.4,106.7,0.8725,164,39,BUENO
147487,YPF,VACA MUERTA,PETROLEO,2014,937.5,100.0,1.351,12183.7,76633.0,10546.1,86.6,0.7723,142,7,BUENO
155527,YPF,VACA MUERTA,PETROLEO,2015,1190.7,98.9,0.827,12177.5,76594.0,13843.7,113.7,0.9398,128,2,BUENO
159809,Petrolera El Trébol,VACA MUERTA,PETROLEO,2018,854.1,92.0,0.279,12065.7,75891.0,12483.8,103.5,0.8377,26,69,BUENO
145723,YPF,VACA MUERTA,PETROLEO,2013,306.4,86.5,1.183,12023.7,75627.0,9799.9,81.5,0.5478,116,39,REGULAR
144856,YPF,VACA MUERTA,PETROLEO,2006,1117.2,100.0,1.104,12017.0,75585.0,11966.9,99.6,0.9072,158,35,BUENO
147468,YPF,VACA MUERTA,PETROLEO,2014,819.7,98.5,0.984,12005.8,75514.0,12469.3,103.9,0.8855,142,7,BUENO
144657,YPF,VACA MUERTA,PETROLEO,2006,1018.3,80.0,0.336,11993.3,75435.0,12860.3,107.2,0.9327,160,34,BUENO
113912,YPF,VACA MUERTA,PETROLEO,2024,85.4,0.1,2.0,11983.7,75375.0,2930.3,24.5,-0.0013,26,6,DESCARTADO
155419,YPF,VACA MUERTA,PETROLEO,2015,992.1,97.4,0.807,11951.0,75169.0,11817.3,98.9,0.9703,129,2,BUENO
136735,YPF,VACA MUERTA,PETROLEO,2006,481.8,100.0,2.0,11949.8,75162.0,11567.8,96.8,0.5685,178,32,REGULAR
147623,YPF,VACA MUERTA,PETROLEO,2014,1387.0,100.0,0.923,11840.6,74475.0,13855.5,117.0,0.9047,143,4,BUENO
164576,YPF,VACA MUERTA,PETROLEO,2023,2298.0,98.1,0.01,11839.4,74467.0,13595.7,114.8,0.9352,33,4,BUENO
145090,YPF,VACA MUERTA,PETROLEO,2006,676.5,91.6,0.839,11825.4,74379.0,11564.1,97.8,0.8222,155,36,BUENO
146982,YPF,VACA MUERTA,PETROLEO,2014,497.3,100.0,1.91,11816.3,74322.0,10379.7,87.8,0.6422,142,10,REGULAR
153879,YPF,VACA MUERTA,GAS,2015,556.8,84.1,0.801,12605.4,74195.0,11696.0,92.8,0.9385,133,5,BUENO
153759,YPF,VACA MUERTA,GAS,2015,530.0,99.6,1.526,12542.7,73826.0,10230.2,81.6,0.6695,138,1,REGULAR
155219,YPF,VACA MUERTA,PETROLEO,2015,1125.6,91.7,0.581,11720.1,73717.0,13108.6,111.8,0.9562,131,1,BUENO
155826,YPF,VACA MUERTA,GAS,2016,1422.8,100.0,1.273,12520.0,73693.0,10561.2,84.4,0.6827,126,2,REGULAR
147619,YPF,VACA MUERTA,PETROLEO,2014,2837.1,100.0,0.841,11714.9,73684.0,16355.0,139.6,0.9883,144,4,BUENO
154907,YPF,VACA MUERTA,PETROLEO,2015,537.8,99.9,1.555,11690.5,73531.0,9371.6,80.2,0.8026,133,1,BUENO
158178,Gas y Petróleo Nqn,VACA MUERTA,PETROLEO,2010,1715.3,92.1,0.179,11513.5,72418.0,15673.7,136.1,0.7932,108,10,BUENO
146988,YPF,VACA MUERTA,PETROLEO,2014,709.6,100.0,1.618,11502.4,72348.0,9990.4,86.9,0.7075,138,14,BUENO
155626,YPF,VACA MUERTA,GAS,2015,404.1,60.8,0.647,12245.2,72075.0,10974.1,89.6,0.6942,127,2,REGULAR
145881,YPF,VACA MUERTA,PETROLEO,2013,332.4,29.9,0.01,11446.7,71997.0,11801.4,103.1,0.7983,153,1,BUENO
146981,YPF,VACA MUERTA,PETROLEO,2014,951.2,95.8,0.779,11409.6,71764.0,11169.2,97.9,0.7991,150,2,BUENO
154191,YPF,VACA MUERTA,GAS,2015,850.3,98.1,0.982,12189.2,71746.0,12019.2,98.6,0.9138,135,2,BUENO
153607,YPF,VACA MUERTA,GAS,2014,341.6,99.3,2.0,12179.6,71689.0,9451.0,77.6,0.5818,139,2,REGULAR
154557,YPF,VACA MUERTA,GAS,2015,615.4,83.4,0.753,12157.0,71556.0,11734.6,96.5,0.9057,134,2,BUENO
145739,YPF,VACA MUERTA,PETROLEO,2013,885.4,100.0,1.556,11348.3,71379.0,9589.9,84.5,0.6732,155,0,REGULAR
145887,YPF,VACA MUERTA,PETROLEO,2013,159.3,22.9,0.467,11339.4,71323.0,9192.1,81.1,0.3229,154,0,DESCARTADO
161377,YPF,VACA MUERTA,GAS,2019,1120.0,100.0,0.898,12089.0,71156.0,12886.2,106.6,0.7573,47,36,BUENO
153323,YPF,VACA MUERTA,PETROLEO,2014,762.4,99.1,1.074,11301.1,71082.0,10665.0,94.4,0.9267,141,3,BUENO
145244,YPF,VACA MUERTA,PETROLEO,2024,175.9,73.7,2.0,11292.2,71026.0,3406.1,30.2,0.0629,23,9,DESCARTADO
153873,YPF,VACA MUERTA,GAS,2015,696.5,98.5,1.114,12016.7,70730.0,10354.0,86.2,0.8571,137,1,BUENO
137240,YPF,VACA MUERTA,PETROLEO,2006,463.1,51.0,0.31,11208.1,70497.0,11039.4,98.5,0.7965,172,34,BUENO
153328,YPF,VACA MUERTA,GAS,2014,545.6,88.3,0.926,11971.8,70466.0,10735.6,89.7,0.9208,140,3,BUENO
153878,YPF,VACA MUERTA,GAS,2015,327.6,62.1,0.84,11917.5,70146.0,9894.0,83.0,0.7041,136,2,BUENO
166268,Tecpetrol,VACA MUERTA,PETROLEO,2025,1246.4,100.0,1.275,11130.7,70010.0,5948.2,53.4,0.9638,18,1,BUENO
145545,YPF,VACA MUERTA,PETROLEO,2006,1215.2,100.0,1.233,11120.2,69944.0,12045.5,108.3,0.7414,154,34,BUENO
145714,YPF,VACA MUERTA,PETROLEO,2013,565.5,100.0,1.706,11095.4,69788.0,9795.0,88.3,0.7368,148,7,BUENO
145093,YPF,VACA MUERTA,PETROLEO,2006,650.4,67.2,0.367,11083.1,69710.0,12248.9,110.5,0.8074,157,34,BUENO
153461,YPF,VACA MUERTA,GAS,2014,1483.3,96.5,0.01,11816.5,69552.0,13389.1,113.3,0.9184,133,10,BUENO
146214,YPF,VACA MUERTA,PETROLEO,2014,949.0,92.4,0.595,11046.8,69482.0,11964.2,108.3,0.8899,150,2,BUENO
155633,YPF,VACA MUERTA,PETROLEO,2015,1342.0,89.8,0.334,11028.6,69368.0,13221.3,119.9,0.9329,128,1,BUENO
152988,YPF,VACA MUERTA,GAS,2014,647.6,99.9,1.347,11737.8,69089.0,9773.7,83.3,0.827,140,5,BUENO
156803,TotalEnergies,VACA MUERTA,PETROLEO,2016,915.0,100.0,1.509,10967.1,68981.0,9088.8,82.9,0.8432,119,5,BUENO
153155,YPF,VACA MUERTA,GAS,2014,925.7,100.0,1.387,11716.7,68964.0,10339.5,88.2,0.8807,142,3,BUENO
147629,YPF,VACA MUERTA,PETROLEO,2014,513.8,100.0,1.637,10935.4,68781.0,9505.4,86.9,0.7068,141,6,BUENO
146987,YPF,VACA MUERTA,PETROLEO,2014,608.9,99.7,1.206,10931.9,68759.0,9781.9,89.5,0.8253,146,5,BUENO
156981,YPF,VACA MUERTA,PETROLEO,2016,765.0,98.3,0.989,10919.7,68683.0,9445.7,86.5,0.8658,121,0,BUENO
153164,YPF,VACA MUERTA,GAS,2014,753.6,100.0,1.343,11663.8,68653.0,9728.5,83.4,0.8641,141,3,BUENO
165502,YPF,VACA MUERTA,PETROLEO,2024,4229.1,99.9,0.01,10862.4,68322.0,13756.2,126.6,0.8473,23,3,BUENO
157733,Gas y Petróleo Nqn,VACA MUERTA,PETROLEO,2010,803.0,100.0,1.365,10731.9,67502.0,9563.1,89.1,0.4421,112,10,REGULAR
145086,YPF,VACA MUERTA,PETROLEO,2006,734.2,57.1,0.01,10693.0,67257.0,12641.1,118.2,0.9315,158,33,BUENO
153598,YPF,VACA MUERTA,GAS,2014,813.1,99.6,1.108,11399.9,67100.0,10549.1,92.5,0.8637,140,1,BUENO
144520,YPF,VACA MUERTA,PETROLEO,2006,626.4,100.0,1.548,10622.7,66815.0,9323.8,87.8,0.506,158,37,REGULAR
145084,YPF,VACA MUERTA,PETROLEO,2006,814.6,100.0,1.541,10595.6,66644.0,10407.1,98.2,0.8706,158,33,BUENO
144655,YPF,VACA MUERTA,GAS,2006,868.6,86.3,0.475,11285.2,66425.0,13890.1,123.1,0.8711,158,36,BUENO
153470,YPF,VACA MUERTA,GAS,2014,583.4,99.2,1.215,11281.9,66405.0,9561.7,84.8,0.8433,138,4,BUENO
157537,Pan American Energy,VACA MUERTA,PETROLEO,2017,1560.1,97.6,0.516,10542.3,66309.0,12068.1,114.5,0.9619,114,2,BUENO
146991,YPF,VACA MUERTA,PETROLEO,2014,994.1,100.0,1.265,10536.7,66274.0,9679.6,91.9,0.8259,138,13,BUENO
145091,YPF,VACA MUERTA,PETROLEO,2006,709.1,97.6,0.875,10528.7,66223.0,11982.5,113.8,0.78,155,36,BUENO
153154,YPF,VACA MUERTA,GAS,2014,735.8,97.8,0.977,11232.4,66114.0,10366.8,92.3,0.9402,142,3,BUENO
145884,YPF,VACA MUERTA,PETROLEO,2013,386.5,87.8,1.095,10510.0,66106.0,8475.4,80.6,0.494,153,1,REGULAR
154185,YPF,VACA MUERTA,GAS,2014,2038.3,99.2,0.269,11193.4,65884.0,13445.0,120.1,0.9312,133,5,BUENO
145264,YPF,VACA MUERTA,PETROLEO,2006,779.3,82.5,0.503,10451.9,65740.0,11720.6,112.1,0.8559,157,33,BUENO
155827,YPF,VACA MUERTA,GAS,2016,846.9,60.4,0.01,11126.7,65492.0,11290.2,101.5,0.7166,126,2,BUENO
145888,YPF,VACA MUERTA,PETROLEO,2013,893.3,99.4,0.974,10397.3,65397.0,9774.0,94.0,0.8463,154,0,BUENO
146887,TotalEnergies,VACA MUERTA,PETROLEO,2013,1397.1,98.1,0.519,10323.1,64930.0,12946.1,125.4,0.9358,144,10,BUENO
152859,YPF,VACA MUERTA,PETROLEO,2014,1054.7,100.0,1.105,10299.4,64781.0,10998.0,106.8,0.9175,140,6,BUENO
159307,Wintershall,VACA MUERTA,PETROLEO,2018,1488.8,92.0,0.06,10261.5,64543.0,13243.0,129.1,0.7549,96,4,BUENO
137242,YPF,VACA MUERTA,PETROLEO,2006,573.6,100.0,1.557,10256.4,64511.0,9164.0,89.3,0.8536,142,64,BUENO
153602,YPF,VACA MUERTA,GAS,2015,113.0,36.2,2.0,10889.0,64093.0,8246.6,75.7,-0.4103,134,6,DESCARTADO
155530,YPF,VACA MUERTA,PETROLEO,2015,862.1,85.1,0.452,10131.7,63726.0,11221.1,110.8,0.9696,128,2,BUENO
153161,YPF,VACA MUERTA,PETROLEO,2014,853.6,100.0,1.435,10091.5,63474.0,8741.1,86.6,0.8621,141,3,BUENO
160699,YPF,VACA MUERTA,PETROLEO,2019,896.1,70.2,0.126,10059.1,63270.0,10546.4,104.8,0.8775,86,1,BUENO
153597,YPF,VACA MUERTA,GAS,2014,481.8,100.0,2.0,10736.9,63197.0,8293.2,77.2,0.7187,138,3,BUENO
153325,YPF,VACA MUERTA,PETROLEO,2014,426.7,100.0,2.0,10042.3,63164.0,8355.1,83.2,0.6369,140,4,REGULAR
160698,YPF,VACA MUERTA,PETROLEO,2019,1106.4,82.8,0.01,10035.7,63123.0,11031.5,109.9,0.9003,83,4,BUENO
153605,YPF,VACA MUERTA,GAS,2015,357.0,99.2,1.698,10693.3,62941.0,8299.2,77.6,0.819,138,2,BUENO
155095,Gas y Petróleo Nqn,VACA MUERTA,PETROLEO,2010,556.4,99.3,1.231,9997.7,62884.0,8486.4,84.9,0.4657,131,9,REGULAR
153469,YPF,VACA MUERTA,GAS,2014,1373.5,97.7,0.542,10675.1,62834.0,12981.1,121.6,0.9293,138,4,BUENO
153762,YPF,VACA MUERTA,GAS,2015,566.4,83.5,0.685,10632.4,62582.0,10242.8,96.3,0.9485,136,3,BUENO
145719,YPF,VACA MUERTA,GAS,2013,326.9,100.0,2.0,10600.4,62394.0,10228.1,96.5,0.2656,140,15,DESCARTADO
145885,YPF,VACA MUERTA,PETROLEO,2013,664.6,100.0,1.389,9895.3,62239.0,9221.6,93.2,0.7849,148,6,BUENO
154751,YPF,VACA MUERTA,GAS,2015,405.6,84.6,0.99,10569.3,62211.0,8779.7,83.1,0.7838,134,1,BUENO
137609,YPF,VACA MUERTA,PETROLEO,2006,526.2,95.4,0.986,9873.2,62100.0,8609.6,87.2,0.7007,168,35,BUENO
144136,YPF,VACA MUERTA,PETROLEO,2006,725.3,100.0,1.518,9858.9,62011.0,8491.0,86.1,0.7258,165,33,BUENO
137390,YPF,VACA MUERTA,PETROLEO,2006,658.0,82.2,0.582,9837.3,61875.0,10224.7,103.9,0.8776,172,33,BUENO
153163,YPF,VACA MUERTA,GAS,2014,812.1,100.0,1.532,10494.2,61769.0,9260.6,88.2,0.8828,141,3,BUENO
155220,YPF,VACA MUERTA,PETROLEO,2015,1334.0,100.0,1.148,9814.2,61729.0,10640.1,108.4,0.9681,129,3,BUENO
147631,YPF,VACA MUERTA,PETROLEO,2014,908.2,98.1,0.693,9782.9,61532.0,12156.6,124.3,0.8907,141,6,BUENO
155226,YPF,VACA MUERTA,PETROLEO,2015,1067.3,95.0,0.609,9766.6,61430.0,11765.3,120.5,0.9567,131,1,BUENO
153599,YPF,VACA MUERTA,GAS,2015,923.0,100.0,1.422,10423.3,61352.0,9441.1,90.6,0.8772,140,0,BUENO
154199,YPF,VACA MUERTA,GAS,2015,736.2,100.0,1.509,10392.9,61173.0,8697.3,83.7,0.9059,134,3,BUENO
153159,YPF,VACA MUERTA,GAS,2014,1052.0,92.5,0.512,10375.8,61072.0,11665.4,112.4,0.9315,141,3,BUENO
145740,YPF,VACA MUERTA,PETROLEO,2013,665.5,100.0,1.592,9706.4,61051.0,8140.9,83.9,0.6349,154,1,REGULAR
147470,YPF,VACA MUERTA,PETROLEO,2014,1207.4,99.9,0.76,9674.7,60852.0,11784.7,121.8,0.9381,144,5,BUENO
143959,Pluspetrol,VACA MUERTA,PETROLEO,2012,199.0,97.1,2.0,9672.0,60835.0,7154.0,74.0,0.4874,105,62,REGULAR
114546,YPF,VACA MUERTA,GAS,2024,98.1,24.3,2.0,10268.1,60438.0,2462.2,24.0,0.1185,32,0,DESCARTADO
144940,YPF,VACA MUERTA,GAS,2006,1082.5,100.0,1.144,10250.1,60332.0,13917.5,135.8,0.698,135,57,REGULAR
152990,YPF,VACA MUERTA,PETROLEO,2014,566.9,100.0,1.573,9584.7,60286.0,8239.5,86.0,0.7703,142,3,BUENO
145087,YPF,VACA MUERTA,PETROLEO,2006,1032.5,77.6,0.093,9570.2,60195.0,12588.6,131.5,0.9317,158,33,BUENO
155528,YPF,VACA MUERTA,PETROLEO,2015,1090.3,98.1,0.707,9569.3,60189.0,11670.0,122.0,0.9562,128,2,BUENO
146051,YPF,VACA MUERTA,PETROLEO,2013,230.2,26.0,0.049,9519.5,59876.0,8921.6,93.7,0.5137,153,0,REGULAR
164578,YPF,VACA MUERTA,PETROLEO,2023,1695.6,97.2,0.01,9516.1,59854.0,10735.0,112.8,0.9053,33,4,BUENO
155222,YPF,VACA MUERTA,PETROLEO,2015,973.6,100.0,1.045,9511.5,59825.0,9582.0,100.7,0.9282,130,2,BUENO
144853,YPF,VACA MUERTA,PETROLEO,2006,1072.9,85.0,0.252,9469.6,59562.0,12665.2,133.7,0.9271,160,33,BUENO
155821,YPF,VACA MUERTA,PETROLEO,2016,1025.4,85.3,0.01,9438.3,59365.0,9691.3,102.7,0.8705,120,6,BUENO
153338,YPF,VACA MUERTA,GAS,2014,853.3,100.0,1.482,10056.0,59190.0,8871.9,88.2,0.9152,141,2,BUENO
153329,YPF,VACA MUERTA,GAS,2014,901.4,100.0,1.461,10055.3,59185.0,8524.8,84.8,0.7877,141,2,BUENO
146278,Chevron,VACA MUERTA,PETROLEO,2014,587.8,99.3,1.143,9406.7,59166.0,7826.6,83.2,0.7259,151,1,BUENO
154558,YPF,VACA MUERTA,PETROLEO,2015,929.4,99.7,0.941,9368.4,58925.0,9545.0,101.9,0.9499,135,1,BUENO
145088,YPF,VACA MUERTA,PETROLEO,2006,827.4,82.6,0.391,9339.6,58744.0,11035.4,118.2,0.9503,158,33,BUENO
147620,YPF,VACA MUERTA,PETROLEO,2014,2882.3,100.0,0.386,9310.6,58562.0,13190.1,141.7,0.9794,144,3,BUENO
145737,YPF,VACA MUERTA,GAS,2013,278.4,100.0,1.774,9941.4,58515.0,6919.6,69.6,0.0777,20,135,DESCARTADO
154186,YPF,VACA MUERTA,GAS,2014,2337.9,97.8,0.01,9932.2,58461.0,11965.9,120.5,0.9748,134,4,BUENO
153751,YPF,VACA MUERTA,GAS,2015,508.9,99.1,1.142,9922.8,58406.0,8824.5,88.9,0.8544,133,6,BUENO
147466,YPF,VACA MUERTA,PETROLEO,2014,1127.5,100.0,0.952,9275.7,58342.0,10467.9,112.9,0.9314,146,3,BUENO
153595,YPF,VACA MUERTA,PETROLEO,2015,777.7,100.0,1.235,9255.1,58213.0,8554.9,92.4,0.9545,138,2,BUENO
135147,YPF,VACA MUERTA,PETROLEO,2006,633.1,98.7,1.004,9235.0,58086.0,8795.5,95.2,0.8273,189,33,BUENO
147312,YPF,VACA MUERTA,PETROLEO,2014,621.3,100.0,1.657,9109.5,57297.0,7255.2,79.6,0.7465,147,3,BUENO
153872,YPF,VACA MUERTA,PETROLEO,2015,554.9,100.0,1.662,9108.6,57291.0,7997.8,87.8,0.7944,135,3,BUENO
154200,YPF,VACA MUERTA,GAS,2015,572.0,99.1,1.111,9708.0,57141.0,8368.9,86.2,0.931,134,3,BUENO
144689,Medanito,VACA MUERTA,PETROLEO,2013,516.0,100.0,1.813,9066.0,57023.0,7994.1,88.2,0.8779,161,1,BUENO
155624,YPF,VACA MUERTA,PETROLEO,2015,997.9,100.0,1.31,8963.0,56375.0,9212.7,102.8,0.9351,128,1,BUENO
146985,YPF,VACA MUERTA,PETROLEO,2014,352.2,73.8,0.623,8941.9,56243.0,8553.5,95.7,0.7083,141,11,BUENO
136897,YPF,VACA MUERTA,PETROLEO,2006,408.0,100.0,2.0,8932.7,56185.0,8774.0,98.2,0.6036,176,33,REGULAR
154754,YPF,VACA MUERTA,PETROLEO,2015,869.0,100.0,1.075,8919.2,56100.0,8426.3,94.5,0.8901,134,1,BUENO
114557,YPF,VACA MUERTA,GAS,2024,105.5,46.8,2.0,9523.2,56054.0,2223.6,23.3,0.0957,12,20,DESCARTADO
147642,YPF,VACA MUERTA,PETROLEO,2014,313.4,92.6,0.94,8844.5,55630.0,8253.3,93.3,0.7521,131,16,BUENO
147486,YPF,VACA MUERTA,PETROLEO,2014,178.3,29.5,0.01,8814.2,55440.0,8790.2,99.7,0.6188,130,18,REGULAR
155829,YPF,VACA MUERTA,GAS,2016,651.5,59.3,0.01,9417.3,55430.0,9530.5,101.2,0.7366,126,2,BUENO
153324,YPF,VACA MUERTA,PETROLEO,2014,611.8,100.0,1.603,8742.7,54990.0,7800.2,89.2,0.8858,140,4,BUENO
152937,Capex,VACA MUERTA,PETROLEO,2012,289.4,100.0,1.995,8718.6,54838.0,7178.0,82.3,0.8042,167,6,BUENO
153473,YPF,VACA MUERTA,GAS,2014,312.2,92.3,1.304,9241.6,54396.0,7304.8,79.0,0.8689,139,3,BUENO
154192,YPF,VACA MUERTA,PETROLEO,2015,858.9,100.0,1.212,8611.0,54161.0,8979.2,104.3,0.8955,135,2,BUENO
147153,YPF,VACA MUERTA,PETROLEO,2014,495.9,100.0,1.795,8604.7,54122.0,7259.6,84.4,0.6466,148,2,REGULAR
146221,YPF,VACA MUERTA,PETROLEO,2014,747.0,100.0,1.374,8596.4,54070.0,7645.7,88.9,0.8505,152,0,BUENO
154912,YPF,VACA MUERTA,PETROLEO,2015,940.2,99.9,0.906,8573.2,53924.0,9632.6,112.4,0.7643,130,4,BUENO
153754,YPF,VACA MUERTA,GAS,2015,692.4,100.0,1.326,9160.8,53920.0,8522.6,93.0,0.9493,133,6,BUENO
145716,YPF,VACA MUERTA,PETROLEO,2013,661.2,87.6,0.569,8519.6,53587.0,9377.1,110.1,0.9064,153,2,BUENO
147465,YPF,VACA MUERTA,PETROLEO,2014,657.3,100.0,1.199,8509.7,53524.0,8643.4,101.6,0.869,146,3,BUENO
145552,YPF,VACA MUERTA,PETROLEO,2006,513.2,100.0,1.753,8480.1,53338.0,6751.6,79.6,0.4409,155,33,REGULAR
153874,YPF,VACA MUERTA,GAS,2015,231.7,35.4,0.242,9058.5,53318.0,8627.9,95.2,0.8128,134,4,BUENO
153333,YPF,VACA MUERTA,GAS,2014,519.3,89.7,0.81,9054.7,53296.0,8786.6,97.0,0.8101,139,5,BUENO
144107,TotalEnergies,VACA MUERTA,PETROLEO,2007,940.2,100.0,1.0,8467.7,53260.0,8320.0,98.3,0.8921,166,56,BUENO
153472,YPF,VACA MUERTA,GAS,2014,839.2,91.9,0.574,9031.8,53161.0,9573.5,106.0,0.8805,140,2,BUENO
153162,YPF,VACA MUERTA,GAS,2014,2315.2,100.0,0.656,9031.0,53156.0,14586.9,161.5,0.8304,135,10,BUENO
146040,YPF,VACA MUERTA,PETROLEO,2013,500.6,99.6,1.177,8427.4,53007.0,7408.6,87.9,0.7218,151,2,BUENO
153752,YPF,VACA MUERTA,GAS,2014,505.3,96.7,0.944,8991.4,52923.0,8503.0,94.6,0.881,133,7,BUENO
145882,YPF,VACA MUERTA,PETROLEO,2013,324.8,37.9,0.01,8410.3,52899.0,8389.5,99.8,0.7109,153,1,BUENO
155233,YPF,VACA MUERTA,PETROLEO,2015,690.0,99.7,1.038,8373.9,52670.0,7567.3,90.4,0.8872,131,1,BUENO
154559,YPF,VACA MUERTA,PETROLEO,2015,1100.0,100.0,1.031,8365.4,52617.0,9244.1,110.5,0.9181,135,1,BUENO
144387,YPF,VACA MUERTA,PETROLEO,2006,406.8,53.8,0.249,8339.6,52454.0,9420.8,113.0,0.875,163,33,BUENO
145089,YPF,VACA MUERTA,PETROLEO,2006,505.2,97.0,0.952,8276.2,52056.0,7203.4,87.0,0.4773,155,36,REGULAR
154750,YPF,VACA MUERTA,GAS,2015,655.1,100.0,1.497,8823.7,51936.0,7117.1,80.7,0.8794,134,1,BUENO
155411,YPF,VACA MUERTA,PETROLEO,2015,1340.1,99.5,0.672,8241.7,51839.0,10860.0,131.8,0.9618,131,0,BUENO
145871,YPF,VACA MUERTA,PETROLEO,2013,322.1,59.6,0.01,8236.9,51808.0,8492.6,103.1,0.9407,123,31,BUENO
145546,YPF,VACA MUERTA,PETROLEO,2006,743.3,100.0,1.203,8214.8,51669.0,9137.7,111.2,0.7786,154,34,BUENO
147618,YPF,VACA MUERTA,PETROLEO,2014,2769.7,100.0,0.658,8189.3,51509.0,14184.6,173.2,0.9745,144,3,BUENO
159533,Tecpetrol,VACA MUERTA,GAS,2018,5862.5,100.0,0.01,8734.6,51412.0,13521.3,154.8,0.8894,88,2,BUENO
158086,ExxonMobil,VACA MUERTA,GAS,2017,2477.3,100.0,0.541,8665.0,51002.0,11468.5,132.4,0.8372,108,4,BUENO
144386,YPF,VACA MUERTA,GAS,2006,857.2,95.3,0.557,8614.6,50706.0,8902.6,103.3,0.8987,162,34,BUENO
153756,YPF,VACA MUERTA,GAS,2015,801.5,99.7,0.971,8607.2,50662.0,8435.8,98.0,0.9391,138,1,BUENO
145720,YPF,VACA MUERTA,PETROLEO,2013,271.9,91.2,1.291,8035.5,50542.0,6428.3,80.0,0.7981,146,9,BUENO
157105,YPF,VACA MUERTA,GAS,2016,3207.8,100.0,0.32,8557.6,50370.0,12796.3,149.5,0.9806,117,3,BUENO
136044,YPF,VACA MUERTA,PETROLEO,2011,665.3,100.0,1.119,7999.0,50312.0,7461.3,93.3,0.6581,178,3,REGULAR
136469,YPF,VACA MUERTA,PETROLEO,2006,1438.1,97.7,0.01,7996.6,50297.0,9015.3,112.7,0.943,173,39,BUENO
145873,YPF,VACA MUERTA,PETROLEO,2013,2598.8,98.5,0.01,7982.9,50211.0,17172.8,215.1,0.8077,153,1,BUENO
114517,YPF,VACA MUERTA,PETROLEO,2024,142.9,92.1,2.0,7960.0,50067.0,2338.6,29.4,0.4528,9,23,REGULAR
154202,YPF,VACA MUERTA,PETROLEO,2015,617.7,100.0,1.436,7905.6,49725.0,6811.2,86.2,0.9194,135,2,BUENO
154906,YPF,VACA MUERTA,PETROLEO,2015,733.2,100.0,1.08,7881.7,49574.0,7600.8,96.4,0.9171,133,1,BUENO
147622,YPF,VACA MUERTA,PETROLEO,2014,1622.1,98.9,0.288,7848.2,49364.0,11285.7,143.8,0.9694,143,4,BUENO
144942,YPF,VACA MUERTA,PETROLEO,2006,738.9,93.4,0.583,7835.5,49284.0,9564.7,122.1,0.7445,158,34,BUENO
135480,YPF,VACA MUERTA,PETROLEO,2006,578.6,99.9,1.104,7734.7,48650.0,7740.4,100.1,0.8762,185,34,BUENO
153076,ExxonMobil,VACA MUERTA,PETROLEO,2014,2152.5,96.7,0.01,7716.7,48536.0,9321.8,120.8,0.8112,143,1,BUENO
153471,YPF,VACA MUERTA,GAS,2014,780.2,100.0,1.093,8206.3,48302.0,8081.4,98.5,0.8965,140,2,BUENO
153757,YPF,VACA MUERTA,GAS,2015,340.6,88.7,0.913,8166.1,48066.0,7273.9,89.1,0.9288,133,6,BUENO
155029,YPF,VACA MUERTA,PETROLEO,2015,662.5,97.7,0.824,7593.5,47762.0,7438.2,98.0,0.964,132,1,BUENO
147313,YPF,VACA MUERTA,PETROLEO,2014,245.3,32.2,0.01,7586.9,47720.0,7383.8,97.3,0.6195,147,2,REGULAR
153326,YPF,VACA MUERTA,PETROLEO,2014,709.6,100.0,1.402,7577.1,47658.0,7547.0,99.6,0.9301,140,3,BUENO
114682,YPF,VACA MUERTA,PETROLEO,2024,66.9,26.9,2.0,7574.1,47640.0,1203.6,15.9,0.1428,6,26,DESCARTADO
155417,YPF,VACA MUERTA,PETROLEO,2015,975.2,100.0,0.977,7555.1,47520.0,8418.5,111.4,0.972,129,2,BUENO
154753,YPF,VACA MUERTA,PETROLEO,2015,805.8,100.0,1.311,7531.1,47369.0,6861.2,91.1,0.9391,134,1,BUENO
145542,YPF,VACA MUERTA,PETROLEO,2006,252.0,99.1,1.4,7487.5,47095.0,6348.0,84.8,0.7863,143,45,BUENO
147641,YPF,VACA MUERTA,PETROLEO,2014,220.9,33.7,0.01,7445.5,46831.0,7276.4,97.7,0.6992,142,5,REGULAR
137473,YPF,VACA MUERTA,PETROLEO,2012,1211.5,99.8,0.729,7427.2,46716.0,8582.9,115.6,0.9624,172,0,BUENO
153749,YPF,VACA MUERTA,PETROLEO,2015,1091.7,99.5,0.685,7414.0,46633.0,9430.9,127.2,0.9536,137,2,BUENO
145136,YPF,VACA MUERTA,GAS,2024,124.3,93.2,2.0,7797.9,45898.0,3161.7,40.5,0.0907,11,21,DESCARTADO
147296,YPF,VACA MUERTA,PETROLEO,2014,1310.6,100.0,0.647,7295.5,45887.0,11103.7,152.2,0.9312,144,5,BUENO
136589,YPF,VACA MUERTA,PETROLEO,2006,1659.2,99.9,0.59,7250.1,45602.0,12267.8,169.2,0.8861,178,33,BUENO
160944,ExxonMobil,VACA MUERTA,PETROLEO,2019,2192.2,99.4,0.01,7218.5,45403.0,8622.8,119.5,0.8548,81,3,BUENO
155420,YPF,VACA MUERTA,PETROLEO,2015,860.7,100.0,1.147,7205.3,45320.0,7092.2,98.4,0.9648,129,2,BUENO
146986,YPF,VACA MUERTA,PETROLEO,2014,584.0,100.0,1.369,7182.4,45176.0,6781.2,94.4,0.8042,146,5,BUENO
146775,YPF,VACA MUERTA,PETROLEO,2014,513.3,86.8,0.638,7162.1,45048.0,7098.0,99.1,0.7491,151,1,BUENO
147474,YPF,VACA MUERTA,PETROLEO,2014,807.4,100.0,0.959,7149.7,44970.0,7167.6,100.3,0.8567,145,3,BUENO
154755,YPF,VACA MUERTA,PETROLEO,2015,398.9,49.3,0.01,7142.0,44922.0,7552.7,105.7,0.7881,134,1,BUENO
143875,YPF,VACA MUERTA,PETROLEO,2008,236.2,35.9,0.101,7103.4,44679.0,7494.1,105.5,0.7528,165,9,BUENO
145001,Petrobras,VACA MUERTA,PETROLEO,2013,1299.6,100.0,1.101,7070.0,44469.0,8586.3,121.4,0.6968,152,8,REGULAR
145083,YPF,VACA MUERTA,PETROLEO,2006,288.3,85.2,0.952,7054.3,44370.0,6381.0,90.5,0.9198,158,33,BUENO
156744,YPF,VACA MUERTA,PETROLEO,2016,1156.4,89.1,0.01,7019.9,44154.0,9425.5,134.3,0.8923,122,1,BUENO
155628,YPF,VACA MUERTA,PETROLEO,2015,520.6,99.8,1.071,7018.9,44147.0,6587.3,93.9,0.9564,127,2,BUENO
160697,YPF,VACA MUERTA,GAS,2019,6085.4,100.0,0.01,7475.8,44003.0,11746.1,157.1,0.9495,85,2,BUENO
167053,Pampa Energía,VACA MUERTA,PETROLEO,2026,5381.7,100.0,0.01,6984.3,43930.0,12011.5,172.0,0.9879,6,1,BUENO
145869,YPF,VACA MUERTA,PETROLEO,2013,495.9,99.6,1.117,6955.1,43746.0,5932.9,85.3,0.6861,153,1,REGULAR
144007,YPF,VACA MUERTA,PETROLEO,2024,96.0,77.5,2.0,6917.5,43510.0,1980.2,28.6,0.7025,6,26,BUENO
145543,YPF,VACA MUERTA,PETROLEO,2006,378.1,100.0,1.546,6856.8,43128.0,6108.9,89.1,0.804,150,38,BUENO
136997,YPF,VACA MUERTA,PETROLEO,2006,439.3,100.0,1.422,6854.5,43113.0,5985.6,87.3,0.7941,175,33,BUENO
145092,YPF,VACA MUERTA,PETROLEO,2006,568.6,99.9,1.055,6847.6,43070.0,8328.3,121.6,0.681,155,36,REGULAR
154194,YPF,VACA MUERTA,PETROLEO,2015,415.2,100.0,1.722,6847.0,43066.0,5994.1,87.5,0.6833,136,1,REGULAR
152850,YPF,VACA MUERTA,PETROLEO,2014,416.0,100.0,1.516,6803.4,42792.0,5773.0,84.9,0.8254,141,6,BUENO
147318,YPF,VACA MUERTA,PETROLEO,2014,142.2,74.7,1.495,6796.1,42746.0,5282.4,77.7,0.553,143,7,REGULAR
166266,Tecpetrol,VACA MUERTA,PETROLEO,2025,607.6,99.9,1.055,6764.7,42549.0,3755.8,55.5,0.9252,18,1,BUENO
153156,YPF,VACA MUERTA,PETROLEO,2014,2811.8,100.0,0.708,6736.6,42372.0,13119.4,194.7,0.969,142,2,BUENO
155418,YPF,VACA MUERTA,PETROLEO,2015,655.8,99.8,0.948,6725.1,42300.0,6618.7,98.4,0.9456,129,2,BUENO
144943,YPF,VACA MUERTA,GAS,2006,316.8,100.0,1.749,7067.3,41598.0,5810.7,82.2,0.6087,138,54,REGULAR
137438,Pluspetrol,VACA MUERTA,PETROLEO,2012,227.8,87.6,1.128,6603.2,41533.0,5506.9,83.4,0.6758,168,4,REGULAR
153746,YPF,VACA MUERTA,PETROLEO,2015,344.4,100.0,1.672,6566.2,41300.0,5224.4,79.6,0.5753,136,3,REGULAR
147314,YPF,VACA MUERTA,PETROLEO,2014,1042.2,100.0,1.03,6556.3,41238.0,7670.6,117.0,0.8119,147,3,BUENO
147621,YPF,VACA MUERTA,PETROLEO,2014,2919.6,100.0,0.01,6528.9,41065.0,16237.7,248.7,0.9316,144,3,BUENO
146776,YPF,VACA MUERTA,PETROLEO,2014,544.2,96.7,0.813,6506.7,40926.0,7145.9,109.8,0.6821,151,1,REGULAR
155632,YPF,VACA MUERTA,PETROLEO,2015,820.0,99.8,0.786,6473.4,40716.0,7107.4,109.8,0.956,127,2,BUENO
154908,YPF,VACA MUERTA,PETROLEO,2015,436.3,87.9,0.66,6452.5,40585.0,6482.4,100.5,0.8515,133,1,BUENO
113941,YPF,VACA MUERTA,GAS,2024,70.7,29.6,2.0,6875.7,40470.0,1698.2,24.7,0.3284,32,0,DESCARTADO
143963,Americas Petrogas,VACA MUERTA,PETROLEO,2012,694.7,100.0,1.322,6402.9,40273.0,5678.7,88.7,0.5657,166,1,REGULAR
146777,YPF,VACA MUERTA,PETROLEO,2014,352.5,100.0,1.589,6369.5,40063.0,5434.2,85.3,0.6975,145,7,REGULAR
147295,YPF,VACA MUERTA,PETROLEO,2014,1749.7,100.0,0.01,6360.7,40008.0,12628.6,198.5,0.8731,144,5,BUENO
155533,YPF,VACA MUERTA,PETROLEO,2015,690.1,100.0,1.127,6358.0,39991.0,5988.0,94.2,0.923,129,1,BUENO
145713,YPF,VACA MUERTA,GAS,2013,279.7,98.8,1.411,6793.8,39988.0,5560.1,81.8,0.7764,152,3,BUENO
42936,Petrobras,VACA MUERTA,PETROLEO,2006,86.7,21.9,0.01,6352.0,39953.0,6102.8,96.1,0.8323,190,58,BUENO
157903,Wintershall,VACA MUERTA,PETROLEO,2017,1607.8,100.0,0.588,6284.1,39526.0,8666.1,137.9,0.8411,110,4,BUENO
154911,YPF,VACA MUERTA,PETROLEO,2015,757.3,100.0,1.05,6237.4,39232.0,6720.6,107.7,0.9479,130,4,BUENO
154749,YPF,VACA MUERTA,PETROLEO,2015,750.1,96.9,0.616,6228.6,39177.0,7122.8,114.4,0.9729,134,1,BUENO
154748,YPF,VACA MUERTA,PETROLEO,2015,493.9,78.5,0.352,6215.9,39097.0,6740.7,108.4,0.8928,133,2,BUENO
160427,YPF,VACA MUERTA,GAS,2019,2255.7,99.7,0.01,6599.3,38843.0,8409.6,127.4,0.8808,85,4,BUENO
154203,YPF,VACA MUERTA,GAS,2015,318.1,88.8,0.917,6598.1,38836.0,5855.8,88.7,0.808,136,1,BUENO
134528,YPF,VACA MUERTA,GAS,2006,553.5,100.0,0.949,6594.8,38817.0,6990.4,106.0,0.5643,133,93,REGULAR
155414,YPF,VACA MUERTA,PETROLEO,2015,773.4,100.0,1.008,6140.9,38625.0,7126.2,116.0,0.9421,130,1,BUENO
147154,YPF,VACA MUERTA,PETROLEO,2014,599.6,100.0,1.315,6140.6,38623.0,6032.8,98.2,0.7555,148,3,BUENO
109930,YPF,VACA MUERTA,PETROLEO,2024,129.3,93.5,2.0,6099.0,38361.0,1856.6,30.4,0.3724,23,9,DESCARTADO
146212,YPF,VACA MUERTA,PETROLEO,2014,525.4,65.1,0.01,6092.8,38322.0,6381.0,104.7,0.8482,151,1,BUENO
126808,Capex,VACA MUERTA,PETROLEO,2007,2060.3,100.0,0.858,6091.6,38315.0,12421.2,203.9,0.8438,230,0,BUENO
143870,YPF,VACA MUERTA,PETROLEO,2006,631.7,100.0,1.274,5992.5,37692.0,5622.7,93.8,0.8723,166,34,BUENO
155630,YPF,VACA MUERTA,PETROLEO,2015,535.6,98.9,0.851,5913.5,37195.0,6067.1,102.6,0.9546,127,2,BUENO
145972,Chevron,VACA MUERTA,PETROLEO,2013,532.2,94.7,0.624,5874.0,36946.0,6154.2,104.8,0.8352,150,4,BUENO
153144,YPF,VACA MUERTA,GAS,2014,485.2,67.0,0.01,6081.3,35795.0,6035.3,99.2,0.5256,139,3,REGULAR
137082,Pluspetrol,VACA MUERTA,PETROLEO,2012,406.5,100.0,0.01,5684.2,35752.0,6043.1,106.3,0.9558,44,131,BUENO
153882,YPF,VACA MUERTA,GAS,2015,576.4,98.7,0.85,6071.5,35737.0,6925.3,114.1,0.85,137,1,BUENO
155531,YPF,VACA MUERTA,PETROLEO,2015,379.6,100.0,1.376,5671.9,35675.0,4725.0,83.3,0.8305,129,1,BUENO
164937,Shell,VACA MUERTA,PETROLEO,2023,379.0,99.9,1.161,5632.8,35429.0,3446.5,61.2,0.937,29,3,BUENO
153601,YPF,VACA MUERTA,GAS,2014,162.8,99.8,2.0,6015.7,35408.0,5171.1,86.0,0.215,134,7,DESCARTADO
78404,Pluspetrol,VACA MUERTA,GAS,2024,44.6,0.1,2.0,5969.2,35135.0,1436.1,24.1,-0.0026,30,2,DESCARTADO
42927,Petrobras,VACA MUERTA,PETROLEO,2006,675.5,98.9,0.737,5582.7,35114.0,7844.4,140.5,0.7063,193,55,BUENO
144710,Pluspetrol,VACA MUERTA,GAS,2024,45.1,17.0,2.0,5956.3,35059.0,1145.6,19.2,0.5976,11,21,REGULAR
146774,YPF,VACA MUERTA,PETROLEO,2014,265.0,99.8,1.442,5562.1,34984.0,4704.8,84.6,0.6502,146,6,REGULAR
154756,YPF,VACA MUERTA,PETROLEO,2015,336.5,52.9,0.01,5460.8,34347.0,6084.7,111.4,0.7497,134,1,BUENO
155529,YPF,VACA MUERTA,PETROLEO,2015,349.5,100.0,1.68,5454.5,34308.0,4293.0,78.7,0.7463,129,1,BUENO
155415,YPF,VACA MUERTA,PETROLEO,2015,1653.5,100.0,0.532,5424.2,34117.0,8325.7,153.5,0.962,130,1,BUENO
153157,YPF,VACA MUERTA,GAS,2014,2766.5,100.0,0.01,5755.2,33875.0,13237.3,230.0,0.8601,136,8,BUENO
155625,YPF,VACA MUERTA,PETROLEO,2015,675.2,99.9,0.822,5383.8,33863.0,5906.6,109.7,0.9652,127,2,BUENO
155413,YPF,VACA MUERTA,PETROLEO,2015,682.5,100.0,1.242,5370.2,33777.0,5632.8,104.9,0.8724,130,1,BUENO
144264,YPF,VACA MUERTA,PETROLEO,2006,527.5,82.2,0.267,5295.0,33304.0,5987.3,113.1,0.861,164,33,BUENO
153748,YPF,VACA MUERTA,PETROLEO,2015,343.8,100.0,1.259,5281.7,33221.0,4831.3,91.5,0.7987,132,7,BUENO
137745,YPF,VACA MUERTA,PETROLEO,2006,796.4,100.0,1.18,5279.2,33205.0,6090.8,115.4,0.7495,169,33,BUENO
145458,O&G Developments,VACA MUERTA,PETROLEO,2013,1322.4,97.8,0.01,5243.5,32981.0,12842.0,244.9,0.6734,155,2,REGULAR
158177,Gas y Petróleo Nqn,VACA MUERTA,PETROLEO,2010,918.6,93.3,0.219,5221.0,32839.0,6728.1,128.9,0.8826,109,9,BUENO
144652,YPF,VACA MUERTA,PETROLEO,2006,455.5,86.0,0.397,5156.3,32432.0,6485.6,125.8,0.8352,160,34,BUENO
154554,YPF,VACA MUERTA,PETROLEO,2015,652.8,97.5,0.486,5146.6,32371.0,6583.6,127.9,0.6533,120,16,REGULAR
152939,Capex,VACA MUERTA,PETROLEO,2012,164.2,99.9,2.0,5119.9,32203.0,4905.6,95.8,0.3915,164,9,DESCARTADO
153753,YPF,VACA MUERTA,GAS,2015,467.4,96.7,0.619,5409.9,31843.0,6233.4,115.2,0.97,133,6,BUENO
161210,Petrolera El Trébol,VACA MUERTA,PETROLEO,2019,240.5,99.5,1.003,5060.6,31830.0,3399.7,67.2,0.6929,12,72,REGULAR
147415,O&G Developments,VACA MUERTA,PETROLEO,2014,1499.8,98.3,0.01,5057.6,31811.0,5973.0,118.1,0.911,146,1,BUENO
155627,YPF,VACA MUERTA,PETROLEO,2015,374.0,100.0,1.397,5028.2,31626.0,4331.5,86.1,0.8466,128,1,BUENO
144946,YPF,VACA MUERTA,PETROLEO,2006,1358.2,100.0,0.875,5013.5,31534.0,9522.6,189.9,0.7998,158,34,BUENO
137416,Pan American Energy,VACA MUERTA,PETROLEO,2012,776.0,99.8,0.752,4991.0,31392.0,6090.3,122.0,0.9418,172,2,BUENO
165462,ExxonMobil,VACA MUERTA,PETROLEO,2024,3421.0,100.0,0.01,4989.5,31383.0,6971.4,139.7,0.8572,25,2,BUENO
145081,YPF,VACA MUERTA,PETROLEO,2006,1139.1,99.4,0.01,4976.9,31304.0,8371.3,168.2,0.871,155,36,BUENO
155040,YPF,VACA MUERTA,PETROLEO,2015,1430.1,100.0,0.924,4972.3,31275.0,7440.6,149.6,0.9138,132,1,BUENO
153606,YPF,VACA MUERTA,PETROLEO,2015,868.8,100.0,0.865,4956.8,31177.0,7229.8,145.9,0.8946,138,2,BUENO
147284,YPF,VACA MUERTA,GAS,2014,566.9,94.5,0.01,5288.2,31126.0,5708.4,107.9,0.9462,134,14,BUENO
145738,YPF,VACA MUERTA,PETROLEO,2013,1151.2,100.0,1.008,4922.8,30963.0,8023.5,163.0,0.5603,155,0,REGULAR
114502,YPF,VACA MUERTA,PETROLEO,2024,40.0,15.3,2.0,4891.8,30768.0,1084.2,22.2,0.0291,29,3,DESCARTADO
145261,YPF,VACA MUERTA,PETROLEO,2006,844.3,99.2,0.416,4835.1,30412.0,7752.6,160.3,0.8292,155,35,BUENO
152940,Capex,VACA MUERTA,PETROLEO,2012,97.7,77.1,1.654,4833.1,30399.0,3838.4,79.4,0.6464,159,14,REGULAR
147294,YPF,VACA MUERTA,PETROLEO,2014,1463.2,100.0,0.01,4831.8,30391.0,9512.8,196.9,0.8789,144,5,BUENO
144272,Pluspetrol,VACA MUERTA,PETROLEO,2012,186.3,99.9,1.676,4815.9,30291.0,3860.0,80.2,0.6197,160,4,REGULAR
145890,YPF,VACA MUERTA,PETROLEO,2013,1088.1,99.2,0.01,4813.3,30275.0,6741.3,140.1,0.9495,148,6,BUENO
155031,YPF,VACA MUERTA,PETROLEO,2015,667.6,100.0,0.972,4750.9,29882.0,5114.7,107.7,0.8764,132,1,BUENO
153755,YPF,VACA MUERTA,GAS,2015,283.6,63.7,0.319,5064.6,29810.0,5758.0,113.7,0.8333,137,2,BUENO
155631,YPF,VACA MUERTA,PETROLEO,2015,380.7,77.4,0.34,4723.0,29707.0,5149.8,109.0,0.9068,128,1,BUENO
153758,YPF,VACA MUERTA,GAS,2015,398.0,99.1,0.894,4997.0,29412.0,5532.0,110.7,0.887,133,6,BUENO
144287,Petrolera,VACA MUERTA,PETROLEO,2012,425.5,99.8,0.999,4608.0,28983.0,5286.4,114.7,0.6623,164,1,REGULAR
152852,YPF,VACA MUERTA,GAS,2014,302.6,95.0,0.853,4880.9,28729.0,4542.3,93.1,0.7558,142,5,BUENO
153881,YPF,VACA MUERTA,GAS,2015,363.4,81.0,0.492,4855.8,28581.0,5561.3,114.5,0.8715,137,1,BUENO
155416,YPF,VACA MUERTA,PETROLEO,2015,412.8,95.3,0.669,4506.1,28342.0,5158.1,114.5,0.932,129,2,BUENO
145870,YPF,VACA MUERTA,PETROLEO,2013,177.3,49.0,0.283,4422.3,27815.0,4466.3,101.0,0.7866,153,1,BUENO
155223,YPF,VACA MUERTA,PETROLEO,2015,590.4,95.7,0.491,4381.5,27559.0,5068.6,115.7,0.9773,131,1,BUENO
155030,YPF,VACA MUERTA,PETROLEO,2015,797.4,100.0,0.902,4372.6,27503.0,5392.6,123.3,0.9686,132,1,BUENO
152938,Capex,VACA MUERTA,PETROLEO,2012,50.2,40.6,2.0,4288.9,26976.0,3300.7,77.0,0.5271,153,20,REGULAR
137742,YPF,VACA MUERTA,PETROLEO,2006,742.4,99.0,0.562,4287.1,26965.0,6225.9,145.2,0.9124,170,32,BUENO
145544,YPF,VACA MUERTA,PETROLEO,2006,650.9,88.0,0.01,4278.8,26913.0,5916.0,138.3,0.9258,153,35,BUENO
114270,YPF,VACA MUERTA,PETROLEO,2024,94.5,31.6,0.01,4132.4,25992.0,2352.5,56.9,0.1943,16,16,DESCARTADO
155224,YPF,VACA MUERTA,PETROLEO,2015,672.0,97.4,0.468,4110.4,25854.0,5120.8,124.6,0.9602,131,1,BUENO
144653,YPF,VACA MUERTA,PETROLEO,2006,193.4,100.0,2.0,4107.2,25833.0,5117.5,124.6,-0.0725,161,33,DESCARTADO
154564,YPF,VACA MUERTA,GAS,2015,142.0,100.0,2.0,4249.0,25010.0,3980.6,93.7,-0.0068,135,1,DESCARTADO
144882,Chevron,VACA MUERTA,GAS,2013,557.9,89.0,0.01,4210.6,24784.0,4410.7,104.8,0.802,157,4,BUENO
114039,YPF,VACA MUERTA,PETROLEO,2024,50.8,69.3,2.0,3867.9,24328.0,977.2,25.3,0.2821,6,26,DESCARTADO
146039,YPF,VACA MUERTA,PETROLEO,2013,303.1,96.0,0.791,3659.7,23019.0,4437.0,121.2,0.6314,152,1,REGULAR
155225,YPF,VACA MUERTA,PETROLEO,2015,819.2,96.8,0.198,3644.6,22924.0,5126.9,140.7,0.9839,131,1,BUENO
154565,YPF,VACA MUERTA,PETROLEO,2015,131.7,100.0,2.0,3621.4,22778.0,3409.3,94.1,0.0415,136,0,DESCARTADO
147463,YPF,VACA MUERTA,PETROLEO,2014,462.3,97.6,0.597,3610.8,22711.0,4468.1,123.7,0.8844,146,4,BUENO
146990,YPF,VACA MUERTA,PETROLEO,2014,343.6,100.0,1.016,3581.9,22529.0,3789.8,105.8,0.8226,135,16,BUENO
147315,YPF,VACA MUERTA,PETROLEO,2014,375.3,99.8,0.941,3576.4,22495.0,3808.9,106.5,0.7933,147,4,BUENO
153761,YPF,VACA MUERTA,PETROLEO,2015,1213.3,100.0,0.701,3536.1,22241.0,6174.1,174.6,0.957,138,1,BUENO
155032,YPF,VACA MUERTA,PETROLEO,2015,795.9,100.0,0.592,3515.9,22114.0,5347.8,152.1,0.9066,132,1,BUENO
136057,YPF,VACA MUERTA,GAS,2024,138.1,100.0,1.854,3748.6,22064.0,1559.0,41.6,0.449,26,6,REGULAR
136085,Roch,VACA MUERTA,PETROLEO,2011,274.8,66.5,0.01,3506.4,22055.0,4242.6,121.0,0.8473,174,10,BUENO
155532,YPF,VACA MUERTA,PETROLEO,2015,303.2,100.0,1.334,3460.8,21768.0,3182.9,92.0,0.8158,129,1,BUENO
155785,Capex,VACA MUERTA,PETROLEO,2016,163.1,100.0,2.0,3405.6,21421.0,2630.3,77.2,0.8274,126,2,BUENO
145752,Americas Petrogas,VACA MUERTA,PETROLEO,2013,463.8,92.4,0.344,3328.1,20933.0,3729.2,112.1,0.8507,152,2,BUENO
153747,YPF,VACA MUERTA,PETROLEO,2015,547.2,100.0,1.059,3324.4,20910.0,4137.4,124.5,0.8745,138,1,BUENO
145715,YPF,VACA MUERTA,PETROLEO,2013,1045.6,99.6,0.01,3285.4,20665.0,8687.1,264.4,0.851,153,2,BUENO
154909,YPF,VACA MUERTA,PETROLEO,2015,634.3,100.0,0.813,3255.5,20476.0,4192.1,128.8,0.934,133,1,BUENO
153596,YPF,VACA MUERTA,GAS,2015,3142.8,100.0,0.01,3412.5,20086.0,12700.3,372.2,0.8568,139,1,BUENO
114621,YPF,VACA MUERTA,PETROLEO,2024,52.9,95.9,2.0,3191.6,20075.0,1302.6,40.8,0.2709,9,23,DESCARTADO
114668,YPF,VACA MUERTA,GAS,2024,138.2,67.8,0.01,3353.0,19736.0,2778.6,82.9,0.6956,9,23,REGULAR
144556,Pluspetrol,VACA MUERTA,PETROLEO,2013,123.5,70.3,0.707,3098.5,19489.0,2750.7,88.8,0.8092,162,0,BUENO
144654,YPF,VACA MUERTA,PETROLEO,2006,144.0,82.4,0.709,3093.2,19456.0,3166.0,102.4,0.6538,158,36,REGULAR
166898,Shell,VACA MUERTA,GAS,2025,3993.4,100.0,0.01,3266.0,19224.0,6601.6,202.1,0.876,8,4,BUENO
152851,YPF,VACA MUERTA,PETROLEO,2014,269.0,100.0,1.313,3036.6,19100.0,3020.2,99.5,0.8224,142,5,BUENO
154910,YPF,VACA MUERTA,PETROLEO,2015,371.8,99.8,0.878,3035.4,19092.0,3286.5,108.3,0.9087,133,1,BUENO
114694,YPF,VACA MUERTA,GAS,2024,72.2,27.0,0.01,3217.0,18935.0,1608.6,50.0,0.3161,20,12,DESCARTADO
153760,YPF,VACA MUERTA,PETROLEO,2015,624.5,100.0,0.811,2993.9,18831.0,4127.7,137.9,0.9627,137,2,BUENO
163437,Tecpetrol,VACA MUERTA,GAS,2022,2334.9,100.0,0.01,3171.0,18665.0,4523.7,142.7,0.8594,40,2,BUENO
153869,YPF,VACA MUERTA,PETROLEO,2015,143.0,100.0,1.875,2937.6,18477.0,2355.0,80.2,0.5579,135,3,REGULAR
114711,YPF,VACA MUERTA,GAS,2024,154.8,87.0,0.375,3133.5,18444.0,2705.9,86.4,0.6898,12,20,REGULAR
146989,YPF,VACA MUERTA,PETROLEO,2014,332.0,95.4,0.01,2804.0,17637.0,3047.3,108.7,0.7761,144,8,BUENO
165714,YPF,VACA MUERTA,GAS,2024,440.5,100.0,0.712,2962.4,17437.0,3190.8,107.7,0.8855,16,7,BUENO
145976,TotalEnergies,VACA MUERTA,PETROLEO,2013,865.6,99.5,0.01,2646.0,16643.0,3683.1,139.2,0.9675,148,10,BUENO
154555,YPF,VACA MUERTA,GAS,2015,916.5,100.0,0.875,2823.5,16619.0,3349.0,118.6,0.3716,128,8,DESCARTADO
155831,YPF,VACA MUERTA,GAS,2016,2012.8,100.0,0.01,2798.1,16470.0,4517.4,161.4,0.9772,125,3,BUENO
114371,YPF,VACA MUERTA,GAS,2024,52.2,51.3,0.993,2780.5,16366.0,1080.7,38.9,0.6283,28,4,REGULAR
137229,YPF,VACA MUERTA,PETROLEO,2008,360.4,100.0,1.221,2591.9,16303.0,2680.2,103.4,0.6137,105,4,REGULAR
114277,YPF,VACA MUERTA,PETROLEO,2024,19.5,0.1,2.0,2588.8,16283.0,625.5,24.2,-0.0005,31,1,DESCARTADO
125143,YPF,VACA MUERTA,PETROLEO,2024,17.3,0.1,2.0,2568.4,16155.0,479.8,18.7,-0.0005,11,21,DESCARTADO
144020,YPF,VACA MUERTA,GAS,2012,1004.5,100.0,0.791,2706.0,15928.0,3888.7,143.7,0.3884,166,1,DESCARTADO
159559,Tecpetrol,VACA MUERTA,GAS,2018,3211.0,100.0,0.01,2692.7,15849.0,5639.3,209.4,0.9731,96,1,BUENO
114437,YPF,VACA MUERTA,PETROLEO,2024,21.9,26.2,2.0,2518.2,15839.0,411.9,16.4,0.5441,6,26,REGULAR
137565,Pluspetrol,VACA MUERTA,PETROLEO,2012,79.5,32.2,0.01,2490.1,15662.0,2391.7,96.0,0.7215,167,4,BUENO
137789,Pluspetrol,VACA MUERTA,GAS,2012,100.9,97.1,0.01,2574.4,15153.0,2624.4,101.9,0.8086,127,42,BUENO
159864,Petrolera El Trébol,VACA MUERTA,PETROLEO,2018,254.5,95.8,0.342,2384.4,14997.0,2584.5,108.4,0.6686,85,9,REGULAR
136999,YPF,VACA MUERTA,GAS,2024,40.6,72.6,2.0,2484.1,14621.0,742.9,29.9,0.3157,30,2,DESCARTADO
154752,YPF,VACA MUERTA,PETROLEO,2015,676.5,100.0,0.855,2287.7,14389.0,3219.5,140.7,0.9017,134,1,BUENO
154567,YPF,VACA MUERTA,GAS,2015,83.1,100.0,2.0,2366.7,13930.0,1926.5,81.4,0.4839,135,1,REGULAR
155629,YPF,VACA MUERTA,PETROLEO,2015,242.5,100.0,1.287,2209.6,13898.0,2357.9,106.7,0.7113,127,2,BUENO
152863,YPF,VACA MUERTA,PETROLEO,2014,1807.4,100.0,0.119,2025.1,12737.0,4146.0,204.7,0.9802,142,4,BUENO
8043,Tecpetrol,VACA MUERTA,GAS,2006,565.5,100.0,0.44,2088.6,12293.0,2838.2,135.9,0.7251,138,109,BUENO
154566,YPF,VACA MUERTA,PETROLEO,2015,154.8,99.9,1.1,1908.2,12002.0,1743.6,91.4,0.9153,136,0,BUENO
144702,TotalEnergies,VACA MUERTA,GAS,2011,1125.5,100.0,0.01,2034.9,11977.0,2686.9,132.0,0.862,160,22,BUENO
137534,Pan American Energy,VACA MUERTA,PETROLEO,2012,104.3,98.2,1.088,1897.3,11934.0,1671.3,88.1,0.6392,170,4,REGULAR
153890,YPF,VACA MUERTA,GAS,2015,190.5,68.6,0.01,1977.3,11638.0,2107.9,106.6,0.9588,138,0,BUENO
157570,YPF,VACA MUERTA,PETROLEO,2024,33.2,84.1,2.0,1836.8,11553.0,587.3,32.0,0.2202,27,5,DESCARTADO
146712,TotalEnergies,VACA MUERTA,GAS,2013,1291.1,100.0,0.01,1953.5,11498.0,5773.0,295.5,0.7571,150,3,BUENO
145536,YPF,VACA MUERTA,PETROLEO,2024,45.2,98.1,2.0,1797.4,11305.0,657.6,36.6,0.0635,30,2,DESCARTADO
154563,YPF,VACA MUERTA,GAS,2015,123.8,100.0,1.665,1915.8,11276.0,1688.6,88.1,0.7315,135,1,BUENO
154568,YPF,VACA MUERTA,PETROLEO,2015,102.9,100.0,1.72,1784.4,11224.0,1371.8,76.9,0.8699,135,1,BUENO
144931,YPF,VACA MUERTA,GAS,2013,1021.7,100.0,0.01,1865.1,10978.0,2714.2,145.5,0.9801,157,3,BUENO
154562,YPF,VACA MUERTA,GAS,2015,137.5,100.0,1.549,1860.1,10949.0,1703.0,91.6,0.8474,135,1,BUENO
146213,YPF,VACA MUERTA,PETROLEO,2014,223.4,100.0,0.722,1662.0,10454.0,2245.5,135.1,0.8918,131,21,BUENO
144263,YPF,VACA MUERTA,PETROLEO,2006,278.9,100.0,1.103,1643.0,10334.0,2012.9,122.5,0.4879,165,32,REGULAR
155712,O&G Developments,VACA MUERTA,PETROLEO,2015,515.3,100.0,0.01,1543.8,9710.0,2437.3,157.9,0.6835,110,18,REGULAR
154569,YPF,VACA MUERTA,GAS,2015,129.8,100.0,1.396,1604.8,9446.0,1431.2,89.2,0.875,136,0,BUENO
153644,Roch,VACA MUERTA,PETROLEO,2015,90.1,95.0,0.911,1501.2,9442.0,1370.5,91.3,0.6998,139,1,REGULAR
166897,Shell,VACA MUERTA,GAS,2025,2657.2,100.0,0.01,1540.1,9065.0,3856.9,250.4,0.9662,8,4,BUENO
145200,TotalEnergies,VACA MUERTA,PETROLEO,2012,1071.3,100.0,0.01,1385.8,8716.0,2363.3,170.5,0.9874,157,6,BUENO
153336,YPF,VACA MUERTA,PETROLEO,2014,1055.9,100.0,0.345,1382.0,8693.0,3721.6,269.3,0.9477,141,3,BUENO
145475,Chevron,VACA MUERTA,PETROLEO,2013,215.3,100.0,1.015,1155.5,7268.0,1318.6,114.1,0.5738,155,2,REGULAR
145808,Gas y Petróleo Nqn,VACA MUERTA,GAS,2010,1470.4,100.0,0.01,1193.7,7026.0,2045.5,171.4,0.8619,146,16,BUENO
157905,Americas Petrogas,VACA MUERTA,GAS,2017,1375.2,100.0,0.01,1145.5,6742.0,2371.5,207.0,0.9643,65,1,BUENO
166336,Oilstone,VACA MUERTA,PETROLEO,2025,34.4,99.9,2.0,1070.7,6734.0,260.9,24.4,0.7049,16,1,BUENO
137389,YPF,VACA MUERTA,GAS,2012,1207.2,100.0,0.01,1141.1,6717.0,2197.4,192.6,0.9802,172,1,BUENO
158143,YPF,VACA MUERTA,PETROLEO,2024,8.3,8.9,0.01,1062.7,6684.0,208.3,19.6,0.0302,20,12,DESCARTADO
145974,O&G Developments,VACA MUERTA,PETROLEO,2013,571.5,100.0,0.01,1004.0,6315.0,1442.0,143.6,0.9119,115,1,BUENO
146207,YPF,VACA MUERTA,PETROLEO,2014,61.3,63.3,0.01,940.0,5912.0,910.5,96.9,0.7299,44,11,BUENO
165463,ExxonMobil,VACA MUERTA,PETROLEO,2024,1577.4,100.0,0.01,914.2,5750.0,1999.6,218.7,0.9399,26,1,BUENO
144701,TotalEnergies,VACA MUERTA,PETROLEO,2011,585.4,100.0,0.01,867.5,5456.0,1313.6,151.4,0.9264,162,20,BUENO
137233,YPF,VACA MUERTA,PETROLEO,2006,84.8,74.9,0.01,831.3,5229.0,872.3,104.9,0.7909,173,33,BUENO
160696,YPF,VACA MUERTA,GAS,2019,669.0,100.0,0.01,870.6,5124.0,1468.3,168.7,0.8498,87,0,BUENO
157319,YPF,VACA MUERTA,GAS,2016,570.5,100.0,0.01,856.1,5039.0,1186.6,138.6,0.8617,116,2,BUENO
160848,YPF,VACA MUERTA,GAS,2019,1460.7,100.0,0.01,846.6,4983.0,1985.0,234.5,0.9771,85,1,BUENO
126393,YPF,VACA MUERTA,GAS,2024,17.5,97.6,2.0,835.0,4915.0,250.6,30.0,0.7459,9,23,BUENO
143869,YPF,VACA MUERTA,PETROLEO,2006,973.2,100.0,0.01,708.2,4454.0,1539.4,217.4,0.9342,168,32,BUENO
154792,TotalEnergies,VACA MUERTA,PETROLEO,2015,805.9,100.0,0.01,697.8,4389.0,1380.7,197.9,0.9806,134,1,BUENO
156427,Pluspetrol,VACA MUERTA,GAS,2024,29.6,39.9,0.01,697.7,4107.0,534.3,76.6,0.7874,32,0,BUENO
158304,Petrolera El Trébol,VACA MUERTA,GAS,2017,210.3,99.2,0.01,644.2,3792.0,820.9,127.4,0.9494,107,2,BUENO
114543,YPF,VACA MUERTA,GAS,2024,69.0,100.0,0.01,637.8,3754.0,701.4,110.0,0.985,14,18,BUENO
131098,YPF,VACA MUERTA,PETROLEO,2024,18.6,31.9,0.01,595.4,3745.0,285.0,47.9,0.2439,19,13,DESCARTADO
165498,YPF,VACA MUERTA,PETROLEO,2024,322.3,100.0,0.01,584.3,3675.0,1208.8,206.9,0.6081,24,2,REGULAR
145608,TotalEnergies,VACA MUERTA,GAS,2013,501.0,100.0,0.01,559.1,3291.0,985.5,176.3,0.9601,155,1,BUENO
163111,Capex,VACA MUERTA,GAS,2022,581.2,100.0,0.01,517.0,3043.0,1035.6,200.3,0.9825,52,1,BUENO
158305,Petrolera El Trébol,VACA MUERTA,PETROLEO,2017,106.7,93.5,0.01,471.2,2964.0,560.8,119.0,0.8282,107,1,BUENO
136917,Kilwer,VACA MUERTA,PETROLEO,2006,237.2,100.0,0.01,456.0,2868.0,662.9,145.4,0.9698,175,69,BUENO
163122,Tecpetrol,VACA MUERTA,PETROLEO,2022,90.7,100.0,1.035,435.2,2737.0,418.1,96.1,0.5841,52,3,REGULAR
144658,YPF,VACA MUERTA,GAS,2013,605.4,100.0,0.01,350.9,2065.0,833.9,237.6,0.9798,162,0,BUENO
144416,YPF,VACA MUERTA,PETROLEO,2024,7.4,96.0,2.0,318.3,2002.0,111.6,35.1,0.1768,30,2,DESCARTADO
136903,YPF,VACA MUERTA,GAS,2006,197.1,100.0,0.01,334.2,1967.0,476.2,142.5,0.8544,175,34,BUENO
157679,Oilstone,VACA MUERTA,PETROLEO,2024,18.6,63.0,0.292,309.2,1945.0,251.4,81.3,0.661,31,0,REGULAR
159813,Petrolera El Trébol,VACA MUERTA,PETROLEO,2018,40.5,84.8,0.01,299.5,1884.0,314.4,105.0,0.793,90,4,BUENO
34769,Pan American Energy,VACA MUERTA,GAS,2024,35.3,100.0,0.01,301.0,1772.0,330.6,109.8,0.9068,23,9,BUENO
114515,YPF,VACA MUERTA,PETROLEO,2024,26.2,100.0,1.246,269.9,1698.0,180.1,66.7,0.8484,18,14,BUENO
158179,Capex,VACA MUERTA,GAS,2017,31.6,91.5,0.01,262.7,1546.0,272.9,103.9,0.8157,104,9,BUENO
153313,YPF,VACA MUERTA,GAS,2014,319.1,100.0,0.01,249.4,1468.0,434.2,174.1,0.8591,37,14,BUENO
137388,Kilwer,VACA MUERTA,GAS,2006,396.3,100.0,0.01,229.7,1352.0,518.5,225.7,0.9623,173,68,BUENO
114616,YPF,VACA MUERTA,PETROLEO,2024,18.9,97.6,0.01,207.2,1303.0,217.3,104.9,0.7518,15,17,BUENO
145199,TotalEnergies,VACA MUERTA,PETROLEO,2013,341.6,100.0,0.01,198.0,1245.0,504.0,254.5,0.9728,158,3,BUENO
162921,Kilwer,VACA MUERTA,GAS,2021,235.6,100.0,0.01,197.3,1161.0,333.8,169.2,0.8604,56,1,BUENO
146275,Argenta,VACA MUERTA,PETROLEO,2014,77.7,100.0,0.01,116.0,730.0,161.0,138.8,0.8617,116,27,BUENO
137007,YPF,VACA MUERTA,PETROLEO,2008,125.7,100.0,0.01,104.4,657.0,189.8,181.8,0.9374,92,9,BUENO
164259,Capex,VACA MUERTA,GAS,2023,174.1,100.0,0.01,100.9,594.0,248.5,246.3,0.9776,39,1,BUENO
144344,Americas Petrogas,VACA MUERTA,PETROLEO,2013,123.8,100.0,0.01,77.1,485.0,186.7,242.2,0.957,65,0,BUENO
166623,YPF,VACA MUERTA,PETROLEO,2025,107.6,100.0,0.01,62.4,392.0,124.7,199.8,0.8531,15,0,BUENO
137239,YPF,VACA MUERTA,PETROLEO,2006,104.1,100.0,0.01,60.3,379.0,144.4,239.5,0.9804,174,32,BUENO
162963,Kilwer,VACA MUERTA,PETROLEO,2022,80.0,100.0,0.01,47.2,297.0,93.6,198.3,0.8603,54,2,BUENO
114307,YPF,VACA MUERTA,GAS,2024,25.1,100.0,0.01,30.3,178.0,51.7,170.8,0.9807,31,1,BUENO
128164,YPF,VACA MUERTA,PETROLEO,2024,8.8,100.0,0.582,21.3,134.0,35.3,165.7,0.8874,31,1,BUENO
166337,Oilstone,VACA MUERTA,PETROLEO,2025,17.8,100.0,0.212,19.9,125.0,37.7,189.4,0.9586,15,2,BUENO
161276,Roch,VACA MUERTA,PETROLEO,2024,11.1,100.0,0.01,6.5,41.0,14.1,216.9,0.9392,26,6,BUENO
153608,YPF,VACA MUERTA,PETROLEO,2014,1.0,100.0,0.01,1.2,8.0,1.8,149.2,0.8619,138,5,BUENO
