pozo_id,sigla,ultimo_reporte,empresa,yacimiento,formacion,tipoestado,tipopozo,tipoextraccion,clasificacion,profundidad,coordenadax,coordenaday,petroleo_m3,gas_mm3,agua_m3,tef,fuente
109930,YPF.Md.NCLi.x-2,2026-08,QUINTANA E&P ARGENTINA S.R.L.,CERRO LIUPUCA,VACA MUERTA,Extracción Efectiva,Petrolífero,Bombeo Mecánico,EXPLORACION,2660.0,,,83.4318673091065,2.23617195745875,284.0274,31.0,prod_2026
109951,YPF.Md.NCoNS.x-1,2026-08,QUINTANA E&P ARGENTINA S.R.L.,CERRO NEGRO SUR,VACA MUERTA,Abandonado,Otro tipo,Surgencia Natural,EXPLORACION,2491.0,,,0.0,0.0,0.0,0.0,prod_2026
113912,YPF.Md.NLA.a-15,2026-08,YPF S.A.,LOMA ALTA,VACA MUERTA,Extracción Efectiva,Petrolífero,Bombeo Mecánico,EXPLOTACION,2850.0,,,84.3,82.13,664.14,30.69,prod_2026
113935,YPF.Md.NLA-13,2026-08,YPF S.A.,LOMA ALTA,VACA MUERTA,En Espera de Reparación,Otro tipo,Bombeo Mecánico,EXPLOTACION,2782.0,,,0.0,0.0,0.0,0.0,prod_2026
113941,YPF.Md.NLCa-147,2026-08,YPF S.A.,LOS CAVAOS,VACA MUERTA,Extracción Efectiva,Petrolífero,Bombeo Mecánico,EXPLOTACION,2446.0,,,25.58,33.79,175.69,30.9,prod_2026
113958,YPF.Md.NRG-39,2026-08,YPF S.A.,RIO GRANDE,VACA MUERTA,En Estudio,Otro tipo,Sin Sistema de Extracción,EXPLOTACION,1433.0,,,0.0,0.0,0.0,0.0,prod_2026
113992,YPF.Md.NLA.xp-9,2026-08,YPF S.A.,LOMA ALTA,VACA MUERTA,En Espera de Reparación,Otro tipo,Sin Sistema de Extracción,EXPLORACION,3220.0,,,0.0,0.0,0.0,0.0,prod_2026
114032,YPF.Md.NCD-6,2026-08,YPF S.A.,CERRO DIVISADERO,VACA MUERTA,En Estudio,Otro tipo,Sin Sistema de Extracción,EXPLOTACION,2454.0,,,0.0,0.0,0.0,0.0,prod_2026
114037,YPF.Md.NLCa.a-108,2026-08,YPF S.A.,LOS CAVAOS,VACA MUERTA,Abandonado,Otro tipo,Sin Sistema de Extracción,EXPLOTACION,2170.0,,,0.0,0.0,0.0,0.0,prod_2026
114039,YPF.Md.NLCa.a-5,2026-08,YPF S.A.,LOS CAVAOS,VACA MUERTA,Extracción Efectiva,Petrolífero,Bombeo Mecánico,EXPLOTACION,2588.0,,,39.35,0.15,688.96,30.9,prod_2026
114042,YPF.Md.NLCa.a-71,2026-08,YPF S.A.,LOS CAVAOS,VACA MUERTA,En Espera de Reparación,Otro tipo,Sin Sistema de Extracción,EXPLOTACION,2290.0,,,0.0,0.0,0.0,0.0,prod_2026
114044,YPF.Md.NLCa-60,2026-08,YPF S.A.,LOS CAVAOS,VACA MUERTA,Abandonado,Otro tipo,Sin Sistema de Extracción,EXPLOTACION,2597.0,,,0.0,0.0,0.0,0.0,prod_2026
114048,YPF.Md.NMDM-14,2026-08,YPF S.A.,MALAL DEL MEDIO,VACA MUERTA,Abandonado,Otro tipo,Sin Sistema de Extracción,EXPLOTACION,2515.0,,,0.0,0.0,0.0,0.0,prod_2026
114049,YPF.Md.NMDM-70,2026-08,YPF S.A.,MALAL DEL MEDIO,VACA MUERTA,En Reserva de Gas,Gasífero,Sin Sistema de Extracción,EXPLOTACION,2204.0,,,0.0,0.0,0.0,0.0,prod_2026
114255,YPF.Md.NLCu.x-1,2026-08,VENOIL S.A.,LIU CULLIN,VACA MUERTA,En Espera de Reparación,Petrolífero,Cavidad Progresiva,EXPLORACION,0.0,,,0.0,0.0,0.0,0.0,prod_2026
114257,YPF.Md.NMT.x-1,2026-08,VENOIL S.A.,MINA THEIS,VACA MUERTA,Abandonado,Otro tipo,Sin Sistema de Extracción,EXPLORACION,2000.0,,,0.0,0.0,0.0,0.0,prod_2026
114265,YPF.Md.NLCa.a-83,2026-08,YPF S.A.,LOS CAVAOS,VACA MUERTA,Abandonado,Otro tipo,Sin Sistema de Extracción,EXPLOTACION,2420.0,,,0.0,0.0,0.0,0.0,prod_2026
114267,YPF.Md.NLCa-84,2026-08,YPF S.A.,LOS CAVAOS,VACA MUERTA,En Reserva de Gas,Gasífero,Bombeo Mecánico,EXPLOTACION,2535.0,,,0.0,0.0,0.0,0.0,prod_2026
114270,YPF.Md.NLCa-85,2026-08,YPF S.A.,LOS CAVAOS,VACA MUERTA,Extracción Efectiva,Petrolífero,Bombeo Mecánico,EXPLOTACION,2522.0,,,9.09,2.12,110.93,3.17,prod_2026
114274,YPF.Md.NLCa-87,2026-08,YPF S.A.,LOS CAVAOS,VACA MUERTA,Abandonado,Otro tipo,Sin Sistema de Extracción,EXPLOTACION,2170.0,,,0.0,0.0,0.0,0.0,prod_2026
114277,YPF.Md.NLCa-88,2026-08,YPF S.A.,LOS CAVAOS,VACA MUERTA,Extracción Efectiva,Petrolífero,Bombeo Mecánico,EXPLOTACION,0.0,,,25.83,7.25,1132.97,29.9,prod_2026
114280,YPF.Md.NLCa.a-90,2026-08,YPF S.A.,LOS CAVAOS,VACA MUERTA,Abandonado,Otro tipo,Sin Sistema de Extracción,EXPLOTACION,2125.0,,,0.0,0.0,0.0,0.0,prod_2026
114287,YPF.Md.NLCa-94,2026-08,YPF S.A.,LOS CAVAOS,VACA MUERTA,Parado Alta Relación Agua/Petróleo,Petrolífero,Sin Sistema de Extracción,EXPLOTACION,2322.0,,,0.0,0.0,0.0,0.0,prod_2026
114288,YPF.Md.NLCa-95,2026-08,YPF S.A.,LOS CAVAOS,VACA MUERTA,Abandonado,Otro tipo,Sin Sistema de Extracción,EXPLOTACION,2540.0,,,0.0,0.0,0.0,0.0,prod_2026
114291,YPF.Md.NLCa-98,2026-08,YPF S.A.,LOS CAVAOS,VACA MUERTA,Abandonado,Otro tipo,Sin Sistema de Extracción,EXPLOTACION,2525.0,,,0.0,0.0,0.0,0.0,prod_2026
114293,YPF.Md.NLCa.a-100,2026-08,YPF S.A.,LOS CAVAOS,VACA MUERTA,A Abandonar,Otro tipo,Sin Sistema de Extracción,,2246.0,,,0.0,0.0,0.0,0.0,prod_2026
114296,YPF.Md.NLCa-102,2026-08,YPF S.A.,LOS CAVAOS,VACA MUERTA,Abandonado,Otro tipo,Sin Sistema de Extracción,EXPLOTACION,2203.0,,,0.0,0.0,0.0,0.0,prod_2026
114299,YPF.Md.NLCa-103,2026-08,YPF S.A.,LOS CAVAOS,VACA MUERTA,Abandonado,Otro tipo,Sin Sistema de Extracción,EXPLOTACION,2160.0,,,0.0,0.0,0.0,0.0,prod_2026
114302,YPF.Md.NLCa-104,2026-08,YPF S.A.,LOS CAVAOS,VACA MUERTA,En Reserva de Gas,Gasífero,Sin Sistema de Extracción,EXPLOTACION,2370.0,,,0.0,0.0,0.0,0.0,prod_2026
114305,YPF.Md.NLCa-105,2026-08,YPF S.A.,LOS CAVAOS,VACA MUERTA,En Reserva de Gas,Gasífero,Sin Sistema de Extracción,EXPLOTACION,2325.0,,,0.0,0.0,0.0,0.0,prod_2026
114307,YPF.Md.NLCa-106,2026-08,YPF S.A.,LOS CAVAOS,VACA MUERTA,En Estudio,Otro tipo,Bombeo Mecánico,EXPLOTACION,2335.0,,,0.0,0.0,0.0,0.0,prod_2026
114311,YPF.Md.NLCa.a-110,2026-08,YPF S.A.,LOS CAVAOS,VACA MUERTA,En Reserva de Gas,Gasífero,Sin Sistema de Extracción,EXPLOTACION,2295.0,,,0.0,0.0,0.0,0.0,prod_2026
114314,YPF.Md.NLCa.a-112,2026-08,YPF S.A.,LOS CAVAOS,VACA MUERTA,Abandonado,Otro tipo,Sin Sistema de Extracción,EXPLOTACION,2307.0,,,0.0,0.0,0.0,0.0,prod_2026
114320,YPF.Md.NLCa-115,2026-08,YPF S.A.,LOS CAVAOS,VACA MUERTA,En Reserva de Gas,Gasífero,Sin Sistema de Extracción,EXPLOTACION,0.0,,,0.0,0.0,0.0,0.0,prod_2026
114321,YPF.Md.NLCa-116,2026-08,YPF S.A.,LOS CAVAOS,VACA MUERTA,En Reserva de Gas,Gasífero,Sin Sistema de Extracción,EXPLOTACION,2157.0,,,0.0,0.0,0.0,0.0,prod_2026
114323,YPF.Md.NLCa-117,2026-08,YPF S.A.,LOS CAVAOS,VACA MUERTA,En Estudio,Otro tipo,Sin Sistema de Extracción,EXPLOTACION,2283.0,,,0.0,0.0,0.0,0.0,prod_2026
114326,YPF.Md.NLCa-118,2026-08,YPF S.A.,LOS CAVAOS,VACA MUERTA,Abandonado,Otro tipo,Sin Sistema de Extracción,EXPLOTACION,0.0,,,0.0,0.0,0.0,0.0,prod_2026
114330,YPF.Md.NLCa-121,2026-08,YPF S.A.,LOS CAVAOS,VACA MUERTA,En Estudio,Otro tipo,Sin Sistema de Extracción,EXPLOTACION,2189.0,,,0.0,0.0,0.0,0.0,prod_2026
114331,YPF.Md.NLCa-122,2026-08,YPF S.A.,LOS CAVAOS,VACA MUERTA,En Reserva para Recup. Sec./Asist.,Otro tipo,Sin Sistema de Extracción,EXPLOTACION,2326.0,,,0.0,0.0,0.0,0.0,prod_2026
114334,YPF.Md.NLCa-123,2026-08,YPF S.A.,LOS CAVAOS,VACA MUERTA,Abandonado,Otro tipo,Sin Sistema de Extracción,EXPLOTACION,2210.0,,,0.0,0.0,0.0,0.0,prod_2026
114338,YPF.Md.NLCa-124,2026-08,YPF S.A.,LOS CAVAOS,VACA MUERTA,Parado Alta Relación Agua/Petróleo,Petrolífero,Sin Sistema de Extracción,EXPLOTACION,2461.0,,,0.0,0.0,0.0,0.0,prod_2026
114339,YPF.Md.NLCa-125,2026-08,YPF S.A.,LOS CAVAOS,VACA MUERTA,En Estudio,Otro tipo,Sin Sistema de Extracción,EXPLOTACION,2185.0,,,0.0,0.0,0.0,0.0,prod_2026
114340,YPF.Md.NLCa-126,2026-08,YPF S.A.,LOS CAVAOS,VACA MUERTA,En Estudio,Otro tipo,Sin Sistema de Extracción,EXPLOTACION,2273.0,,,0.0,0.0,0.0,0.0,prod_2026
114342,YPF.Md.NLCa-127,2026-08,YPF S.A.,LOS CAVAOS,VACA MUERTA,En Reserva de Gas,Gasífero,Bombeo Mecánico,EXPLOTACION,2210.0,,,0.0,0.0,0.0,0.0,prod_2026
114343,YPF.Md.NLCa-128,2026-08,YPF S.A.,LOS CAVAOS,VACA MUERTA,Abandonado,Otro tipo,Sin Sistema de Extracción,EXPLOTACION,2234.0,,,0.0,0.0,0.0,0.0,prod_2026
114349,YPF.Md.NLCa-131,2026-08,YPF S.A.,LOS CAVAOS,VACA MUERTA,Abandonado,Otro tipo,Sin Sistema de Extracción,EXPLOTACION,2632.0,,,0.0,0.0,0.0,0.0,prod_2026
114351,YPF.Md.NLCa-132,2026-08,YPF S.A.,LOS CAVAOS,VACA MUERTA,Parado Alta Relación Agua/Petróleo,Petrolífero,Sin Sistema de Extracción,EXPLOTACION,2499.0,,,0.0,0.0,0.0,0.0,prod_2026
114354,YPF.Md.NLCa-133,2026-08,YPF S.A.,LOS CAVAOS,VACA MUERTA,En Espera de Reparación,Otro tipo,Bombeo Mecánico,EXPLOTACION,2760.0,,,0.0,0.0,0.0,0.0,prod_2026
114359,YPF.Md.NLCa.a-136(I),2026-08,YPF S.A.,LOS CAVAOS,VACA MUERTA,Abandonado,Otro tipo,Sin Sistema de Extracción,EXPLOTACION,0.0,,,0.0,0.0,0.0,0.0,prod_2026
114362,YPF.Md.NLCa.a-137,2026-08,YPF S.A.,LOS CAVAOS,VACA MUERTA,En Reserva para Recup. Sec./Asist.,Otro tipo,Sin Sistema de Extracción,EXPLOTACION,2345.0,,,0.0,0.0,0.0,0.0,prod_2026
114365,YPF.Md.NLCa.x-139,2026-08,YPF S.A.,LOS CAVAOS,VACA MUERTA,Abandonado,Otro tipo,Sin Sistema de Extracción,EXPLORACION,2586.0,,,0.0,0.0,0.0,0.0,prod_2026
114368,YPF.Md.NLCa-140,2026-08,YPF S.A.,LOS CAVAOS,VACA MUERTA,En Estudio,Otro tipo,Sin Sistema de Extracción,EXPLOTACION,2312.0,,,0.0,0.0,0.0,0.0,prod_2026
114369,YPF.Md.NLCa-141,2026-08,YPF S.A.,LOS CAVAOS,VACA MUERTA,En Reserva de Gas,Gasífero,Sin Sistema de Extracción,EXPLOTACION,2760.0,,,0.0,0.0,0.0,0.0,prod_2026
114371,YPF.Md.NLCa-142,2026-08,YPF S.A.,LOS CAVAOS,VACA MUERTA,Extracción Efectiva,Petrolífero,Bombeo Mecánico,EXPLOTACION,2507.0,,,18.86,23.91,332.26,30.9,prod_2026
114374,YPF.Md.NLCa-143,2026-08,YPF S.A.,LOS CAVAOS,VACA MUERTA,En Espera de Reparación,Otro tipo,Sin Sistema de Extracción,EXPLOTACION,2462.0,,,0.0,0.0,0.0,0.0,prod_2026
114436,YPF.Md.NLCa.x-1,2026-08,YPF S.A.,LOS CAVAOS,VACA MUERTA,En Reserva para Recup. Sec./Asist.,Otro tipo,Sin Sistema de Extracción,EXPLORACION,2602.0,,,0.0,0.0,0.0,0.0,prod_2026
114437,YPF.Md.NLCa.e-2,2026-08,YPF S.A.,LOS CAVAOS,VACA MUERTA,Extracción Efectiva,Petrolífero,Bombeo Mecánico,EXPLORACION,2560.0,,,19.88,5.13,67.18,30.92,prod_2026
114439,YPF.Md.NLCa.e-4,2026-08,YPF S.A.,LOS CAVAOS,VACA MUERTA,Abandonado,Otro tipo,Sin Sistema de Extracción,EXPLORACION,2640.0,,,0.0,0.0,0.0,0.0,prod_2026
114440,YPF.Md.NLCa-6,2026-08,YPF S.A.,LOS CAVAOS,VACA MUERTA,En Estudio,Otro tipo,Sin Sistema de Extracción,EXPLOTACION,0.0,,,0.0,0.0,0.0,0.0,prod_2026
114441,YPF.Md.NLCa-7,2026-08,YPF S.A.,LOS CAVAOS,VACA MUERTA,Abandonado,Otro tipo,Sin Sistema de Extracción,EXPLOTACION,2537.0,,,0.0,0.0,0.0,0.0,prod_2026
114443,YPF.Md.NLCa-8,2026-08,YPF S.A.,LOS CAVAOS,VACA MUERTA,En Estudio,Otro tipo,Sin Sistema de Extracción,EXPLOTACION,2581.0,,,0.0,0.0,0.0,0.0,prod_2026
114447,YPF.Md.NLCa-10,2026-08,YPF S.A.,LOS CAVAOS,VACA MUERTA,Abandonado,Otro tipo,Sin Sistema de Extracción,EXPLOTACION,2574.0,,,0.0,0.0,0.0,0.0,prod_2026
114448,YPF.Md.NLCa-11,2026-08,YPF S.A.,LOS CAVAOS,VACA MUERTA,En Inyección Efectiva,Sumidero,Sin Sistema de Extracción,EXPLOTACION,2509.0,,,0.0,0.0,0.0,30.42,prod_2026
114451,YPF.Md.NLCa-12,2026-08,YPF S.A.,LOS CAVAOS,VACA MUERTA,Abandonado,Otro tipo,Sin Sistema de Extracción,EXPLOTACION,2593.0,,,0.0,0.0,0.0,0.0,prod_2026
114453,YPF.Md.NLCa-14,2026-08,YPF S.A.,LOS CAVAOS,VACA MUERTA,En Reserva para Recup. Sec./Asist.,Otro tipo,Sin Sistema de Extracción,EXPLOTACION,2574.0,,,0.0,0.0,0.0,0.0,prod_2026
114455,YPF.Md.NLCa-15,2026-08,YPF S.A.,LOS CAVAOS,VACA MUERTA,En Estudio,Otro tipo,Sin Sistema de Extracción,EXPLOTACION,0.0,,,0.0,0.0,0.0,0.0,prod_2026
114458,YPF.Md.NLCa-16,2026-08,YPF S.A.,LOS CAVAOS,VACA MUERTA,En Inyección Efectiva,Sumidero,Sin Sistema de Extracción,EXPLOTACION,2560.0,,,0.0,0.0,0.0,30.42,prod_2026
114460,YPF.Md.NLCa.a-17,2026-08,YPF S.A.,LOS CAVAOS,VACA MUERTA,Abandonado,Otro tipo,Sin Sistema de Extracción,EXPLOTACION,2682.0,,,0.0,0.0,0.0,0.0,prod_2026
114461,YPF.Md.NLCa-18,2026-08,YPF S.A.,LOS CAVAOS,VACA MUERTA,En Reserva de Gas,Gasífero,Sin Sistema de Extracción,EXPLOTACION,2570.0,,,0.0,0.0,0.0,0.0,prod_2026
114462,YPF.Md.NLCa-19,2026-08,YPF S.A.,LOS CAVAOS,VACA MUERTA,En Reserva para Recup. Sec./Asist.,Otro tipo,Sin Sistema de Extracción,EXPLOTACION,2532.0,,,0.0,0.0,0.0,0.0,prod_2026
114464,YPF.Md.NLCa-20,2026-08,YPF S.A.,LOS CAVAOS,VACA MUERTA,Abandonado,Otro tipo,Sin Sistema de Extracción,EXPLOTACION,2670.0,,,0.0,0.0,0.0,0.0,prod_2026
114467,YPF.Md.NLCa-22,2026-08,YPF S.A.,LOS CAVAOS,VACA MUERTA,Abandonado,Otro tipo,Sin Sistema de Extracción,EXPLOTACION,2700.0,,,0.0,0.0,0.0,0.0,prod_2026
114468,YPF.Md.NLCa-23,2026-08,YPF S.A.,LOS CAVAOS,VACA MUERTA,En Estudio,Otro tipo,Sin Sistema de Extracción,EXPLOTACION,2583.0,,,0.0,0.0,0.0,0.0,prod_2026
114469,YPF.Md.NLCa-24,2026-08,YPF S.A.,LOS CAVAOS,VACA MUERTA,En Reserva de Gas,Gasífero,Sin Sistema de Extracción,EXPLOTACION,2662.0,,,0.0,0.0,0.0,0.0,prod_2026
114471,YPF.Md.NLCa.a-25,2026-08,YPF S.A.,LOS CAVAOS,VACA MUERTA,En Espera de Reparación,Otro tipo,Sin Sistema de Extracción,EXPLOTACION,2600.0,,,0.0,0.0,0.0,0.0,prod_2026
114475,YPF.Md.NLCa-28,2026-08,YPF S.A.,LOS CAVAOS,VACA MUERTA,Abandonado,Otro tipo,Sin Sistema de Extracción,EXPLOTACION,2737.0,,,0.0,0.0,0.0,0.0,prod_2026
114477,YPF.Md.NLCa.a-30,2026-08,YPF S.A.,LOS CAVAOS,VACA MUERTA,Abandonado,Otro tipo,Sin Sistema de Extracción,EXPLOTACION,2777.0,,,0.0,0.0,0.0,0.0,prod_2026
114481,YPF.Md.NLCa-36,2026-08,YPF S.A.,LOS CAVAOS,VACA MUERTA,En Inyección Efectiva,Sumidero,Sin Sistema de Extracción,EXPLOTACION,2503.0,,,0.0,0.0,0.0,30.42,prod_2026
114483,YPF.Md.NLCa-38,2026-08,YPF S.A.,LOS CAVAOS,VACA MUERTA,Extracción Efectiva,Petrolífero,Bombeo Mecánico,EXPLOTACION,2699.0,,,0.0,0.0,0.0,0.0,prod_2026
114487,YPF.Md.NLCa-40,2026-08,YPF S.A.,LOS CAVAOS,VACA MUERTA,En Estudio,Otro tipo,Sin Sistema de Extracción,EXPLOTACION,2548.0,,,0.0,0.0,0.0,0.0,prod_2026
114490,YPF.Md.NLCa-41,2026-08,YPF S.A.,LOS CAVAOS,VACA MUERTA,Parado Alta Relación Agua/Petróleo,Petrolífero,Sin Sistema de Extracción,EXPLOTACION,2667.0,,,0.0,0.0,0.0,0.0,prod_2026
114496,YPF.Md.NLCa-45,2026-08,YPF S.A.,LOS CAVAOS,VACA MUERTA,En Estudio,Otro tipo,Sin Sistema de Extracción,EXPLOTACION,2632.0,,,0.0,0.0,0.0,0.0,prod_2026
114502,YPF.Md.NLCa-48,2026-08,YPF S.A.,LOS CAVAOS,VACA MUERTA,Extracción Efectiva,Petrolífero,Bombeo Mecánico,EXPLOTACION,2765.0,,,41.79,12.22,789.04,29.82,prod_2026
114504,YPF.Md.NLCa-49,2026-08,YPF S.A.,LOS CAVAOS,VACA MUERTA,Extracción Efectiva,Petrolífero,Bombeo Mecánico,EXPLOTACION,2702.0,,,0.0,0.0,0.0,0.0,prod_2026
114511,YPF.Md.NLCa-54,2026-08,YPF S.A.,LOS CAVAOS,VACA MUERTA,Parado Transitoriamente,Petrolífero,Bombeo Mecánico,EXPLOTACION,2763.0,,,0.0,0.0,0.0,0.0,prod_2026
114515,YPF.Md.NLCa-56,2026-08,YPF S.A.,LOS CAVAOS,VACA MUERTA,Extracción Efectiva,Petrolífero,Bombeo Mecánico,EXPLOTACION,2605.0,,,3.83,0.15,56.87,30.9,prod_2026
114517,YPF.Md.NLCa-57,2026-08,YPF S.A.,LOS CAVAOS,VACA MUERTA,Extracción Efectiva,Petrolífero,Bombeo Mecánico,EXPLOTACION,2636.0,,,75.96,2.85,609.76,30.9,prod_2026
114528,YPF.Md.NLCa-67,2026-08,YPF S.A.,LOS CAVAOS,VACA MUERTA,En Estudio,Otro tipo,Bombeo Mecánico,EXPLOTACION,2550.0,,,0.0,0.0,0.0,0.0,prod_2026
114534,YPF.Md.NLCa.a-70,2026-08,YPF S.A.,LOS CAVAOS,VACA MUERTA,En Estudio,Otro tipo,Sin Sistema de Extracción,EXPLOTACION,2681.0,,,0.0,0.0,0.0,0.0,prod_2026
114536,YPF.Md.NLCa-72,2026-08,YPF S.A.,LOS CAVAOS,VACA MUERTA,En Reserva de Gas,Gasífero,Sin Sistema de Extracción,EXPLOTACION,2360.0,,,0.0,0.0,0.0,0.0,prod_2026
114539,YPF.Md.NLCa-73,2026-08,YPF S.A.,LOS CAVAOS,VACA MUERTA,En Estudio,Otro tipo,Bombeo Mecánico,EXPLOTACION,2545.0,,,0.0,0.0,0.0,0.0,prod_2026
114540,YPF.Md.NLCa-74,2026-08,YPF S.A.,LOS CAVAOS,VACA MUERTA,Abandonado,Otro tipo,Sin Sistema de Extracción,EXPLOTACION,2700.0,,,0.0,0.0,0.0,0.0,prod_2026
114543,YPF.Md.NLCa-75,2026-08,YPF S.A.,LOS CAVAOS,VACA MUERTA,En Espera de Reparación,Otro tipo,Bombeo Mecánico,EXPLOTACION,2580.0,,,0.0,0.0,0.0,0.0,prod_2026
114546,YPF.Md.NLCa-76,2026-08,YPF S.A.,LOS CAVAOS,VACA MUERTA,Extracción Efectiva,Petrolífero,Bombeo Mecánico,EXPLOTACION,2651.0,,,23.59,69.19,261.54,30.9,prod_2026
114550,YPF.Md.NLCa-78,2026-08,YPF S.A.,LOS CAVAOS,VACA MUERTA,Extracción Efectiva,Petrolífero,Bombeo Mecánico,EXPLOTACION,2601.0,,,7.3,5.09,116.93,30.9,prod_2026
114557,YPF.Md.NRG-32,2026-08,YPF S.A.,RIO GRANDE,VACA MUERTA,Extracción Efectiva,Petrolífero,Bombeo Mecánico,EXPLOTACION,2336.0,,,76.89,53.97,609.42,30.92,prod_2026
114572,YPF.Md.NLVo.x-2,2026-08,VENOIL S.A.,LOS VOLCANES,VACA MUERTA,Abandonado,Otro tipo,Sin Sistema de Extracción,EXPLORACION,2215.0,,,0.0,0.0,0.0,0.0,prod_2026
114582,YPF.Md.NALM.x-1,2026-08,VENOIL S.A.,ARROYO LOS MENUCOS,VACA MUERTA,Abandono Temporario,Otro tipo,Sin Sistema de Extracción,EXPLORACION,0.0,,,0.0,0.0,0.0,0.0,prod_2026
114589,YPF.Md.NMDM.e-3,2026-08,YPF S.A.,MALAL DEL MEDIO,VACA MUERTA,En Estudio,Otro tipo,Sin Sistema de Extracción,EXPLORACION,2365.0,,,0.0,0.0,0.0,0.0,prod_2026
114592,YPF.Md.NMDM.e-4,2026-08,YPF S.A.,MALAL DEL MEDIO,VACA MUERTA,Abandonado,Otro tipo,Sin Sistema de Extracción,EXPLORACION,2702.0,,,0.0,0.0,0.0,0.0,prod_2026
114603,YPF.Md.NMDM-11,2026-08,YPF S.A.,MALAL DEL MEDIO,VACA MUERTA,En Inyección Efectiva,Sumidero,Sin Sistema de Extracción,EXPLOTACION,2750.0,,,0.0,0.0,0.0,0.0,prod_2026
114614,YPF.Md.NMDM.a-20,2026-08,YPF S.A.,MALAL DEL MEDIO,VACA MUERTA,Abandonado,Otro tipo,Sin Sistema de Extracción,EXPLOTACION,1148.0,,,0.0,0.0,0.0,0.0,prod_2026
114616,YPF.Md.NMDM-21,2026-08,YPF S.A.,MALAL DEL MEDIO,VACA MUERTA,Parado Transitoriamente,Petrolífero,Bombeo Mecánico,EXPLOTACION,2548.0,,,0.0,0.0,0.0,0.0,prod_2026
114621,YPF.Md.NMDM-25,2026-08,YPF S.A.,MALAL DEL MEDIO,VACA MUERTA,Extracción Efectiva,Petrolífero,Bombeo Mecánico,EXPLOTACION,2552.0,,,39.33,24.77,357.18,30.92,prod_2026
114622,YPF.Md.NMDM-26,2026-08,YPF S.A.,MALAL DEL MEDIO,VACA MUERTA,En Reserva de Gas,Gasífero,Sin Sistema de Extracción,EXPLOTACION,2599.0,,,0.0,0.0,0.0,0.0,prod_2026
114630,YPF.Md.NMDM-32,2026-08,YPF S.A.,MALAL DEL MEDIO,VACA MUERTA,En Inyección Efectiva,Sumidero,Sin Sistema de Extracción,EXPLOTACION,2450.0,,,0.0,0.0,0.0,0.0,prod_2026
114635,YPF.Md.NMDM.a-36,2026-08,YPF S.A.,MALAL DEL MEDIO,VACA MUERTA,En Reserva de Gas,Gasífero,Sin Sistema de Extracción,EXPLOTACION,2220.0,,,0.0,0.0,0.0,0.0,prod_2026
114638,YPF.Md.NMDM-37,2026-08,YPF S.A.,MALAL DEL MEDIO,VACA MUERTA,En Estudio,Otro tipo,Sin Sistema de Extracción,EXPLOTACION,0.0,,,0.0,0.0,0.0,0.0,prod_2026
114640,YPF.Md.NMDM-39,2026-08,YPF S.A.,MALAL DEL MEDIO,VACA MUERTA,Parado Transitoriamente,Petrolífero,Electrosumergible,EXPLOTACION,2396.0,,,0.0,0.0,0.0,0.0,prod_2026
114646,YPF.Md.NMDM.a-43,2026-08,YPF S.A.,MALAL DEL MEDIO,VACA MUERTA,En Reserva para Recup. Sec./Asist.,Otro tipo,Sin Sistema de Extracción,EXPLOTACION,2583.0,,,0.0,0.0,0.0,0.0,prod_2026
114648,YPF.Md.NMDM.a-44,2026-08,YPF S.A.,MALAL DEL MEDIO,VACA MUERTA,En Estudio,Otro tipo,Sin Sistema de Extracción,EXPLOTACION,2405.0,,,0.0,0.0,0.0,0.0,prod_2026
114660,YPF.Md.NMDM-50,2026-08,YPF S.A.,MALAL DEL MEDIO,VACA MUERTA,Parado Alta Relación Agua/Petróleo,Petrolífero,Sin Sistema de Extracción,EXPLOTACION,2437.0,,,0.0,0.0,0.0,0.0,prod_2026
114662,YPF.Md.NMDM-51,2026-08,YPF S.A.,MALAL DEL MEDIO,VACA MUERTA,En Estudio,Otro tipo,Sin Sistema de Extracción,EXPLOTACION,2421.0,,,0.0,0.0,0.0,0.0,prod_2026
114666,YPF.Md.NMDM.a-54,2026-08,YPF S.A.,MALAL DEL MEDIO,VACA MUERTA,Abandonado,Otro tipo,Sin Sistema de Extracción,EXPLOTACION,2333.0,,,0.0,0.0,0.0,0.0,prod_2026
114668,YPF.Md.NMDM.a-56,2026-08,YPF S.A.,MALAL DEL MEDIO,VACA MUERTA,Extracción Efectiva,Petrolífero,Bombeo Mecánico,EXPLOTACION,2321.0,,,10.86,41.82,1011.89,16.87,prod_2026
114669,YPF.Md.NMDM-57,2026-08,YPF S.A.,MALAL DEL MEDIO,VACA MUERTA,Abandonado,Otro tipo,Sin Sistema de Extracción,EXPLOTACION,2357.0,,,0.0,0.0,0.0,0.0,prod_2026
114670,YPF.Md.NMDM-58,2026-08,YPF S.A.,MALAL DEL MEDIO,VACA MUERTA,Extracción Efectiva,Petrolífero,Bombeo Mecánico,EXPLOTACION,2382.0,,,203.56,140.75,1445.99,30.92,prod_2026
114673,YPF.Md.NMDM.a-63,2026-08,YPF S.A.,MALAL DEL MEDIO,VACA MUERTA,En Reserva para Recup. Sec./Asist.,Otro tipo,Sin Sistema de Extracción,EXPLOTACION,0.0,,,0.0,0.0,0.0,0.0,prod_2026
114682,YPF.Md.NMDM.a-69,2026-08,YPF S.A.,MALAL DEL MEDIO,VACA MUERTA,Extracción Efectiva,Petrolífero,Bombeo Mecánico,EXPLOTACION,2128.0,,,60.45,1.15,143.11,30.9,prod_2026
114684,YPF.Md.NMDM-72,2026-08,YPF S.A.,MALAL DEL MEDIO,VACA MUERTA,Extracción Efectiva,Petrolífero,Bombeo Mecánico,EXPLOTACION,2309.0,,,0.0,0.0,0.0,0.0,prod_2026
114690,YPF.Md.NMDM-75,2026-08,YPF S.A.,MALAL DEL MEDIO,VACA MUERTA,Abandonado,Otro tipo,Sin Sistema de Extracción,EXPLOTACION,2095.0,,,0.0,0.0,0.0,0.0,prod_2026
114691,YPF.Md.NMDM-76,2026-08,YPF S.A.,MALAL DEL MEDIO,VACA MUERTA,Extracción Efectiva,Petrolífero,Surgencia Natural,EXPLOTACION,0.0,,,0.0,0.0,0.0,0.0,prod_2026
114694,YPF.Md.NMDM-77,2026-08,YPF S.A.,MALAL DEL MEDIO,VACA MUERTA,Extracción Efectiva,Petrolífero,Bombeo Mecánico,EXPLOTACION,2212.0,,,25.11,41.08,12.4,30.9,prod_2026
114711,YPF.Md.NRG-28,2026-08,YPF S.A.,RIO GRANDE,VACA MUERTA,Extracción Efectiva,Petrolífero,Bombeo Mecánico,EXPLOTACION,2290.0,,,34.6,58.85,356.49,30.81,prod_2026
114712,YPF.Md.NElPa.x-1,2026-08,VENOIL S.A.,EL PASILLO,VACA MUERTA,En Reserva para Recup. Sec./Asist.,Otro tipo,Sin Sistema de Extracción,EXPLORACION,2600.0,,,0.0,0.0,0.0,0.0,prod_2026
114724,YPF.Md.NPP.a-11,2026-08,YPF S.A.,PAMPA PALAUCO,VACA MUERTA,Abandonado,Otro tipo,Sin Sistema de Extracción,EXPLOTACION,0.0,,,0.0,0.0,0.0,0.0,prod_2026
114788,YPF.Md.NRCo.x-7,2026-08,VENOIL S.A.,RANQUIL CO,VACA MUERTA,Abandonado,Otro tipo,Sin Sistema de Extracción,EXPLORACION,2446.0,,,0.0,0.0,0.0,0.0,prod_2026
114799,YPF.Md.NCD.x-2,2026-08,YPF S.A.,CERRO DIVISADERO,VACA MUERTA,Abandonado,Otro tipo,Sin Sistema de Extracción,EXPLORACION,2580.0,,,0.0,0.0,0.0,0.0,prod_2026
114833,YPF.Md.NRG-9,2026-08,YPF S.A.,RIO GRANDE,VACA MUERTA,En Estudio,Otro tipo,Sin Sistema de Extracción,EXPLOTACION,2650.0,,,0.0,0.0,0.0,0.0,prod_2026
114849,YPF.Md.NRG.a-19,2026-08,YPF S.A.,RIO GRANDE,VACA MUERTA,Extracción Efectiva,Petrolífero,Bombeo Mecánico,EXPLOTACION,2452.0,,,0.0,0.0,0.0,0.0,prod_2026
114851,YPF.Md.NRG.a-20,2026-08,YPF S.A.,RIO GRANDE,VACA MUERTA,Parado Alta Relación Agua/Petróleo,Petrolífero,Electrosumergible,EXPLOTACION,2299.0,,,0.0,0.0,0.0,0.0,prod_2026
114859,YPF.Md.NRG.a-27,2026-08,YPF S.A.,RIO GRANDE,VACA MUERTA,En Estudio,Otro tipo,Bombeo Mecánico,EXPLOTACION,2197.0,,,0.0,0.0,0.0,0.0,prod_2026
119912,YPF.Nq.F.x-2,2026-08,BENTIA ENERGY S.A.,VOLCAN AUCA MAHUIDA,VACA MUERTA,A Abandonar,Otro tipo,Sin Sistema de Extracción,,3300.0,,,0.0,0.0,0.0,0.0,prod_2026
120017,YPF.Md.NCoN.x-1,2026-08,QUINTANA E&P ARGENTINA S.R.L.,CERRO NEGRO,VACA MUERTA,Parado Alta Relación Agua/Petróleo,Petrolífero,Cavidad Progresiva,EXPLORACION,2543.0,,,0.0,0.0,0.0,0.0,prod_2026
120018,YPF.Md.NCoN.a-2,2026-08,QUINTANA E&P ARGENTINA S.R.L.,CERRO NEGRO,VACA MUERTA,En Espera de Reparación,Otro tipo,Bombeo Mecánico,EXPLOTACION,2403.0,,,0.0,0.0,0.0,0.0,prod_2026
120022,YPF.Md.NCoN-4,2026-08,QUINTANA E&P ARGENTINA S.R.L.,CERRO NEGRO,VACA MUERTA,Extracción Efectiva,Petrolífero,Electrosumergible,EXPLOTACION,2270.0,,,304.628401535218,40.6723648201861,3416.852,31.0,prod_2026
124609,YPF.Md.NCLi.a-5,2026-08,QUINTANA E&P ARGENTINA S.R.L.,CERRO LIUPUCA,VACA MUERTA,Parado Alta Relación Agua/Petróleo,Petrolífero,Bombeo Mecánico,EXPLOTACION,2055.0,,,0.0,0.0,0.0,0.0,prod_2026
124645,YPF.Md.NLA-14,2026-08,YPF S.A.,LOMA ALTA,VACA MUERTA,En Espera de Reparación,Otro tipo,Sin Sistema de Extracción,EXPLOTACION,2800.0,,,0.0,0.0,0.0,0.0,prod_2026
125143,YPF.Md.NCoN-8,2026-08,QUINTANA E&P ARGENTINA S.R.L.,CERRO NEGRO,VACA MUERTA,Extracción Efectiva,Petrolífero,Bombeo Mecánico,EXPLOTACION,2411.0,,,21.7222587138026,4.00267425019267,9.3,31.0,prod_2026
125199,YPF.Md.NLCa.a-111,2026-08,YPF S.A.,LOS CAVAOS,VACA MUERTA,Abandonado,Otro tipo,Sin Sistema de Extracción,EXPLOTACION,2254.0,,,0.0,0.0,0.0,0.0,prod_2026
126237,YPF.Md.NCoN.a-9,2026-08,QUINTANA E&P ARGENTINA S.R.L.,CERRO NEGRO,VACA MUERTA,Abandonado,Otro tipo,Sin Sistema de Extracción,EXPLOTACION,2341.0,,,0.0,0.0,0.0,0.0,prod_2026
126238,YPF.Md.NLCa-39,2026-08,YPF S.A.,LOS CAVAOS,VACA MUERTA,Extracción Efectiva,Petrolífero,Electrosumergible,EXPLOTACION,2719.0,,,91.02,49.15,1904.83,30.33,prod_2026
126393,YPF.Md.NLCa.a-26,2026-08,YPF S.A.,LOS CAVAOS,VACA MUERTA,Extracción Efectiva,Petrolífero,Bombeo Mecánico,EXPLOTACION,2722.0,,,5.47,7.75,85.86,30.9,prod_2026
126808,APS.Nq.ADC.x-1010,2026-08,CAPEX S.A.,AGUA DEL CAJON,VACA MUERTA,Extracción Efectiva,Gasífero,Bombeo Mecánico,EXPLORACION,2292.0,,,7.86,0.59,4.37,4.04,prod_2026
128021,YPF.Md.NLCa-69,2026-08,YPF S.A.,LOS CAVAOS,VACA MUERTA,En Espera de Reparación,Otro tipo,Sin Sistema de Extracción,EXPLOTACION,0.0,,,0.0,0.0,0.0,0.0,prod_2026
128022,YPF.Md.NLCa.a-33,2026-08,YPF S.A.,LOS CAVAOS,VACA MUERTA,Abandonado,Otro tipo,Sin Sistema de Extracción,EXPLOTACION,2660.0,,,0.0,0.0,0.0,0.0,prod_2026
128023,YPF.Md.NLA-18,2026-08,YPF S.A.,LOMA ALTA,VACA MUERTA,Abandonado,Otro tipo,Sin Sistema de Extracción,EXPLOTACION,2754.0,,,0.0,0.0,0.0,0.0,prod_2026
128164,YPF.Md.NLA-22,2026-08,YPF S.A.,LOMA ALTA,VACA MUERTA,Extracción Efectiva,Petrolífero,Bombeo Mecánico,EXPLOTACION,2700.0,,,0.45,0.2,63.61,30.96,prod_2026
129301,PEL.RN.PB-170,2026-08,TANGO ENERGY ARGENTINA S.A.,PIEDRAS BLANCAS,VACA MUERTA,En Estudio,Petrolífero,Sin Sistema de Extracción,EXPLOTACION,2460.0,,,0.0,0.0,0.0,0.0,prod_2026
129593,YPF.Md.NLCa-50,2026-08,YPF S.A.,LOS CAVAOS,VACA MUERTA,En Estudio,Otro tipo,Sin Sistema de Extracción,EXPLOTACION,2535.0,,,0.0,0.0,0.0,0.0,prod_2026
130055,YPF. Md. NBEH x-2,2026-08,HATTRICK ENERGY SAS,LOMA EL DIVISADERO,VACA MUERTA,Abandonado,Petrolífero,Sin Sistema de Extracción,EXPLORACION,1448.0,,,0.0,0.0,0.0,0.0,prod_2026
130195,YPF.Nq.OA.x-1,2026-08,ARGENTA ENERGIA S.A.,BAJO GUANACO,VACA MUERTA,Otras Situación Inactivo,Otro tipo,Sin Sistema de Extracción,EXPLORACION,2719.0,,,0.0,0.0,0.0,0.0,prod_2026
130332,YPF.Md.NMDM.a-18,2026-08,YPF S.A.,MALAL DEL MEDIO,VACA MUERTA,En Reserva de Gas,Gasífero,Sin Sistema de Extracción,EXPLOTACION,2550.0,,,0.0,0.0,0.0,0.0,prod_2026
131098,YPF.Md.NMDM-78,2026-08,YPF S.A.,MALAL DEL MEDIO,VACA MUERTA,Extracción Efectiva,Petrolífero,Surgencia Natural,EXPLOTACION,2197.0,,,4.42,0.04,28.59,30.92,prod_2026
131099,YPF.Md.NMDM-68,2026-08,YPF S.A.,MALAL DEL MEDIO,VACA MUERTA,En Reserva de Gas,Gasífero,Sin Sistema de Extracción,EXPLOTACION,2655.0,,,0.0,0.0,0.0,0.0,prod_2026
132824,YPF.Md.NMDM-45,2026-08,YPF S.A.,MALAL DEL MEDIO,VACA MUERTA,Parado Alta Relación Agua/Petróleo,Petrolífero,Sin Sistema de Extracción,EXPLOTACION,2423.0,,,0.0,0.0,0.0,0.0,prod_2026
134528,YPF.Nq.LLLK.x-1,2026-08,YPF S.A.,LOMA CAMPANA-LLL,VACA MUERTA,A Abandonar,Otro tipo,Surgencia Natural,EXPLORACION,2776.0,,,0.0,0.0,0.0,0.0,prod_2026
135147,YPF.Nq.LLL-479,2026-08,YPF S.A.,LOMA CAMPANA-LLL,VACA MUERTA,Abandonado,Otro tipo,Bombeo Mecánico,EXPLOTACION,3072.0,,,0.0,0.0,0.0,0.0,prod_2026
135480,YPF.Nq.LLL.x-475,2026-08,YPF S.A.,LOMA CAMPANA-LLL,VACA MUERTA,Extracción Efectiva,Petrolífero,Plunger Lift,EXPLORACION,3246.0,,,8.75,2.74,2.95,31.0,prod_2026
135484,YPF.Nq.SOil.x-1,2026-08,YPF S.A.,LOMA CAMPANA,VACA MUERTA,Extracción Efectiva,Petrolífero,Bombeo Mecánico,EXPLORACION,3165.0,,,122.03,2.84,2.36,31.0,prod_2026
135687,PLU.Nq.AU.x-1,2026-08,OILSTONE ENERGIA S.A.,AGUADA BAGUALES,VACA MUERTA,Abandonado,Petrolífero,Sin Sistema de Extracción,EXPLORACION,2003.0,,,0.0,0.0,0.0,0.0,prod_2026
135803,YPF.Nq.LLL.x-485,2026-08,YPF S.A.,LOMA LA LATA,VACA MUERTA,Extracción Efectiva,Gasífero,Plunger Lift,EXPLORACION,2800.0,,,65.81,58.37,12.35,28.74,prod_2026
135925,YPF.Nq.LLL-147,2026-08,YPF S.A.,LOMA CAMPANA-LLL,VACA MUERTA,En Reparación,Otro tipo,Sin Sistema de Extracción,EXPLOTACION,3150.0,,,0.0,0.0,0.0,0.0,prod_2026
136044,YPF.Nq.BAñ.x-2,2026-08,SHELL ARGENTINA S.A.,BAJADA DE AÑELO,VACA MUERTA,En Estudio,Otro tipo,Surgencia Natural,EXPLORACION,2922.0,,,0.0,0.0,0.0,0.0,prod_2026
136057,YPF.Md.NMDM-59,2026-08,YPF S.A.,MALAL DEL MEDIO,VACA MUERTA,Extracción Efectiva,Petrolífero,Bombeo Mecánico,EXPLOTACION,2358.0,,,31.49,61.55,1610.56,30.92,prod_2026
136060,YPF.Nq.LGus.x-1,2026-08,YPF S.A.,LOMA CAMPANA-LLL,VACA MUERTA,Extracción Efectiva,Petrolífero,Plunger Lift,EXPLORACION,3042.0,,,8.04,15.32,5.6,31.0,prod_2026
136085,ROC.NQ.CAS.x-1,2026-08,PAN AMERICAN ENERGY SL,COIRON AMARGO SUR ESTE,VACA MUERTA,En Estudio,Petrolífero,Surgencia Natural,EXPLORACION,3608.0,,,0.0,0.0,0.0,0.0,prod_2026
136203,YPF.Nq.LGus.x-2,2026-08,YPF S.A.,LOMA CAMPANA-LLL,VACA MUERTA,Extracción Efectiva,Petrolífero,Plunger Lift,EXPLORACION,3035.0,,,12.85,21.15,2.95,31.0,prod_2026
136211,YPF.Nq.LLL-530h,2026-08,YPF S.A.,LOMA CAMPANA-LLL,VACA MUERTA,A Abandonar,Otro tipo,Surgencia Natural,EXPLOTACION,2734.0,,,0.0,0.0,0.0,0.0,prod_2026
136381,YPF.Nq.LCue.x-1,2026-08,YPF S.A.,LOMA CAMPANA-LLL,VACA MUERTA,Extracción Efectiva,Petrolífero,Surgencia Natural,EXPLORACION,3067.0,,,296.69,82.31,0.28,30.67,prod_2026
136402,YPF.Nq.PSG.x-1,2026-08,YPF S.A.,LOMA CAMPANA-LLL,VACA MUERTA,Abandonado,Otro tipo,Plunger Lift,EXPLORACION,3068.0,,,0.0,0.0,0.0,0.0,prod_2026
136404,YPF.Nq.LLL.x-487,2026-08,YPF S.A.,LOMA CAMPANA-LLL,VACA MUERTA,En Estudio,Otro tipo,Surgencia Natural,EXPLORACION,3147.0,,,0.0,0.0,0.0,0.0,prod_2026
136469,YPF.Nq.LLL-516,2026-08,YPF S.A.,LOMA CAMPANA-LLL,VACA MUERTA,Extracción Efectiva,Petrolífero,Plunger Lift,EXPLOTACION,3095.0,,,0.0,0.0,0.0,0.0,prod_2026
136588,YPF.Nq.LACh.x-3,2026-08,YPF S.A.,LA AMARGA CHICA,VACA MUERTA,En Estudio,Otro tipo,Bombeo Mecánico,EXPLORACION,2819.0,,,0.0,0.0,0.0,0.0,prod_2026
136589,YPF.Nq.LLL.a-513,2026-08,YPF S.A.,LOMA CAMPANA-LLL,VACA MUERTA,Extracción Efectiva,Petrolífero,Plunger Lift,EXPLOTACION,3040.0,,,23.13,3.22,8.25,31.0,prod_2026
136725,YPF.Nq.LLL-525h,2026-08,YPF S.A.,LOMA CAMPANA-LLL,VACA MUERTA,A Abandonar,Otro tipo,Bombeo Mecánico,EXPLOTACION,2704.0,,,0.0,0.0,0.0,0.0,prod_2026
136735,YPF.Nq.LLL-511,2026-08,YPF S.A.,LOMA CAMPANA-LLL,VACA MUERTA,Extracción Efectiva,Petrolífero,Plunger Lift,EXPLOTACION,3070.0,,,40.55,14.64,0.0,31.0,prod_2026
136895,YPF.Nq.LLL-496,2026-08,YPF S.A.,LOMA CAMPANA-LLL,VACA MUERTA,Extracción Efectiva,Petrolífero,Plunger Lift,EXPLOTACION,3118.0,,,37.77,32.68,0.0,31.0,prod_2026
136897,YPF.Nq.LLL-495,2026-08,YPF S.A.,LOMA CAMPANA-LLL,VACA MUERTA,Extracción Efectiva,Petrolífero,Plunger Lift,EXPLOTACION,3085.0,,,39.67,40.19,0.0,31.0,prod_2026
136903,YPF.Nq.LLLK.x-2h,2026-08,YPF S.A.,LOMA CAMPANA-LLL,VACA MUERTA,A Abandonar,Otro tipo,Surgencia Natural,EXPLORACION,3600.0,,,0.0,0.0,0.0,0.0,prod_2026
136917,YPF.Nq.MMo.x-1,2026-08,PHOENIX GLOBAL RESOURCES S.A.,MATA MORA NORTE,VACA MUERTA,En Reparación,Otro tipo,Surgencia Natural,EXPLORACION,3151.0,,,0.0,0.0,0.0,0.0,prod_2026
136996,YPF.Nq.LLL.a-579,2026-08,YPF S.A.,LOMA CAMPANA-LLL,VACA MUERTA,A Abandonar,Otro tipo,Surgencia Natural,EXPLOTACION,3112.0,,,0.0,0.0,0.0,0.0,prod_2026
136997,YPF.Nq.LLL-537,2026-08,YPF S.A.,LOMA CAMPANA-LLL,VACA MUERTA,A Abandonar,Otro tipo,Plunger Lift,EXPLOTACION,3020.0,,,0.0,0.0,0.0,0.0,prod_2026
136999,YPF.Md.NMDM-93,2026-08,YPF S.A.,MALAL DEL MEDIO,VACA MUERTA,Extracción Efectiva,Petrolífero,Bombeo Mecánico,EXPLOTACION,2354.0,,,6.32,17.26,87.31,30.92,prod_2026
137000,YPF.Md.NRG-26,2026-08,YPF S.A.,RIO GRANDE,VACA MUERTA,Extracción Efectiva,Petrolífero,Bombeo Mecánico,EXPLOTACION,2417.0,,,32.23,70.3,74.95,30.92,prod_2026
137007,YPF.Nq.LoAm.x-2,2019-11,YPF S.A.,LOMA AMARILLA,VACA MUERTA,Abandonado,Otro tipo,Sin Sistema de Extracción,EXPLORACION,3044.0,-68.7597,-37.793,0.0,0.0,0.0,0.0,no_conv_historico
137008,YPF.Nq.SOil.x-2h,2026-08,YPF S.A.,LOMA CAMPANA,VACA MUERTA,Parado Transitoriamente,Petrolífero,Bombeo Mecánico,EXPLOTACION,4314.0,,,0.0,0.0,0.0,0.0,prod_2026
137082,PLU.Nq.LJE.x-1011,2026-08,GEOPARK ARGENTINA S.A.,LOMA JARILLOSA ESTE,VACA MUERTA,Parado Transitoriamente,Petrolífero,Surgencia Natural,EXPLORACION,3185.0,,,0.0,0.0,0.0,0.0,prod_2026
137229,YPF.Md.NLaFi.x-1,2026-08,TANGO ENERGY ARGENTINA S.A.,PAYUN OESTE,VACA MUERTA,En Estudio,Petrolífero,Sin Sistema de Extracción,EXPLORACION,2365.0,,,0.0,0.0,0.0,0.0,prod_2026
137233,YPF.MdN.MDM-94,2026-08,YPF S.A.,MALAL DEL MEDIO,VACA MUERTA,En Espera de Reparación,Otro tipo,Sin Sistema de Extracción,EXPLOTACION,2352.0,,,0.0,0.0,0.0,0.0,prod_2026
137237,YPF.Nq.EOr.x-2,2026-08,YPF S.A.,EL OREJANO,VACA MUERTA,A Abandonar,Otro tipo,Surgencia Natural,EXPLORACION,2844.0,,,0.0,0.0,0.0,0.0,prod_2026
137238,YPF.Nq.LLL-541,2026-08,YPF S.A.,LOMA CAMPANA-LLL,VACA MUERTA,Extracción Efectiva,Petrolífero,Bombeo Mecánico,EXPLOTACION,2686.0,,,44.93,35.52,27.68,31.0,prod_2026
137239,YPF.Nq.LLL-560(d),2026-08,YPF S.A.,LOMA CAMPANA-LLL,VACA MUERTA,En Estudio,Otro tipo,Surgencia Natural,EXPLOTACION,3050.0,,,0.0,0.0,0.0,0.0,prod_2026
137240,YPF.Nq.LLL.a-514h,2026-08,YPF S.A.,LOMA CAMPANA-LLL,VACA MUERTA,A Abandonar,Otro tipo,Bombeo Mecánico,EXPLOTACION,4263.0,,,0.0,0.0,0.0,0.0,prod_2026
137242,YPF.Nq.NG-132,2026-08,YPF S.A.,SIERRA BARROSA,VACA MUERTA,Parado Transitoriamente,Petrolífero,Sin Sistema de Extracción,EXPLOTACION,2050.0,,,0.0,0.0,0.0,0.0,prod_2026
137338,PLU.Rn.PRo.x-1,2026-08,CAPEX S.A.,CINCO SALTOS NORTE,VACA MUERTA,En Estudio,Petrolífero,Sin Sistema de Extracción,EXPLORACION,3244.0,,,0.0,0.0,0.0,0.0,prod_2026
137388,YPF.Nq.Corr.x-1,2026-08,PHOENIX GLOBAL RESOURCES S.A.,CORRALERA NORESTE,VACA MUERTA,A Abandonar,Otro tipo,Sin Sistema de Extracción,EXPLORACION,2450.0,,,0.0,0.0,0.0,0.0,prod_2026
137389,YPF.Nq.LDMo.x-1,2026-08,YPF S.A.,LOMA DEL MOLLE,VACA MUERTA,A Abandonar,Otro tipo,Surgencia Natural,EXPLORACION,3567.0,,,0.0,0.0,0.0,0.0,prod_2026
137390,YPF.Nq.LLL-523(h),2026-08,YPF S.A.,LOMA CAMPANA-LLL,VACA MUERTA,A Abandonar,Otro tipo,Bombeo Mecánico,EXPLOTACION,4176.0,,,0.0,0.0,0.0,0.0,prod_2026
137416,PAE.Nq.LA.x-137,2026-08,PAN AMERICAN ENERGY SL,LINDERO ATRAVESADO OCCIDENTAL,VACA MUERTA,Extracción Efectiva,Petrolífero,Gas Lift,EXPLORACION,2960.0,,,0.0,21.31588,32.68231,31.0,prod_2026
137438,PLU.Nq.LJE.x-1010,2026-08,GEOPARK ARGENTINA S.A.,LOMA JARILLOSA ESTE,VACA MUERTA,Parado Transitoriamente,Petrolífero,Surgencia Natural,EXPLORACION,3197.0,,,0.0,0.0,0.0,0.0,prod_2026
137473,YPF.Nq.BdT.x-3,2026-08,YPF S.A.,BAJO DEL TORO NORTE,VACA MUERTA,A Abandonar,Otro tipo,Sin Sistema de Extracción,EXPLORACION,3025.0,,,0.0,0.0,0.0,0.0,prod_2026
137475,YPF.Nq.LLL-562,2026-08,YPF S.A.,LOMA CAMPANA-LLL,VACA MUERTA,Extracción Efectiva,Petrolífero,Plunger Lift,EXPLOTACION,3060.0,,,22.83,18.94,2.95,31.0,prod_2026
137534,PAE.Nq.LA.x-138,2026-08,PAN AMERICAN ENERGY SL,LINDERO ATRAVESADO ORIENTAL,VACA MUERTA,Otras Situación Inactivo,Petrolífero,Gas Lift,EXPLORACION,2960.0,,,0.0,0.0,0.0,0.0,prod_2026
137564,PLU.Nq.PSO.x-1005,2026-08,GEOPARK ARGENTINA S.A.,PUESTO SILVA OESTE,VACA MUERTA,Extracción Efectiva,Petrolífero,Surgencia Natural,EXPLORACION,3120.0,,,31.77454,0.0,0.0,27.0,prod_2026
137565,PLU.Nq.Ce.x-1484,2026-08,FLXS OGE S.A,CENTENARIO CENTRO,VACA MUERTA,Parado Transitoriamente,Petrolífero,Bombeo Mecánico,EXPLORACION,2669.0,,,0.0,0.0,0.0,0.0,prod_2026
137592,TAU.Nq.AP.xp-1001,2026-08,TOTAL AUSTRAL S.A.,AGUADA PICHANA ESTE VACA MUERTA,VACA MUERTA,Parado Transitoriamente,Gasífero,Sin Sistema de Extracción,EXPLORACION,2846.0,,,0.0,12.74424,2.551341,5.326389,prod_2026
137609,YPF.Nq.LLL-534(h),2026-08,YPF S.A.,LOMA CAMPANA-LLL,VACA MUERTA,A Abandonar,Otro tipo,Bombeo Mecánico,EXPLOTACION,4413.0,,,0.0,0.0,0.0,0.0,prod_2026
137610,YPF.Nq.LLL-554(d),2026-08,YPF S.A.,LOMA CAMPANA-LLL,VACA MUERTA,Extracción Efectiva,Petrolífero,Plunger Lift,EXPLOTACION,3060.0,,,5.22,9.08,0.3,31.0,prod_2026
137680,MED.Nq.ACh.x-1026 (h),2026-08,PATAGONIA ENERGY S.A.,AGUADA DEL CHIVATO,VACA MUERTA,Parado Transitoriamente,Petrolífero,Gas Lift,EXPLORACION,3982.0,,,0.0,0.0,0.0,0.0,prod_2026
137712,YPF.Nq.SBO.x-1,2026-08,SHELL ARGENTINA S.A.,SIERRAS BLANCAS,VACA MUERTA,Abandonado,Petrolífero,Surgencia Natural,EXPLORACION,3470.3,,,0.0,0.0,0.0,0.0,prod_2026
137741,YPF.Nq.LLL-480,2026-08,YPF S.A.,LOMA CAMPANA-LLL,VACA MUERTA,En Estudio,Otro tipo,Sin Sistema de Extracción,EXPLOTACION,3130.0,,,0.0,0.0,0.0,0.0,prod_2026
137742,YPF.Nq.LLL-536,2026-08,YPF S.A.,LOMA CAMPANA-LLL,VACA MUERTA,Extracción Efectiva,Petrolífero,Plunger Lift,EXPLOTACION,3000.0,,,10.29,11.37,10.01,31.0,prod_2026
137745,YPF.Nq.LLL-566(d),2026-08,YPF S.A.,LOMA CAMPANA-LLL,VACA MUERTA,Extracción Efectiva,Petrolífero,Plunger Lift,EXPLOTACION,3070.0,,,16.27,7.56,0.03,31.0,prod_2026
137789,PLU.Nq.Ce.x-1485,2026-08,FLXS OGE S.A,CENTENARIO CENTRO,VACA MUERTA,En Espera de Reparación,Petrolífero,Bombeo Mecánico,EXPLORACION,2660.0,,,0.0,0.0,0.0,0.0,prod_2026
143866,YPF.MdN.MDM-97,2026-08,YPF S.A.,MALAL DEL MEDIO,VACA MUERTA,En Estudio,Otro tipo,Sin Sistema de Extracción,EXPLOTACION,2178.0,,,0.0,0.0,0.0,0.0,prod_2026
143869,YPF.Nq.LLL-563(d),2026-08,YPF S.A.,LOMA CAMPANA-LLL,VACA MUERTA,Extracción Efectiva,Petrolífero,Surgencia Natural,EXPLOTACION,2884.0,,,0.0,0.0,0.0,0.0,prod_2026
143870,YPF.Nq.LLL-564(d),2026-08,YPF S.A.,LOMA CAMPANA-LLL,VACA MUERTA,Extracción Efectiva,Petrolífero,Surgencia Natural,EXPLOTACION,3094.0,,,0.0,0.0,0.0,0.0,prod_2026
143875,YPF.Nq.LoAm.x-3,2026-08,YPF S.A.,LOMA AMARILLA SUR,VACA MUERTA,Parado Transitoriamente,Petrolífero,Surgencia Natural,EXPLORACION,3078.0,,,0.0,0.0,0.0,0.0,prod_2026
143959,PLU.Nq.PSO.x-1007,2026-08,GEOPARK ARGENTINA S.A.,PUESTO SILVA OESTE,VACA MUERTA,Extracción Efectiva,Petrolífero,Surgencia Natural,EXPLORACION,3106.0,,,31.77454,0.0,0.0,27.0,prod_2026
143963,AME.Nq.LTE. x-1,2026-08,TECPETROL S.A.,LOS TOLDOS ESTE,VACA MUERTA,Parado Transitoriamente,Petrolífero,Surgencia Natural,EXPLORACION,3260.0,,,0.0,0.0,0.0,0.0,prod_2026
144007,APA.Nq.BBG-59(h),2026-08,BENTIA ENERGY S.A.,BAJO BARDA GONZALEZ,VACA MUERTA,Extracción Efectiva,Otro tipo,Bombeo Mecánico,EXPLOTACION,2424.0,,,69.044,5.499,28.969,30.833,prod_2026
144020,YPF.Nq.CLMi.x-1,2026-08,YPF S.A.,CERRO LAS MINAS,VACA MUERTA,En Estudio,Otro tipo,Surgencia Natural,EXPLORACION,3105.0,,,0.0,0.0,0.0,0.0,prod_2026
144107,TAU.Nq.SR.xp-1001,2026-08,TOTAL AUSTRAL S.A.,SAN ROQUE VACA MUERTA,VACA MUERTA,Otras Situación Activo,Petrolífero,Surgencia Natural,EXPLORACION,2719.0,,,0.0,0.0,0.0,0.0,prod_2026
144136,YPF.Nq.LLL-570(d),2026-08,YPF S.A.,LOMA CAMPANA-LLL,VACA MUERTA,A Abandonar,Otro tipo,Bombeo Mecánico,EXPLOTACION,3088.0,,,0.0,0.0,0.0,0.0,prod_2026
144263,YPF.Nq.LLL-567(d),2026-08,YPF S.A.,LOMA CAMPANA-LLL,VACA MUERTA,Extracción Efectiva,Petrolífero,Surgencia Natural,EXPLOTACION,3081.0,,,3.54,1.2,0.59,31.0,prod_2026
144264,YPF.Nq.LLL-568(d),2026-08,YPF S.A.,LOMA CAMPANA-LLL,VACA MUERTA,Extracción Efectiva,Petrolífero,Surgencia Natural,EXPLOTACION,3092.0,,,24.01,26.95,13.25,31.0,prod_2026
144266,APA.Nq.BG-1070(h),2026-08,BENTIA ENERGY S.A.,BARDA GONZALEZ,VACA MUERTA,Extracción Efectiva,Petrolífero,Bombeo Mecánico,EXPLOTACION,2435.0,,,25.97,18.912,10.474,31.0,prod_2026
144272,PLU.Nq.LJE.x-1014,2026-08,GEOPARK ARGENTINA S.A.,LOMA JARILLOSA ESTE,VACA MUERTA,Parado Transitoriamente,Petrolífero,Surgencia Natural,EXPLORACION,3243.0,,,0.0,0.0,0.0,0.0,prod_2026
144287,PEL.Nq.APo-1004,2026-08,VISTA ENERGY ARGENTINA SAU,AGUADA DEL PONCHO,VACA MUERTA,Extracción Efectiva,Petrolífero,Bombeo Mecánico,EXPLOTACION,2946.0,,,0.0,0.0,0.0,0.0,prod_2026
144344,AME.Nq.LHo.x-1,2018-06,ENERGICON S.A.,TOTORAL,VACA MUERTA,Otras Situación Inactivo,Petrolífero,Bombeo Mecánico,EXPLORACION,1970.0,-69.80366,-39.35832,0.0,0.0,0.0,0.0,no_conv_historico
144360,APA.Nq.MBE.x-2002,2026-08,YPF S.A.,MESETA BUENA ESPERANZA II,VACA MUERTA,Parado Transitoriamente,Petrolífero,Sin Sistema de Extracción,EXPLORACION,2830.0,,,0.0,0.0,0.0,0.0,prod_2026
144384,YPF.Nq.LACh.x-4,2026-08,YPF S.A.,LA AMARGA CHICA,VACA MUERTA,En Estudio,Otro tipo,Bombeo Mecánico,EXPLORACION,3165.0,,,0.0,0.0,0.0,0.0,prod_2026
144385,YPF.Nq.LCav.x-4,2026-08,YPF S.A.,BANDURRIA SUR,VACA MUERTA,Abandonado,Otro tipo,Surgencia Natural,EXPLORACION,3026.0,,,0.0,0.0,0.0,0.0,prod_2026
144386,YPF.Nq.LLL-539,2026-08,YPF S.A.,LOMA CAMPANA-LLL,VACA MUERTA,Extracción Efectiva,Petrolífero,Plunger Lift,EXPLOTACION,3035.0,,,0.0,0.0,0.0,0.0,prod_2026
144387,YPF.Nq.LLL-565(d),2026-08,YPF S.A.,LOMA CAMPANA-LLL,VACA MUERTA,Parado Transitoriamente,Petrolífero,Plunger Lift,EXPLOTACION,3141.0,,,0.0,0.0,0.0,0.0,prod_2026
144388,YPF.Nq.LLL.a-481,2026-08,YPF S.A.,LOMA CAMPANA-LLL,VACA MUERTA,Extracción Efectiva,Petrolífero,Plunger Lift,EXPLOTACION,3058.0,,,27.94,8.91,10.31,31.0,prod_2026
144416,YPF.Md.NMDM-47,2026-08,YPF S.A.,MALAL DEL MEDIO,VACA MUERTA,Extracción Efectiva,Petrolífero,Bombeo Mecánico,EXPLOTACION,2335.0,,,2.59,0.18,149.38,30.92,prod_2026
144520,YPF.Nq.LLL-571(d),2026-08,YPF S.A.,LOMA CAMPANA-LLL,VACA MUERTA,Abandonado,Otro tipo,Plunger Lift,EXPLOTACION,3123.0,,,0.0,0.0,0.0,0.0,prod_2026
144521,YPF.Nq.LLL-573(d),2026-08,YPF S.A.,LOMA CAMPANA-LLL,VACA MUERTA,Extracción Efectiva,Petrolífero,Surgencia Natural,EXPLOTACION,3111.0,,,82.02,26.37,176.71,31.0,prod_2026
144522,YPF.Nq.LLL-578(d),2026-08,YPF S.A.,LOMA CAMPANA-LLL,VACA MUERTA,Extracción Efectiva,Petrolífero,Surgencia Natural,EXPLOTACION,3129.0,,,196.41,72.63,440.28,30.9,prod_2026
144556,PLU.Rn.PSO.x-1006,2026-08,GEOPARK ARGENTINA S.A.,PUESTO SILVA OESTE,VACA MUERTA,Parado Transitoriamente,Petrolífero,Surgencia Natural,EXPLORACION,3065.6,,,0.0,0.0,0.0,0.0,prod_2026
144634,SHE.Nq.SB.x-1001(h),2026-08,SHELL ARGENTINA S.A.,SIERRAS BLANCAS,VACA MUERTA,Extracción Efectiva,Petrolífero,Surgencia Natural,EXPLORACION,3836.0,,,139.53,21.76,3.52,21.56,prod_2026
144652,YPF.Nq.LLL-546(h),2026-08,YPF S.A.,LOMA CAMPANA-LLL,VACA MUERTA,Extracción Efectiva,Petrolífero,Plunger Lift,EXPLOTACION,4242.0,,,19.87,15.71,0.0,31.0,prod_2026
144653,YPF.Nq.LLL-547(h),2026-08,YPF S.A.,LOMA CAMPANA-LLL,VACA MUERTA,Extracción Efectiva,Petrolífero,Plunger Lift,EXPLOTACION,4341.0,,,95.76,71.21,58.9,31.0,prod_2026
144654,YPF.Nq.LLL-551(d),2026-08,YPF S.A.,LOMA CAMPANA-LLL,VACA MUERTA,A Abandonar,Otro tipo,Plunger Lift,EXPLOTACION,3109.0,,,0.0,0.0,0.0,0.0,prod_2026
144655,YPF.Nq.LLL-556(d),2026-08,YPF S.A.,LOMA CAMPANA-LLL,VACA MUERTA,Extracción Efectiva,Petrolífero,Plunger Lift,EXPLOTACION,3080.0,,,6.11,18.43,2.95,31.0,prod_2026
144656,YPF.Nq.LLL-558(d),2026-08,YPF S.A.,LOMA CAMPANA-LLL,VACA MUERTA,En Estudio,Otro tipo,Sin Sistema de Extracción,EXPLOTACION,3051.0,,,0.0,0.0,0.0,0.0,prod_2026
144657,YPF.Nq.LLL-559(d),2026-08,YPF S.A.,LOMA CAMPANA-LLL,VACA MUERTA,En Estudio,Otro tipo,Sin Sistema de Extracción,EXPLOTACION,3059.0,,,0.0,0.0,0.0,0.0,prod_2026
144658,YPF.Nq.LTac.x-1,2026-08,YPF S.A.,LAS TACANAS I,VACA MUERTA,En Estudio,Otro tipo,Surgencia Natural,EXPLORACION,2745.0,,,0.0,0.0,0.0,0.0,prod_2026
144689,MED.Nq.ACh.x-1025 (h),2026-08,PATAGONIA ENERGY S.A.,AGUADA DEL CHIVATO,VACA MUERTA,Parado Transitoriamente,Petrolífero,Gas Lift,EXPLORACION,2812.5,,,0.0,0.0,0.0,0.0,prod_2026
144701,TAU.Nq.RCza.x-1,2026-08,VACA MUERTA INVERSIONES SAU,RINCON LA CENIZA,VACA MUERTA,En Estudio,Otro tipo,Sin Sistema de Extracción,EXPLORACION,3367.74,,,0.0,0.0,0.0,0.0,prod_2026
144702,TAU.Nq.ACas.x-1,2026-08,PAN AMERICAN ENERGY SL,AGUADA DE CASTRO,VACA MUERTA,En Estudio,Petrolífero,Sin Sistema de Extracción,EXPLORACION,3354.0,,,0.0,0.0,0.0,0.0,prod_2026
144710,Pp.Nq.Ce-1143,2026-08,FLXS OGE S.A,CENTENARIO CENTRO,VACA MUERTA,Extracción Efectiva,Gasífero,Surgencia Natural,EXPLOTACION,2962.0,,,1.689531,41.16084,3.570875,30.91667,prod_2026
144712,YPF.Nq.Ce.a-29,2026-08,FLXS OGE S.A,CENTENARIO CENTRO,VACA MUERTA,En Estudio,Gasífero,Surgencia Natural,EXPLORACION,2418.0,,,0.0,0.0,0.0,0.0,prod_2026
144713,YPF.Nq.Ce.a-26,2026-08,FLXS OGE S.A,CENTENARIO CENTRO,VACA MUERTA,Abandonado,Gasífero,Surgencia Natural,EXPLORACION,2545.0,,,0.0,0.0,0.0,0.0,prod_2026
144796,YPF.Md.NLCa-138,2026-08,YPF S.A.,LOS CAVAOS,VACA MUERTA,Extracción Efectiva,Petrolífero,Bombeo Mecánico,EXPLOTACION,2774.0,,,89.42,28.24,2492.03,29.9,prod_2026
144850,YPF.Nq.LCav.e-6,2026-08,YPF S.A.,BANDURRIA SUR,VACA MUERTA,Extracción Efectiva,Petrolífero,Surgencia Natural,EXPLORACION,3126.0,,,60.43,18.7,20.62,31.0,prod_2026
144852,YPF.Nq.LLL-598,2026-08,YPF S.A.,LOMA CAMPANA-LLL,VACA MUERTA,Extracción Efectiva,Petrolífero,Plunger Lift,EXPLOTACION,3064.0,,,39.25,35.46,2.95,31.0,prod_2026
144853,YPF.Nq.LLL-600,2026-08,YPF S.A.,LOMA CAMPANA-LLL,VACA MUERTA,Extracción Efectiva,Petrolífero,Plunger Lift,EXPLOTACION,2990.0,,,18.48,18.97,8.54,31.0,prod_2026
144856,YPF.Nq.N.x-8,2026-08,YPF S.A.,NARAMBUENA,VACA MUERTA,Parado Transitoriamente,Petrolífero,Plunger Lift,EXPLORACION,2668.0,,,0.0,0.0,0.0,0.0,prod_2026
144882,CHA.Nq.ET.xp-2001,2026-08,CHEVRON ARGENTINA S.R.L.,EL TRAPIAL,VACA MUERTA,Abandonado,Petrolífero,Surgencia Natural,EXPLORACION,1900.0,,,0.0,0.0,0.0,0.0,prod_2026
144931,YPF.Nq.CA.x-5,2026-08,YPF S.A.,CERRO ARENA,VACA MUERTA,En Estudio,Otro tipo,Surgencia Natural,EXPLORACION,3052.0,,,0.0,0.0,0.0,0.0,prod_2026
144940,YPF.Nq.LLL-588,2026-08,YPF S.A.,LOMA CAMPANA-LLL,VACA MUERTA,Extracción Efectiva,Petrolífero,Plunger Lift,EXPLOTACION,2975.0,,,21.29,53.62,64.79,31.0,prod_2026
144941,YPF.Nq.LLL-619(d),2026-08,YPF S.A.,LOMA CAMPANA-LLL,VACA MUERTA,A Abandonar,Otro tipo,Bombeo Mecánico,EXPLOTACION,2994.0,,,0.0,0.0,0.0,0.0,prod_2026
144942,YPF.Nq.LLL-620(d),2026-08,YPF S.A.,LOMA CAMPANA-LLL,VACA MUERTA,A Abandonar,Otro tipo,Surgencia Natural,EXPLOTACION,3060.0,,,0.0,0.0,0.0,0.0,prod_2026
144943,YPF.Nq.LLL-621(d),2026-08,YPF S.A.,LOMA CAMPANA-LLL,VACA MUERTA,En Estudio,Otro tipo,Bombeo Mecánico,EXPLOTACION,3011.0,,,0.0,0.0,0.0,0.0,prod_2026
144946,YPF.Nq.LLL-628(d),2026-08,YPF S.A.,LOMA CAMPANA-LLL,VACA MUERTA,Extracción Efectiva,Petrolífero,Plunger Lift,EXPLOTACION,3115.0,,,34.29,16.34,11.78,31.0,prod_2026
145001,PBE.Nq.RDA.x-1001,2026-08,PAMPA ENERGIA S.A.,RINCON DE ARANDA,VACA MUERTA,Parado Transitoriamente,Petrolífero,Surgencia Natural,EXPLORACION,2728.0,,,0.0,0.0,0.0,0.0,prod_2026
145032,AMP.Nq.ALL.x-1,2026-08,PLUSPETROL CUENCA NEUQUINA S.R.L.,AGUADA LOS LOROS,VACA MUERTA,Extracción Efectiva,Gasífero,Surgencia Natural,EXPLORACION,3217.0,,,0.0,0.0,0.0,0.0,prod_2026
145043,SHE.Nq.SB.x-1002(h),2026-08,SHELL ARGENTINA S.A.,SIERRAS BLANCAS,VACA MUERTA,Parado Transitoriamente,Petrolífero,Surgencia Natural,EXPLORACION,3810.0,,,0.0,0.0,0.0,0.0,prod_2026
145081,YPF.Nq.LLL-625(d),2026-08,YPF S.A.,LOMA CAMPANA-LLL,VACA MUERTA,A Abandonar,Otro tipo,Surgencia Natural,EXPLOTACION,3023.0,,,0.0,0.0,0.0,0.0,prod_2026
145082,YPF.Nq.LLL-626(d),2026-08,YPF S.A.,LOMA CAMPANA-LLL,VACA MUERTA,Extracción Efectiva,Petrolífero,Plunger Lift,EXPLOTACION,3119.0,,,57.75,160.53,15.61,31.0,prod_2026
145083,YPF.Nq.LLL-627(d),2026-08,YPF S.A.,LOMA CAMPANA-LLL,VACA MUERTA,Extracción Efectiva,Petrolífero,Plunger Lift,EXPLOTACION,3107.0,,,20.2,15.67,0.0,31.0,prod_2026
145084,YPF.Nq.LLL-629,2026-08,YPF S.A.,LOMA CAMPANA-LLL,VACA MUERTA,Extracción Efectiva,Petrolífero,Plunger Lift,EXPLOTACION,3093.0,,,41.44,43.52,0.06,31.0,prod_2026
145085,YPF.Nq.LLL-630(d),2026-08,YPF S.A.,LOMA CAMPANA-LLL,VACA MUERTA,Extracción Efectiva,Petrolífero,Plunger Lift,EXPLOTACION,3150.0,,,34.58,37.82,0.0,31.0,prod_2026
145086,YPF.Nq.LLL-631(d),2026-08,YPF S.A.,LOMA CAMPANA-LLL,VACA MUERTA,Extracción Efectiva,Petrolífero,Plunger Lift,EXPLOTACION,3118.0,,,14.97,8.74,7.95,31.0,prod_2026
145087,YPF.Nq.LLL-632(d),2026-08,YPF S.A.,LOMA CAMPANA-LLL,VACA MUERTA,Extracción Efectiva,Petrolífero,Plunger Lift,EXPLOTACION,3124.0,,,22.27,17.8,8.84,31.0,prod_2026
145088,YPF.Nq.LLL-633,2026-08,YPF S.A.,LOMA CAMPANA-LLL,VACA MUERTA,Extracción Efectiva,Petrolífero,Plunger Lift,EXPLOTACION,3055.0,,,19.06,9.1,4.71,31.0,prod_2026
145089,YPF.Nq.LLL-634(d),2026-08,YPF S.A.,LOMA CAMPANA-LLL,VACA MUERTA,Extracción Efectiva,Petrolífero,Surgencia Natural,EXPLOTACION,3065.0,,,0.0,0.0,0.0,0.0,prod_2026
145090,YPF.Nq.LLL-635(d),2026-08,YPF S.A.,LOMA CAMPANA-LLL,VACA MUERTA,Extracción Efectiva,Petrolífero,Plunger Lift,EXPLOTACION,3069.0,,,37.6,5.72,4.71,31.0,prod_2026
145091,YPF.Nq.LLL-636,2026-08,YPF S.A.,LOMA CAMPANA-LLL,VACA MUERTA,Extracción Efectiva,Petrolífero,Plunger Lift,EXPLOTACION,3072.0,,,50.31,5.93,0.59,31.0,prod_2026
145092,YPF.Nq.LLL-637(d),2026-08,YPF S.A.,LOMA CAMPANA-LLL,VACA MUERTA,Extracción Efectiva,Petrolífero,Plunger Lift,EXPLOTACION,3064.0,,,49.95,5.15,0.03,31.0,prod_2026
145093,YPF.Nq.LLL-656(d),2026-08,YPF S.A.,LOMA CAMPANA-LLL,VACA MUERTA,A Abandonar,Otro tipo,Surgencia Natural,EXPLOTACION,3165.0,,,0.0,0.0,0.0,0.0,prod_2026
145136,APA.Nq.Gu-1210(h),2026-08,BENTIA ENERGY S.A.,GUANACO,VACA MUERTA,Extracción Efectiva,Gasífero,Plunger Lift,EXPLOTACION,3162.0,,,3.235,68.081,5.767,31.0,prod_2026
145199,TAU.Nq.SR.xp-1010,2026-08,TOTAL AUSTRAL S.A.,SAN ROQUE VACA MUERTA,VACA MUERTA,Otras Situación Activo,Gasífero,Surgencia Natural,EXPLORACION,2805.0,,,0.0,0.0,0.0,0.0,prod_2026
145200,TAU.Nq.LEsc.x-1,2026-08,VACA MUERTA INVERSIONES SAU,LA ESCALONADA,VACA MUERTA,En Reserva de Gas,Gasífero,Sin Sistema de Extracción,EXPLORACION,3524.0,,,0.0,0.0,0.0,0.0,prod_2026
145244,YPF.Md.NLCa-68,2026-08,YPF S.A.,LOS CAVAOS,VACA MUERTA,Extracción Efectiva,Petrolífero,Bombeo Mecánico,EXPLOTACION,0.0,,,155.73,46.4,686.55,30.9,prod_2026
145256,YPF.Nq.LLL-586,2026-08,YPF S.A.,LOMA CAMPANA-LLL,VACA MUERTA,Extracción Efectiva,Petrolífero,Bombeo Mecánico,EXPLOTACION,2945.0,,,63.8,42.53,67.44,31.0,prod_2026
145260,YPF.Nq.LLL-622(d),2026-08,YPF S.A.,LOMA CAMPANA-LLL,VACA MUERTA,En Estudio,Otro tipo,Sin Sistema de Extracción,EXPLOTACION,3012.0,,,0.0,0.0,0.0,0.0,prod_2026
145261,YPF.Nq.LLL-623(d),2026-08,YPF S.A.,LOMA CAMPANA-LLL,VACA MUERTA,A Abandonar,Otro tipo,Surgencia Natural,EXPLOTACION,2997.0,,,0.0,0.0,0.0,0.0,prod_2026
145263,YPF.Nq.LLL-654(d),2026-08,YPF S.A.,LOMA CAMPANA-LLL,VACA MUERTA,Extracción Efectiva,Petrolífero,Surgencia Natural,EXPLOTACION,3221.0,,,82.35,26.31,0.59,31.0,prod_2026
145264,YPF.Nq.LLL-655(d),2026-08,YPF S.A.,LOMA CAMPANA-LLL,VACA MUERTA,A Abandonar,Otro tipo,Surgencia Natural,EXPLOTACION,3188.0,,,0.0,0.0,0.0,0.0,prod_2026
145295,PBE.Nq.SCh.x-97,2026-08,PAMPA ENERGIA S.A.,SIERRA CHATA,VACA MUERTA,Extracción Efectiva,Gasífero,Surgencia Natural,EXPLORACION,3000.0,,,0.0,0.0,0.0,0.0,prod_2026
145329,APA.Nq.CorS.x-1,2018-07,YSUR ENERGÍA ARGENTINA S.R.L.,CORTADERA,VACA MUERTA,En Estudio,Otro tipo,Sin Sistema de Extracción,EXPLORACION,4500.0,-69.9033841,-38.067634,0.0,0.0,0.0,0.0,no_conv_historico
145330,APA.Nq.Hua.x-1,2018-07,YSUR ENERGÍA ARGENTINA S.R.L.,HUACALERA,VACA MUERTA,Abandonado,Otro tipo,Sin Sistema de Extracción,EXPLORACION,4100.0,-69.79045203,-38.20704866,0.0,0.0,0.0,0.0,no_conv_historico
145386,YPF.Nq.LLL-638(d),2026-08,YPF S.A.,LOMA CAMPANA-LLL,VACA MUERTA,Extracción Efectiva,Petrolífero,Plunger Lift,EXPLOTACION,3100.0,,,46.26,20.78,0.3,31.0,prod_2026
145387,YPF.Nq.LLL-639(d),2026-08,YPF S.A.,LOMA CAMPANA-LLL,VACA MUERTA,Extracción Efectiva,Petrolífero,Plunger Lift,EXPLOTACION,3075.0,,,53.24,19.03,0.3,31.0,prod_2026
145388,YPF.Nq.LLL-640,2026-08,YPF S.A.,LOMA CAMPANA-LLL,VACA MUERTA,Extracción Efectiva,Petrolífero,Plunger Lift,EXPLOTACION,3066.0,,,24.64,10.54,0.3,31.0,prod_2026
145389,YPF.Nq.LLL-641(d),2026-08,YPF S.A.,LOMA CAMPANA-LLL,VACA MUERTA,Extracción Efectiva,Petrolífero,Plunger Lift,EXPLOTACION,3070.0,,,25.6,8.72,19.14,31.0,prod_2026
145390,YPF.Nq.LLL-657(d),2026-08,YPF S.A.,LOMA CAMPANA-LLL,VACA MUERTA,Extracción Efectiva,Petrolífero,Plunger Lift,EXPLOTACION,3400.0,,,29.13,1.88,0.0,31.0,prod_2026
145458,SHE.Nq.AM.x-1(h),2026-08,VISTA ENERGY ARGENTINA SAU,AGUILA MORA,VACA MUERTA,Extracción Efectiva,Petrolífero,Surgencia Natural,EXPLORACION,4404.0,,,171.147,21.572,72.412,30.063,prod_2026
145475,CHA.Nq.ET.xp-2002,2026-08,CHEVRON ARGENTINA S.R.L.,EL TRAPIAL,VACA MUERTA,Parado Transitoriamente,Petrolífero,Surgencia Natural,EXPLORACION,2056.0,,,0.0,0.0,0.0,0.0,prod_2026
145491,GYP.Nq.Bch-3,2026-08,YPF S.A.,BOSQUE CHAÑAR,VACA MUERTA,Parado Transitoriamente,Petrolífero,Sin Sistema de Extracción,EXPLOTACION,3007.95,,,0.0,0.0,0.0,0.0,prod_2026
145536,YPF.MdN.MDM-114,2026-08,YPF S.A.,MALAL DEL MEDIO,VACA MUERTA,Extracción Efectiva,Petrolífero,Bombeo Mecánico,EXPLOTACION,2242.0,,,16.2,0.18,225.31,30.92,prod_2026
145542,YPF.Nq.LLL-572(d),2026-08,YPF S.A.,LOMA CAMPANA-LLL,VACA MUERTA,Abandonado,Otro tipo,Plunger Lift,EXPLOTACION,3131.0,,,0.0,0.0,0.0,0.0,prod_2026
145543,YPF.Nq.LLL-606(d),2026-08,YPF S.A.,LOMA CAMPANA-LLL,VACA MUERTA,Extracción Efectiva,Petrolífero,Plunger Lift,EXPLOTACION,3120.0,,,5.37,0.91,2.95,31.0,prod_2026
145544,YPF.Nq.LLL-607(d),2026-08,YPF S.A.,LOMA CAMPANA-LLL,VACA MUERTA,A Abandonar,Otro tipo,Plunger Lift,EXPLOTACION,3142.0,,,0.0,0.0,0.0,0.0,prod_2026
145545,YPF.Nq.LLL-647(d),2026-08,YPF S.A.,LOMA CAMPANA-LLL,VACA MUERTA,Extracción Efectiva,Petrolífero,Surgencia Natural,EXPLOTACION,3213.0,,,34.93,5.67,58.9,31.0,prod_2026
145546,YPF.Nq.LLL-648(d),2026-08,YPF S.A.,LOMA CAMPANA-LLL,VACA MUERTA,Extracción Efectiva,Petrolífero,Surgencia Natural,EXPLOTACION,3203.0,,,34.93,5.67,58.9,31.0,prod_2026
145550,YPF.Nq.SOil-59(d),2026-08,YPF S.A.,LOMA CAMPANA,VACA MUERTA,En Estudio,Otro tipo,Surgencia Natural,EXPLOTACION,3230.0,,,0.0,0.0,0.0,0.0,prod_2026
145551,YPF.Nq.SOil-60,2026-08,YPF S.A.,LOMA CAMPANA,VACA MUERTA,A Abandonar,Otro tipo,Bombeo Mecánico,EXPLOTACION,3202.0,,,0.0,0.0,0.0,0.0,prod_2026
145552,YPF.Nq.SOil-68,2026-08,YPF S.A.,LOMA CAMPANA,VACA MUERTA,En Estudio,Otro tipo,Surgencia Natural,EXPLOTACION,3160.0,,,0.0,0.0,0.0,0.0,prod_2026
145608,TAU.Nq.PLY.x-1,2026-08,TOTAL AUSTRAL S.A.,PAMPA DE LAS YEGUAS II,VACA MUERTA,Abandonado,Gasífero,Surgencia Natural,EXPLORACION,2928.0,,,0.0,0.0,0.0,0.0,prod_2026
145713,YPF.Nq.LLL-608(d),2026-08,YPF S.A.,LOMA CAMPANA-LLL,VACA MUERTA,Extracción Efectiva,Petrolífero,Plunger Lift,EXPLOTACION,3060.0,,,1.8,2.93,8.26,31.0,prod_2026
145714,YPF.Nq.LLL-609(d),2026-08,YPF S.A.,LOMA CAMPANA-LLL,VACA MUERTA,Extracción Efectiva,Petrolífero,Surgencia Natural,EXPLOTACION,3052.0,,,70.67,35.83,48.3,31.0,prod_2026
145715,YPF.Nq.LLL-610(d),2026-08,YPF S.A.,LOMA CAMPANA-LLL,VACA MUERTA,Extracción Efectiva,Petrolífero,Plunger Lift,EXPLOTACION,3009.0,,,7.19,7.38,3.24,31.0,prod_2026
145716,YPF.Nq.LLL-611,2026-08,YPF S.A.,LOMA CAMPANA-LLL,VACA MUERTA,Extracción Efectiva,Petrolífero,Surgencia Natural,EXPLOTACION,3028.0,,,4.87,8.45,1.77,31.0,prod_2026
145717,YPF.Nq.LLL-612,2026-08,YPF S.A.,LOMA CAMPANA-LLL,VACA MUERTA,Extracción Efectiva,Petrolífero,Plunger Lift,EXPLOTACION,3030.0,,,10.0,13.43,14.73,31.0,prod_2026
145718,YPF.Nq.LLL-613(d),2026-08,YPF S.A.,LOMA CAMPANA-LLL,VACA MUERTA,Extracción Efectiva,Petrolífero,Plunger Lift,EXPLOTACION,3030.0,,,24.53,20.23,23.86,31.0,prod_2026
145719,YPF.Nq.LLL-615(d),2026-08,YPF S.A.,LOMA CAMPANA-LLL,VACA MUERTA,Extracción Efectiva,Petrolífero,Plunger Lift,EXPLOTACION,3038.0,,,35.27,51.38,1.47,31.0,prod_2026
145720,YPF.Nq.LLL-617(d),2026-08,YPF S.A.,LOMA CAMPANA-LLL,VACA MUERTA,Extracción Efectiva,Petrolífero,Plunger Lift,EXPLOTACION,2883.0,,,9.28,11.17,3.53,31.0,prod_2026
145721,YPF.Nq.LLL-650(d),2026-08,YPF S.A.,LOMA CAMPANA-LLL,VACA MUERTA,Extracción Efectiva,Petrolífero,Surgencia Natural,EXPLOTACION,3266.0,,,91.0,25.28,8.84,31.0,prod_2026
145722,YPF.Nq.LLL-651,2026-08,YPF S.A.,LOMA CAMPANA-LLL,VACA MUERTA,Parado Transitoriamente,Petrolífero,Surgencia Natural,EXPLOTACION,3162.0,,,0.0,0.0,0.0,0.0,prod_2026
145723,YPF.Nq.LLL-652(d),2026-08,YPF S.A.,LOMA CAMPANA-LLL,VACA MUERTA,Extracción Efectiva,Petrolífero,Surgencia Natural,EXPLOTACION,3202.0,,,3.92,7.91,70.68,31.0,prod_2026
145724,YPF.Nq.LLL-653(d),2026-08,YPF S.A.,LOMA CAMPANA-LLL,VACA MUERTA,A Abandonar,Otro tipo,Surgencia Natural,EXPLOTACION,3175.0,,,0.0,0.0,0.0,0.0,prod_2026
145732,YPF.Nq.Laj-9(d),2026-08,YPF S.A.,SIERRA BARROSA,VACA MUERTA,En Estudio,Otro tipo,Bombeo Mecánico,EXPLOTACION,2015.0,,,0.0,0.0,0.0,0.0,prod_2026
145734,YPF.Nq.SOil-47(d),2026-08,YPF S.A.,LOMA CAMPANA,VACA MUERTA,A Abandonar,Otro tipo,Surgencia Natural,EXPLOTACION,3211.0,,,0.0,0.0,0.0,0.0,prod_2026
145735,YPF.Nq.SOil-49(d),2026-08,YPF S.A.,LOMA CAMPANA,VACA MUERTA,A Abandonar,Otro tipo,Surgencia Natural,EXPLOTACION,3170.0,,,0.0,0.0,0.0,0.0,prod_2026
145736,YPF.Nq.SOil-63(d),2026-08,YPF S.A.,LOMA CAMPANA,VACA MUERTA,Extracción Efectiva,Petrolífero,Plunger Lift,EXPLOTACION,3188.0,,,387.79,90.63,0.0,31.0,prod_2026
145737,YPF.Nq.SOil-64(d),2026-08,YPF S.A.,LOMA CAMPANA,VACA MUERTA,Extracción Efectiva,Petrolífero,Surgencia Natural,EXPLOTACION,3206.0,,,106.83,378.76,0.0,31.0,prod_2026
145738,YPF.Nq.SOil-67(d),2026-08,YPF S.A.,LOMA CAMPANA,VACA MUERTA,Parado Transitoriamente,Petrolífero,Surgencia Natural,EXPLOTACION,3235.0,,,0.0,0.0,0.0,0.0,prod_2026
145739,YPF.Nq.SOil-69(d),2026-08,YPF S.A.,LOMA CAMPANA,VACA MUERTA,Extracción Efectiva,Petrolífero,Surgencia Natural,EXPLOTACION,3233.0,,,30.4,19.51,0.0,31.0,prod_2026
145740,YPF.Nq.SOil-70(d),2026-08,YPF S.A.,LOMA CAMPANA,VACA MUERTA,En Estudio,Otro tipo,Bombeo Mecánico,EXPLOTACION,3225.0,,,0.0,0.0,0.0,0.0,prod_2026
145752,AME.Nq.ADA.x-1,2026-08,CONTINENTAL RESOURCES ARGENTINA SAU.,AGUA DE AFUERA,VACA MUERTA,Parado Transitoriamente,Petrolífero,Surgencia Natural,EXPLORACION,3448.0,,,0.0,0.0,0.0,0.0,prod_2026
145808,GYP.Nq.ACOc.x-1,2026-08,VISTA ENERGY ARGENTINA SAU,AGUADA FEDERAL,VACA MUERTA,Parado Transitoriamente,Petrolífero,Surgencia Natural,EXPLORACION,2903.0,,,0.0,0.0,0.0,0.0,prod_2026
145869,YPF.Nq.LLL-643(d),2026-08,YPF S.A.,LOMA CAMPANA-LLL,VACA MUERTA,Extracción Efectiva,Petrolífero,Surgencia Natural,EXPLOTACION,3182.0,,,31.16,13.63,147.26,31.0,prod_2026
145870,YPF.Nq.LLL-644,2026-08,YPF S.A.,LOMA CAMPANA-LLL,VACA MUERTA,Extracción Efectiva,Petrolífero,Surgencia Natural,EXPLOTACION,3134.0,,,17.89,5.74,58.9,31.0,prod_2026
145871,YPF.Nq.LLL-658(d),2026-08,YPF S.A.,LOMA CAMPANA-LLL,VACA MUERTA,A Abandonar,Otro tipo,Bombeo Mecánico,EXPLOTACION,3172.0,,,0.0,0.0,0.0,0.0,prod_2026
145872,YPF.Nq.LLL-662(d),2026-08,YPF S.A.,LOMA CAMPANA-LLL,VACA MUERTA,A Abandonar,Otro tipo,Bombeo Mecánico,EXPLOTACION,3188.0,,,0.0,0.0,0.0,0.0,prod_2026
145873,YPF.Nq.LLL-663(d),2026-08,YPF S.A.,LOMA CAMPANA-LLL,VACA MUERTA,Abandono Temporario,Petrolífero,Bombeo Mecánico,EXPLOTACION,3141.0,,,0.0,0.0,0.0,0.0,prod_2026
145874,YPF.Nq.LLL-664(d),2026-08,YPF S.A.,LOMA CAMPANA-LLL,VACA MUERTA,Extracción Efectiva,Petrolífero,Surgencia Natural,EXPLOTACION,3150.0,,,55.37,7.52,25.62,31.0,prod_2026
145875,YPF.Nq.LLL-665,2026-08,YPF S.A.,LOMA CAMPANA-LLL,VACA MUERTA,Extracción Efectiva,Petrolífero,Bombeo Mecánico,EXPLOTACION,3137.0,,,227.1,313.76,34.92,29.31,prod_2026
145881,YPF.Nq.SOil-16(d),2026-08,YPF S.A.,LOMA CAMPANA,VACA MUERTA,Extracción Efectiva,Petrolífero,Surgencia Natural,EXPLOTACION,3238.0,,,60.22,4.3,2650.61,31.0,prod_2026
145882,YPF.Nq.SOil-17(d),2026-08,YPF S.A.,LOMA CAMPANA,VACA MUERTA,Parado Transitoriamente,Petrolífero,Surgencia Natural,EXPLOTACION,3205.0,,,0.0,0.0,0.0,0.0,prod_2026
145883,YPF.Nq.SOil-31(d),2026-08,YPF S.A.,LOMA CAMPANA,VACA MUERTA,Abandonado,Otro tipo,Surgencia Natural,EXPLOTACION,3269.0,,,0.0,0.0,0.0,0.0,prod_2026
145884,YPF.Nq.SOil-33(d),2026-08,YPF S.A.,LOMA CAMPANA,VACA MUERTA,A Abandonar,Otro tipo,Surgencia Natural,EXPLOTACION,3282.0,,,0.0,0.0,0.0,0.0,prod_2026
145885,YPF.Nq.SOil-43(d),2026-08,YPF S.A.,LOMA CAMPANA,VACA MUERTA,A Abandonar,Otro tipo,Bombeo Mecánico,EXPLOTACION,3192.0,,,0.0,0.0,0.0,0.0,prod_2026
145886,YPF.Nq.SOil-45(d),2026-08,YPF S.A.,LOMA CAMPANA,VACA MUERTA,Extracción Efectiva,Petrolífero,Bombeo Mecánico,EXPLOTACION,3179.0,,,41.07,7.63,4.51,19.9,prod_2026
145887,YPF.Nq.SOil-51(d),2026-08,YPF S.A.,LOMA CAMPANA,VACA MUERTA,Extracción Efectiva,Petrolífero,Bombeo Mecánico,EXPLOTACION,3199.0,,,7.38,5.72,0.0,30.92,prod_2026
145888,YPF.Nq.SOil-53(d),2026-08,YPF S.A.,LOMA CAMPANA,VACA MUERTA,Extracción Efectiva,Petrolífero,Surgencia Natural,EXPLOTACION,3164.0,,,30.23,7.63,1.47,31.0,prod_2026
145889,YPF.Nq.SOil-73(d),2026-08,YPF S.A.,LOMA CAMPANA,VACA MUERTA,A Abandonar,Otro tipo,Bombeo Mecánico,EXPLOTACION,3275.0,,,0.0,0.0,0.0,0.0,prod_2026
145890,YPF.Nq.SOil-74(d),2026-08,YPF S.A.,LOMA CAMPANA,VACA MUERTA,En Estudio,Otro tipo,Surgencia Natural,EXPLOTACION,3190.0,,,0.0,0.0,0.0,0.0,prod_2026
145972,CHA.Nq.ET.xp-2006,2026-08,CHEVRON ARGENTINA S.R.L.,CURAMCHED,VACA MUERTA,Parado Transitoriamente,Petrolífero,Sin Sistema de Extracción,EXPLORACION,4140.0,,,0.0,0.0,0.0,0.0,prod_2026
145974,SHE.Nq.AM.x-2(h),2023-06,VISTA ENERGY ARGENTINA SAU,POZOS SIN YACIMIENTO,VACA MUERTA,A Abandonar,Petrolífero,Surgencia Natural,EXPLORACION,4078.0,-68.980495278,-37.601639722,0.0,0.0,0.0,0.0,no_conv_historico
145976,TAU.Nq.SR.xp-1008,2026-08,TOTAL AUSTRAL S.A.,SAN ROQUE VACA MUERTA,VACA MUERTA,Otras Situación Activo,Gasífero,Surgencia Natural,EXPLORACION,2872.0,,,0.0,0.0,0.0,0.0,prod_2026
145984,TAU.Nq.AP.x-1007,2026-08,TOTAL AUSTRAL S.A.,AGUADA PICHANA ESTE VACA MUERTA,VACA MUERTA,Parado Transitoriamente,Gasífero,Surgencia Natural,EXPLORACION,4000.0,,,1.435151,109.6812,20.01912,20.31944,prod_2026
146029,YPF.MdN.LCaE.a-3(d),2026-08,YPF S.A.,LOS CAVAOS ESTE,VACA MUERTA,En Espera de Reparación,Otro tipo,Sin Sistema de Extracción,EXPLOTACION,2950.0,,,0.0,0.0,0.0,0.0,prod_2026
146039,YPF.Nq.LLL-642(d),2026-08,YPF S.A.,LOMA CAMPANA-LLL,VACA MUERTA,Extracción Efectiva,Petrolífero,Plunger Lift,EXPLOTACION,3164.0,,,66.61,14.57,2356.1,31.0,prod_2026
146040,YPF.Nq.LLL-645(d),2026-08,YPF S.A.,LOMA CAMPANA-LLL,VACA MUERTA,A Abandonar,Otro tipo,Surgencia Natural,EXPLOTACION,3166.0,,,0.0,0.0,0.0,0.0,prod_2026
146046,YPF.Nq.SOil-11(d),2026-08,YPF S.A.,LOMA CAMPANA,VACA MUERTA,En Espera de Reparación,Otro tipo,Bombeo Mecánico,EXPLOTACION,350.0,,,0.0,0.0,0.0,0.0,prod_2026
146047,YPF.Nq.SOil-24(d),2026-08,YPF S.A.,LOMA CAMPANA,VACA MUERTA,Extracción Efectiva,Petrolífero,Surgencia Natural,EXPLOTACION,3224.0,,,3.41,4.3,0.0,31.0,prod_2026
146048,YPF.Nq.SOil-25(d),2026-08,YPF S.A.,LOMA CAMPANA,VACA MUERTA,Extracción Efectiva,Petrolífero,Surgencia Natural,EXPLOTACION,3225.0,,,3.41,4.3,0.0,31.0,prod_2026
146049,YPF.Nq.SOil-28(d),2026-08,YPF S.A.,LOMA CAMPANA,VACA MUERTA,Extracción Efectiva,Petrolífero,Bombeo Mecánico,EXPLOTACION,3225.0,,,5.46,6.88,0.0,31.0,prod_2026
146050,YPF.Nq.SOil-7(d),2026-08,YPF S.A.,LOMA CAMPANA,VACA MUERTA,Extracción Efectiva,Petrolífero,Surgencia Natural,EXPLOTACION,3226.0,,,73.26,4.68,0.0,31.0,prod_2026
146051,YPF.Nq.SOil-9(d),2026-08,YPF S.A.,LOMA CAMPANA,VACA MUERTA,Extracción Efectiva,Petrolífero,Surgencia Natural,EXPLOTACION,3227.0,,,13.11,4.76,0.0,31.0,prod_2026
146085,ROC.Nq.CAS.X-14,2026-08,PAN AMERICAN ENERGY SL,COIRON AMARGO SUR ESTE,VACA MUERTA,En Estudio,Petrolífero,Sin Sistema de Extracción,EXPLORACION,3141.0,,,0.0,0.0,0.0,0.0,prod_2026
146207,YPF.Nq.CAv.x-4,2018-07,YPF S.A.,CERRO AVISPA,VACA MUERTA,Parado Transitoriamente,Petrolífero,Sin Sistema de Extracción,EXPLORACION,2463.0,-68.54005585,-37.7737582,0.0,0.0,0.0,0.0,no_conv_historico
146212,YPF.Nq.LLL-695(d),2026-08,YPF S.A.,LOMA CAMPANA-LLL,VACA MUERTA,Abandonado,Otro tipo,Surgencia Natural,EXPLOTACION,3153.0,,,0.0,0.0,0.0,0.0,prod_2026
146213,YPF.Nq.LLL-696(d),2026-08,YPF S.A.,LOMA CAMPANA-LLL,VACA MUERTA,Extracción Efectiva,Petrolífero,Bombeo Mecánico,EXPLOTACION,3115.0,,,0.17,0.04,183.47,2.0,prod_2026
146214,YPF.Nq.LLL-707(d),2026-08,YPF S.A.,LOMA CAMPANA-LLL,VACA MUERTA,A Abandonar,Otro tipo,Surgencia Natural,EXPLOTACION,3155.0,,,0.0,0.0,0.0,0.0,prod_2026
146215,YPF.Nq.LLL-709(d),2026-08,YPF S.A.,LOMA CAMPANA-LLL,VACA MUERTA,En Espera de Reparación,Otro tipo,Surgencia Natural,EXPLOTACION,3120.0,,,0.0,0.0,0.0,0.0,prod_2026
146221,YPF.Nq.SOil-20(d),2026-08,YPF S.A.,LOMA CAMPANA,VACA MUERTA,A Abandonar,Otro tipo,Surgencia Natural,EXPLOTACION,3281.0,,,0.0,0.0,0.0,0.0,prod_2026
146222,YPF.Nq.SOil-21(d),2026-08,YPF S.A.,LOMA CAMPANA,VACA MUERTA,Extracción Efectiva,Petrolífero,Bombeo Mecánico,EXPLOTACION,3260.0,,,90.29,4.18,2571.09,31.0,prod_2026
146223,YPF.Nq.SOil-29(d),2026-08,YPF S.A.,LOMA CAMPANA,VACA MUERTA,Extracción Efectiva,Petrolífero,Surgencia Natural,EXPLOTACION,3230.0,,,5.46,6.88,0.0,31.0,prod_2026
146224,YPF.Nq.SOil-4(h),2026-08,YPF S.A.,LOMA CAMPANA,VACA MUERTA,Parado Transitoriamente,Petrolífero,Bombeo Mecánico,EXPLOTACION,4761.0,,,0.0,0.0,0.0,0.0,prod_2026
146225,YPF.Nq.SOil-55(d),2026-08,YPF S.A.,LOMA CAMPANA,VACA MUERTA,Abandonado,Otro tipo,Surgencia Natural,EXPLOTACION,3204.0,,,0.0,0.0,0.0,0.0,prod_2026
146226,YPF.Nq.SOil-56(d),2026-08,YPF S.A.,LOMA CAMPANA,VACA MUERTA,A Abandonar,Otro tipo,Bombeo Mecánico,EXPLOTACION,3192.0,,,0.0,0.0,0.0,0.0,prod_2026
146227,YPF.Nq.SOil-6,2026-08,YPF S.A.,LOMA CAMPANA,VACA MUERTA,A Abandonar,Otro tipo,Surgencia Natural,EXPLOTACION,3175.0,,,0.0,0.0,0.0,0.0,prod_2026
146274,TAU.Nq.AP.e-1002(h),2026-08,TOTAL AUSTRAL S.A.,AGUADA PICHANA ESTE VACA MUERTA,VACA MUERTA,Parado Transitoriamente,Gasífero,Surgencia Natural,EXPLORACION,3636.0,,,0.0,72.56194,8.8,8.0,prod_2026
146275,ARG.Nq.Cvo.x-2,2026-08,ARGENTA ENERGIA S.A.,BAJO GUANACO,VACA MUERTA,En Estudio,Petrolífero,Surgencia Natural,EXPLORACION,2190.0,,,0.0,0.0,0.0,0.0,prod_2026
146278,CHA.Nq.ET.xp-2003,2026-08,CHEVRON ARGENTINA S.R.L.,EL TRAPIAL,VACA MUERTA,En Estudio,Petrolífero,Surgencia Natural,EXPLORACION,1967.5,,,0.0,0.0,0.0,0.0,prod_2026
146457,YPF.Md.NLCa-37,2026-08,YPF S.A.,LOS CAVAOS,VACA MUERTA,En Estudio,Otro tipo,Bombeo Mecánico,EXPLOTACION,2663.0,,,0.0,0.0,0.0,0.0,prod_2026
146458,YPF.Md.NLCa-53,2026-08,YPF S.A.,LOS CAVAOS,VACA MUERTA,Extracción Efectiva,Petrolífero,Bombeo Mecánico,EXPLOTACION,2720.0,,,0.0,0.0,0.0,0.0,prod_2026
146460,YPF.Md.NLCa-55,2026-08,YPF S.A.,LOS CAVAOS,VACA MUERTA,Extracción Efectiva,Petrolífero,Bombeo Mecánico,EXPLOTACION,2658.0,,,0.0,0.0,0.0,0.0,prod_2026
146461,YPF.Md.NLCa-62,2026-08,YPF S.A.,LOS CAVAOS,VACA MUERTA,Parado Transitoriamente,Petrolífero,Bombeo Mecánico,EXPLOTACION,2360.0,,,0.0,0.0,0.0,0.0,prod_2026
146462,YPF.Md.NLCa-64,2026-08,YPF S.A.,LOS CAVAOS,VACA MUERTA,En Estudio,Otro tipo,Sin Sistema de Extracción,EXPLOTACION,2583.0,,,0.0,0.0,0.0,0.0,prod_2026
146463,YPF.Md.NLCa-77,2026-08,YPF S.A.,LOS CAVAOS,VACA MUERTA,En Estudio,Otro tipo,Sin Sistema de Extracción,EXPLOTACION,2553.0,,,0.0,0.0,0.0,0.0,prod_2026
146464,YPF.Md.NLCa-79,2026-08,YPF S.A.,LOS CAVAOS,VACA MUERTA,Abandonado,Otro tipo,Sin Sistema de Extracción,EXPLOTACION,2330.0,,,0.0,0.0,0.0,0.0,prod_2026
146468,YPF.Md.NLCa-93,2026-08,YPF S.A.,LOS CAVAOS,VACA MUERTA,En Espera de Reparación,Otro tipo,Sin Sistema de Extracción,EXPLOTACION,2540.0,,,0.0,0.0,0.0,0.0,prod_2026
146470,YPF.Md.NLCa-97,2026-08,YPF S.A.,LOS CAVAOS,VACA MUERTA,En Estudio,Otro tipo,Sin Sistema de Extracción,EXPLOTACION,0.0,,,0.0,0.0,0.0,0.0,prod_2026
146472,YPF.Md.NLCa-99(I),2026-08,YPF S.A.,LOS CAVAOS,VACA MUERTA,Abandonado,Otro tipo,Sin Sistema de Extracción,EXPLOTACION,2463.0,,,0.0,0.0,0.0,0.0,prod_2026
146473,YPF.Md.NLCa-9,2026-08,YPF S.A.,LOS CAVAOS,VACA MUERTA,En Estudio,Otro tipo,Sin Sistema de Extracción,EXPLOTACION,2622.0,,,0.0,0.0,0.0,0.0,prod_2026
146484,YPF.Md.NMDM-48,2026-08,YPF S.A.,MALAL DEL MEDIO,VACA MUERTA,A Abandonar,Otro tipo,Sin Sistema de Extracción,EXPLOTACION,2600.0,,,0.0,0.0,0.0,0.0,prod_2026
146494,YPF.Md.NPP-32,2026-08,YPF S.A.,PAMPA PALAUCO,VACA MUERTA,En Estudio,Otro tipo,Sin Sistema de Extracción,EXPLOTACION,2000.0,,,0.0,0.0,0.0,0.0,prod_2026
146712,TAU.Nq.RCza.e-2(h),2026-08,VACA MUERTA INVERSIONES SAU,RINCON LA CENIZA,VACA MUERTA,Parado Transitoriamente,Gasífero,Surgencia Natural,EXPLORACION,4270.0,,,0.0,0.0,0.0,0.0,prod_2026
146773,YPF.Nq.LLL-671(d),2026-08,YPF S.A.,LOMA CAMPANA-LLL,VACA MUERTA,Extracción Efectiva,Petrolífero,Plunger Lift,EXPLOTACION,3124.0,,,36.87,3.11,1925.28,19.13,prod_2026
146774,YPF.Nq.LLL-672(d),2026-08,YPF S.A.,LOMA CAMPANA-LLL,VACA MUERTA,Extracción Efectiva,Petrolífero,Plunger Lift,EXPLOTACION,3126.0,,,22.43,12.11,8.54,31.0,prod_2026
146775,YPF.Nq.LLL-690(d),2026-08,YPF S.A.,LOMA CAMPANA-LLL,VACA MUERTA,Abandonado,Otro tipo,Bombeo Mecánico,EXPLOTACION,3130.0,,,0.0,0.0,0.0,0.0,prod_2026
146776,YPF.Nq.LLL-691(d),2026-08,YPF S.A.,LOMA CAMPANA-LLL,VACA MUERTA,Parado Transitoriamente,Petrolífero,Surgencia Natural,EXPLOTACION,3142.0,,,0.0,0.0,0.0,0.0,prod_2026
146777,YPF.Nq.LLL-692(d),2026-08,YPF S.A.,LOMA CAMPANA-LLL,VACA MUERTA,A Abandonar,Otro tipo,Surgencia Natural,EXPLOTACION,2690.0,,,0.0,0.0,0.0,0.0,prod_2026
146779,YPF.Nq.SOil-13(d),2026-08,YPF S.A.,LOMA CAMPANA,VACA MUERTA,A Abandonar,Otro tipo,Surgencia Natural,EXPLOTACION,3240.0,,,0.0,0.0,0.0,0.0,prod_2026
146887,TAU.Nq.SR.e-1005(h),2026-08,TOTAL AUSTRAL S.A.,SAN ROQUE VACA MUERTA,VACA MUERTA,Parado Transitoriamente,Petrolífero,Surgencia Natural,EXPLORACION,3419.0,,,0.0,0.0,0.0,4.881944,prod_2026
146977,YPF.Nq.EOr-3,2026-08,YPF S.A.,EL OREJANO,VACA MUERTA,En Estudio,Otro tipo,Surgencia Natural,EXPLOTACION,2880.0,,,0.0,0.0,0.0,0.0,prod_2026
146978,YPF.Nq.EOr-4(h),2026-08,YPF S.A.,EL OREJANO,VACA MUERTA,Abandonado,Otro tipo,Surgencia Natural,EXPLOTACION,4350.0,,,0.0,0.0,0.0,0.0,prod_2026
146979,YPF.Nq.EOr-5(d),2026-08,YPF S.A.,EL OREJANO,VACA MUERTA,Abandonado,Otro tipo,Surgencia Natural,EXPLOTACION,2898.0,,,0.0,0.0,0.0,0.0,prod_2026
146980,YPF.Nq.EOr-6(h),2026-08,YPF S.A.,EL OREJANO,VACA MUERTA,Abandonado,Otro tipo,Surgencia Natural,EXPLOTACION,4258.0,,,0.0,0.0,0.0,0.0,prod_2026
146981,YPF.Nq.LLL-661(d),2026-08,YPF S.A.,LOMA CAMPANA-LLL,VACA MUERTA,Abandonado,Otro tipo,Bombeo Mecánico,EXPLOTACION,3136.0,,,0.0,0.0,0.0,0.0,prod_2026
146982,YPF.Nq.LLL-670(d),2026-08,YPF S.A.,LOMA CAMPANA-LLL,VACA MUERTA,Parado Transitoriamente,Petrolífero,Plunger Lift,EXPLOTACION,3118.0,,,0.0,0.0,0.0,0.0,prod_2026
146983,YPF.Nq.LLL-673(d),2026-08,YPF S.A.,LOMA CAMPANA-LLL,VACA MUERTA,Extracción Efectiva,Petrolífero,Bombeo Mecánico,EXPLOTACION,3112.0,,,95.66,24.71,8.54,31.0,prod_2026
146984,YPF.Nq.LLL-674(d),2026-08,YPF S.A.,LOMA CAMPANA-LLL,VACA MUERTA,Extracción Efectiva,Petrolífero,Plunger Lift,EXPLOTACION,3127.0,,,12.74,1.5,0.59,31.0,prod_2026
146985,YPF.Nq.LLL-675(d),2026-08,YPF S.A.,LOMA CAMPANA-LLL,VACA MUERTA,Abandonado,Otro tipo,Bombeo Mecánico,EXPLOTACION,3113.0,,,0.0,0.0,0.0,0.0,prod_2026
146986,YPF.Nq.LLL-676(d),2026-08,YPF S.A.,LOMA CAMPANA-LLL,VACA MUERTA,Extracción Efectiva,Petrolífero,Plunger Lift,EXPLOTACION,3132.0,,,9.56,1.13,0.44,31.0,prod_2026
146987,YPF.Nq.LLL-677(d),2026-08,YPF S.A.,LOMA CAMPANA-LLL,VACA MUERTA,Extracción Efectiva,Petrolífero,Plunger Lift,EXPLOTACION,3148.0,,,3.19,0.38,14.73,31.0,prod_2026
146988,YPF.Nq.LLL-682(d),2026-08,YPF S.A.,LOMA CAMPANA-LLL,VACA MUERTA,Extracción Efectiva,Petrolífero,Bombeo Mecánico,EXPLOTACION,3121.0,,,58.65,12.26,36.52,31.0,prod_2026
146989,YPF.Nq.LLL-683(d),2026-08,YPF S.A.,LOMA CAMPANA-LLL,VACA MUERTA,A Abandonar,Otro tipo,Plunger Lift,EXPLOTACION,3132.0,,,0.0,0.0,0.0,0.0,prod_2026
146990,YPF.Nq.LLL-684(d),2026-08,YPF S.A.,LOMA CAMPANA-LLL,VACA MUERTA,A Abandonar,Otro tipo,Bombeo Mecánico,EXPLOTACION,3101.0,,,0.0,0.0,0.0,0.0,prod_2026
146991,YPF.Nq.LLL-685(d),2026-08,YPF S.A.,LOMA CAMPANA-LLL,VACA MUERTA,A Abandonar,Otro tipo,Bombeo Mecánico,EXPLOTACION,3116.0,,,0.0,0.0,0.0,0.0,prod_2026
146992,YPF.Nq.LLL-693(d),2026-08,YPF S.A.,LOMA CAMPANA-LLL,VACA MUERTA,Extracción Efectiva,Petrolífero,Surgencia Natural,EXPLOTACION,3142.0,,,46.61,4.31,59.59,21.42,prod_2026
146999,YPF.Nq.SOil-75(d),2026-08,YPF S.A.,LOMA CAMPANA,VACA MUERTA,Parado Transitoriamente,Petrolífero,Bombeo Mecánico,EXPLOTACION,3190.0,,,0.0,0.0,0.0,0.0,prod_2026
147000,YPF.Nq.SOil-76(d),2026-08,YPF S.A.,LOMA CAMPANA,VACA MUERTA,Parado Transitoriamente,Petrolífero,Bombeo Mecánico,EXPLOTACION,3185.0,,,0.0,0.0,0.0,0.0,prod_2026
147001,YPF.Nq.SOil-77(d),2026-08,YPF S.A.,LOMA CAMPANA,VACA MUERTA,Parado Transitoriamente,Petrolífero,Bombeo Mecánico,EXPLOTACION,3182.0,,,0.0,0.0,0.0,0.0,prod_2026
147002,YPF.Nq.SOil-78,2026-08,YPF S.A.,LOMA CAMPANA,VACA MUERTA,Extracción Efectiva,Petrolífero,Bombeo Mecánico,EXPLOTACION,3160.0,,,3.55,2.76,0.0,29.71,prod_2026
147021,SHE.Nq.CdL.x-1(h),2026-08,SHELL ARGENTINA S.A.,CRUZ DE LORENA,VACA MUERTA,Extracción Efectiva,Petrolífero,Bombeo Mecánico,EXPLORACION,4825.0,,,579.89,111.37,71.44,31.0,prod_2026
147126,YPF.Nq.ChCo.x-1,2026-08,SHELL ARGENTINA S.A.,CRUZ DE LORENA,VACA MUERTA,Extracción Efectiva,Petrolífero,Surgencia Natural,EXPLORACION,3726.0,,,0.0,0.0,0.0,0.0,prod_2026
147127,YPF.Nq.F.x-1,2026-08,VISTA ENERGY ARGENTINA SAU,AGUILA MORA,VACA MUERTA,Abandonado,Petrolífero,Surgencia Natural,EXPLORACION,3414.0,,,0.0,0.0,0.0,0.0,prod_2026
147128,YPF.Nq.LaFr.x-1,2026-08,SHELL ARGENTINA S.A.,CRUZ DE LORENA,VACA MUERTA,Abandonado,Petrolífero,Surgencia Natural,EXPLORACION,3200.0,,,0.0,0.0,0.0,0.0,prod_2026
147129,YPF.Nq.LJ.x-1,2026-08,SHELL ARGENTINA S.A.,CRUZ DE LORENA,VACA MUERTA,Otras Situación Inactivo,Petrolífero,Surgencia Natural,EXPLORACION,3612.8,,,0.0,0.0,0.0,0.0,prod_2026
147130,YPF.Nq.LJO.x-1,2026-08,SHELL ARGENTINA S.A.,CRUZ DE LORENA,VACA MUERTA,Abandonado,Petrolífero,Surgencia Natural,EXPLORACION,3505.0,,,0.0,0.0,0.0,0.0,prod_2026
147153,YPF.Nq.LLL-688(d),2026-08,YPF S.A.,LOMA CAMPANA-LLL,VACA MUERTA,Extracción Efectiva,Petrolífero,Plunger Lift,EXPLOTACION,3147.0,,,22.53,4.31,1673.12,16.56,prod_2026
147154,YPF.Nq.LLL-689(d),2026-08,YPF S.A.,LOMA CAMPANA-LLL,VACA MUERTA,Extracción Efectiva,Petrolífero,Plunger Lift,EXPLOTACION,3143.0,,,17.48,1.73,1.94,21.42,prod_2026
147155,YPF.Nq.LLL-734(d),2026-08,YPF S.A.,LOMA CAMPANA-LLL,VACA MUERTA,Extracción Efectiva,Petrolífero,Plunger Lift,EXPLOTACION,3041.0,,,37.87,33.53,14.43,31.0,prod_2026
147156,YPF.Nq.LLL-735(d),2026-08,YPF S.A.,LOMA CAMPANA-LLL,VACA MUERTA,Extracción Efectiva,Petrolífero,Plunger Lift,EXPLOTACION,3033.0,,,15.93,23.98,7.36,31.0,prod_2026
147157,YPF.Nq.LLL-736(d),2026-08,YPF S.A.,LOMA CAMPANA-LLL,VACA MUERTA,Extracción Efectiva,Petrolífero,Plunger Lift,EXPLOTACION,3041.0,,,41.38,41.03,8.25,31.0,prod_2026
147158,YPF.Nq.LLL-737(d),2026-08,YPF S.A.,LOMA CAMPANA-LLL,VACA MUERTA,Extracción Efectiva,Petrolífero,Plunger Lift,EXPLOTACION,3048.0,,,17.08,30.65,25.33,31.0,prod_2026
147165,YPF.Nq.SOil-39(d),2026-08,YPF S.A.,LOMA CAMPANA,VACA MUERTA,Extracción Efectiva,Petrolífero,Surgencia Natural,EXPLOTACION,3162.0,,,104.08,15.82,0.59,31.0,prod_2026
147166,YPF.Nq.SOil-40(d),2026-08,YPF S.A.,LOMA CAMPANA,VACA MUERTA,A Abandonar,Otro tipo,Bombeo Mecánico,EXPLOTACION,3206.0,,,0.0,0.0,0.0,0.0,prod_2026
147167,YPF.Nq.SOil-41(d),2026-08,YPF S.A.,LOMA CAMPANA,VACA MUERTA,A Abandonar,Otro tipo,Surgencia Natural,EXPLOTACION,3138.0,,,0.0,0.0,0.0,0.0,prod_2026
147190,XOM.Nq.BdC.x-2(h),2026-08,PLUSPETROL CUENCA NEUQUINA S.R.L.,BAJO DEL CHOIQUE,VACA MUERTA,Extracción Efectiva,Petrolífero,Gas Lift,EXPLORACION,3572.0,,,946.8,211.05,401.3,27.0,prod_2026
147284,YPF.Nq.BAñ.x-6,2026-08,SHELL ARGENTINA S.A.,BAJADA DE AÑELO,VACA MUERTA,En Estudio,Otro tipo,Surgencia Natural,EXPLORACION,2817.0,,,0.0,0.0,0.0,0.0,prod_2026
147292,YPF.Nq.LLL-687(d),2026-08,YPF S.A.,LOMA CAMPANA-LLL,VACA MUERTA,Extracción Efectiva,Petrolífero,Surgencia Natural,EXPLOTACION,3153.0,,,116.4,4.52,1831.01,20.52,prod_2026
147293,YPF.Nq.LLL-710(d),2026-08,YPF S.A.,LOMA CAMPANA-LLL,VACA MUERTA,Extracción Efectiva,Petrolífero,Plunger Lift,EXPLOTACION,3053.0,,,75.96,4.75,17.67,31.0,prod_2026
147294,YPF.Nq.LLL-711(d),2026-08,YPF S.A.,LOMA CAMPANA-LLL,VACA MUERTA,Extracción Efectiva,Petrolífero,Plunger Lift,EXPLOTACION,3052.0,,,8.21,8.14,10.01,31.0,prod_2026
147295,YPF.Nq.LLL-712(d),2026-08,YPF S.A.,LOMA CAMPANA-LLL,VACA MUERTA,Extracción Efectiva,Petrolífero,Plunger Lift,EXPLOTACION,3045.0,,,20.61,9.77,8.54,31.0,prod_2026
147296,YPF.Nq.LLL-713(d),2026-08,YPF S.A.,LOMA CAMPANA-LLL,VACA MUERTA,Extracción Efectiva,Petrolífero,Plunger Lift,EXPLOTACION,3046.0,,,27.94,1.46,0.88,31.0,prod_2026
147297,YPF.Nq.LLL-718(d),2026-08,YPF S.A.,LOMA CAMPANA-LLL,VACA MUERTA,Extracción Efectiva,Petrolífero,Plunger Lift,EXPLOTACION,3069.0,,,54.0,8.68,1.47,31.0,prod_2026
147298,YPF.Nq.LLL-719(d),2026-08,YPF S.A.,LOMA CAMPANA-LLL,VACA MUERTA,Extracción Efectiva,Petrolífero,Plunger Lift,EXPLOTACION,3056.0,,,41.25,6.51,1.47,31.0,prod_2026
147299,YPF.Nq.LLL-720(d),2026-08,YPF S.A.,LOMA CAMPANA-LLL,VACA MUERTA,Extracción Efectiva,Petrolífero,Plunger Lift,EXPLOTACION,3060.0,,,43.93,6.58,1.47,31.0,prod_2026
147300,YPF.Nq.LLL-721(d),2026-08,YPF S.A.,LOMA CAMPANA-LLL,VACA MUERTA,Extracción Efectiva,Petrolífero,Plunger Lift,EXPLOTACION,3033.0,,,34.91,6.6,3.24,31.0,prod_2026
147301,YPF.Nq.LLL-724(d),2026-08,YPF S.A.,LOMA CAMPANA-LLL,VACA MUERTA,Extracción Efectiva,Petrolífero,Plunger Lift,EXPLOTACION,3058.0,,,32.76,14.93,6.48,31.0,prod_2026
147302,YPF.Nq.LLL-725(d),2026-08,YPF S.A.,LOMA CAMPANA-LLL,VACA MUERTA,Extracción Efectiva,Petrolífero,Plunger Lift,EXPLOTACION,3048.0,,,17.64,11.55,0.3,31.0,prod_2026
147312,YPF.Nq.SOil-35(d),2026-08,YPF S.A.,LOMA CAMPANA,VACA MUERTA,Extracción Efectiva,Petrolífero,Surgencia Natural,EXPLOTACION,3240.0,,,1.0,0.03,0.0,31.0,prod_2026
147313,YPF.Nq.SOil-36(d),2026-08,YPF S.A.,LOMA CAMPANA,VACA MUERTA,A Abandonar,Otro tipo,Surgencia Natural,EXPLOTACION,3263.0,,,0.0,0.0,0.0,0.0,prod_2026
147314,YPF.Nq.SOil-37(d),2026-08,YPF S.A.,LOMA CAMPANA,VACA MUERTA,A Abandonar,Otro tipo,Surgencia Natural,EXPLOTACION,3243.0,,,0.0,0.0,0.0,0.0,prod_2026
147315,YPF.Nq.SOil-38(d),2026-08,YPF S.A.,LOMA CAMPANA,VACA MUERTA,Parado Transitoriamente,Petrolífero,Surgencia Natural,EXPLOTACION,3275.0,,,0.0,0.0,0.0,0.0,prod_2026
147316,YPF.Nq.SOil-42(d),2026-08,YPF S.A.,LOMA CAMPANA,VACA MUERTA,A Abandonar,Otro tipo,Bombeo Mecánico,EXPLOTACION,3272.0,,,0.0,0.0,0.0,0.0,prod_2026
147317,YPF.Nq.SOil-65(d),2026-08,YPF S.A.,LOMA CAMPANA,VACA MUERTA,Extracción Efectiva,Petrolífero,Surgencia Natural,EXPLOTACION,3272.0,,,434.41,109.34,29.33,31.0,prod_2026
147318,YPF.Nq.SOil-66,2026-08,YPF S.A.,LOMA CAMPANA,VACA MUERTA,Extracción Efectiva,Petrolífero,Surgencia Natural,EXPLOTACION,3185.0,,,46.92,8.29,2.95,31.0,prod_2026
147327,TPT.Nq.FP.x-1003,2026-08,TECPETROL S.A.,FORTIN DE PIEDRA,VACA MUERTA,Extracción Efectiva,Gasífero,Surgencia Natural,EXPLORACION,3070.0,,,0.0,1256.151,0.0,31.0,prod_2026
147415,SHE.Nq.AM.x-3(h),2026-08,VISTA ENERGY ARGENTINA SAU,AGUILA MORA,VACA MUERTA,En Estudio,Petrolífero,Surgencia Natural,EXPLORACION,4420.0,,,0.0,0.0,0.0,0.0,prod_2026
147463,YPF.Nq.LLL-686,2026-08,YPF S.A.,LOMA CAMPANA-LLL,VACA MUERTA,Extracción Efectiva,Petrolífero,Surgencia Natural,EXPLOTACION,3129.0,,,55.45,11.03,1859.87,18.63,prod_2026
147465,YPF.Nq.LLL-722(d),2026-08,YPF S.A.,LOMA CAMPANA-LLL,VACA MUERTA,Extracción Efectiva,Petrolífero,Plunger Lift,EXPLOTACION,3062.0,,,50.81,15.41,5.6,31.0,prod_2026
147466,YPF.Nq.LLL-723(d),2026-08,YPF S.A.,LOMA CAMPANA-LLL,VACA MUERTA,Extracción Efectiva,Petrolífero,Plunger Lift,EXPLOTACION,3063.0,,,25.62,9.75,17.67,31.0,prod_2026
147467,YPF.Nq.LLL-730(d),2026-08,YPF S.A.,LOMA CAMPANA-LLL,VACA MUERTA,Extracción Efectiva,Petrolífero,Surgencia Natural,EXPLOTACION,3083.0,,,71.68,36.2,1.47,31.0,prod_2026
147468,YPF.Nq.LLL-731(d),2026-08,YPF S.A.,LOMA CAMPANA-LLL,VACA MUERTA,Extracción Efectiva,Petrolífero,Plunger Lift,EXPLOTACION,3078.0,,,61.69,23.15,10.31,31.0,prod_2026
147469,YPF.Nq.LLL-732(d),2026-08,YPF S.A.,LOMA CAMPANA-LLL,VACA MUERTA,Extracción Efectiva,Petrolífero,Plunger Lift,EXPLOTACION,3078.0,,,47.21,18.44,0.88,31.0,prod_2026
147470,YPF.Nq.LLL-733(d),2026-08,YPF S.A.,LOMA CAMPANA-LLL,VACA MUERTA,Extracción Efectiva,Petrolífero,Plunger Lift,EXPLOTACION,3074.0,,,7.46,8.7,2.06,31.0,prod_2026
147471,YPF.Nq.LLL-738(d),2026-08,YPF S.A.,LOMA CAMPANA-LLL,VACA MUERTA,Extracción Efectiva,Petrolífero,Plunger Lift,EXPLOTACION,3102.0,,,15.48,4.56,4.42,31.0,prod_2026
147472,YPF.Nq.LLL-739(d),2026-08,YPF S.A.,LOMA CAMPANA-LLL,VACA MUERTA,Extracción Efectiva,Petrolífero,Plunger Lift,EXPLOTACION,3074.0,,,16.85,35.07,7.95,31.0,prod_2026
147473,YPF.Nq.LLL-740(d),2026-08,YPF S.A.,LOMA CAMPANA-LLL,VACA MUERTA,Extracción Efectiva,Petrolífero,Plunger Lift,EXPLOTACION,3052.0,,,15.04,14.36,3.53,31.0,prod_2026
147474,YPF.Nq.LLL-741(d),2026-08,YPF S.A.,LOMA CAMPANA-LLL,VACA MUERTA,A Abandonar,Otro tipo,Bombeo Mecánico,EXPLOTACION,3084.0,,,0.0,0.0,0.0,0.0,prod_2026
147486,YPF.Nq.SOil-58,2026-08,YPF S.A.,LOMA CAMPANA,VACA MUERTA,A Abandonar,Otro tipo,Bombeo Mecánico,EXPLOTACION,3177.0,,,0.0,0.0,0.0,0.0,prod_2026
147487,YPF.Nq.SOil-62(d),2026-08,YPF S.A.,LOMA CAMPANA,VACA MUERTA,Abandono Temporario,Petrolífero,Bombeo Mecánico,EXPLOTACION,3201.0,,,0.0,0.0,0.0,0.0,prod_2026
147488,YPF.Nq.SOil-72(h),2026-08,YPF S.A.,LOMA CAMPANA,VACA MUERTA,Extracción Efectiva,Petrolífero,Bombeo Mecánico,EXPLOTACION,4462.0,,,5.53,4.28,0.0,29.52,prod_2026
147608,YPF.Nq.AT-244(d),2026-08,YPF S.A.,AGUADA TOLEDO,VACA MUERTA,En Reserva para Recup. Sec./Asist.,Otro tipo,Bombeo Mecánico,EXPLOTACION,2286.0,,,0.0,0.0,0.0,0.0,prod_2026
147617,YPF.Nq.LLL-714(d),2026-08,YPF S.A.,LOMA CAMPANA-LLL,VACA MUERTA,Extracción Efectiva,Petrolífero,Plunger Lift,EXPLOTACION,3065.0,,,11.8,18.9,0.88,31.0,prod_2026
147618,YPF.Nq.LLL-726(d),2026-08,YPF S.A.,LOMA CAMPANA-LLL,VACA MUERTA,Extracción Efectiva,Petrolífero,Plunger Lift,EXPLOTACION,2958.0,,,11.72,15.33,0.3,31.0,prod_2026
147619,YPF.Nq.LLL-727(d),2026-08,YPF S.A.,LOMA CAMPANA-LLL,VACA MUERTA,Extracción Efectiva,Petrolífero,Gas Lift,EXPLOTACION,3090.0,,,15.59,24.11,3.83,31.0,prod_2026
147620,YPF.Nq.LLL-728(d),2026-08,YPF S.A.,LOMA CAMPANA-LLL,VACA MUERTA,Extracción Efectiva,Petrolífero,Plunger Lift,EXPLOTACION,3077.0,,,3.03,3.82,1.47,31.0,prod_2026
147621,YPF.Nq.LLL-729(d),2026-08,YPF S.A.,LOMA CAMPANA-LLL,VACA MUERTA,Extracción Efectiva,Petrolífero,Gas Lift,EXPLOTACION,3072.0,,,24.21,27.22,51.83,31.0,prod_2026
147622,YPF.Nq.LLL-742(d),2026-08,YPF S.A.,LOMA CAMPANA-LLL,VACA MUERTA,Extracción Efectiva,Petrolífero,Plunger Lift,EXPLOTACION,3092.0,,,9.43,0.09,3.24,31.0,prod_2026
147623,YPF.Nq.LLL-743(d),2026-08,YPF S.A.,LOMA CAMPANA-LLL,VACA MUERTA,Extracción Efectiva,Petrolífero,Plunger Lift,EXPLOTACION,3065.0,,,28.08,0.25,3.24,31.0,prod_2026
147624,YPF.Nq.LLL-744,2026-08,YPF S.A.,LOMA CAMPANA-LLL,VACA MUERTA,Extracción Efectiva,Petrolífero,Plunger Lift,EXPLOTACION,3026.0,,,109.63,1.0,2.65,31.0,prod_2026
147625,YPF.Nq.LLL-745(d),2026-08,YPF S.A.,LOMA CAMPANA-LLL,VACA MUERTA,Extracción Efectiva,Petrolífero,Surgencia Natural,EXPLOTACION,3101.0,,,44.47,21.88,1.47,31.0,prod_2026
147626,YPF.Nq.LLL-746(d),2026-08,YPF S.A.,LOMA CAMPANA-LLL,VACA MUERTA,Extracción Efectiva,Petrolífero,Plunger Lift,EXPLOTACION,3092.0,,,34.32,53.54,50.66,31.0,prod_2026
147627,YPF.Nq.LLL-751(d),2026-08,YPF S.A.,LOMA CAMPANA-LLL,VACA MUERTA,Extracción Efectiva,Petrolífero,Plunger Lift,EXPLOTACION,3097.0,,,21.36,27.78,18.26,31.0,prod_2026
147628,YPF.Nq.LLL-760(d),2026-08,YPF S.A.,LOMA CAMPANA-LLL,VACA MUERTA,Extracción Efectiva,Petrolífero,Plunger Lift,EXPLOTACION,3071.0,,,7.63,11.96,3.83,31.0,prod_2026
147629,YPF.Nq.LLL-761(d),2026-08,YPF S.A.,LOMA CAMPANA-LLL,VACA MUERTA,Extracción Efectiva,Petrolífero,Plunger Lift,EXPLOTACION,3089.0,,,16.21,7.29,2.65,31.0,prod_2026
147630,YPF.Nq.LLL-762(d),2026-08,YPF S.A.,LOMA CAMPANA-LLL,VACA MUERTA,Extracción Efectiva,Petrolífero,Plunger Lift,EXPLOTACION,3067.0,,,9.18,21.37,2.65,31.0,prod_2026
147631,YPF.Nq.LLL-763(d),2026-08,YPF S.A.,LOMA CAMPANA-LLL,VACA MUERTA,Extracción Efectiva,Petrolífero,Plunger Lift,EXPLOTACION,3081.0,,,34.27,8.07,2.95,31.0,prod_2026
147641,YPF.Nq.SOil-57(d),2026-08,YPF S.A.,LOMA CAMPANA,VACA MUERTA,En Estudio,Otro tipo,Surgencia Natural,EXPLOTACION,3203.0,,,0.0,0.0,0.0,0.0,prod_2026
147642,YPF.Nq.SOil-61(d),2026-08,YPF S.A.,LOMA CAMPANA,VACA MUERTA,Extracción Efectiva,Petrolífero,Surgencia Natural,EXPLOTACION,3193.0,,,6.75,4.3,589.02,31.0,prod_2026
152794,PLU.Nq.PSO.x-1009(h),2026-08,GEOPARK ARGENTINA S.A.,PUESTO SILVA OESTE,VACA MUERTA,Extracción Efectiva,Petrolífero,Bombeo Mecánico,EXPLORACION,3903.08,,,108.6669,0.0,0.0,31.0,prod_2026
152850,YPF.Nq.LLL-667(d),2026-08,YPF S.A.,LOMA CAMPANA-LLL,VACA MUERTA,Extracción Efectiva,Petrolífero,Plunger Lift,EXPLOTACION,2973.0,,,13.56,2.09,5.64,31.0,prod_2026
152851,YPF.Nq.LLL-668(d),2026-08,YPF S.A.,LOMA CAMPANA-LLL,VACA MUERTA,Extracción Efectiva,Petrolífero,Surgencia Natural,EXPLOTACION,2984.0,,,10.13,3.31,1.84,31.0,prod_2026
152852,YPF.Nq.LLL-669(d),2026-08,YPF S.A.,LOMA CAMPANA-LLL,VACA MUERTA,Extracción Efectiva,Petrolífero,Plunger Lift,EXPLOTACION,3026.0,,,10.73,4.31,48.01,31.0,prod_2026
152853,YPF.Nq.LLL-716(d),2026-08,YPF S.A.,LOMA CAMPANA-LLL,VACA MUERTA,Extracción Efectiva,Petrolífero,Plunger Lift,EXPLOTACION,3055.0,,,17.14,18.89,0.3,31.0,prod_2026
152854,YPF.Nq.LLL-747(d),2026-08,YPF S.A.,LOMA CAMPANA-LLL,VACA MUERTA,Extracción Efectiva,Petrolífero,Plunger Lift,EXPLOTACION,3111.0,,,30.27,22.74,3.53,31.0,prod_2026
152855,YPF.Nq.LLL-748(d),2026-08,YPF S.A.,LOMA CAMPANA-LLL,VACA MUERTA,Extracción Efectiva,Petrolífero,Surgencia Natural,EXPLOTACION,3085.0,,,67.83,28.65,1.47,31.0,prod_2026
152856,YPF.Nq.LLL-749(d),2026-08,YPF S.A.,LOMA CAMPANA-LLL,VACA MUERTA,Extracción Efectiva,Petrolífero,Plunger Lift,EXPLOTACION,3093.0,,,10.22,9.48,18.26,31.0,prod_2026
152857,YPF.Nq.LLL-750(d),2026-08,YPF S.A.,LOMA CAMPANA-LLL,VACA MUERTA,Extracción Efectiva,Petrolífero,Plunger Lift,EXPLOTACION,3065.0,,,46.55,33.46,23.86,31.0,prod_2026
152858,YPF.Nq.LLL-752(d),2026-08,YPF S.A.,LOMA CAMPANA-LLL,VACA MUERTA,Extracción Efectiva,Petrolífero,Plunger Lift,EXPLOTACION,3089.0,,,51.03,10.25,4.12,31.0,prod_2026
152859,YPF.Nq.LLL-757(d),2026-08,YPF S.A.,LOMA CAMPANA-LLL,VACA MUERTA,Extracción Efectiva,Petrolífero,Plunger Lift,EXPLOTACION,3114.0,,,8.28,25.71,31.22,31.0,prod_2026
152860,YPF.Nq.LLL-758,2026-08,YPF S.A.,LOMA CAMPANA-LLL,VACA MUERTA,Extracción Efectiva,Petrolífero,Plunger Lift,EXPLOTACION,3073.0,,,58.03,24.21,15.32,31.0,prod_2026
152861,YPF.Nq.LLL-759(d),2026-08,YPF S.A.,LOMA CAMPANA-LLL,VACA MUERTA,Extracción Efectiva,Petrolífero,Plunger Lift,EXPLOTACION,3115.0,,,93.12,24.33,20.91,31.0,prod_2026
152863,YPF.Nq.LLL-840(d),2026-08,YPF S.A.,LOMA CAMPANA-LLL,VACA MUERTA,Extracción Efectiva,Petrolífero,Plunger Lift,EXPLOTACION,2856.0,,,0.0,0.0,0.0,0.0,prod_2026
152876,YPF.Nq.SOil-48(d),2026-08,YPF S.A.,LOMA CAMPANA,VACA MUERTA,A Abandonar,Otro tipo,Surgencia Natural,EXPLOTACION,3145.0,,,0.0,0.0,0.0,0.0,prod_2026
152877,YPF.Nq.SOil-50(d),2026-08,YPF S.A.,LOMA CAMPANA,VACA MUERTA,A Abandonar,Otro tipo,Bombeo Mecánico,EXPLOTACION,3192.0,,,0.0,0.0,0.0,0.0,prod_2026
152937,YPF.Nq.ADC.x-0003,2026-08,CAPEX S.A.,AGUA DEL CAJON,VACA MUERTA,Parado Transitoriamente,Gasífero,Surgencia Natural,EXPLORACION,2821.0,,,0.0,0.0,0.0,0.0,prod_2026
152938,YPF.Nq.ADC-0015,2026-08,CAPEX S.A.,AGUA DEL CAJON,VACA MUERTA,Extracción Efectiva,Gasífero,Gas Lift,EXPLOTACION,2750.0,,,39.05,6.2,5.09,31.0,prod_2026
152939,YPF.Nq.ADC-0033,2026-08,CAPEX S.A.,AGUA DEL CAJON,VACA MUERTA,Extracción Efectiva,Gasífero,Gas Lift,EXPLOTACION,2676.0,,,11.25,2.35,20.33,10.0,prod_2026
152940,YPF.Nq.ADC-0042,2026-08,CAPEX S.A.,AGUA DEL CAJON,VACA MUERTA,Extracción Efectiva,Gasífero,Surgencia Natural,EXPLOTACION,2643.0,,,14.12,2.35,5.23,30.0,prod_2026
152986,YPF.Nq.LLL-755(d),2026-08,YPF S.A.,LOMA CAMPANA-LLL,VACA MUERTA,Extracción Efectiva,Petrolífero,Plunger Lift,EXPLOTACION,3089.0,,,49.72,11.44,12.66,31.0,prod_2026
152987,YPF.Nq.LLL-756(d),2026-08,YPF S.A.,LOMA CAMPANA-LLL,VACA MUERTA,Extracción Efectiva,Petrolífero,Plunger Lift,EXPLOTACION,3088.0,,,18.85,20.57,1.47,31.0,prod_2026
152988,YPF.Nq.LLL-834(d),2026-08,YPF S.A.,LOMA CAMPANA-LLL,VACA MUERTA,Extracción Efectiva,Petrolífero,Plunger Lift,EXPLOTACION,3035.0,,,19.22,7.42,2.06,31.0,prod_2026
152989,YPF.Nq.LLL-835(d),2026-08,YPF S.A.,LOMA CAMPANA-LLL,VACA MUERTA,Extracción Efectiva,Petrolífero,Plunger Lift,EXPLOTACION,3068.0,,,32.14,16.89,3.83,31.0,prod_2026
152990,YPF.Nq.LLL-836(d),2026-08,YPF S.A.,LOMA CAMPANA-LLL,VACA MUERTA,Extracción Efectiva,Petrolífero,Plunger Lift,EXPLOTACION,3085.0,,,61.02,8.76,10.01,31.0,prod_2026
152991,YPF.Nq.LLL-837(d),2026-08,YPF S.A.,LOMA CAMPANA-LLL,VACA MUERTA,Extracción Efectiva,Petrolífero,Surgencia Natural,EXPLOTACION,3105.0,,,5.36,15.0,8.84,31.0,prod_2026
152993,YPF.Nq.LLL-990(h),2026-08,YPF S.A.,LOMA CAMPANA-LLL,VACA MUERTA,Extracción Efectiva,Petrolífero,Bombeo Mecánico,EXPLOTACION,4700.0,,,178.3,7.62,16.5,31.0,prod_2026
152994,YPF.Nq.LLL-991(h),2026-08,YPF S.A.,LOMA CAMPANA-LLL,VACA MUERTA,Extracción Efectiva,Petrolífero,Surgencia Natural,EXPLOTACION,4540.0,,,120.69,13.87,21.8,31.0,prod_2026
152995,YPF.Nq.LLL-993,2026-08,YPF S.A.,LOMA CAMPANA-LLL,VACA MUERTA,Parado Transitoriamente,Petrolífero,Surgencia Natural,EXPLOTACION,3216.0,,,0.0,0.0,0.0,0.0,prod_2026
153074,TAU.Nq.RCza.e-5(h),2026-08,VACA MUERTA INVERSIONES SAU,RINCON LA CENIZA,VACA MUERTA,Extracción Efectiva,Gasífero,Surgencia Natural,EXPLORACION,4195.2,,,0.0,0.0,0.0,0.0,prod_2026
153076,XOM.Nq.LaI.x-3(h),2026-08,PLUSPETROL CUENCA NEUQUINA S.R.L.,LA INVERNADA,VACA MUERTA,Otras Situación Inactivo,Petrolífero,Sin Sistema de Extracción,EXPLORACION,3677.0,,,0.0,0.0,0.0,0.0,prod_2026
153144,YPF.Nq.BAñ.x-7,2026-08,SHELL ARGENTINA S.A.,BAJADA DE AÑELO,VACA MUERTA,A Abandonar,Otro tipo,Surgencia Natural,EXPLORACION,2805.0,,,0.0,0.0,0.0,0.0,prod_2026
153154,YPF.Nq.LLL-838(d),2026-08,YPF S.A.,LOMA CAMPANA-LLL,VACA MUERTA,Extracción Efectiva,Petrolífero,Plunger Lift,EXPLOTACION,3042.0,,,8.57,9.42,0.3,31.0,prod_2026
153155,YPF.Nq.LLL-839(d),2026-08,YPF S.A.,LOMA CAMPANA-LLL,VACA MUERTA,Extracción Efectiva,Petrolífero,Plunger Lift,EXPLOTACION,3052.0,,,0.47,5.96,3.83,31.0,prod_2026
153156,YPF.Nq.LLL-841(d),2026-08,YPF S.A.,LOMA CAMPANA-LLL,VACA MUERTA,Extracción Efectiva,Petrolífero,Plunger Lift,EXPLOTACION,3106.0,,,54.89,3.86,5.01,31.0,prod_2026
153157,YPF.Nq.LLL-911(d),2026-08,YPF S.A.,LOMA CAMPANA-LLL,VACA MUERTA,Extracción Efectiva,Petrolífero,Plunger Lift,EXPLOTACION,3060.0,,,20.1,16.45,25.62,31.0,prod_2026
153158,YPF.Nq.LLL-912(d),2026-08,YPF S.A.,LOMA CAMPANA-LLL,VACA MUERTA,Extracción Efectiva,Petrolífero,Plunger Lift,EXPLOTACION,3024.0,,,30.42,87.16,21.5,31.0,prod_2026
153159,YPF.Nq.LLL-926(d),2026-08,YPF S.A.,LOMA CAMPANA-LLL,VACA MUERTA,Extracción Efectiva,Petrolífero,Plunger Lift,EXPLOTACION,3020.0,,,2.79,4.86,1.47,31.0,prod_2026
153160,YPF.Nq.LLL-927(d),2026-08,YPF S.A.,LOMA CAMPANA-LLL,VACA MUERTA,Extracción Efectiva,Petrolífero,Plunger Lift,EXPLOTACION,3058.0,,,5.13,5.18,0.59,31.0,prod_2026
153161,YPF.Nq.LLL-928(d),2026-08,YPF S.A.,LOMA CAMPANA-LLL,VACA MUERTA,Extracción Efectiva,Petrolífero,Plunger Lift,EXPLOTACION,3025.0,,,10.41,2.4,14.43,31.0,prod_2026
153162,YPF.Nq.LLL-929(d),2026-08,YPF S.A.,LOMA CAMPANA-LLL,VACA MUERTA,Extracción Efectiva,Petrolífero,Plunger Lift,EXPLOTACION,3026.0,,,21.51,19.62,2.36,31.0,prod_2026
153163,YPF.Nq.LLL-974(d),2026-08,YPF S.A.,LOMA CAMPANA-LLL,VACA MUERTA,Extracción Efectiva,Petrolífero,Plunger Lift,EXPLOTACION,3005.0,,,11.32,26.99,0.88,31.0,prod_2026
153164,YPF.Nq.LLL-975(d),2026-08,YPF S.A.,LOMA CAMPANA-LLL,VACA MUERTA,Extracción Efectiva,Petrolífero,Plunger Lift,EXPLOTACION,3005.0,,,3.25,10.34,1.18,31.0,prod_2026
153218,PLU.RN.DCo.x-1,2017-07,PLUSPETROL S.A.,CINCO SALTOS,VACA MUERTA,Parado Transitoriamente,Petrolífero,Sin Sistema de Extracción,EXPLORACION,2919.0,-68.176387,-38.47493,0.0,0.0,0.0,0.0,no_conv_historico
153313,YPF.Nq.CoPa.x-1,2018-07,YPF S.A.,CERRO PARTIDO,VACA MUERTA,En Estudio,Otro tipo,Surgencia Natural,EXPLORACION,2547.0,-69.80531259,-38.64398342,0.0,0.0,0.0,0.0,no_conv_historico
153318,YPF.Nq.EOr-19,2026-08,YPF S.A.,EL OREJANO,VACA MUERTA,En Estudio,Otro tipo,Surgencia Natural,EXPLOTACION,2885.0,,,0.0,0.0,0.0,0.0,prod_2026
153319,YPF.Nq.EOr-20(d),2026-08,YPF S.A.,EL OREJANO,VACA MUERTA,Abandonado,Otro tipo,Surgencia Natural,EXPLOTACION,2925.0,,,0.0,0.0,0.0,0.0,prod_2026
153322,YPF.Nq.LLL-754(d),2026-08,YPF S.A.,LOMA CAMPANA-LLL,VACA MUERTA,Extracción Efectiva,Petrolífero,Plunger Lift,EXPLOTACION,3065.0,,,49.43,13.32,2.36,31.0,prod_2026
153323,YPF.Nq.LLL-820(d),2026-08,YPF S.A.,LOMA CAMPANA-LLL,VACA MUERTA,Extracción Efectiva,Petrolífero,Plunger Lift,EXPLOTACION,3089.0,,,19.13,18.18,5.6,31.0,prod_2026
153324,YPF.Nq.LLL-821(d),2026-08,YPF S.A.,LOMA CAMPANA-LLL,VACA MUERTA,Extracción Efectiva,Petrolífero,Plunger Lift,EXPLOTACION,3099.0,,,19.81,18.68,2.95,31.0,prod_2026
153325,YPF.Nq.LLL-822(d),2026-08,YPF S.A.,LOMA CAMPANA-LLL,VACA MUERTA,Extracción Efectiva,Petrolífero,Surgencia Natural,EXPLOTACION,3058.0,,,40.54,19.23,11.19,31.0,prod_2026
153326,YPF.Nq.LLL-823(d),2026-08,YPF S.A.,LOMA CAMPANA-LLL,VACA MUERTA,Extracción Efectiva,Petrolífero,Plunger Lift,EXPLOTACION,3067.0,,,41.65,9.23,6.77,31.0,prod_2026
153327,YPF.Nq.LLL-824(d),2026-08,YPF S.A.,LOMA CAMPANA-LLL,VACA MUERTA,Extracción Efectiva,Petrolífero,Surgencia Natural,EXPLOTACION,3078.0,,,44.26,21.04,1.47,31.0,prod_2026
153328,YPF.Nq.LLL-825(d),2026-08,YPF S.A.,LOMA CAMPANA-LLL,VACA MUERTA,Extracción Efectiva,Petrolífero,Surgencia Natural,EXPLOTACION,3097.0,,,26.81,17.64,2.65,31.0,prod_2026
153329,YPF.Nq.LLL-846(d),2026-08,YPF S.A.,LOMA CAMPANA-LLL,VACA MUERTA,Extracción Efectiva,Petrolífero,Plunger Lift,EXPLOTACION,3042.0,,,17.25,17.63,9.54,31.0,prod_2026
153330,YPF.Nq.LLL-847(d),2026-08,YPF S.A.,LOMA CAMPANA-LLL,VACA MUERTA,Extracción Efectiva,Petrolífero,Plunger Lift,EXPLOTACION,3053.0,,,6.75,2.74,1.47,31.0,prod_2026
153331,YPF.Nq.LLL-900(d),2026-08,YPF S.A.,LOMA CAMPANA-LLL,VACA MUERTA,Extracción Efectiva,Petrolífero,Plunger Lift,EXPLOTACION,3057.0,,,19.07,15.39,18.26,31.0,prod_2026
153332,YPF.Nq.LLL-901(d),2026-08,YPF S.A.,LOMA CAMPANA-LLL,VACA MUERTA,Extracción Efectiva,Petrolífero,Plunger Lift,EXPLOTACION,3025.0,,,28.92,22.43,15.9,31.0,prod_2026
153333,YPF.Nq.LLL-913(d),2026-08,YPF S.A.,LOMA CAMPANA-LLL,VACA MUERTA,Extracción Efectiva,Petrolífero,Plunger Lift,EXPLOTACION,3059.0,,,3.51,7.39,0.59,31.0,prod_2026
153336,YPF.Nq.LLL-972(d),2026-08,YPF S.A.,LOMA CAMPANA-LLL,VACA MUERTA,Extracción Efectiva,Petrolífero,Plunger Lift,EXPLOTACION,3039.0,,,0.88,2.51,15.9,31.0,prod_2026
153338,YPF.Nq.LLL-973(d),2026-08,YPF S.A.,LOMA CAMPANA-LLL,VACA MUERTA,Extracción Efectiva,Petrolífero,Plunger Lift,EXPLOTACION,3007.0,,,3.56,9.46,15.9,31.0,prod_2026
153346,YPF.Nq.SOil-174,2026-08,YPF S.A.,LOMA CAMPANA,VACA MUERTA,Parado Transitoriamente,Petrolífero,Surgencia Natural,EXPLOTACION,3256.0,,,0.0,0.0,0.0,0.0,prod_2026
153358,SHE.Nqn.AM.e-5(h),2026-08,VISTA ENERGY ARGENTINA SAU,AGUILA MORA,VACA MUERTA,Extracción Efectiva,Petrolífero,Surgencia Natural,EXPLORACION,4832.0,,,118.06,16.321,46.544,28.676,prod_2026
153389,YPF.Md.VG-x 1,2026-08,G Y G OIL SERVICE SRL,VEGA GRANDE,VACA MUERTA,Extracción Efectiva,Petrolífero,Bombeo Mecánico,EXPLORACION,2758.0,,,0.0,0.0,0.0,0.0,prod_2026
153461,YPF.Nq.EOr-7(d),2026-08,YPF S.A.,EL OREJANO,VACA MUERTA,En Estudio,Otro tipo,Surgencia Natural,EXPLOTACION,2933.0,,,0.0,0.0,0.0,0.0,prod_2026
153462,YPF.Nq.EOr-8(d),2026-08,YPF S.A.,EL OREJANO,VACA MUERTA,En Estudio,Otro tipo,Surgencia Natural,EXPLOTACION,2903.0,,,0.0,0.0,0.0,0.0,prod_2026
153468,YPF.Nq.LLL-832(d),2026-08,YPF S.A.,LOMA CAMPANA-LLL,VACA MUERTA,Extracción Efectiva,Petrolífero,Surgencia Natural,EXPLOTACION,3145.0,,,52.26,19.92,9.42,31.0,prod_2026
153469,YPF.Nq.LLL-914(d),2026-08,YPF S.A.,LOMA CAMPANA-LLL,VACA MUERTA,Extracción Efectiva,Petrolífero,Plunger Lift,EXPLOTACION,3065.0,,,6.09,17.72,8.25,31.0,prod_2026
153470,YPF.Nq.LLL-915(d),2026-08,YPF S.A.,LOMA CAMPANA-LLL,VACA MUERTA,Extracción Efectiva,Petrolífero,Plunger Lift,EXPLOTACION,3052.0,,,3.12,19.22,8.25,31.0,prod_2026
153471,YPF.Nq.LLL-916(d),2026-08,YPF S.A.,LOMA CAMPANA-LLL,VACA MUERTA,Extracción Efectiva,Petrolífero,Plunger Lift,EXPLOTACION,3045.0,,,4.31,12.87,2.95,31.0,prod_2026
153472,YPF.Nq.LLL-917,2026-08,YPF S.A.,LOMA CAMPANA-LLL,VACA MUERTA,Extracción Efectiva,Petrolífero,Plunger Lift,EXPLOTACION,3012.0,,,5.13,5.14,22.68,31.0,prod_2026
153473,YPF.Nq.LLL-978(d),2026-08,YPF S.A.,LOMA CAMPANA-LLL,VACA MUERTA,Extracción Efectiva,Petrolífero,Plunger Lift,EXPLOTACION,2992.0,,,3.64,12.93,5.6,31.0,prod_2026
153474,YPF.Nq.LLL-988(d),2026-08,YPF S.A.,LOMA CAMPANA-LLL,VACA MUERTA,Extracción Efectiva,Petrolífero,Bombeo Mecánico,EXPLOTACION,3220.0,,,116.59,14.94,32.24,30.96,prod_2026
153540,TAU.Nq.APGe-112(h),2026-08,TOTAL AUSTRAL S.A.,AGUADA PICHANA ESTE VACA MUERTA,VACA MUERTA,Extracción Efectiva,Gasífero,Surgencia Natural,EXPLOTACION,3945.0,,,0.0,304.945,18.66841,30.08333,prod_2026
153541,TAU.Nq.APGe-113(h),2026-08,TOTAL AUSTRAL S.A.,AGUADA PICHANA ESTE VACA MUERTA,VACA MUERTA,Otras Situación Activo,Gasífero,Surgencia Natural,EXPLOTACION,4070.0,,,0.0,0.0,0.0,0.0,prod_2026
153588,YPF.MdN.LaVa.x-1,2026-08,VENOIL S.A.,MIRADOR DEL VALLE,VACA MUERTA,A Abandonar,Otro tipo,Bombeo Mecánico,EXPLORACION,2390.0,,,0.0,0.0,0.0,0.0,prod_2026
153594,YPF.Nq.LLL-826(d),2026-08,YPF S.A.,LOMA CAMPANA-LLL,VACA MUERTA,Extracción Efectiva,Petrolífero,Plunger Lift,EXPLOTACION,3112.0,,,11.97,26.56,0.3,31.0,prod_2026
153595,YPF.Nq.LLL-827(d),2026-08,YPF S.A.,LOMA CAMPANA-LLL,VACA MUERTA,Extracción Efectiva,Petrolífero,Plunger Lift,EXPLOTACION,3155.0,,,7.7,15.13,3.83,31.0,prod_2026
153596,YPF.Nq.LLL-828(d),2026-08,YPF S.A.,LOMA CAMPANA-LLL,VACA MUERTA,Extracción Efectiva,Petrolífero,Plunger Lift,EXPLOTACION,3069.0,,,11.07,16.41,3.83,31.0,prod_2026
153597,YPF.Nq.LLL-829(d),2026-08,YPF S.A.,LOMA CAMPANA-LLL,VACA MUERTA,Extracción Efectiva,Petrolífero,Plunger Lift,EXPLOTACION,3050.0,,,4.65,13.22,8.25,31.0,prod_2026
153598,YPF.Nq.LLL-830(d),2026-08,YPF S.A.,LOMA CAMPANA-LLL,VACA MUERTA,Extracción Efectiva,Petrolífero,Surgencia Natural,EXPLOTACION,3068.0,,,35.38,12.54,2.65,31.0,prod_2026
153599,YPF.Nq.LLL-831(d),2026-08,YPF S.A.,LOMA CAMPANA-LLL,VACA MUERTA,Extracción Efectiva,Petrolífero,Plunger Lift,EXPLOTACION,3060.0,,,4.73,16.81,13.25,31.0,prod_2026
153600,YPF.Nq.LLL-833(d),2026-08,YPF S.A.,LOMA CAMPANA-LLL,VACA MUERTA,Extracción Efectiva,Petrolífero,Plunger Lift,EXPLOTACION,3132.0,,,7.68,28.58,8.54,31.0,prod_2026
153601,YPF.Nq.LLL-931(d),2026-08,YPF S.A.,LOMA CAMPANA-LLL,VACA MUERTA,Extracción Efectiva,Petrolífero,Surgencia Natural,EXPLOTACION,3015.0,,,1.43,3.82,0.59,31.0,prod_2026
153602,YPF.Nq.LLL-933(d),2026-08,YPF S.A.,LOMA CAMPANA-LLL,VACA MUERTA,Extracción Efectiva,Petrolífero,Surgencia Natural,EXPLOTACION,3019.0,,,2.38,59.72,7.66,31.0,prod_2026
153603,YPF.Nq.LLL-956(h),2026-08,YPF S.A.,LOMA CAMPANA-LLL,VACA MUERTA,Extracción Efectiva,Petrolífero,Plunger Lift,EXPLOTACION,4410.0,,,72.5,86.23,30.34,31.0,prod_2026
153604,YPF.Nq.LLL-957(h),2026-08,YPF S.A.,LOMA CAMPANA-LLL,VACA MUERTA,Extracción Efectiva,Petrolífero,Plunger Lift,EXPLOTACION,4377.0,,,54.8,57.83,49.18,31.0,prod_2026
153605,YPF.Nq.LLL-976(d),2026-08,YPF S.A.,LOMA CAMPANA-LLL,VACA MUERTA,Extracción Efectiva,Petrolífero,Plunger Lift,EXPLOTACION,2995.0,,,24.63,24.67,11.78,31.0,prod_2026
153606,YPF.Nq.LLL-977(d),2026-08,YPF S.A.,LOMA CAMPANA-LLL,VACA MUERTA,Extracción Efectiva,Petrolífero,Plunger Lift,EXPLOTACION,3013.0,,,51.27,20.79,13.84,31.0,prod_2026
153607,YPF.Nq.LLL-979(d),2026-08,YPF S.A.,LOMA CAMPANA-LLL,VACA MUERTA,Extracción Efectiva,Petrolífero,Plunger Lift,EXPLOTACION,3009.0,,,7.83,20.5,17.08,31.0,prod_2026
153608,YPF.Nq.LLL-989,2026-08,YPF S.A.,LOMA CAMPANA-LLL,VACA MUERTA,Abandonado,Otro tipo,Surgencia Natural,EXPLOTACION,3146.0,,,0.0,0.0,0.0,0.0,prod_2026
153620,YPF.Nq.SOil-177(h),2026-08,YPF S.A.,LOMA CAMPANA,VACA MUERTA,Extracción Efectiva,Petrolífero,Bombeo Mecánico,EXPLOTACION,4591.0,,,464.41,60.01,65.38,31.0,prod_2026
153621,YPF.Nq.SOil-178(h),2026-08,YPF S.A.,LOMA CAMPANA,VACA MUERTA,Parado Transitoriamente,Petrolífero,Bombeo Mecánico,EXPLOTACION,4466.0,,,0.0,0.0,0.0,0.0,prod_2026
153622,YPF.Nq.SOil-179(h),2026-08,YPF S.A.,LOMA CAMPANA,VACA MUERTA,Extracción Efectiva,Petrolífero,Bombeo Mecánico,EXPLOTACION,4510.0,,,341.36,75.17,35.3,30.96,prod_2026
153644,ROC.NQ.CAS.x-16,2026-08,PAN AMERICAN ENERGY SL,COIRON AMARGO SUR ESTE,VACA MUERTA,En Estudio,Petrolífero,Surgencia Natural,EXPLORACION,3159.0,,,0.0,0.0,0.0,0.0,prod_2026
153705,TAU.Nq.APGe-111(h),2026-08,TOTAL AUSTRAL S.A.,AGUADA PICHANA ESTE VACA MUERTA,VACA MUERTA,Extracción Efectiva,Gasífero,Surgencia Natural,EXPLOTACION,3924.0,,,0.0,375.8437,9.836144,30.42361,prod_2026
153745,YPF.Nq.LLL-1143(d),2026-08,YPF S.A.,LOMA CAMPANA-LLL,VACA MUERTA,Extracción Efectiva,Petrolífero,Plunger Lift,EXPLOTACION,2977.0,,,286.06,0.89,0.0,31.0,prod_2026
153746,YPF.Nq.LLL-1144(d),2026-08,YPF S.A.,LOMA CAMPANA-LLL,VACA MUERTA,Extracción Efectiva,Petrolífero,Plunger Lift,EXPLOTACION,2960.0,,,14.23,8.62,24.15,31.0,prod_2026
153747,YPF.Nq.LLL-1145(d),2026-08,YPF S.A.,LOMA CAMPANA-LLL,VACA MUERTA,Extracción Efectiva,Petrolífero,Plunger Lift,EXPLOTACION,2969.0,,,2.79,4.98,2.36,31.0,prod_2026
153748,YPF.Nq.LLL-1146(d),2026-08,YPF S.A.,LOMA CAMPANA-LLL,VACA MUERTA,Extracción Efectiva,Petrolífero,Plunger Lift,EXPLOTACION,3006.0,,,5.03,0.75,1.47,31.0,prod_2026
153749,YPF.Nq.LLL-1148(d),2026-08,YPF S.A.,LOMA CAMPANA-LLL,VACA MUERTA,Extracción Efectiva,Petrolífero,Surgencia Natural,EXPLOTACION,3083.0,,,19.22,4.28,11.69,31.0,prod_2026
153751,YPF.Nq.LLL-902(d),2026-08,YPF S.A.,LOMA CAMPANA-LLL,VACA MUERTA,Extracción Efectiva,Petrolífero,Plunger Lift,EXPLOTACION,3082.0,,,15.28,10.39,41.23,31.0,prod_2026
153752,YPF.Nq.LLL-903(d),2026-08,YPF S.A.,LOMA CAMPANA-LLL,VACA MUERTA,Extracción Efectiva,Petrolífero,Plunger Lift,EXPLOTACION,3001.0,,,3.65,13.11,21.21,31.0,prod_2026
153753,YPF.Nq.LLL-904(d),2026-08,YPF S.A.,LOMA CAMPANA-LLL,VACA MUERTA,Extracción Efectiva,Petrolífero,Plunger Lift,EXPLOTACION,3014.0,,,1.33,6.72,5.83,31.0,prod_2026
153754,YPF.Nq.LLL-905(d),2026-08,YPF S.A.,LOMA CAMPANA-LLL,VACA MUERTA,Extracción Efectiva,Petrolífero,Plunger Lift,EXPLOTACION,3049.0,,,7.57,38.52,1.77,31.0,prod_2026
153755,YPF.Nq.LLL-907(d),2026-08,YPF S.A.,LOMA CAMPANA-LLL,VACA MUERTA,Extracción Efectiva,Petrolífero,Plunger Lift,EXPLOTACION,3003.0,,,31.87,11.04,1.97,31.0,prod_2026
153756,YPF.Nq.LLL-908(d),2026-08,YPF S.A.,LOMA CAMPANA-LLL,VACA MUERTA,Extracción Efectiva,Petrolífero,Plunger Lift,EXPLOTACION,3108.0,,,21.13,17.9,3.53,31.0,prod_2026
153757,YPF.Nq.LLL-909(d),2026-08,YPF S.A.,LOMA CAMPANA-LLL,VACA MUERTA,Extracción Efectiva,Petrolífero,Plunger Lift,EXPLOTACION,3097.0,,,13.18,20.65,57.72,31.0,prod_2026
153758,YPF.Nq.LLL-938(d),2026-08,YPF S.A.,LOMA CAMPANA-LLL,VACA MUERTA,Extracción Efectiva,Petrolífero,Plunger Lift,EXPLOTACION,3017.0,,,15.41,16.11,26.21,31.0,prod_2026
153759,YPF.Nq.LLL-939(d),2026-08,YPF S.A.,LOMA CAMPANA-LLL,VACA MUERTA,Extracción Efectiva,Petrolífero,Plunger Lift,EXPLOTACION,2982.0,,,18.31,40.6,8.25,31.0,prod_2026
153760,YPF.Nq.LLL-940(d),2026-08,YPF S.A.,LOMA CAMPANA-LLL,VACA MUERTA,Extracción Efectiva,Petrolífero,Plunger Lift,EXPLOTACION,2973.0,,,14.89,8.04,0.59,31.0,prod_2026
153761,YPF.Nq.LLL-941(d),2026-08,YPF S.A.,LOMA CAMPANA-LLL,VACA MUERTA,Extracción Efectiva,Petrolífero,Plunger Lift,EXPLOTACION,2978.0,,,7.99,13.29,10.01,31.0,prod_2026
153762,YPF.Nq.LLL-950(d),2026-08,YPF S.A.,LOMA CAMPANA-LLL,VACA MUERTA,Extracción Efectiva,Petrolífero,Plunger Lift,EXPLOTACION,3031.0,,,6.05,1.59,0.3,31.0,prod_2026
153763,YPF.Nq.LLL.a-340,2026-08,YPF S.A.,LOMA LA LATA,VACA MUERTA,Extracción Efectiva,Gasífero,Surgencia Natural,EXPLOTACION,3414.0,,,0.0,0.0,0.0,0.0,prod_2026
153764,YPF.Nq.LRi.x-1,2026-08,YPF S.A.,LA RIBERA BLOQUE I,VACA MUERTA,Extracción Efectiva,Gasífero,Surgencia Natural,EXPLORACION,3028.0,,,16.36,78.43,45.04,29.48,prod_2026
153773,YPF.Nq.SOil-176(h),2026-08,YPF S.A.,LOMA CAMPANA,VACA MUERTA,Extracción Efectiva,Petrolífero,Bombeo Mecánico,EXPLOTACION,4626.0,,,291.41,31.06,82.36,30.0,prod_2026
153794,ROC.NQ.CAS.x-15,2026-08,PAN AMERICAN ENERGY SL,COIRON AMARGO SUR ESTE,VACA MUERTA,Abandonado,Petrolífero,Sin Sistema de Extracción,EXPLORACION,3163.0,,,0.0,0.0,0.0,0.0,prod_2026
153806,TAU.Nq.APGe-211(h),2026-08,TOTAL AUSTRAL S.A.,AGUADA PICHANA ESTE VACA MUERTA,VACA MUERTA,Extracción Efectiva,Gasífero,Surgencia Natural,EXPLOTACION,4040.0,,,0.0,230.3624,25.28343,29.82639,prod_2026
153861,YPF.Nq.BdT.x-4(d),2026-08,YPF S.A.,BAJO DEL TORO NORTE,VACA MUERTA,A Abandonar,Otro tipo,Sin Sistema de Extracción,EXPLORACION,3770.0,,,0.0,0.0,0.0,0.0,prod_2026
153867,YPF.Nq.LLL-1147(d),2026-08,YPF S.A.,LOMA CAMPANA-LLL,VACA MUERTA,Extracción Efectiva,Petrolífero,Plunger Lift,EXPLOTACION,3100.0,,,8.23,38.06,3.53,31.0,prod_2026
153869,YPF.Nq.LLL-717(d),2026-08,YPF S.A.,LOMA CAMPANA-LLL,VACA MUERTA,Extracción Efectiva,Petrolífero,Plunger Lift,EXPLOTACION,3053.0,,,4.56,9.21,0.3,31.0,prod_2026
153872,YPF.Nq.LLL-906(d),2026-08,YPF S.A.,LOMA CAMPANA-LLL,VACA MUERTA,Extracción Efectiva,Petrolífero,Plunger Lift,EXPLOTACION,3035.0,,,34.69,40.76,70.68,31.0,prod_2026
153873,YPF.Nq.LLL-951(d),2026-08,YPF S.A.,LOMA CAMPANA-LLL,VACA MUERTA,Extracción Efectiva,Petrolífero,Plunger Lift,EXPLOTACION,3058.0,,,1.38,1.78,0.3,31.0,prod_2026
153874,YPF.Nq.LLL-953(d),2026-08,YPF S.A.,LOMA CAMPANA-LLL,VACA MUERTA,Extracción Efectiva,Petrolífero,Plunger Lift,EXPLOTACION,3042.0,,,2.06,2.26,0.3,31.0,prod_2026
153875,YPF.Nq.LLL-966(d),2026-08,YPF S.A.,LOMA CAMPANA-LLL,VACA MUERTA,Extracción Efectiva,Petrolífero,Surgencia Natural,EXPLOTACION,3046.0,,,9.22,37.37,2.65,31.0,prod_2026
153876,YPF.Nq.LLL-967(d),2026-08,YPF S.A.,LOMA CAMPANA-LLL,VACA MUERTA,Extracción Efectiva,Petrolífero,Plunger Lift,EXPLOTACION,3051.0,,,12.77,17.49,2.36,31.0,prod_2026
153877,YPF.Nq.LLL-968(d),2026-08,YPF S.A.,LOMA CAMPANA-LLL,VACA MUERTA,Extracción Efectiva,Petrolífero,Plunger Lift,EXPLOTACION,3042.0,,,9.58,24.19,10.31,31.0,prod_2026
153878,YPF.Nq.LLL-969(d),2026-08,YPF S.A.,LOMA CAMPANA-LLL,VACA MUERTA,Extracción Efectiva,Petrolífero,Plunger Lift,EXPLOTACION,3106.0,,,19.6,24.06,3.24,31.0,prod_2026
153879,YPF.Nq.LLL-970(d),2026-08,YPF S.A.,LOMA CAMPANA-LLL,VACA MUERTA,Extracción Efectiva,Petrolífero,Plunger Lift,EXPLOTACION,3089.0,,,8.15,20.23,2.36,31.0,prod_2026
153880,YPF.Nq.LLL-971(d),2026-08,YPF S.A.,LOMA CAMPANA-LLL,VACA MUERTA,Extracción Efectiva,Petrolífero,Plunger Lift,EXPLOTACION,3098.0,,,9.77,17.86,16.2,31.0,prod_2026
153881,YPF.Nq.LLL-981(d),2026-08,YPF S.A.,LOMA CAMPANA-LLL,VACA MUERTA,Extracción Efectiva,Petrolífero,Plunger Lift,EXPLOTACION,3006.0,,,5.41,2.76,1.47,31.0,prod_2026
153882,YPF.Nq.LLL-983(d),2026-08,YPF S.A.,LOMA CAMPANA-LLL,VACA MUERTA,Extracción Efectiva,Petrolífero,Plunger Lift,EXPLOTACION,2994.0,,,4.66,42.69,2.06,31.0,prod_2026
153890,YPF.Nq.NG-136(d),2026-08,YPF S.A.,SIERRA BARROSA,VACA MUERTA,Extracción Efectiva,Gasífero,Surgencia Natural,EXPLOTACION,1640.0,,,0.0,0.0,0.0,0.0,prod_2026
154185,YPF.Nq.EOr-11,2026-08,YPF S.A.,EL OREJANO,VACA MUERTA,En Estudio,Otro tipo,Surgencia Natural,EXPLOTACION,2877.0,,,0.0,0.0,0.0,0.0,prod_2026
154186,YPF.Nq.EOr-12(d),2026-08,YPF S.A.,EL OREJANO,VACA MUERTA,En Estudio,Otro tipo,Surgencia Natural,EXPLOTACION,2963.0,,,0.0,0.0,0.0,0.0,prod_2026
154187,YPF.Nq.EOr-21(h),2026-08,YPF S.A.,EL OREJANO,VACA MUERTA,En Espera de Reparación,Otro tipo,Surgencia Natural,EXPLOTACION,3991.0,,,0.0,0.0,0.0,0.0,prod_2026
154188,YPF.Nq.EOr-22(h),2026-08,YPF S.A.,EL OREJANO,VACA MUERTA,En Estudio,Otro tipo,Surgencia Natural,EXPLOTACION,4008.0,,,0.0,0.0,0.0,0.0,prod_2026
154190,YPF.Nq.LCav.x-7,2026-08,PAN AMERICAN ENERGY SL,BANDURRIA CENTRO,VACA MUERTA,Extracción Efectiva,Petrolífero,Gas Lift,EXPLORACION,3000.0,,,132.0528,37.91381,48.4412,29.16667,prod_2026
154191,YPF.Nq.LLL-1108(d),2026-08,YPF S.A.,LOMA CAMPANA-LLL,VACA MUERTA,Extracción Efectiva,Petrolífero,Plunger Lift,EXPLOTACION,3008.0,,,13.3,40.42,3.83,31.0,prod_2026
154192,YPF.Nq.LLL-1110(d),2026-08,YPF S.A.,LOMA CAMPANA-LLL,VACA MUERTA,Extracción Efectiva,Petrolífero,Plunger Lift,EXPLOTACION,2975.0,,,51.95,6.54,85.7,31.0,prod_2026
154193,YPF.Nq.LLL-678(d),2026-08,YPF S.A.,LOMA CAMPANA-LLL,VACA MUERTA,Extracción Efectiva,Petrolífero,Surgencia Natural,EXPLOTACION,2221.0,,,15.06,3.45,1370.81,12.58,prod_2026
154194,YPF.Nq.LLL-681(d),2026-08,YPF S.A.,LOMA CAMPANA-LLL,VACA MUERTA,Extracción Efectiva,Petrolífero,Plunger Lift,EXPLOTACION,3158.0,,,24.33,8.62,1.47,31.0,prod_2026
154199,YPF.Nq.LLL-946(d),2026-08,YPF S.A.,LOMA CAMPANA-LLL,VACA MUERTA,Extracción Efectiva,Petrolífero,Plunger Lift,EXPLOTACION,3052.0,,,16.72,14.81,5.01,31.0,prod_2026
154200,YPF.Nq.LLL-947(d),2026-08,YPF S.A.,LOMA CAMPANA-LLL,VACA MUERTA,Extracción Efectiva,Petrolífero,Plunger Lift,EXPLOTACION,3092.0,,,13.43,2.82,0.0,31.0,prod_2026
154201,YPF.Nq.LLL-949(d),2026-08,YPF S.A.,LOMA CAMPANA-LLL,VACA MUERTA,Extracción Efectiva,Petrolífero,Plunger Lift,EXPLOTACION,2073.0,,,22.63,39.43,14.14,31.0,prod_2026
154202,YPF.Nq.LLL-980(d),2026-08,YPF S.A.,LOMA CAMPANA-LLL,VACA MUERTA,Extracción Efectiva,Petrolífero,Plunger Lift,EXPLOTACION,2970.0,,,9.33,13.21,15.9,31.0,prod_2026
154203,YPF.Nq.LLL-982(d),2026-08,YPF S.A.,LOMA CAMPANA-LLL,VACA MUERTA,Extracción Efectiva,Petrolífero,Plunger Lift,EXPLOTACION,3004.0,,,1.85,7.6,0.3,31.0,prod_2026
154211,YPF.Nq.SOil-27(h),2026-08,YPF S.A.,LOMA CAMPANA,VACA MUERTA,Extracción Efectiva,Petrolífero,Surgencia Natural,EXPLOTACION,4572.0,,,3.41,4.3,0.0,31.0,prod_2026
154212,YPF.Nq.SOil-30(h),2026-08,YPF S.A.,LOMA CAMPANA,VACA MUERTA,Parado Transitoriamente,Petrolífero,Surgencia Natural,EXPLOTACION,4775.0,,,0.0,0.0,0.0,0.0,prod_2026
154220,TAU.Nq.APGe-212(h),2026-08,TOTAL AUSTRAL S.A.,AGUADA PICHANA ESTE VACA MUERTA,VACA MUERTA,Extracción Efectiva,Gasífero,Surgencia Natural,EXPLOTACION,3985.0,,,0.0,205.9105,24.36577,31.0,prod_2026
154554,YPF.Nq.LCav.x-8,2026-08,VISTA ENERGY ARGENTINA SAU,BANDURRIA NORTE,VACA MUERTA,Parado Transitoriamente,Petrolífero,Surgencia Natural,EXPLORACION,2893.0,,,0.0,0.0,0.0,0.0,prod_2026
154555,YPF.Nq.LDMo.x-2,2026-08,YPF S.A.,LOMA DEL MOLLE,VACA MUERTA,En Reserva de Gas,Gasífero,Surgencia Natural,EXPLORACION,3675.0,,,0.0,0.0,0.0,0.0,prod_2026
154556,YPF.Nq.LLL-1107(d),2026-08,YPF S.A.,LOMA CAMPANA-LLL,VACA MUERTA,Extracción Efectiva,Petrolífero,Plunger Lift,EXPLOTACION,3040.0,,,39.77,43.49,2.06,31.0,prod_2026
154557,YPF.Nq.LLL-1109(d),2026-08,YPF S.A.,LOMA CAMPANA-LLL,VACA MUERTA,Extracción Efectiva,Petrolífero,Plunger Lift,EXPLOTACION,3003.0,,,4.73,31.29,9.13,31.0,prod_2026
154558,YPF.Nq.LLL-1189(d),2026-08,YPF S.A.,LOMA CAMPANA-LLL,VACA MUERTA,Extracción Efectiva,Petrolífero,Plunger Lift,EXPLOTACION,3117.0,,,11.81,19.25,28.27,31.0,prod_2026
154559,YPF.Nq.LLL-1191(d),2026-08,YPF S.A.,LOMA CAMPANA-LLL,VACA MUERTA,Extracción Efectiva,Petrolífero,Plunger Lift,EXPLOTACION,3169.0,,,29.72,13.5,8.84,31.0,prod_2026
154562,YPF.Nq.LLL-918(d),2026-08,YPF S.A.,LOMA CAMPANA-LLL,VACA MUERTA,Extracción Efectiva,Petrolífero,Surgencia Natural,EXPLOTACION,2996.0,,,1.8,5.64,6.19,31.0,prod_2026
154563,YPF.Nq.LLL-919(d),2026-08,YPF S.A.,LOMA CAMPANA-LLL,VACA MUERTA,Extracción Efectiva,Petrolífero,Surgencia Natural,EXPLOTACION,3110.0,,,1.81,5.87,6.19,31.0,prod_2026
154564,YPF.Nq.LLL-920(d),2026-08,YPF S.A.,LOMA CAMPANA-LLL,VACA MUERTA,Extracción Efectiva,Petrolífero,Surgencia Natural,EXPLOTACION,3049.0,,,2.6,11.27,3.24,31.0,prod_2026
154565,YPF.Nq.LLL-921(d),2026-08,YPF S.A.,LOMA CAMPANA-LLL,VACA MUERTA,Extracción Efectiva,Petrolífero,Surgencia Natural,EXPLOTACION,3068.0,,,31.44,15.5,2.95,31.0,prod_2026
154566,YPF.Nq.LLL-922(d),2026-08,YPF S.A.,LOMA CAMPANA-LLL,VACA MUERTA,Extracción Efectiva,Petrolífero,Surgencia Natural,EXPLOTACION,3038.0,,,1.46,5.42,0.3,31.0,prod_2026
154567,YPF.Nq.LLL-923(d),2026-08,YPF S.A.,LOMA CAMPANA-LLL,VACA MUERTA,Extracción Efectiva,Petrolífero,Surgencia Natural,EXPLOTACION,3039.0,,,1.88,8.94,2.06,31.0,prod_2026
154568,YPF.Nq.LLL-924(d),2026-08,YPF S.A.,LOMA CAMPANA-LLL,VACA MUERTA,Extracción Efectiva,Petrolífero,Surgencia Natural,EXPLOTACION,3004.0,,,3.39,2.03,1.47,31.0,prod_2026
154569,YPF.Nq.LLL-925(d),2026-08,YPF S.A.,LOMA CAMPANA-LLL,VACA MUERTA,A Abandonar,Otro tipo,Surgencia Natural,EXPLOTACION,2984.0,,,0.0,0.0,0.0,0.0,prod_2026
154570,YPF.Nq.LLL-948(d),2026-08,YPF S.A.,LOMA CAMPANA-LLL,VACA MUERTA,Extracción Efectiva,Petrolífero,Plunger Lift,EXPLOTACION,3094.0,,,13.14,18.98,8.25,31.0,prod_2026
154571,YPF.Nq.LRiS.x-1,2026-08,YPF S.A.,LA RIBERA BLOQUE II,VACA MUERTA,A Abandonar,Otro tipo,Surgencia Natural,EXPLORACION,2968.0,,,0.0,0.0,0.0,0.0,prod_2026
154744,YPF.Nq.EOr-10(h),2026-08,YPF S.A.,EL OREJANO,VACA MUERTA,Abandonado,Otro tipo,Surgencia Natural,EXPLOTACION,4072.0,,,0.0,0.0,0.0,0.0,prod_2026
154745,YPF.Nq.EOr-25(d),2026-08,YPF S.A.,EL OREJANO,VACA MUERTA,En Estudio,Otro tipo,Surgencia Natural,EXPLOTACION,2912.0,,,0.0,0.0,0.0,0.0,prod_2026
154746,YPF.Nq.EOr-26(d),2026-08,YPF S.A.,EL OREJANO,VACA MUERTA,Abandonado,Otro tipo,Surgencia Natural,EXPLOTACION,2858.0,,,0.0,0.0,0.0,0.0,prod_2026
154747,YPF.Nq.EOr-9(h),2026-08,YPF S.A.,EL OREJANO,VACA MUERTA,A Abandonar,Otro tipo,Surgencia Natural,EXPLOTACION,3914.0,,,0.0,0.0,0.0,0.0,prod_2026
154748,YPF.Nq.LLL-1051(d),2026-08,YPF S.A.,LOMA CAMPANA-LLL,VACA MUERTA,Extracción Efectiva,Petrolífero,Plunger Lift,EXPLOTACION,3060.0,,,2.72,2.05,1.77,31.0,prod_2026
154749,YPF.Nq.LLL-1053(d),2026-08,YPF S.A.,LOMA CAMPANA-LLL,VACA MUERTA,Extracción Efectiva,Petrolífero,Plunger Lift,EXPLOTACION,3059.0,,,6.86,22.1,1.47,31.0,prod_2026
154750,YPF.Nq.LLL-1054(d),2026-08,YPF S.A.,LOMA CAMPANA-LLL,VACA MUERTA,Extracción Efectiva,Petrolífero,Plunger Lift,EXPLOTACION,3054.0,,,6.54,8.38,11.19,31.0,prod_2026
154751,YPF.Nq.LLL-1055(d),2026-08,YPF S.A.,LOMA CAMPANA-LLL,VACA MUERTA,Extracción Efectiva,Petrolífero,Plunger Lift,EXPLOTACION,3038.0,,,14.9,22.97,12.66,31.0,prod_2026
154752,YPF.Nq.LLL-1056(d),2026-08,YPF S.A.,LOMA CAMPANA-LLL,VACA MUERTA,En Estudio,Otro tipo,Surgencia Natural,EXPLOTACION,3034.0,,,0.0,0.0,0.0,0.0,prod_2026
154753,YPF.Nq.LLL-1057(d),2026-08,YPF S.A.,LOMA CAMPANA-LLL,VACA MUERTA,Extracción Efectiva,Petrolífero,Plunger Lift,EXPLOTACION,3057.0,,,7.85,7.1,11.78,31.0,prod_2026
154754,YPF.Nq.LLL-1062(d),2026-08,YPF S.A.,LOMA CAMPANA-LLL,VACA MUERTA,Extracción Efectiva,Petrolífero,Plunger Lift,EXPLOTACION,3093.0,,,9.23,8.82,0.3,31.0,prod_2026
154755,YPF.Nq.LLL-1063(d),2026-08,YPF S.A.,LOMA CAMPANA-LLL,VACA MUERTA,Extracción Efectiva,Petrolífero,Plunger Lift,EXPLOTACION,3013.0,,,1.77,4.07,0.0,31.0,prod_2026
154756,YPF.Nq.LLL-1064(d),2026-08,YPF S.A.,LOMA CAMPANA-LLL,VACA MUERTA,Extracción Efectiva,Petrolífero,Plunger Lift,EXPLOTACION,3045.0,,,5.83,6.23,0.3,31.0,prod_2026
154776,YPF.Nq.SOil-32(h),2026-08,YPF S.A.,LOMA CAMPANA,VACA MUERTA,A Abandonar,Otro tipo,Bombeo Mecánico,EXPLOTACION,4885.0,,,0.0,0.0,0.0,0.0,prod_2026
154777,YPF.Nq.SOil-34(h),2026-08,YPF S.A.,LOMA CAMPANA,VACA MUERTA,Extracción Efectiva,Petrolífero,Bombeo Mecánico,EXPLOTACION,4846.0,,,509.36,6.26,0.0,31.0,prod_2026
154790,SHE.Nq.SB.x-1005(h),2026-08,SHELL ARGENTINA S.A.,SIERRAS BLANCAS,VACA MUERTA,Extracción Efectiva,Petrolífero,Bombeo Mecánico,EXPLORACION,4826.0,,,196.5,27.87,34.91,28.71,prod_2026
154791,SHE.Nq.SB.x-1006(h),2026-08,SHELL ARGENTINA S.A.,SIERRAS BLANCAS,VACA MUERTA,Extracción Efectiva,Petrolífero,Bombeo Mecánico,EXPLORACION,4797.0,,,0.0,0.0,0.0,0.0,prod_2026
154792,TAU.Nq.LEsc.x-4,2026-08,VACA MUERTA INVERSIONES SAU,LA ESCALONADA,VACA MUERTA,En Estudio,Otro tipo,Sin Sistema de Extracción,EXPLORACION,3635.1,,,0.0,0.0,0.0,0.0,prod_2026
154906,YPF.Nq.LLL-1050(d),2026-08,YPF S.A.,LOMA CAMPANA-LLL,VACA MUERTA,Extracción Efectiva,Petrolífero,Plunger Lift,EXPLOTACION,3035.0,,,3.54,8.38,1.47,31.0,prod_2026
154907,YPF.Nq.LLL-1052(d),2026-08,YPF S.A.,LOMA CAMPANA-LLL,VACA MUERTA,Extracción Efectiva,Petrolífero,Plunger Lift,EXPLOTACION,3051.0,,,35.62,8.58,1.47,31.0,prod_2026
154908,YPF.Nq.LLL-1065(d),2026-08,YPF S.A.,LOMA CAMPANA-LLL,VACA MUERTA,Extracción Efectiva,Petrolífero,Plunger Lift,EXPLOTACION,3053.0,,,3.38,1.72,0.3,31.0,prod_2026
154909,YPF.Nq.LLL-1070(d),2026-08,YPF S.A.,LOMA CAMPANA-LLL,VACA MUERTA,Extracción Efectiva,Petrolífero,Plunger Lift,EXPLOTACION,3083.0,,,1.69,0.77,0.0,31.0,prod_2026
154910,YPF.Nq.LLL-1071(d),2026-08,YPF S.A.,LOMA CAMPANA-LLL,VACA MUERTA,Extracción Efectiva,Petrolífero,Plunger Lift,EXPLOTACION,3125.0,,,2.68,0.21,0.0,31.0,prod_2026
154911,YPF.Nq.LLL-1072(d),2026-08,YPF S.A.,LOMA CAMPANA-LLL,VACA MUERTA,Extracción Efectiva,Petrolífero,Plunger Lift,EXPLOTACION,3013.0,,,3.03,0.91,0.0,31.0,prod_2026
154912,YPF.Nq.LLL-1073(d),2026-08,YPF S.A.,LOMA CAMPANA-LLL,VACA MUERTA,A Abandonar,Otro tipo,Bombeo Mecánico,EXPLOTACION,3053.0,,,0.0,0.0,0.0,0.0,prod_2026
154929,YPF.Nq.SOil-10(h),2026-08,YPF S.A.,LOMA CAMPANA,VACA MUERTA,Extracción Efectiva,Petrolífero,Surgencia Natural,EXPLOTACION,4425.0,,,190.52,3.07,1.18,31.0,prod_2026
154930,YPF.Nq.SOil-228(h),2026-08,YPF S.A.,LOMA CAMPANA,VACA MUERTA,Parado Transitoriamente,Petrolífero,Bombeo Mecánico,EXPLOTACION,4768.0,,,0.0,0.0,0.0,0.0,prod_2026
154931,YPF.Nq.SOil-231(h),2026-08,YPF S.A.,LOMA CAMPANA,VACA MUERTA,Parado Transitoriamente,Petrolífero,Bombeo Mecánico,EXPLOTACION,4749.0,,,0.0,0.0,0.0,0.0,prod_2026
154932,YPF.Nq.SOil-232(h),2026-08,YPF S.A.,LOMA CAMPANA,VACA MUERTA,Parado Transitoriamente,Petrolífero,Surgencia Natural,EXPLOTACION,4750.0,,,0.0,0.0,0.0,0.0,prod_2026
154933,YPF.Nq.SOil-237(h),2026-08,YPF S.A.,LOMA CAMPANA,VACA MUERTA,Extracción Efectiva,Petrolífero,Bombeo Mecánico,EXPLOTACION,4874.0,,,53.56,5.59,2308.98,31.0,prod_2026
155029,YPF.Nq.LLL-1074(d),2026-08,YPF S.A.,LOMA CAMPANA-LLL,VACA MUERTA,Extracción Efectiva,Petrolífero,Plunger Lift,EXPLOTACION,3053.0,,,4.1,3.73,0.3,31.0,prod_2026
155030,YPF.Nq.LLL-1075(d),2026-08,YPF S.A.,LOMA CAMPANA-LLL,VACA MUERTA,Extracción Efectiva,Petrolífero,Plunger Lift,EXPLOTACION,2992.0,,,4.1,3.94,0.3,31.0,prod_2026
155031,YPF.Nq.LLL-1076(d),2026-08,YPF S.A.,LOMA CAMPANA-LLL,VACA MUERTA,Extracción Efectiva,Petrolífero,Plunger Lift,EXPLOTACION,3027.0,,,4.1,4.06,0.3,31.0,prod_2026
155032,YPF.Nq.LLL-1077(d)(I),2026-08,YPF S.A.,LOMA CAMPANA-LLL,VACA MUERTA,Extracción Efectiva,Petrolífero,Plunger Lift,EXPLOTACION,3039.0,,,9.92,10.06,0.3,31.0,prod_2026
155033,YPF.Nq.LLL-992(h),2026-08,YPF S.A.,LOMA CAMPANA,VACA MUERTA,Extracción Efectiva,Petrolífero,Surgencia Natural,EXPLOTACION,5350.0,,,613.06,53.12,3.5,31.0,prod_2026
155040,YPF.Nq.SOil-236(h),2026-08,YPF S.A.,LOMA CAMPANA,VACA MUERTA,A Abandonar,Otro tipo,Bombeo Mecánico,EXPLOTACION,4715.0,,,0.0,0.0,0.0,0.0,prod_2026
155041,YPF.Nq.SOil-238(h),2026-08,YPF S.A.,LOMA CAMPANA,VACA MUERTA,Extracción Efectiva,Petrolífero,Bombeo Mecánico,EXPLOTACION,4690.0,,,348.42,73.09,0.0,27.27,prod_2026
155042,YPF.Nq.SOil-239(h),2026-08,YPF S.A.,LOMA CAMPANA,VACA MUERTA,A Abandonar,Otro tipo,Bombeo Mecánico,EXPLOTACION,4631.0,,,0.0,0.0,0.0,0.0,prod_2026
155043,YPF.Nq.SOil-26(h),2026-08,YPF S.A.,LOMA CAMPANA,VACA MUERTA,Extracción Efectiva,Petrolífero,Surgencia Natural,EXPLOTACION,4728.0,,,3.35,0.43,0.0,31.0,prod_2026
155095,WIN.Nq.AF.x-1,2026-08,VISTA ENERGY ARGENTINA SAU,AGUADA FEDERAL,VACA MUERTA,Extracción Efectiva,Petrolífero,Surgencia Natural,EXPLOTACION,2876.7,,,48.034,11.983,15.282,31.0,prod_2026
155096,WIN.Nq.AF.x-2,2026-08,VISTA ENERGY ARGENTINA SAU,AGUADA FEDERAL,VACA MUERTA,Extracción Efectiva,Petrolífero,Surgencia Natural,EXPLOTACION,2848.0,,,50.908,20.525,1.154,30.282,prod_2026
155217,YPF.Nq.LCav.x-9(h),2026-08,YPF S.A.,BANDURRIA SUR,VACA MUERTA,Abandonado,Otro tipo,Surgencia Natural,EXPLORACION,4273.0,,,0.0,0.0,0.0,0.0,prod_2026
155218,YPF.Nq.LLL-1031(d),2026-08,YPF S.A.,LOMA CAMPANA-LLL,VACA MUERTA,Extracción Efectiva,Petrolífero,Plunger Lift,EXPLOTACION,3086.0,,,5.36,14.96,2.65,31.0,prod_2026
155219,YPF.Nq.LLL-1032(d),2026-08,YPF S.A.,LOMA CAMPANA-LLL,VACA MUERTA,Extracción Efectiva,Petrolífero,Plunger Lift,EXPLOTACION,3094.0,,,4.86,7.93,0.3,31.0,prod_2026
155220,YPF.Nq.LLL-1033(d),2026-08,YPF S.A.,LOMA CAMPANA-LLL,VACA MUERTA,Extracción Efectiva,Petrolífero,Plunger Lift,EXPLOTACION,3127.0,,,17.09,16.41,0.3,31.0,prod_2026
155221,YPF.Nq.LLL-1034,2026-08,YPF S.A.,LOMA CAMPANA-LLL,VACA MUERTA,Extracción Efectiva,Petrolífero,Plunger Lift,EXPLOTACION,3063.0,,,3.15,5.96,4.12,31.0,prod_2026
155222,YPF.Nq.LLL-1035(d),2026-08,YPF S.A.,LOMA CAMPANA-LLL,VACA MUERTA,Extracción Efectiva,Petrolífero,Plunger Lift,EXPLOTACION,3055.0,,,24.95,9.79,15.9,31.0,prod_2026
155223,YPF.Nq.LLL-1190(d),2026-08,YPF S.A.,LOMA CAMPANA-LLL,VACA MUERTA,Extracción Efectiva,Petrolífero,Surgencia Natural,EXPLOTACION,3080.0,,,5.9,9.36,7.66,31.0,prod_2026
155224,YPF.Nq.LLL-1194(d),2026-08,YPF S.A.,LOMA CAMPANA-LLL,VACA MUERTA,Extracción Efectiva,Petrolífero,Surgencia Natural,EXPLOTACION,2986.0,,,5.02,0.19,3.83,31.0,prod_2026
155225,YPF.Nq.LLL-1209(d),2026-08,YPF S.A.,LOMA CAMPANA-LLL,VACA MUERTA,Extracción Efectiva,Petrolífero,Plunger Lift,EXPLOTACION,2975.0,,,8.03,0.25,2.06,31.0,prod_2026
155226,YPF.Nq.LLL-1218(d),2026-08,YPF S.A.,LOMA CAMPANA-LLL,VACA MUERTA,Extracción Efectiva,Petrolífero,Plunger Lift,EXPLOTACION,3074.0,,,23.76,16.17,5.6,31.0,prod_2026
155233,YPF.Nq.N.x-9,2026-08,YPF S.A.,NARAMBUENA,VACA MUERTA,Parado Transitoriamente,Petrolífero,Plunger Lift,EXPLORACION,2734.0,,,0.0,0.0,0.0,0.0,prod_2026
155239,YPF.Nq.SOil-229(h),2026-08,YPF S.A.,LOMA CAMPANA,VACA MUERTA,A Abandonar,Otro tipo,Surgencia Natural,EXPLOTACION,4830.0,,,0.0,0.0,0.0,0.0,prod_2026
155240,YPF.Nq.SOil-233(h),2026-08,YPF S.A.,LOMA CAMPANA,VACA MUERTA,Parado Transitoriamente,Petrolífero,Bombeo Mecánico,EXPLOTACION,4748.0,,,0.0,0.0,0.0,0.0,prod_2026
155241,YPF.Nq.SOil-71(h),2026-08,YPF S.A.,LOMA CAMPANA,VACA MUERTA,Extracción Efectiva,Petrolífero,Bombeo Mecánico,EXPLOTACION,4226.0,,,6.18,4.77,0.0,30.48,prod_2026
155404,YPF.Nq.BN.a-10,2026-08,YPF S.A.,BARROSA NORTE,VACA MUERTA,En Reserva de Gas,Gasífero,Surgencia Natural,EXPLOTACION,2550.0,,,0.0,0.0,0.0,0.0,prod_2026
155411,YPF.Nq.LLL-1036(d),2026-08,YPF S.A.,LOMA CAMPANA-LLL,VACA MUERTA,Extracción Efectiva,Petrolífero,Plunger Lift,EXPLOTACION,3075.0,,,31.99,10.4,17.67,31.0,prod_2026
155412,YPF.Nq.LLL-1037(d),2026-08,YPF S.A.,LOMA CAMPANA-LLL,VACA MUERTA,Extracción Efectiva,Petrolífero,Plunger Lift,EXPLOTACION,3093.0,,,18.3,11.05,11.49,31.0,prod_2026
155413,YPF.Nq.LLL-1042(d),2026-08,YPF S.A.,LOMA CAMPANA-LLL,VACA MUERTA,Extracción Efectiva,Petrolífero,Plunger Lift,EXPLOTACION,3042.0,,,14.46,3.74,3.83,31.0,prod_2026
155414,YPF.Nq.LLL-1043(d),2026-08,YPF S.A.,LOMA CAMPANA-LLL,VACA MUERTA,Extracción Efectiva,Petrolífero,Plunger Lift,EXPLOTACION,3073.0,,,25.41,15.04,0.0,31.0,prod_2026
155415,YPF.Nq.LLL-1044(d),2026-08,YPF S.A.,LOMA CAMPANA-LLL,VACA MUERTA,Extracción Efectiva,Petrolífero,Plunger Lift,EXPLOTACION,3076.0,,,13.13,4.11,3.83,31.0,prod_2026
155416,YPF.Nq.LLL-1045(d),2026-08,YPF S.A.,LOMA CAMPANA-LLL,VACA MUERTA,Extracción Efectiva,Petrolífero,Plunger Lift,EXPLOTACION,3069.0,,,29.08,14.81,2.65,31.0,prod_2026
155417,YPF.Nq.LLL-1058(d),2026-08,YPF S.A.,LOMA CAMPANA-LLL,VACA MUERTA,Extracción Efectiva,Petrolífero,Plunger Lift,EXPLOTACION,3047.0,,,22.89,7.05,1.47,31.0,prod_2026
155418,YPF.Nq.LLL-1059(d),2026-08,YPF S.A.,LOMA CAMPANA-LLL,VACA MUERTA,Extracción Efectiva,Petrolífero,Plunger Lift,EXPLOTACION,3045.0,,,4.46,5.15,1.47,31.0,prod_2026
155419,YPF.Nq.LLL-1060(d),2026-08,YPF S.A.,LOMA CAMPANA-LLL,VACA MUERTA,Extracción Efectiva,Petrolífero,Plunger Lift,EXPLOTACION,3118.0,,,19.68,13.11,1.47,31.0,prod_2026
155420,YPF.Nq.LLL-1061(d),2026-08,YPF S.A.,LOMA CAMPANA-LLL,VACA MUERTA,Extracción Efectiva,Petrolífero,Plunger Lift,EXPLOTACION,3030.0,,,17.63,11.01,2.95,31.0,prod_2026
155424,YPF.Nq.N.x-10,2026-08,YPF S.A.,NARAMBUENA,VACA MUERTA,En Estudio,Otro tipo,Surgencia Natural,EXPLORACION,2828.0,,,0.0,0.0,0.0,0.0,prod_2026
155430,YPF.Nq.SOil-240(h),2026-08,YPF S.A.,LOMA CAMPANA,VACA MUERTA,Extracción Efectiva,Petrolífero,Bombeo Mecánico,EXPLOTACION,4814.0,,,252.34,31.12,0.0,29.96,prod_2026
155451,TAU.Nq.APGe-311(h),2026-08,TOTAL AUSTRAL S.A.,AGUADA PICHANA ESTE VACA MUERTA,VACA MUERTA,Extracción Efectiva,Gasífero,Surgencia Natural,EXPLOTACION,4377.0,,,0.0,478.5221,25.72044,30.52431,prod_2026
155452,TAU.Nq.APGe-312(h),2026-08,TOTAL AUSTRAL S.A.,AGUADA PICHANA ESTE VACA MUERTA,VACA MUERTA,Extracción Efectiva,Gasífero,Sin Sistema de Extracción,EXPLOTACION,4473.0,,,0.0,490.4642,35.77227,30.57639,prod_2026
155453,TAU.Nq.APGe-313(h),2026-08,TOTAL AUSTRAL S.A.,AGUADA PICHANA ESTE VACA MUERTA,VACA MUERTA,Extracción Efectiva,Gasífero,Surgencia Natural,EXPLOTACION,4488.0,,,0.0,321.2946,19.53364,28.0,prod_2026
155525,YPF.Nq.EOr-27(h),2026-08,YPF S.A.,EL OREJANO,VACA MUERTA,A Abandonar,Otro tipo,Surgencia Natural,EXPLOTACION,3336.0,,,0.0,0.0,0.0,0.0,prod_2026
155526,YPF.Nq.LLL-1038(d),2026-08,YPF S.A.,LOMA CAMPANA-LLL,VACA MUERTA,Extracción Efectiva,Petrolífero,Plunger Lift,EXPLOTACION,3074.0,,,91.74,80.21,50.07,31.0,prod_2026
155527,YPF.Nq.LLL-1039(d),2026-08,YPF S.A.,LOMA CAMPANA-LLL,VACA MUERTA,Extracción Efectiva,Petrolífero,Plunger Lift,EXPLOTACION,3080.0,,,43.5,16.97,0.59,31.0,prod_2026
155528,YPF.Nq.LLL-1041(d),2026-08,YPF S.A.,LOMA CAMPANA-LLL,VACA MUERTA,Extracción Efectiva,Petrolífero,Plunger Lift,EXPLOTACION,3072.0,,,32.56,6.35,0.3,31.0,prod_2026
155529,YPF.Nq.LLL-1149(d),2026-08,YPF S.A.,LOMA CAMPANA-LLL,VACA MUERTA,Extracción Efectiva,Petrolífero,Plunger Lift,EXPLOTACION,3028.0,,,10.11,3.76,0.3,31.0,prod_2026
155530,YPF.Nq.LLL-1150(d),2026-08,YPF S.A.,LOMA CAMPANA-LLL,VACA MUERTA,Extracción Efectiva,Petrolífero,Plunger Lift,EXPLOTACION,3077.0,,,16.95,10.42,0.0,31.0,prod_2026
155531,YPF.Nq.LLL-1152(d),2026-08,YPF S.A.,LOMA CAMPANA-LLL,VACA MUERTA,Extracción Efectiva,Petrolífero,Plunger Lift,EXPLOTACION,3020.0,,,4.94,11.39,0.0,31.0,prod_2026
155532,YPF.Nq.LLL-1153(d),2026-08,YPF S.A.,LOMA CAMPANA-LLL,VACA MUERTA,Extracción Efectiva,Petrolífero,Plunger Lift,EXPLOTACION,3074.0,,,8.42,2.91,0.3,31.0,prod_2026
155533,YPF.Nq.LLL-1154(d),2026-08,YPF S.A.,LOMA CAMPANA-LLL,VACA MUERTA,Extracción Efectiva,Petrolífero,Plunger Lift,EXPLOTACION,3123.0,,,6.83,6.49,0.3,31.0,prod_2026
155535,YPF.Nq.LLL-994(h),2026-08,YPF S.A.,LOMA CAMPANA-LLL,VACA MUERTA,Extracción Efectiva,Petrolífero,Surgencia Natural,EXPLOTACION,4789.0,,,133.91,17.91,2326.65,31.0,prod_2026
155536,YPF.Nq.LLL-995(h),2026-08,YPF S.A.,LOMA CAMPANA-LLL,VACA MUERTA,Extracción Efectiva,Petrolífero,Surgencia Natural,EXPLOTACION,4596.0,,,73.74,16.12,3681.4,31.0,prod_2026
155544,YPF.Nq.SOil-216(h),2026-08,YPF S.A.,LOMA CAMPANA,VACA MUERTA,Extracción Efectiva,Petrolífero,Bombeo Mecánico,EXPLOTACION,4660.0,,,643.94,84.37,33.89,29.58,prod_2026
155545,YPF.Nq.SOil-217(h),2026-08,YPF S.A.,LOMA CAMPANA,VACA MUERTA,Extracción Efectiva,Petrolífero,Bombeo Mecánico,EXPLOTACION,4735.0,,,616.72,72.5,69.25,30.38,prod_2026
155546,YPF.Nq.SOil-218(h),2026-08,YPF S.A.,LOMA CAMPANA,VACA MUERTA,Extracción Efectiva,Petrolífero,Bombeo Mecánico,EXPLOTACION,4841.0,,,26.13,2.34,0.04,4.04,prod_2026
155547,YPF.Nq.SOil-219(h),2026-08,YPF S.A.,LOMA CAMPANA,VACA MUERTA,Extracción Efectiva,Petrolífero,Bombeo Mecánico,EXPLOTACION,4861.0,,,508.31,93.37,96.33,30.81,prod_2026
155621,YPF.Nq.EOr-29,2026-08,YPF S.A.,EL OREJANO,VACA MUERTA,En Estudio,Otro tipo,Surgencia Natural,EXPLOTACION,2900.0,,,0.0,0.0,0.0,0.0,prod_2026
155624,YPF.Nq.LLL-1040(d),2026-08,YPF S.A.,LOMA CAMPANA-LLL,VACA MUERTA,Extracción Efectiva,Petrolífero,Plunger Lift,EXPLOTACION,2230.0,,,14.63,11.28,0.0,31.0,prod_2026
155625,YPF.Nq.LLL-1046(d),2026-08,YPF S.A.,LOMA CAMPANA-LLL,VACA MUERTA,Extracción Efectiva,Petrolífero,Plunger Lift,EXPLOTACION,3102.0,,,5.05,1.79,1.77,31.0,prod_2026
155626,YPF.Nq.LLL-1047(d),2026-08,YPF S.A.,LOMA CAMPANA-LLL,VACA MUERTA,Extracción Efectiva,Petrolífero,Plunger Lift,EXPLOTACION,3102.0,,,11.87,36.69,1.47,31.0,prod_2026
155627,YPF.Nq.LLL-1048(d),2026-08,YPF S.A.,LOMA CAMPANA-LLL,VACA MUERTA,Extracción Efectiva,Petrolífero,Plunger Lift,EXPLOTACION,3182.0,,,4.14,5.56,5.6,31.0,prod_2026
155628,YPF.Nq.LLL-1049(d),2026-08,YPF S.A.,LOMA CAMPANA-LLL,VACA MUERTA,Extracción Efectiva,Petrolífero,Plunger Lift,EXPLOTACION,3171.0,,,14.46,3.74,14.43,31.0,prod_2026
155629,YPF.Nq.LLL-1157(d),2026-08,YPF S.A.,LOMA CAMPANA-LLL,VACA MUERTA,Extracción Efectiva,Petrolífero,Plunger Lift,EXPLOTACION,3086.0,,,8.39,1.72,0.88,31.0,prod_2026
155630,YPF.Nq.LLL-1158(d),2026-08,YPF S.A.,LOMA CAMPANA-LLL,VACA MUERTA,Extracción Efectiva,Petrolífero,Plunger Lift,EXPLOTACION,3136.0,,,9.89,8.56,2.36,31.0,prod_2026
155631,YPF.Nq.LLL-1159(d),2026-08,YPF S.A.,LOMA CAMPANA-LLL,VACA MUERTA,Extracción Efectiva,Petrolífero,Plunger Lift,EXPLOTACION,3096.0,,,3.1,3.86,0.88,31.0,prod_2026
155632,YPF.Nq.LLL-1160(d),2026-08,YPF S.A.,LOMA CAMPANA-LLL,VACA MUERTA,Extracción Efectiva,Petrolífero,Plunger Lift,EXPLOTACION,3230.0,,,8.46,4.54,6.19,31.0,prod_2026
155633,YPF.Nq.LLL-1161(d),2026-08,YPF S.A.,LOMA CAMPANA-LLL,VACA MUERTA,Extracción Efectiva,Petrolífero,Plunger Lift,EXPLOTACION,3116.0,,,3.52,7.87,8.84,31.0,prod_2026
155634,YPF.Nq.LLL-1162(d),2026-08,YPF S.A.,LOMA CAMPANA-LLL,VACA MUERTA,Extracción Efectiva,Petrolífero,Plunger Lift,EXPLOTACION,3068.0,,,23.95,9.76,9.72,31.0,prod_2026
155635,YPF.Nq.LLL-1163(d),2026-08,YPF S.A.,LOMA CAMPANA-LLL,VACA MUERTA,Extracción Efectiva,Petrolífero,Plunger Lift,EXPLOTACION,3120.0,,,22.89,7.09,6.48,31.0,prod_2026
155636,YPF.Nq.LLL-1164(d),2026-08,YPF S.A.,LOMA CAMPANA-LLL,VACA MUERTA,Extracción Efectiva,Petrolífero,Plunger Lift,EXPLOTACION,3135.0,,,70.01,21.78,7.66,31.0,prod_2026
155639,YPF.Nq.LLL-997,2026-08,YPF S.A.,LOMA CAMPANA-LLL,VACA MUERTA,Extracción Efectiva,Petrolífero,Bombeo Mecánico,EXPLOTACION,3095.0,,,377.74,84.42,64.6,30.92,prod_2026
155712,SHE.Nq.CdL.x-3(d),2026-08,SHELL ARGENTINA S.A.,CRUZ DE LORENA,VACA MUERTA,Parado Transitoriamente,Petrolífero,Surgencia Natural,EXPLORACION,3460.0,,,0.0,0.0,0.0,0.0,prod_2026
155713,SHE.Nq.CdL.e-4(h),2026-08,SHELL ARGENTINA S.A.,CRUZ DE LORENA,VACA MUERTA,Extracción Efectiva,Petrolífero,Bombeo Mecánico,EXPLORACION,4930.0,,,1.44,0.18,0.69,0.25,prod_2026
155721,TAU.Nq.APFe-112h,2026-08,TOTAL AUSTRAL S.A.,AGUADA PICHANA ESTE VACA MUERTA,VACA MUERTA,En Estudio,Gasífero,Surgencia Natural,EXPLOTACION,4278.0,,,0.0,0.0,0.0,0.0,prod_2026
155785,APS.Nq.ADC-1026,2026-08,CAPEX S.A.,AGUA DEL CAJON,VACA MUERTA,Extracción Efectiva,Petrolífero,Surgencia Natural,EXPLOTACION,2750.0,,,23.51,12.23,16.43,27.75,prod_2026
155821,YPF.Nq.BAñ.x-8(d),2026-08,SHELL ARGENTINA S.A.,BAJADA DE AÑELO,VACA MUERTA,En Reserva de Gas,Gasífero,Surgencia Natural,EXPLORACION,0.0,,,0.0,0.0,0.0,0.0,prod_2026
155826,YPF.Nq.EOr-31,2026-08,YPF S.A.,EL OREJANO,VACA MUERTA,A Abandonar,Otro tipo,Surgencia Natural,EXPLOTACION,2870.0,,,0.0,0.0,0.0,0.0,prod_2026
155827,YPF.Nq.EOr-32(h),2026-08,YPF S.A.,EL OREJANO,VACA MUERTA,Abandonado,Otro tipo,Surgencia Natural,EXPLOTACION,4092.0,,,0.0,0.0,0.0,0.0,prod_2026
155828,YPF.Nq.EOr-33(h),2026-08,YPF S.A.,EL OREJANO,VACA MUERTA,En Estudio,Otro tipo,Surgencia Natural,EXPLOTACION,3923.0,,,0.0,0.0,0.0,0.0,prod_2026
155829,YPF.Nq.EOr-34(d),2026-08,YPF S.A.,EL OREJANO,VACA MUERTA,A Abandonar,Otro tipo,Surgencia Natural,EXPLOTACION,2892.0,,,0.0,0.0,0.0,0.0,prod_2026
155831,YPF.Nq.LTac.x-2,2026-08,YPF S.A.,LAS TACANAS II,VACA MUERTA,En Reserva de Gas,Gasífero,Surgencia Natural,EXPLORACION,2918.0,,,0.0,0.0,0.0,0.0,prod_2026
156320,YPF.Nq.LACh-13(h),2026-08,YPF S.A.,LA AMARGA CHICA,VACA MUERTA,Extracción Efectiva,Petrolífero,Bombeo Mecánico,EXPLOTACION,4551.0,,,236.84,36.87,52.02,27.75,prod_2026
156331,YPF.Nq.SOil-244(h),2026-08,YPF S.A.,LOMA CAMPANA,VACA MUERTA,Extracción Efectiva,Petrolífero,Bombeo Mecánico,EXPLOTACION,4773.0,,,535.05,50.1,167.52,30.4,prod_2026
156332,YPF.Nq.SOil-245(h),2026-08,YPF S.A.,LOMA CAMPANA,VACA MUERTA,A Abandonar,Otro tipo,Bombeo Mecánico,EXPLOTACION,4687.0,,,0.0,0.0,0.0,0.0,prod_2026
156333,YPF.Nq.SOil-246(h),2026-08,YPF S.A.,LOMA CAMPANA,VACA MUERTA,Extracción Efectiva,Petrolífero,Bombeo Mecánico,EXPLOTACION,4643.0,,,290.66,0.0,0.0,30.96,prod_2026
156334,YPF.Nq.SOil-250(h),2026-08,YPF S.A.,LOMA CAMPANA,VACA MUERTA,Extracción Efectiva,Petrolífero,Bombeo Mecánico,EXPLOTACION,4587.0,,,179.27,16.2,28.84,30.58,prod_2026
156335,YPF.Nq.SOil-252(h),2026-08,YPF S.A.,LOMA CAMPANA,VACA MUERTA,Extracción Efectiva,Petrolífero,Bombeo Mecánico,EXPLOTACION,4591.0,,,656.84,196.64,17.62,30.79,prod_2026
156336,YPF.Nq.SOil-253(h),2026-08,YPF S.A.,LOMA CAMPANA,VACA MUERTA,Extracción Efectiva,Petrolífero,Bombeo Mecánico,EXPLOTACION,4620.0,,,675.54,304.98,51.54,31.0,prod_2026
156337,YPF.Nq.SOil-256(h),2026-08,YPF S.A.,LOMA CAMPANA,VACA MUERTA,En Estudio,Otro tipo,Surgencia Natural,EXPLOTACION,4865.0,,,0.0,0.0,0.0,0.0,prod_2026
156338,YPF.Nq.SOil-257(h),2026-08,YPF S.A.,LOMA CAMPANA,VACA MUERTA,A Abandonar,Otro tipo,Bombeo Mecánico,EXPLOTACION,4794.0,,,0.0,0.0,0.0,0.0,prod_2026
156339,YPF.Nq.SOil-258(h),2026-08,YPF S.A.,LOMA CAMPANA,VACA MUERTA,Extracción Efectiva,Petrolífero,Bombeo Mecánico,EXPLOTACION,4827.0,,,74.29,21.37,0.0,31.0,prod_2026
156379,SHE.Nq.CdL.e-7(h),2026-08,SHELL ARGENTINA S.A.,CRUZ DE LORENA,VACA MUERTA,Extracción Efectiva,Petrolífero,Bombeo Mecánico,EXPLORACION,4825.0,,,149.96,4.29,24.24,10.98,prod_2026
156426,Pp.Nq.Ce-1154,2026-08,FLXS OGE S.A,CENTENARIO CENTRO,VACA MUERTA,Extracción Efectiva,Gasífero,Surgencia Natural,EXPLOTACION,3169.0,,,0.0,0.0,0.0,0.0,prod_2026
156427,PLU.Nq.Ce-1200-d,2026-08,FLXS OGE S.A,CENTENARIO CENTRO,VACA MUERTA,Extracción Efectiva,Gasífero,Surgencia Natural,EXPLOTACION,2858.1,,,0.546609,9.462593,0.551042,22.04167,prod_2026
156469,YPF.Nq.EOr-35(d),2026-08,YPF S.A.,EL OREJANO,VACA MUERTA,A Abandonar,Otro tipo,Surgencia Natural,EXPLOTACION,2879.0,,,0.0,0.0,0.0,0.0,prod_2026
156470,YPF.Nq.EOr-36(h),2026-08,YPF S.A.,EL OREJANO,VACA MUERTA,En Espera de Reparación,Otro tipo,Surgencia Natural,EXPLOTACION,4231.0,,,0.0,0.0,0.0,0.0,prod_2026
156471,YPF.Nq.EOr-37(h),2026-08,YPF S.A.,EL OREJANO,VACA MUERTA,Extracción Efectiva,Gasífero,Surgencia Natural,EXPLOTACION,4881.0,,,0.0,465.92,6.24,30.77,prod_2026
156472,YPF.Nq.EOr-38,2026-08,YPF S.A.,EL OREJANO,VACA MUERTA,En Estudio,Otro tipo,Surgencia Natural,EXPLOTACION,2854.0,,,0.0,0.0,0.0,0.0,prod_2026
156473,YPF.Nq.LACh-12(h),2026-08,YPF S.A.,LA AMARGA CHICA,VACA MUERTA,Extracción Efectiva,Petrolífero,Bombeo Mecánico,EXPLOTACION,4545.0,,,421.72,48.57,95.2,30.58,prod_2026
156474,YPF.Nq.LACh-14,2026-08,YPF S.A.,LA AMARGA CHICA,VACA MUERTA,Parado Transitoriamente,Petrolífero,Bombeo Mecánico,EXPLOTACION,3145.0,,,0.0,0.0,0.0,0.0,prod_2026
156475,YPF.Nq.LACh-8(h),2026-08,YPF S.A.,LA AMARGA CHICA,VACA MUERTA,Extracción Efectiva,Petrolífero,Bombeo Mecánico,EXPLOTACION,4410.0,,,227.49,44.59,150.0,21.46,prod_2026
156476,YPF.Nq.LLL-1020(d),2026-08,YPF S.A.,LOMA CAMPANA-LLL,VACA MUERTA,Extracción Efectiva,Petrolífero,Plunger Lift,EXPLOTACION,3081.0,,,52.58,34.1,0.88,31.0,prod_2026
156477,YPF.Nq.LLL-1021(d),2026-08,YPF S.A.,LOMA CAMPANA-LLL,VACA MUERTA,Extracción Efectiva,Petrolífero,Plunger Lift,EXPLOTACION,3106.0,,,121.75,48.42,11.19,31.0,prod_2026
156478,YPF.Nq.LLL-1022(d),2026-08,YPF S.A.,LOMA CAMPANA-LLL,VACA MUERTA,Extracción Efectiva,Petrolífero,Plunger Lift,EXPLOTACION,3225.0,,,61.21,17.01,25.33,31.0,prod_2026
156479,YPF.Nq.LLL-1023(d),2026-08,YPF S.A.,LOMA CAMPANA-LLL,VACA MUERTA,Extracción Efectiva,Petrolífero,Plunger Lift,EXPLOTACION,3090.0,,,108.58,42.56,8.54,31.0,prod_2026
156485,YPF.Nq.PdY.x-2,2026-08,PLUSPETROL CUENCA NEUQUINA S.R.L.,PAMPA DE LAS YEGUAS I,VACA MUERTA,Parado Transitoriamente,Gasífero,Surgencia Natural,EXPLORACION,3394.0,,,0.0,0.0,0.0,0.0,prod_2026
156488,YPF.Nq.SOil-251(h),2026-08,YPF S.A.,LOMA CAMPANA,VACA MUERTA,Extracción Efectiva,Petrolífero,Bombeo Mecánico,EXPLOTACION,4586.0,,,376.04,59.77,40.85,30.94,prod_2026
156489,YPF.Nq.SOil-259(h),2026-08,YPF S.A.,LOMA CAMPANA,VACA MUERTA,Extracción Efectiva,Petrolífero,Bombeo Mecánico,EXPLOTACION,4804.0,,,369.23,114.14,33.28,31.0,prod_2026
156490,YPF.Nq.SOil-260(h),2026-08,YPF S.A.,LOMA CAMPANA,VACA MUERTA,Extracción Efectiva,Petrolífero,Bombeo Mecánico,EXPLOTACION,4788.0,,,62.29,30.4,1.97,26.0,prod_2026
156491,YPF.Nq.SOil-263(h),2026-08,YPF S.A.,LOMA CAMPANA,VACA MUERTA,Extracción Efectiva,Petrolífero,Bombeo Mecánico,EXPLOTACION,4831.0,,,133.56,70.74,1.99,30.88,prod_2026
156492,YPF.Nq.SOil-264(h),2026-08,YPF S.A.,LOMA CAMPANA,VACA MUERTA,Parado Transitoriamente,Petrolífero,Surgencia Natural,EXPLOTACION,4347.0,,,0.0,0.0,0.0,0.0,prod_2026
156493,YPF.Nq.SOil-266(h),2026-08,YPF S.A.,LOMA CAMPANA,VACA MUERTA,Extracción Efectiva,Petrolífero,Bombeo Mecánico,EXPLOTACION,4410.0,,,347.3,38.12,336.33,31.0,prod_2026
156550,YPF.Nq.LACh-10(h),2026-08,YPF S.A.,LA AMARGA CHICA,VACA MUERTA,Extracción Efectiva,Petrolífero,Bombeo Mecánico,EXPLOTACION,4575.0,,,316.8,134.25,549.57,29.94,prod_2026
156551,YPF.Nq.LACh-16,2026-08,YPF S.A.,LA AMARGA CHICA,VACA MUERTA,Parado Transitoriamente,Petrolífero,Surgencia Natural,EXPLOTACION,2980.0,,,0.0,0.0,0.0,0.0,prod_2026
156552,YPF.Nq.LCav-16(h),2026-08,YPF S.A.,BANDURRIA SUR,VACA MUERTA,En Estudio,Otro tipo,Surgencia Natural,EXPLOTACION,4367.0,,,0.0,0.0,0.0,0.0,prod_2026
156553,YPF.Nq.LLL-1249(h),2026-08,YPF S.A.,LOMA CAMPANA-LLL,VACA MUERTA,En Estudio,Otro tipo,Bombeo Mecánico,EXPLOTACION,4791.0,,,0.0,0.0,0.0,0.0,prod_2026
156554,YPF.Nq.LLL-1250(h),2026-08,YPF S.A.,LOMA CAMPANA-LLL,VACA MUERTA,Extracción Efectiva,Petrolífero,Bombeo Mecánico,EXPLOTACION,4825.0,,,458.45,112.12,65.79,28.71,prod_2026
156555,YPF.Nq.LLL-1400(h),2026-08,YPF S.A.,LOMA CAMPANA-LLL,VACA MUERTA,Extracción Efectiva,Petrolífero,Bombeo Mecánico,EXPLOTACION,4822.0,,,371.53,133.89,28.53,30.96,prod_2026
156697,YPF.Nq.LLL-1248(h),2026-08,YPF S.A.,LOMA CAMPANA-LLL,VACA MUERTA,Extracción Efectiva,Petrolífero,Bombeo Mecánico,EXPLOTACION,4832.0,,,435.28,73.89,13.9,29.94,prod_2026
156698,YPF.Nq.LLL-1251(h),2026-08,YPF S.A.,LOMA CAMPANA-LLL,VACA MUERTA,Extracción Efectiva,Petrolífero,Bombeo Mecánico,EXPLOTACION,4850.0,,,336.05,66.27,18.23,29.58,prod_2026
156707,YPF.Nq.SOil-262(h),2026-08,YPF S.A.,LOMA CAMPANA,VACA MUERTA,Extracción Efectiva,Petrolífero,Surgencia Natural,EXPLOTACION,4800.0,,,55.96,56.88,1.47,31.0,prod_2026
156708,YPF.Nq.SOil-265(h),2026-08,YPF S.A.,LOMA CAMPANA,VACA MUERTA,Parado Transitoriamente,Petrolífero,Bombeo Mecánico,EXPLOTACION,4308.0,,,0.0,0.0,0.0,0.0,prod_2026
156709,YPF.Nq.SOil-269(h),2026-08,YPF S.A.,LOMA CAMPANA,VACA MUERTA,Extracción Efectiva,Petrolífero,Bombeo Mecánico,EXPLOTACION,4815.0,,,185.0,36.83,32.06,30.96,prod_2026
156710,YPF.Nq.SOil-271(h),2026-08,YPF S.A.,LOMA CAMPANA,VACA MUERTA,Extracción Efectiva,Petrolífero,Bombeo Mecánico,EXPLOTACION,4812.0,,,297.12,68.49,53.28,30.81,prod_2026
156714,TAU.Nq.APIg-112(h),2026-08,TOTAL AUSTRAL S.A.,AGUADA PICHANA ESTE VACA MUERTA,VACA MUERTA,Parado Transitoriamente,Gasífero,Surgencia Natural,EXPLOTACION,4185.47,,,0.0,0.0,0.0,0.0,prod_2026
156715,TAU.Nq.RCza-7(h),2026-08,VACA MUERTA INVERSIONES SAU,RINCON LA CENIZA,VACA MUERTA,Extracción Efectiva,Gasífero,Surgencia Natural,EXPLOTACION,4593.6,,,124.72,197.76,82.31,21.5,prod_2026
156716,TAU.Nq.RCza-8(h),2026-08,VACA MUERTA INVERSIONES SAU,RINCON LA CENIZA,VACA MUERTA,Extracción Efectiva,Gasífero,Surgencia Natural,EXPLOTACION,4643.28,,,103.48,51.24,194.85,31.0,prod_2026
156741,YPF.Nq.EOr-41(h),2026-08,YPF S.A.,EL OREJANO,VACA MUERTA,A Abandonar,Otro tipo,Surgencia Natural,EXPLOTACION,4010.0,,,0.0,0.0,0.0,0.0,prod_2026
156742,YPF.Nq.EOr-42,2026-08,YPF S.A.,EL OREJANO,VACA MUERTA,Abandonado,Otro tipo,Surgencia Natural,EXPLOTACION,2827.0,,,0.0,0.0,0.0,0.0,prod_2026
156743,YPF.Nq.EOr-49(h),2026-08,YPF S.A.,EL OREJANO,VACA MUERTA,A Abandonar,Otro tipo,Surgencia Natural,EXPLOTACION,4008.0,,,0.0,0.0,0.0,0.0,prod_2026
156744,YPF.Nq.LACh-17(d),2026-08,YPF S.A.,LA AMARGA CHICA,VACA MUERTA,En Estudio,Otro tipo,Bombeo Mecánico,EXPLOTACION,2977.0,,,0.0,0.0,0.0,0.0,prod_2026
156751,YPF.Nq.N.x-12(h),2026-08,YPF S.A.,NARAMBUENA,VACA MUERTA,Parado Transitoriamente,Petrolífero,Bombeo Mecánico,EXPLORACION,3810.0,,,0.0,0.0,0.0,0.0,prod_2026
156756,YPF.Nq.SOil-268(h),2026-08,YPF S.A.,LOMA CAMPANA,VACA MUERTA,Parado Transitoriamente,Petrolífero,Surgencia Natural,EXPLOTACION,4945.0,,,0.0,0.0,0.0,0.0,prod_2026
156757,YPF.Nq.SOil-270(h),2026-08,YPF S.A.,LOMA CAMPANA,VACA MUERTA,Extracción Efectiva,Petrolífero,Surgencia Natural,EXPLOTACION,4724.0,,,95.9,32.45,11.78,31.0,prod_2026
156758,YPF.Nq.SOil-297(h),2026-08,YPF S.A.,LOMA CAMPANA,VACA MUERTA,Extracción Efectiva,Petrolífero,Surgencia Natural,EXPLOTACION,4840.0,,,126.59,20.67,2.95,31.0,prod_2026
156759,YPF.Nq.SOil-298(h),2026-08,YPF S.A.,LOMA CAMPANA,VACA MUERTA,Extracción Efectiva,Petrolífero,Bombeo Mecánico,EXPLOTACION,4829.0,,,255.3,47.86,12.35,29.94,prod_2026
156760,YPF.Nq.SOil-329(h),2026-08,YPF S.A.,LOMA CAMPANA,VACA MUERTA,Extracción Efectiva,Petrolífero,Bombeo Mecánico,EXPLOTACION,4849.0,,,149.29,20.91,7.94,21.35,prod_2026
156761,YPF.Nq.SOil-330(h),2026-08,YPF S.A.,LOMA CAMPANA,VACA MUERTA,Extracción Efectiva,Petrolífero,Bombeo Mecánico,EXPLOTACION,4836.0,,,578.55,62.9,12.18,30.33,prod_2026
156802,TAU.Nq.RCza-10(h),2026-08,VACA MUERTA INVERSIONES SAU,RINCON LA CENIZA,VACA MUERTA,Parado Transitoriamente,Gasífero,Surgencia Natural,EXPLOTACION,4273.0,,,0.0,0.0,0.0,0.0,prod_2026
156803,TAU.Nq.RCza-11(h),2026-08,VACA MUERTA INVERSIONES SAU,RINCON LA CENIZA,VACA MUERTA,Extracción Efectiva,Gasífero,Surgencia Natural,EXPLOTACION,4153.0,,,50.85,34.94,18.27,31.0,prod_2026
156871,YPF.Nq.EOr-45,2026-08,YPF S.A.,EL OREJANO,VACA MUERTA,Abandonado,Otro tipo,Surgencia Natural,EXPLOTACION,2825.0,,,0.0,0.0,0.0,0.0,prod_2026
156872,YPF.Nq.EOr-46(h),2026-08,YPF S.A.,EL OREJANO,VACA MUERTA,En Espera de Reparación,Otro tipo,Surgencia Natural,EXPLOTACION,4411.0,,,0.0,0.0,0.0,0.0,prod_2026
156873,YPF.Nq.LLL-1393(h),2026-08,YPF S.A.,LOMA CAMPANA-LLL,VACA MUERTA,Parado Transitoriamente,Petrolífero,Bombeo Mecánico,EXPLOTACION,2313.0,,,0.0,0.0,0.0,0.0,prod_2026
156874,YPF.Nq.LLL-1395(h),2026-08,YPF S.A.,LOMA CAMPANA-LLL,VACA MUERTA,Extracción Efectiva,Petrolífero,Surgencia Natural,EXPLOTACION,4843.0,,,253.42,94.79,108.84,31.0,prod_2026
156875,YPF.Nq.LLL-1396(h),2026-08,YPF S.A.,LOMA CAMPANA-LLL,VACA MUERTA,Extracción Efectiva,Petrolífero,Bombeo Mecánico,EXPLOTACION,4836.0,,,303.68,132.21,84.86,31.0,prod_2026
156951,YPF.Md.NLCa.a-82,2026-08,YPF S.A.,LOS CAVAOS,VACA MUERTA,En Inyección Efectiva,Sumidero,Sin Sistema de Extracción,EXPLOTACION,2420.0,,,0.0,0.0,0.0,30.42,prod_2026
156965,YPF.Nq.EOr-43(h),2026-08,YPF S.A.,EL OREJANO,VACA MUERTA,Extracción Efectiva,Gasífero,Surgencia Natural,EXPLOTACION,4528.0,,,0.0,1770.0,629.1,27.1,prod_2026
156966,YPF.Nq.EOr-44(h),2026-08,YPF S.A.,EL OREJANO,VACA MUERTA,Extracción Efectiva,Gasífero,Surgencia Natural,EXPLOTACION,4522.0,,,0.0,736.51,143.57,31.0,prod_2026
156967,YPF.Nq.LACh-21(h),2026-08,YPF S.A.,LA AMARGA CHICA,VACA MUERTA,Extracción Efectiva,Petrolífero,Bombeo Mecánico,EXPLOTACION,4475.0,,,14.53,2.07,628.15,27.0,prod_2026
156968,YPF.Nq.LACh-22(h),2026-08,YPF S.A.,LA AMARGA CHICA,VACA MUERTA,Extracción Efectiva,Petrolífero,Surgencia Natural,EXPLOTACION,4435.0,,,989.17,94.06,409.75,30.13,prod_2026
156969,YPF.Nq.LLL-1305(h),2026-08,YPF S.A.,LOMA CAMPANA-LLL,VACA MUERTA,Extracción Efectiva,Petrolífero,Bombeo Mecánico,EXPLOTACION,4780.0,,,283.88,53.18,6.87,30.42,prod_2026
156970,YPF.Nq.LLL-1306(h),2026-08,YPF S.A.,LOMA CAMPANA-LLL,VACA MUERTA,Extracción Efectiva,Petrolífero,Bombeo Mecánico,EXPLOTACION,4719.0,,,313.21,55.39,17.67,31.0,prod_2026
156971,YPF.Nq.LLL-1307(h),2026-08,YPF S.A.,LOMA CAMPANA-LLL,VACA MUERTA,Extracción Efectiva,Petrolífero,Bombeo Mecánico,EXPLOTACION,4769.0,,,257.47,75.15,18.97,29.57,prod_2026
156972,YPF.Nq.LLL-1308(h),2026-08,YPF S.A.,LOMA CAMPANA-LLL,VACA MUERTA,Extracción Efectiva,Petrolífero,Bombeo Mecánico,EXPLOTACION,4794.0,,,299.71,50.67,5.2,30.58,prod_2026
156973,YPF.Nq.LLL-1394(h),2026-08,YPF S.A.,LOMA CAMPANA-LLL,VACA MUERTA,Extracción Efectiva,Petrolífero,Bombeo Mecánico,EXPLOTACION,3609.0,,,24.09,30.56,0.55,30.67,prod_2026
156981,YPF.Nq.N.x-16,2026-08,YPF S.A.,NARAMBUENA,VACA MUERTA,Parado Transitoriamente,Petrolífero,Surgencia Natural,EXPLORACION,2414.0,,,0.0,0.0,0.0,0.0,prod_2026
157104,YPF.Nq.CA.x-7,2026-08,YPF S.A.,CERRO ARENA,VACA MUERTA,En Estudio,Otro tipo,Surgencia Natural,EXPLORACION,3405.0,,,0.0,0.0,0.0,0.0,prod_2026
157105,YPF.Nq.EOr-78(h),2026-08,YPF S.A.,EL OREJANO,VACA MUERTA,En Estudio,Otro tipo,Surgencia Natural,EXPLOTACION,4304.0,,,0.0,0.0,0.0,0.0,prod_2026
157106,YPF.Nq.EOr-79(h),2026-08,YPF S.A.,EL OREJANO,VACA MUERTA,En Espera de Reparación,Otro tipo,Surgencia Natural,EXPLOTACION,4290.0,,,0.0,0.0,0.0,0.0,prod_2026
157107,YPF.Nq.EOr-80(h),2026-08,YPF S.A.,EL OREJANO,VACA MUERTA,Abandonado,Otro tipo,Surgencia Natural,EXPLOTACION,4290.0,,,0.0,0.0,0.0,0.0,prod_2026
157108,YPF.Nq.EOr-81(h),2026-08,YPF S.A.,EL OREJANO,VACA MUERTA,A Abandonar,Otro tipo,Surgencia Natural,EXPLOTACION,4444.0,,,0.0,0.0,0.0,0.0,prod_2026
157109,YPF.Nq.LLL-1301(h),2026-08,YPF S.A.,LOMA CAMPANA-LLL,VACA MUERTA,Extracción Efectiva,Petrolífero,Bombeo Mecánico,EXPLOTACION,4798.0,,,494.86,134.99,27.78,29.58,prod_2026
157110,YPF.Nq.LLL-1302(h),2026-08,YPF S.A.,LOMA CAMPANA-LLL,VACA MUERTA,Extracción Efectiva,Petrolífero,Bombeo Mecánico,EXPLOTACION,4786.0,,,180.49,128.95,92.45,30.02,prod_2026
157111,YPF.Nq.LLL-1374(h),2026-08,YPF S.A.,LOMA CAMPANA-LLL,VACA MUERTA,Extracción Efectiva,Petrolífero,Bombeo Mecánico,EXPLOTACION,4752.0,,,874.39,72.32,62.03,30.48,prod_2026
157112,YPF.Nq.LLL-1375(h),2026-08,YPF S.A.,LOMA CAMPANA-LLL,VACA MUERTA,Extracción Efectiva,Petrolífero,Surgencia Natural,EXPLOTACION,4855.0,,,191.49,197.46,9.42,31.0,prod_2026
157113,YPF.Nq.LLL-1376(h),2026-08,YPF S.A.,LOMA CAMPANA-LLL,VACA MUERTA,Extracción Efectiva,Petrolífero,Bombeo Mecánico,EXPLOTACION,4731.0,,,241.08,55.94,9.94,30.88,prod_2026
157114,YPF.Nq.LLL-1377(h),2026-08,YPF S.A.,LOMA CAMPANA-LLL,VACA MUERTA,Extracción Efectiva,Petrolífero,Bombeo Mecánico,EXPLOTACION,4720.0,,,192.11,24.59,6.77,31.0,prod_2026
157190,YPF.Nq.LLL-1345(h),2026-08,YPF S.A.,LOMA CAMPANA-LLL,VACA MUERTA,Extracción Efectiva,Petrolífero,Bombeo Mecánico,EXPLOTACION,4783.0,,,687.06,68.89,2.8,26.83,prod_2026
157191,YPF.Nq.LLL-1346(h),2026-08,YPF S.A.,LOMA CAMPANA-LLL,VACA MUERTA,Parado Transitoriamente,Petrolífero,Bombeo Mecánico,EXPLOTACION,4795.0,,,0.0,0.0,0.0,0.0,prod_2026
157224,SHE.Nq.SB.e-1004(h),2026-08,SHELL ARGENTINA S.A.,SIERRAS BLANCAS,VACA MUERTA,Extracción Efectiva,Petrolífero,Bombeo Mecánico,EXPLORACION,4632.02,,,0.0,0.0,0.0,0.0,prod_2026
157249,TAU.Nq.LEsc.e-3(h),2026-08,VACA MUERTA INVERSIONES SAU,LA ESCALONADA,VACA MUERTA,En Estudio,Otro tipo,Sin Sistema de Extracción,EXPLORACION,4919.0,,,0.0,0.0,0.0,0.0,prod_2026
157319,YPF.Nq.CA.x-6,2026-08,YPF S.A.,CERRO ARENA,VACA MUERTA,En Estudio,Otro tipo,Surgencia Natural,EXPLORACION,3153.0,,,0.0,0.0,0.0,0.0,prod_2026
157322,YPF.Nq.EOr-57(h),2026-08,YPF S.A.,EL OREJANO,VACA MUERTA,A Abandonar,Otro tipo,Surgencia Natural,EXPLOTACION,4564.0,,,0.0,0.0,0.0,0.0,prod_2026
157329,YPF.Nq.SOil-308(h),2026-08,YPF S.A.,LOMA CAMPANA,VACA MUERTA,Extracción Efectiva,Petrolífero,Bombeo Mecánico,EXPLOTACION,4885.0,,,109.65,39.99,27.64,30.29,prod_2026
157330,YPF.Nq.SOil-309(h),2026-08,YPF S.A.,LOMA CAMPANA,VACA MUERTA,A Abandonar,Otro tipo,Bombeo Mecánico,EXPLOTACION,4878.0,,,0.0,0.0,0.0,0.0,prod_2026
157331,YPF.Nq.SOil-310(h),2026-08,YPF S.A.,LOMA CAMPANA,VACA MUERTA,Extracción Efectiva,Petrolífero,Bombeo Mecánico,EXPLOTACION,4882.0,,,170.48,48.12,2.85,30.88,prod_2026
157332,YPF.Nq.SOil-311(h),2026-08,YPF S.A.,LOMA CAMPANA,VACA MUERTA,Extracción Efectiva,Petrolífero,Bombeo Mecánico,EXPLOTACION,4902.0,,,98.36,14.92,5.02,26.13,prod_2026
157333,YPF.Nq.SOil-312(h),2026-08,YPF S.A.,LOMA CAMPANA,VACA MUERTA,Extracción Efectiva,Petrolífero,Bombeo Mecánico,EXPLOTACION,4887.0,,,280.3,51.93,0.0,27.42,prod_2026
157334,YPF.Nq.SOil-313(h),2026-08,YPF S.A.,LOMA CAMPANA,VACA MUERTA,Extracción Efectiva,Petrolífero,Bombeo Mecánico,EXPLOTACION,4866.0,,,120.39,22.93,13.22,22.5,prod_2026
157335,YPF.Nq.SOil-314(h),2026-08,YPF S.A.,LOMA CAMPANA,VACA MUERTA,Extracción Efectiva,Petrolífero,Surgencia Natural,EXPLOTACION,4872.0,,,260.0,41.61,20.03,31.0,prod_2026
157336,YPF.Nq.SOil-315(h),2026-08,YPF S.A.,LOMA CAMPANA,VACA MUERTA,Extracción Efectiva,Petrolífero,Bombeo Mecánico,EXPLOTACION,4894.0,,,112.11,31.03,10.8,17.19,prod_2026
157364,TPT.Nq.FP.x-1004,2026-08,TECPETROL S.A.,FORTIN DE PIEDRA,VACA MUERTA,Extracción Efectiva,Gasífero,Surgencia Natural,EXPLORACION,3046.0,,,0.0,174.7673,15.05248,30.94444,prod_2026
157404,YPF.Nq.EOr-56(h),2026-08,YPF S.A.,EL OREJANO,VACA MUERTA,En Espera de Reparación,Otro tipo,Surgencia Natural,EXPLOTACION,4534.0,,,0.0,0.0,0.0,0.0,prod_2026
157405,YPF.Nq.EOr-58(h),2026-08,YPF S.A.,EL OREJANO,VACA MUERTA,En Espera de Reparación,Otro tipo,Surgencia Natural,EXPLOTACION,1961.0,,,0.0,0.0,0.0,0.0,prod_2026
157406,YPF.Nq.EOr-59(h),2026-08,YPF S.A.,EL OREJANO,VACA MUERTA,Abandonado,Otro tipo,Surgencia Natural,EXPLOTACION,4530.0,,,0.0,0.0,0.0,0.0,prod_2026
157407,YPF.Nq.EOr-60(h),2026-08,YPF S.A.,EL OREJANO,VACA MUERTA,Extracción Efectiva,Gasífero,Surgencia Natural,EXPLOTACION,4715.0,,,0.0,216.73,40.85,10.33,prod_2026
157408,YPF.Nq.EOr-83(h),2026-08,YPF S.A.,EL OREJANO,VACA MUERTA,Abandonado,Otro tipo,Surgencia Natural,EXPLOTACION,4712.0,,,0.0,0.0,0.0,0.0,prod_2026
157409,YPF.Nq.LLL-1364(h),2026-08,YPF S.A.,LOMA CAMPANA-LLL,VACA MUERTA,Extracción Efectiva,Petrolífero,Gas Lift,EXPLOTACION,3812.0,,,82.58,17.31,235.38,23.85,prod_2026
157410,YPF.Nq.LLL-1365(h),2026-08,YPF S.A.,LOMA CAMPANA-LLL,VACA MUERTA,Extracción Efectiva,Petrolífero,Gas Lift,EXPLOTACION,3697.0,,,468.45,131.74,750.6,30.77,prod_2026
157501,YPF.Nq.EAp.x-1,2026-08,YPF S.A.,LOMA AMARILLA SUR,VACA MUERTA,Abandonado,Otro tipo,Sin Sistema de Extracción,EXPLORACION,2738.0,,,0.0,0.0,0.0,0.0,prod_2026
157516,PAE.Nq.BCeCf-101(h),2026-08,PAN AMERICAN ENERGY SL,BANDURRIA CENTRO,VACA MUERTA,Extracción Efectiva,Petrolífero,Gas Lift,EXPLOTACION,4416.0,,,88.87935,10.97747,12.33488,22.0625,prod_2026
157537,PAE.Nq.BCeCf-102(h),2026-08,PAN AMERICAN ENERGY SL,BANDURRIA CENTRO,VACA MUERTA,Extracción Efectiva,Petrolífero,Gas Lift,EXPLOTACION,4462.0,,,2.445575,3.818218,8.678408,30.0625,prod_2026
157552,AME.Nq.LTE.x-2(h),2026-08,TECPETROL S.A.,LOS TOLDOS ESTE,VACA MUERTA,Parado Transitoriamente,Petrolífero,Surgencia Natural,EXPLORACION,2827.0,,,261.7339,94.66236,199.2287,12.69514,prod_2026
157567,WIN.Nq.AF-4(h),2026-08,VISTA ENERGY ARGENTINA SAU,AGUADA FEDERAL,VACA MUERTA,Extracción Efectiva,Petrolífero,Surgencia Natural,EXPLOTACION,3905.0,,,273.249,31.106,28.299,31.0,prod_2026
157570,Pi.Nq.BBG-39ST,2026-08,BENTIA ENERGY S.A.,BAJO BARDA GONZALEZ,VACA MUERTA,Extracción Efectiva,Petrolífero,Bombeo Mecánico,EXPLOTACION,1750.0,,,15.499,0.144,7.037,30.833,prod_2026
157679,Pi.Nq.BE-7,2026-08,OILSTONE ENERGIA S.A.,BORDE ESPINOSO,VACA MUERTA,Extracción Efectiva,Petrolífero,Bombeo Mecánico,EXPLOTACION,1480.0,,,6.562296,0.0,10.92603,31.0,prod_2026
157733,WIN.Nq.AF-9(h),2026-08,VISTA ENERGY ARGENTINA SAU,AGUADA FEDERAL,VACA MUERTA,Extracción Efectiva,Petrolífero,Surgencia Natural,EXPLOTACION,4055.0,,,269.854,31.106,28.299,31.0,prod_2026
157790,YPF.Nq.EOr-62(h),2026-08,YPF S.A.,EL OREJANO,VACA MUERTA,En Estudio,Otro tipo,Surgencia Natural,EXPLOTACION,4560.0,,,0.0,0.0,0.0,0.0,prod_2026
157791,YPF.Nq.EOr-63(h),2026-08,YPF S.A.,EL OREJANO,VACA MUERTA,En Estudio,Otro tipo,Surgencia Natural,EXPLOTACION,2560.0,,,0.0,0.0,0.0,0.0,prod_2026
157828,YPF.Md.NLCol.x-1,2025-12,YPF S.A.,PUNTILLA DEL HUINCAN,VACA MUERTA,Abandonado,Otro tipo,Sin Sistema de Extracción,EXPLORACION,2042.0,,,0.0,0.0,0.0,0.0,prod_2025
157854,YPF.MdN.LoAl.x-1,2026-08,YPF S.A.,RINCON AMARILLO,VACA MUERTA,En Estudio,Otro tipo,Sin Sistema de Extracción,EXPLORACION,2214.0,,,0.0,0.0,0.0,0.0,prod_2026
157858,YPF.Nq.EOr-61(h),2026-08,YPF S.A.,EL OREJANO,VACA MUERTA,A Abandonar,Otro tipo,Surgencia Natural,EXPLOTACION,4680.0,,,0.0,0.0,0.0,0.0,prod_2026
157859,YPF.Nq.EOr-64(h),2026-08,YPF S.A.,EL OREJANO,VACA MUERTA,En Estudio,Otro tipo,Surgencia Natural,EXPLOTACION,4776.0,,,0.0,0.0,0.0,0.0,prod_2026
157860,YPF.Nq.EOr-82(h),2026-08,YPF S.A.,EL OREJANO,VACA MUERTA,En Espera de Reparación,Otro tipo,Surgencia Natural,EXPLOTACION,4880.0,,,0.0,0.0,0.0,0.0,prod_2026
157861,YPF.Nq.LACh-24(h),2026-08,YPF S.A.,LA AMARGA CHICA,VACA MUERTA,Extracción Efectiva,Petrolífero,Surgencia Natural,EXPLOTACION,3018.0,,,166.66,25.25,0.46,22.83,prod_2026
157862,YPF.Nq.LACh-26(h),2026-08,YPF S.A.,LA AMARGA CHICA,VACA MUERTA,Parado Transitoriamente,Petrolífero,Bombeo Mecánico,EXPLOTACION,4508.0,,,0.0,0.0,0.0,0.0,prod_2026
157863,YPF.Nq.LACh-39(h),2026-08,YPF S.A.,LA AMARGA CHICA,VACA MUERTA,Extracción Efectiva,Petrolífero,Bombeo Mecánico,EXPLOTACION,4477.0,,,154.0,14.46,56.75,23.58,prod_2026
157871,YPF.Nq.SOil-352(h),2026-08,YPF S.A.,LOMA CAMPANA,VACA MUERTA,Extracción Efectiva,Petrolífero,Bombeo Mecánico,EXPLOTACION,4890.0,,,168.46,17.3,6.94,29.75,prod_2026
157872,YPF.Nq.SOil-353(h),2026-08,YPF S.A.,LOMA CAMPANA,VACA MUERTA,Extracción Efectiva,Petrolífero,Bombeo Mecánico,EXPLOTACION,4830.0,,,159.43,15.23,12.42,29.63,prod_2026
157873,YPF.Nq.SOil-354(h),2026-08,YPF S.A.,LOMA CAMPANA,VACA MUERTA,Extracción Efectiva,Petrolífero,Bombeo Mecánico,EXPLOTACION,4825.0,,,154.73,15.59,5.17,30.67,prod_2026
157874,YPF.Nq.SOil-355(h),2026-08,YPF S.A.,LOMA CAMPANA,VACA MUERTA,Extracción Efectiva,Petrolífero,Bombeo Mecánico,EXPLOTACION,4910.0,,,333.25,41.65,13.68,31.0,prod_2026
157875,YPF.Nq.SOil-356(h),2026-08,YPF S.A.,LOMA CAMPANA,VACA MUERTA,Extracción Efectiva,Petrolífero,Bombeo Mecánico,EXPLOTACION,5416.0,,,172.09,16.09,14.14,31.0,prod_2026
157876,YPF.Nq.SOil-359(h),2026-08,YPF S.A.,LOMA CAMPANA,VACA MUERTA,Extracción Efectiva,Petrolífero,Bombeo Mecánico,EXPLOTACION,4835.0,,,490.83,62.94,168.46,31.0,prod_2026
157884,TPT.Nq.FP.x-1006(h),2026-08,TECPETROL S.A.,FORTIN DE PIEDRA,VACA MUERTA,Extracción Efectiva,Gasífero,Surgencia Natural,EXPLORACION,3030.0,,,9.162527,695.0045,0.0,31.0,prod_2026
157903,YPF.Nq.LCav.x-11(h),2026-08,VISTA ENERGY ARGENTINA SAU,BANDURRIA NORTE,VACA MUERTA,Parado Transitoriamente,Petrolífero,Surgencia Natural,EXPLORACION,3933.0,,,0.0,0.0,0.0,0.0,prod_2026
157905,AME.Nq.LRa.x-2,2022-08,TECPETROL S.A.,LOMA RANQUELES,VACA MUERTA,Abandonado,Gasífero,Sin Sistema de Extracción,EXPLORACION,3087.5,-69.6962667,-37.703625,0.0,0.0,0.0,0.0,no_conv_historico
157907,TPT.Nq.FP-1011(h),2026-08,TECPETROL S.A.,FORTIN DE PIEDRA,VACA MUERTA,Extracción Efectiva,Gasífero,Surgencia Natural,EXPLOTACION,4726.0,,,8.993847,694.5675,0.0,31.0,prod_2026
157969,YPF.Nq.EOr-70(h),2026-08,YPF S.A.,EL OREJANO,VACA MUERTA,Extracción Efectiva,Gasífero,Surgencia Natural,EXPLOTACION,4663.0,,,0.0,1154.63,0.0,31.0,prod_2026
157970,YPF.Nq.EOr-73(h),2026-08,YPF S.A.,EL OREJANO,VACA MUERTA,Extracción Efectiva,Gasífero,Surgencia Natural,EXPLOTACION,4726.0,,,0.0,2327.49,0.0,31.0,prod_2026
157972,YPF.Nq.LLL-1321(h),2026-08,YPF S.A.,LOMA CAMPANA-LLL,VACA MUERTA,En Espera de Reparación,Otro tipo,Bombeo Mecánico,EXPLOTACION,4715.0,,,0.0,0.0,0.0,0.0,prod_2026
157973,YPF.Nq.LLL-1324(h),2026-08,YPF S.A.,LOMA CAMPANA-LLL,VACA MUERTA,Extracción Efectiva,Petrolífero,Bombeo Mecánico,EXPLOTACION,4703.0,,,444.52,128.06,78.85,29.35,prod_2026
157977,YPF.Nq.SOil-357(h),2026-08,YPF S.A.,LOMA CAMPANA,VACA MUERTA,Extracción Efectiva,Petrolífero,Bombeo Mecánico,EXPLOTACION,5344.0,,,250.95,30.3,3.72,29.88,prod_2026
157978,YPF.Nq.SOil-358(h),2026-08,YPF S.A.,LOMA CAMPANA,VACA MUERTA,Extracción Efectiva,Petrolífero,Bombeo Mecánico,EXPLOTACION,4860.0,,,104.25,11.83,4.67,30.17,prod_2026
157986,SHE.Nq.CdL.e-6(h),2026-08,SHELL ARGENTINA S.A.,CRUZ DE LORENA,VACA MUERTA,Extracción Efectiva,Petrolífero,Bombeo Mecánico,EXPLORACION,5005.0,,,170.89,40.34,54.58,30.85,prod_2026
158038,YPF.Nq.EOr-69(h),2026-08,YPF S.A.,EL OREJANO,VACA MUERTA,Extracción Efectiva,Gasífero,Surgencia Natural,EXPLOTACION,4656.0,,,0.0,124.37,9.27,7.78,prod_2026
158039,YPF.Nq.EOr-71(h),2026-08,YPF S.A.,EL OREJANO,VACA MUERTA,Extracción Efectiva,Gasífero,Surgencia Natural,EXPLOTACION,4640.0,,,0.0,1307.27,124.84,31.0,prod_2026
158040,YPF.Nq.EOr-72(h),2026-08,YPF S.A.,EL OREJANO,VACA MUERTA,Extracción Efectiva,Gasífero,Surgencia Natural,EXPLOTACION,4628.0,,,0.0,212.71,0.0,7.95,prod_2026
158041,YPF.Nq.LACh-42(h),2026-08,YPF S.A.,LA AMARGA CHICA,VACA MUERTA,Parado Transitoriamente,Petrolífero,Bombeo Mecánico,EXPLOTACION,4710.0,,,0.0,0.0,0.0,0.0,prod_2026
158042,YPF.Nq.LACh-43(h),2026-08,YPF S.A.,LA AMARGA CHICA,VACA MUERTA,Extracción Efectiva,Petrolífero,Bombeo Mecánico,EXPLOTACION,4593.0,,,23.6,3.09,0.0,30.38,prod_2026
158043,YPF.Nq.LLL-1279(h),2026-08,YPF S.A.,LOMA CAMPANA-LLL,VACA MUERTA,Extracción Efectiva,Petrolífero,Gas Lift,EXPLOTACION,4700.0,,,190.16,153.62,1.87,31.0,prod_2026
158044,YPF.Nq.LLL-1281(h),2026-08,YPF S.A.,LOMA CAMPANA-LLL,VACA MUERTA,Extracción Efectiva,Petrolífero,Gas Lift,EXPLOTACION,4706.0,,,357.17,50.72,4.25,31.0,prod_2026
158045,YPF.Nq.LLL-1282(h),2026-08,YPF S.A.,LOMA CAMPANA-LLL,VACA MUERTA,Extracción Efectiva,Petrolífero,Gas Lift,EXPLOTACION,4703.0,,,210.69,37.01,0.85,31.0,prod_2026
158046,YPF.Nq.LLL-1323(h),2026-08,YPF S.A.,LOMA CAMPANA-LLL,VACA MUERTA,Extracción Efectiva,Petrolífero,Bombeo Mecánico,EXPLOTACION,4715.0,,,285.93,76.87,83.4,29.48,prod_2026
158080,SHE.Nq.CdL.e-5(h),2026-08,SHELL ARGENTINA S.A.,CRUZ DE LORENA,VACA MUERTA,Extracción Efectiva,Petrolífero,Bombeo Mecánico,EXPLOTACION,5005.0,,,244.64,47.3,57.64,31.0,prod_2026
158086,AME.Nq.ALL.x-2(h),2026-08,PLUSPETROL CUENCA NEUQUINA S.R.L.,AGUADA LOS LOROS,VACA MUERTA,Parado Transitoriamente,Gasífero,Surgencia Natural,EXPLORACION,2764.05,,,0.0,0.0,0.0,0.0,prod_2026
158087,AME.Nq.ALL.x-3(h),2026-08,PLUSPETROL CUENCA NEUQUINA S.R.L.,AGUADA LOS LOROS,VACA MUERTA,Parado Transitoriamente,Gasífero,Surgencia Natural,EXPLORACION,2671.09,,,0.0,0.0,0.0,0.0,prod_2026
158143,YPF.MdN.LA.a-25(d),2026-08,YPF S.A.,LOMA ALTA,VACA MUERTA,Extracción Efectiva,Petrolífero,Bombeo Mecánico,EXPLOTACION,2968.0,,,2.14,0.08,0.42,7.96,prod_2026
158145,YPF.Nq.EOr-52(h),2026-08,YPF S.A.,EL OREJANO,VACA MUERTA,En Espera de Reparación,Otro tipo,Surgencia Natural,EXPLOTACION,4794.0,,,0.0,0.0,0.0,0.0,prod_2026
158146,YPF.Nq.EOr-55(h),2026-08,YPF S.A.,EL OREJANO,VACA MUERTA,En Espera de Reparación,Otro tipo,Surgencia Natural,EXPLOTACION,4907.0,,,0.0,0.0,0.0,0.0,prod_2026
158148,YPF.Nq.LLL-1280(h),2026-08,YPF S.A.,LOMA CAMPANA-LLL,VACA MUERTA,Extracción Efectiva,Petrolífero,Gas Lift,EXPLOTACION,4707.0,,,225.82,105.04,42.48,31.0,prod_2026
158149,YPF.Nq.LLL-1405(h),2026-08,YPF S.A.,LOMA CAMPANA-LLL,VACA MUERTA,Extracción Efectiva,Petrolífero,Bombeo Mecánico,EXPLOTACION,4792.0,,,194.95,19.5,0.0,30.96,prod_2026
158150,YPF.Nq.LLL-1406(h),2026-08,YPF S.A.,LOMA CAMPANA-LLL,VACA MUERTA,Parado Transitoriamente,Petrolífero,Bombeo Mecánico,EXPLOTACION,4868.0,,,0.0,0.0,0.0,0.0,prod_2026
158151,YPF.Nq.LLL-1407(h),2026-08,YPF S.A.,LOMA CAMPANA-LLL,VACA MUERTA,Extracción Efectiva,Petrolífero,Bombeo Mecánico,EXPLOTACION,4833.0,,,214.1,30.1,26.16,28.75,prod_2026
158152,YPF.Nq.LLL-1408(h),2026-08,YPF S.A.,LOMA CAMPANA-LLL,VACA MUERTA,Extracción Efectiva,Petrolífero,Bombeo Mecánico,EXPLOTACION,4880.0,,,271.97,47.56,2.95,31.0,prod_2026
158171,PAE.Nq.CAS.x-15(r)(h),2026-08,PAN AMERICAN ENERGY SL,COIRON AMARGO SUR ESTE,VACA MUERTA,Extracción Efectiva,Petrolífero,Bombeo Mecánico,EXPLORACION,4280.0,,,96.31084,2.90161,0.0,29.84653,prod_2026
158177,WIN.Nq.AF-3(h),2026-08,VISTA ENERGY ARGENTINA SAU,AGUADA FEDERAL,VACA MUERTA,Extracción Efectiva,Petrolífero,Surgencia Natural,EXPLOTACION,4063.0,,,0.0,0.0,0.0,0.0,prod_2026
158178,WIN.Nq.AF-7(h),2026-08,VISTA ENERGY ARGENTINA SAU,AGUADA FEDERAL,VACA MUERTA,Extracción Efectiva,Petrolífero,Surgencia Natural,EXPLOTACION,4063.0,,,0.0,0.0,0.0,0.0,prod_2026
158179,APS.Nq.ADC-1030,2026-08,CAPEX S.A.,AGUA DEL CAJON,VACA MUERTA,Extracción Efectiva,Petrolífero,Bombeo Mecánico,EXPLOTACION,2500.0,,,0.0,0.0,0.0,3.67,prod_2026
158236,YPF.Nq.EOr-53(h),2026-08,YPF S.A.,EL OREJANO,VACA MUERTA,En Espera de Reparación,Otro tipo,Surgencia Natural,EXPLOTACION,5473.0,,,0.0,0.0,0.0,0.0,prod_2026
158237,YPF.Nq.EOr-54(h),2026-08,YPF S.A.,EL OREJANO,VACA MUERTA,Extracción Efectiva,Gasífero,Surgencia Natural,EXPLOTACION,5943.0,,,0.0,433.84,21.96,22.54,prod_2026
158238,YPF.Nq.LACh-33(h),2026-08,YPF S.A.,LA AMARGA CHICA,VACA MUERTA,Extracción Efectiva,Petrolífero,Surgencia Natural,EXPLOTACION,4530.0,,,392.28,34.12,397.64,31.0,prod_2026
158239,YPF.Nq.LACh-34(h),2026-08,YPF S.A.,LA AMARGA CHICA,VACA MUERTA,Extracción Efectiva,Petrolífero,Bombeo Mecánico,EXPLOTACION,5122.0,,,378.29,54.46,1508.24,30.96,prod_2026
158288,TPT.Nq.FP-1014(h),2026-08,TECPETROL S.A.,FORTIN DE PIEDRA,VACA MUERTA,Extracción Efectiva,Gasífero,Surgencia Natural,EXPLOTACION,2940.0,,,12.08852,0.183801,0.0,14.98056,prod_2026
158304,PTRE.MdN.CP-1015,2026-08,PETROQUIMICA COMODORO RIVADAVIA S.A.,PUESTO ROJAS,VACA MUERTA,En Estudio,Petrolífero,Sin Sistema de Extracción,EXPLOTACION,1866.0,,,0.0,0.0,0.0,0.0,prod_2026
158305,PTRE.MdN.CP-1017,2026-08,PETROQUIMICA COMODORO RIVADAVIA S.A.,PUESTO ROJAS,VACA MUERTA,Extracción Efectiva,Petrolífero,Bombeo Mecánico,EXPLOTACION,1650.0,,,0.0,0.0,0.0,0.0,prod_2026
158333,TPT.Nq.FP-1015(h),2026-08,TECPETROL S.A.,FORTIN DE PIEDRA,VACA MUERTA,Extracción Efectiva,Gasífero,Surgencia Natural,EXPLOTACION,4639.1,,,112.2132,929.7152,0.0,30.67153,prod_2026
158334,TPT.Nq.FP-1016(h),2026-08,TECPETROL S.A.,FORTIN DE PIEDRA,VACA MUERTA,Extracción Efectiva,Gasífero,Surgencia Natural,EXPLOTACION,1998.0,,,24.37617,222.5545,0.0,30.94444,prod_2026
158362,YPF.Nq.LLL-1401(h),2026-08,YPF S.A.,LOMA CAMPANA-LLL,VACA MUERTA,Parado Transitoriamente,Petrolífero,Gas Lift,EXPLOTACION,4970.0,,,0.0,0.0,0.0,0.0,prod_2026
158363,YPF.Nq.LLL-1402(h),2026-08,YPF S.A.,LOMA CAMPANA-LLL,VACA MUERTA,Extracción Efectiva,Petrolífero,Gas Lift,EXPLOTACION,5737.0,,,100.43,13.43,1767.07,31.0,prod_2026
158364,YPF.Nq.LLL-1403(h),2026-08,YPF S.A.,LOMA CAMPANA-LLL,VACA MUERTA,Extracción Efectiva,Petrolífero,Gas Lift,EXPLOTACION,5585.0,,,603.05,353.71,129.59,31.0,prod_2026
158365,YPF.Nq.LLL-1404(h),2026-08,YPF S.A.,LOMA CAMPANA-LLL,VACA MUERTA,Extracción Efectiva,Petrolífero,Gas Lift,EXPLOTACION,5190.0,,,151.12,53.74,117.81,31.0,prod_2026
158421,YPF.Nq.EOr-90(h),2026-08,YPF S.A.,EL OREJANO,VACA MUERTA,Extracción Efectiva,Gasífero,Surgencia Natural,EXPLOTACION,4881.0,,,0.0,2551.39,749.06,31.0,prod_2026
158422,YPF.Nq.EOr-91(h),2026-08,YPF S.A.,EL OREJANO,VACA MUERTA,Parado Transitoriamente,Gasífero,Surgencia Natural,EXPLOTACION,4966.0,,,0.0,0.0,0.0,0.0,prod_2026
158423,YPF.Nq.EOr-92(h),2026-08,YPF S.A.,EL OREJANO,VACA MUERTA,Parado Transitoriamente,Gasífero,Surgencia Natural,EXPLOTACION,4910.0,,,0.0,0.0,0.0,0.0,prod_2026
158424,YPF.Nq.EOr-93(h),2026-08,YPF S.A.,EL OREJANO,VACA MUERTA,En Espera de Reparación,Otro tipo,Surgencia Natural,EXPLOTACION,5040.0,,,0.0,0.0,0.0,0.0,prod_2026
158425,YPF.Nq.EOr-94(h),2026-08,YPF S.A.,EL OREJANO,VACA MUERTA,En Espera de Reparación,Otro tipo,Surgencia Natural,EXPLOTACION,4857.0,,,0.0,0.0,0.0,0.0,prod_2026
158426,YPF.Nq.EOr-95(h),2026-08,YPF S.A.,EL OREJANO,VACA MUERTA,En Reserva de Gas,Gasífero,Surgencia Natural,EXPLOTACION,4975.0,,,0.0,0.0,0.0,0.0,prod_2026
158427,YPF.Nq.LLL-1354(h),2026-08,YPF S.A.,LOMA CAMPANA-LLL,VACA MUERTA,Extracción Efectiva,Petrolífero,Bombeo Mecánico,EXPLOTACION,5780.0,,,245.61,48.37,57.29,23.48,prod_2026
158430,YPF.Nq.RDM-184(h),2026-08,YPF S.A.,RINCON DEL MANGRULLO,VACA MUERTA,En Reserva de Gas,Gasífero,Surgencia Natural,EXPLOTACION,4917.0,,,0.0,0.0,0.0,0.0,prod_2026
158431,YPF.Nq.RDM-185(h)(I),2026-08,YPF S.A.,RINCON DEL MANGRULLO,VACA MUERTA,En Reserva de Gas,Gasífero,Surgencia Natural,EXPLOTACION,4558.0,,,0.0,0.0,0.0,0.0,prod_2026
158432,YPF.Nq.RDM-186(h),2026-08,YPF S.A.,RINCON DEL MANGRULLO,VACA MUERTA,En Reserva de Gas,Gasífero,Surgencia Natural,EXPLOTACION,4640.0,,,0.0,0.0,0.0,0.0,prod_2026
158443,YPF.Nq.LLL-1353(h),2026-08,YPF S.A.,LOMA CAMPANA-LLL,VACA MUERTA,Extracción Efectiva,Petrolífero,Bombeo Mecánico,EXPLOTACION,5265.0,,,492.91,79.0,106.48,28.81,prod_2026
158469,SHE.Nq.SB.e-1009(h),2026-08,SHELL ARGENTINA S.A.,SIERRAS BLANCAS,VACA MUERTA,Extracción Efectiva,Petrolífero,Bombeo Mecánico,EXPLORACION,4874.0,,,0.0,0.0,0.0,0.0,prod_2026
158470,SHE.Nq.SB.e-1010(h),2026-08,SHELL ARGENTINA S.A.,SIERRAS BLANCAS,VACA MUERTA,Extracción Efectiva,Petrolífero,Bombeo Mecánico,EXPLORACION,4811.0,,,225.81,11.66,51.1,30.63,prod_2026
158471,SHE.Nq.SB.e-1011(h),2026-08,SHELL ARGENTINA S.A.,SIERRAS BLANCAS,VACA MUERTA,Extracción Efectiva,Petrolífero,Bombeo Mecánico,EXPLORACION,4857.0,,,318.04,98.75,67.21,29.42,prod_2026
158472,YPF.Nq.CLN.x-1,2026-08,TECPETROL S.A.,LOS TOLDOS NORTE SIN YACIMIENTO,VACA MUERTA,En Estudio,Petrolífero,Sin Sistema de Extracción,EXPLORACION,2190.0,,,0.0,0.0,0.0,0.0,prod_2026
158473,YPF.Nq.CLN.x-2,2026-08,TECPETROL S.A.,LOS TOLDOS NORTE SIN YACIMIENTO,VACA MUERTA,Abandonado,Petrolífero,Sin Sistema de Extracción,EXPLORACION,3917.5,,,0.0,0.0,0.0,0.0,prod_2026
158493,TAU.Nq.RCza-19(h),2026-08,VACA MUERTA INVERSIONES SAU,RINCON LA CENIZA,VACA MUERTA,Extracción Efectiva,Gasífero,Surgencia Natural,EXPLOTACION,5251.0,,,248.46,216.42,46.16,13.0,prod_2026
158494,TAU.Nq.RCza-20(h),2026-08,VACA MUERTA INVERSIONES SAU,RINCON LA CENIZA,VACA MUERTA,Parado Transitoriamente,Gasífero,Surgencia Natural,EXPLOTACION,5301.0,,,0.0,0.0,0.0,0.0,prod_2026
158513,PAE.Nq.BCeCf-106(h),2026-08,PAN AMERICAN ENERGY SL,BANDURRIA CENTRO,VACA MUERTA,Extracción Efectiva,Petrolífero,Gas Lift,EXPLOTACION,4215.0,,,33.01524,26.34571,108.48,30.0625,prod_2026
158514,PAE.Nq.BCeCf-107(h),2026-08,PAN AMERICAN ENERGY SL,BANDURRIA CENTRO,VACA MUERTA,Extracción Efectiva,Petrolífero,Gas Lift,EXPLOTACION,4478.0,,,46.74329,53.50553,41.93849,29.54167,prod_2026
158520,PAE.Nq.BCeCf-108(h),2026-08,PAN AMERICAN ENERGY SL,BANDURRIA CENTRO,VACA MUERTA,Extracción Efectiva,Petrolífero,Gas Lift,EXPLOTACION,4501.0,,,67.96056,86.43152,32.31863,19.0,prod_2026
158526,PAE.Nq.BCeCf-105(h),2026-08,PAN AMERICAN ENERGY SL,BANDURRIA CENTRO,VACA MUERTA,Extracción Efectiva,Petrolífero,Gas Lift,EXPLOTACION,5037.0,,,78.3044,21.65428,25.21361,30.0625,prod_2026
158560,YPF.Nq.LLL-1356(h),2026-08,YPF S.A.,LOMA CAMPANA-LLL,VACA MUERTA,Parado Transitoriamente,Petrolífero,Surgencia Natural,EXPLOTACION,5733.0,,,0.0,0.0,0.0,0.0,prod_2026
158561,YPF.Nq.LLL-1430(h),2026-08,YPF S.A.,LOMA CAMPANA-LLL,VACA MUERTA,Extracción Efectiva,Petrolífero,Bombeo Mecánico,EXPLOTACION,4867.0,,,301.9,71.52,13.34,27.94,prod_2026
158562,YPF.Nq.LLL-1432(h),2026-08,YPF S.A.,LOMA CAMPANA-LLL,VACA MUERTA,Extracción Efectiva,Petrolífero,Bombeo Mecánico,EXPLOTACION,4845.0,,,296.84,28.21,0.0,29.96,prod_2026
158570,YPF.Nq.LRi-2(h)(I),2026-08,YPF S.A.,LA RIBERA BLOQUE I,VACA MUERTA,Extracción Efectiva,Gasífero,Surgencia Natural,EXPLOTACION,4889.0,,,9.07,48.74,37.99,30.63,prod_2026
158571,YPF.Nq.LRi-3(h),2026-08,YPF S.A.,LA RIBERA BLOQUE I,VACA MUERTA,Extracción Efectiva,Gasífero,Surgencia Natural,EXPLOTACION,4845.0,,,56.43,309.34,157.34,29.09,prod_2026
158686,XOM.Nq.BdC-4(h),2026-08,PLUSPETROL CUENCA NEUQUINA S.R.L.,BAJO DEL CHOIQUE,VACA MUERTA,Extracción Efectiva,Petrolífero,Gas Lift,EXPLOTACION,3336.0,,,2269.55,812.41,2618.98,27.0,prod_2026
158750,YPF.Nq.EOr-102(h),2026-08,YPF S.A.,EL OREJANO,VACA MUERTA,Extracción Efectiva,Gasífero,Surgencia Natural,EXPLOTACION,5488.0,,,0.0,2834.9,634.05,28.4,prod_2026
158751,YPF.Nq.EOr-103(h),2026-08,YPF S.A.,EL OREJANO,VACA MUERTA,En Espera de Reparación,Otro tipo,Surgencia Natural,EXPLOTACION,5476.0,,,0.0,0.0,0.0,0.0,prod_2026
158752,YPF.Nq.EOr-106(h),2026-08,YPF S.A.,EL OREJANO,VACA MUERTA,Parado Transitoriamente,Gasífero,Surgencia Natural,EXPLOTACION,5420.0,,,0.0,0.0,0.0,0.0,prod_2026
158753,YPF.Nq.LACh-36(h),2026-08,YPF S.A.,LA AMARGA CHICA,VACA MUERTA,Extracción Efectiva,Petrolífero,Bombeo Mecánico,EXPLOTACION,5007.0,,,484.89,66.27,129.76,25.42,prod_2026
158754,YPF.Nq.LACh-45(h),2026-08,YPF S.A.,LA AMARGA CHICA,VACA MUERTA,Extracción Efectiva,Petrolífero,Bombeo Mecánico,EXPLOTACION,4055.0,,,1241.91,78.6,52.35,28.46,prod_2026
158755,YPF.Nq.LCav-13(h),2026-08,YPF S.A.,BANDURRIA SUR,VACA MUERTA,Extracción Efectiva,Petrolífero,Bombeo Mecánico,EXPLOTACION,5247.0,,,371.71,158.74,302.89,31.0,prod_2026
158756,YPF.Nq.LLL-1442(h),2026-08,YPF S.A.,LOMA CAMPANA-LLL,VACA MUERTA,Extracción Efectiva,Petrolífero,Surgencia Natural,EXPLOTACION,5215.0,,,90.85,29.2,8.84,31.0,prod_2026
158757,YPF.Nq.LLL-1443(h),2026-08,YPF S.A.,LOMA CAMPANA-LLL,VACA MUERTA,Extracción Efectiva,Petrolífero,Bombeo Mecánico,EXPLOTACION,4970.0,,,404.3,148.95,20.55,30.83,prod_2026
158802,PLU.Nq.LCa.x-3001(h),2026-08,PLUSPETROL S.A.,LA CALERA,VACA MUERTA,Extracción Efectiva,Gasífero,Surgencia Natural,EXPLORACION,3029.2,,,24.024,78.455,61.269,1.0,prod_2026
158806,PBE.Nq.PNE x-1001st (h),2026-08,PAMPA ENERGIA S.A.,PARVA NEGRA ESTE,VACA MUERTA,Parado Transitoriamente,Gasífero,Surgencia Natural,EXPLORACION,5572.0,,,0.0,0.0,0.0,0.0,prod_2026
158807,TAU.Nq.APGe-711(h),2026-08,TOTAL AUSTRAL S.A.,AGUADA PICHANA ESTE VACA MUERTA,VACA MUERTA,Extracción Efectiva,Gasífero,Surgencia Natural,EXPLOTACION,4842.0,,,0.0,767.9866,129.6921,30.96181,prod_2026
158833,PAE.Nq.BCeCg-111(h),2026-08,PAN AMERICAN ENERGY SL,BANDURRIA CENTRO,VACA MUERTA,Extracción Efectiva,Petrolífero,Gas Lift,EXPLOTACION,5101.0,,,19.14555,8.524217,42.07384,8.604167,prod_2026
158889,YPF.MdN.MDM-100,2026-08,YPF S.A.,MALAL DEL MEDIO,VACA MUERTA,Extracción Efectiva,Petrolífero,Bombeo Mecánico,EXPLOTACION,2132.0,,,72.47,158.55,656.38,28.42,prod_2026
158890,YPF.Nq.EOr-104(h),2026-08,YPF S.A.,EL OREJANO,VACA MUERTA,Extracción Efectiva,Gasífero,Surgencia Natural,EXPLOTACION,5640.0,,,0.0,1938.22,86.1,19.63,prod_2026
158891,YPF.Nq.EOr-105(h),2026-08,YPF S.A.,EL OREJANO,VACA MUERTA,Extracción Efectiva,Gasífero,Surgencia Natural,EXPLOTACION,5489.0,,,0.0,1604.23,354.53,19.63,prod_2026
158892,YPF.Nq.LCav-12(h),2026-08,YPF S.A.,BANDURRIA SUR,VACA MUERTA,Extracción Efectiva,Petrolífero,Bombeo Mecánico,EXPLOTACION,5065.0,,,266.56,63.79,261.07,31.0,prod_2026
158893,YPF.Nq.LLL-1431(h),2026-08,YPF S.A.,LOMA CAMPANA-LLL,VACA MUERTA,Extracción Efectiva,Petrolífero,Bombeo Mecánico,EXPLOTACION,5905.0,,,349.82,79.53,0.0,29.67,prod_2026
158894,YPF.Nq.LLL-1433(h),2026-08,YPF S.A.,LOMA CAMPANA-LLL,VACA MUERTA,Extracción Efectiva,Petrolífero,Surgencia Natural,EXPLOTACION,5853.0,,,184.5,24.16,0.0,31.0,prod_2026
158895,YPF.Nq.LLL-1444(h),2026-08,YPF S.A.,LOMA CAMPANA-LLL,VACA MUERTA,Extracción Efectiva,Petrolífero,Surgencia Natural,EXPLOTACION,5195.0,,,55.17,23.94,13.55,31.0,prod_2026
158896,YPF.Nq.LLL-1445(h),2026-08,YPF S.A.,LOMA CAMPANA-LLL,VACA MUERTA,Parado Transitoriamente,Petrolífero,Bombeo Mecánico,EXPLOTACION,5067.0,,,0.0,0.0,0.0,0.0,prod_2026
158920,TPT.Nq.FP-1062(h),2026-08,TECPETROL S.A.,FORTIN DE PIEDRA,VACA MUERTA,Extracción Efectiva,Gasífero,Surgencia Natural,EXPLOTACION,3784.0,,,75.3676,1030.273,75.10307,31.0,prod_2026
158921,TPT.Nq.FP-1063(h),2026-08,TECPETROL S.A.,FORTIN DE PIEDRA,VACA MUERTA,Parado Transitoriamente,Gasífero,Surgencia Natural,EXPLOTACION,5202.0,,,0.0,0.0,0.0,0.0,prod_2026
158922,TPT.Nq.FP-1064(h),2026-08,TECPETROL S.A.,FORTIN DE PIEDRA,VACA MUERTA,Extracción Efectiva,Gasífero,Surgencia Natural,EXPLOTACION,2941.0,,,86.94649,1201.466,50.76292,31.0,prod_2026
158923,XOM.Nq.BdC-3(h),2026-08,PLUSPETROL CUENCA NEUQUINA S.R.L.,BAJO DEL CHOIQUE,VACA MUERTA,Extracción Efectiva,Petrolífero,Gas Lift,EXPLOTACION,2940.0,,,0.0,0.0,0.0,0.0,prod_2026
158928,TPT.Nq.FP-1031(h),2026-08,TECPETROL S.A.,FORTIN DE PIEDRA,VACA MUERTA,Parado Transitoriamente,Gasífero,Surgencia Natural,EXPLOTACION,3031.0,,,1.507966,124.7473,9.306448,4.916667,prod_2026
158929,TPT.Nq.FP-1032(h),2026-08,TECPETROL S.A.,FORTIN DE PIEDRA,VACA MUERTA,Parado Transitoriamente,Gasífero,Surgencia Natural,EXPLOTACION,3026.0,,,0.813561,68.97837,0.677239,4.916667,prod_2026
158930,TPT.Nq.FP-1033(h),2026-08,TECPETROL S.A.,FORTIN DE PIEDRA,VACA MUERTA,Parado Transitoriamente,Gasífero,Surgencia Natural,EXPLOTACION,3032.0,,,1.032069,85.32876,0.0,4.917361,prod_2026
158931,TPT.Nq.FP-1034(h),2026-08,TECPETROL S.A.,FORTIN DE PIEDRA,VACA MUERTA,Parado Transitoriamente,Gasífero,Surgencia Natural,EXPLOTACION,3113.0,,,1.380018,108.3817,0.0,4.918056,prod_2026
158950,TPT.Nq.FP-1045(h),2026-08,TECPETROL S.A.,FORTIN DE PIEDRA,VACA MUERTA,En Inyección Efectiva,Sumidero,Sin Sistema de Extracción,EXPLOTACION,4971.0,,,0.0,0.0,0.0,0.0,prod_2026
158953,TPT.Nq.FP-1046(h)(ST1),2026-08,TECPETROL S.A.,FORTIN DE PIEDRA,VACA MUERTA,En Estudio,Gasífero,Surgencia Natural,EXPLOTACION,4330.0,,,0.0,0.0,0.0,0.0,prod_2026
158961,TPT.Nq.FP-1036(h),2026-08,TECPETROL S.A.,FORTIN DE PIEDRA,VACA MUERTA,Extracción Efectiva,Gasífero,Surgencia Natural,EXPLOTACION,1967.0,,,8.414303,914.0065,3.69713,25.70139,prod_2026
158962,TPT.Nq.FP-1037(h),2026-08,TECPETROL S.A.,FORTIN DE PIEDRA,VACA MUERTA,Parado Transitoriamente,Gasífero,Surgencia Natural,EXPLOTACION,1974.94,,,0.0,0.0,0.0,0.0,prod_2026
158963,TPT.Nq.FP-1038(h),2026-08,TECPETROL S.A.,FORTIN DE PIEDRA,VACA MUERTA,Extracción Efectiva,Gasífero,Surgencia Natural,EXPLOTACION,5298.0,,,4.818015,903.4622,14.614,25.70139,prod_2026
158967,TPT.Nq.FP-1043(h),2026-08,TECPETROL S.A.,FORTIN DE PIEDRA,VACA MUERTA,Extracción Efectiva,Gasífero,Surgencia Natural,EXPLOTACION,3020.0,,,11.79734,802.6521,35.52598,30.59306,prod_2026
158968,TPT.Nq.FP-1044(h),2026-08,TECPETROL S.A.,FORTIN DE PIEDRA,VACA MUERTA,Parado Transitoriamente,Gasífero,Surgencia Natural,EXPLOTACION,5196.0,,,0.0,0.0,0.0,0.0,prod_2026
158969,TPT.Nq.FP-1035(h),2026-08,TECPETROL S.A.,FORTIN DE PIEDRA,VACA MUERTA,En Estudio,Otro tipo,Sin Sistema de Extracción,EXPLOTACION,1944.0,,,0.0,0.0,0.0,0.0,prod_2026
158973,SHE.Nq.CdL.e-9(h),2026-08,SHELL ARGENTINA S.A.,CRUZ DE LORENA,VACA MUERTA,Extracción Efectiva,Petrolífero,Bombeo Mecánico,EXPLORACION,5146.0,,,394.05,51.8,11.73,26.15,prod_2026
158974,SHE.Nq.CdL.e-10(h),2026-08,SHELL ARGENTINA S.A.,CRUZ DE LORENA,VACA MUERTA,Extracción Efectiva,Petrolífero,Bombeo Mecánico,EXPLORACION,5077.0,,,239.0,21.61,2.69,12.0,prod_2026
158975,SHE.Nq.CdL.e-11(h),2026-08,SHELL ARGENTINA S.A.,CRUZ DE LORENA,VACA MUERTA,Extracción Efectiva,Petrolífero,Bombeo Mecánico,EXPLORACION,5489.0,,,375.25,33.64,21.98,24.67,prod_2026
159005,PAE.Nq.BCeAe-113(h),2026-08,PAN AMERICAN ENERGY SL,BANDURRIA CENTRO,VACA MUERTA,Extracción Efectiva,Petrolífero,Plunger Lift,EXPLOTACION,5342.0,,,0.0,0.0,0.0,31.0,prod_2026
159026,YPF.Nq.LACh-37(h),2026-08,YPF S.A.,LA AMARGA CHICA,VACA MUERTA,Extracción Efectiva,Petrolífero,Bombeo Mecánico,EXPLOTACION,4902.0,,,120.2,37.17,10.41,9.77,prod_2026
159027,YPF.Nq.LLL-1355(h),2026-08,YPF S.A.,LOMA CAMPANA-LLL,VACA MUERTA,Extracción Efectiva,Petrolífero,Bombeo Mecánico,EXPLOTACION,5753.0,,,151.54,24.79,0.0,13.38,prod_2026
159044,TAU.Nq.APGe-712(h),2026-08,TOTAL AUSTRAL S.A.,AGUADA PICHANA ESTE VACA MUERTA,VACA MUERTA,Extracción Efectiva,Gasífero,Surgencia Natural,EXPLOTACION,4927.92,,,0.0,757.5595,143.4172,30.96181,prod_2026
159045,TAU.Nq.APHe-311(h),2026-08,TOTAL AUSTRAL S.A.,AGUADA PICHANA ESTE VACA MUERTA,VACA MUERTA,Extracción Efectiva,Gasífero,Surgencia Natural,EXPLOTACION,4864.8,,,0.0,1080.271,101.3476,30.97917,prod_2026
159046,TAU.Nq.APHe-312(h).T1,2026-08,TOTAL AUSTRAL S.A.,AGUADA PICHANA ESTE VACA MUERTA,VACA MUERTA,Extracción Efectiva,Gasífero,Surgencia Natural,EXPLOTACION,4858.09,,,0.0,392.7051,55.19626,30.97917,prod_2026
159065,TPT.Nq.FP-1041(h),2026-08,TECPETROL S.A.,FORTIN DE PIEDRA,VACA MUERTA,Extracción Efectiva,Gasífero,Surgencia Natural,EXPLOTACION,5215.0,,,7.725655,568.5245,0.0,30.59167,prod_2026
159075,PAE.Nq.BCeDi-120(h),2026-08,PAN AMERICAN ENERGY SL,BANDURRIA CENTRO,VACA MUERTA,Extracción Efectiva,Petrolífero,Bombeo Mecánico,EXPLOTACION,5120.0,,,291.0065,66.23063,740.721,30.625,prod_2026
159086,PAE.Nq.CAS.x-14(r)(h),2026-08,PAN AMERICAN ENERGY SL,COIRON AMARGO SUR ESTE,VACA MUERTA,Extracción Efectiva,Petrolífero,Bombeo Mecánico,EXPLOTACION,4813.0,,,333.937,15.84873,0.0,26.70903,prod_2026
159135,YPF.Nq.LACh-40(h),2026-08,YPF S.A.,LA AMARGA CHICA,VACA MUERTA,Extracción Efectiva,Petrolífero,Bombeo Mecánico,EXPLOTACION,4535.0,,,326.97,29.13,371.51,30.23,prod_2026
159136,YPF.Nq.LACh-44(h),2026-08,YPF S.A.,LA AMARGA CHICA,VACA MUERTA,Extracción Efectiva,Petrolífero,Bombeo Mecánico,EXPLOTACION,4337.0,,,1114.77,90.27,75.92,31.0,prod_2026
159137,YPF.Nq.LLL-1489(h),2026-08,YPF S.A.,LOMA CAMPANA-LLL,VACA MUERTA,Extracción Efectiva,Petrolífero,Surgencia Natural,EXPLOTACION,3106.0,,,100.68,14.88,53.74,30.56,prod_2026
159138,YPF.Nq.LRi-6(h),2026-08,YPF S.A.,LA RIBERA BLOQUE I,VACA MUERTA,Extracción Efectiva,Gasífero,Surgencia Natural,EXPLOTACION,4885.0,,,97.71,617.93,307.16,28.44,prod_2026
159139,YPF.Nq.LRi-7(h),2026-08,YPF S.A.,LA RIBERA BLOQUE I,VACA MUERTA,Extracción Efectiva,Gasífero,Surgencia Natural,EXPLOTACION,4840.0,,,33.11,225.82,84.98,30.04,prod_2026
159168,SHE.Nq.CASO.x-1(h),2026-08,SHELL ARGENTINA S.A.,COIRON AMARGO SUR OESTE,VACA MUERTA,Extracción Efectiva,Petrolífero,Bombeo Mecánico,EXPLORACION,5512.63,,,539.04,49.87,53.1,30.69,prod_2026
159184,TPT.Nq.FP-1042(h),2026-08,TECPETROL S.A.,FORTIN DE PIEDRA,VACA MUERTA,Extracción Efectiva,Gasífero,Surgencia Natural,EXPLOTACION,3038.0,,,11.18238,760.4734,33.79856,30.59236,prod_2026
159193,PAE.Nq.APO-102(h),2026-08,PAN AMERICAN ENERGY SL,AGUADA PICHANA OESTE,VACA MUERTA,Extracción Efectiva,Gasífero,Surgencia Natural,EXPLOTACION,5078.0,,,0.0,865.866,273.8826,29.81944,prod_2026
159203,XOM.Nq.ALL.x-4(h),2026-08,PLUSPETROL CUENCA NEUQUINA S.R.L.,AGUADA LOS LOROS,VACA MUERTA,Extracción Efectiva,Petrolífero,Gas Lift,EXPLORACION,3372.0,,,382.01,417.94,154.55,31.0,prod_2026
159219,YPF.Nq.AdlA-1001(h),2026-08,YPF S.A.,AGUADA DE LA ARENA,VACA MUERTA,Extracción Efectiva,Gasífero,Surgencia Natural,EXPLOTACION,4430.0,,,0.0,2183.34,349.64,19.75,prod_2026
159220,YPF.Nq.AdlA-1002(h),2026-08,YPF S.A.,AGUADA DE LA ARENA,VACA MUERTA,Extracción Efectiva,Gasífero,Surgencia Natural,EXPLOTACION,4539.0,,,0.0,47.18,69.37,5.82,prod_2026
159221,YPF.Nq.AdlA-1003(h),2026-08,YPF S.A.,AGUADA DE LA ARENA,VACA MUERTA,Extracción Efectiva,Gasífero,Surgencia Natural,EXPLOTACION,4388.0,,,0.0,46.26,10.85,0.6,prod_2026
159222,YPF.Nq.LACh-59(h),2026-08,YPF S.A.,LA AMARGA CHICA,VACA MUERTA,Parado Transitoriamente,Petrolífero,Bombeo Mecánico,EXPLOTACION,4710.0,,,0.0,0.0,0.0,0.0,prod_2026
159223,YPF.Nq.LACh-60(h),2026-08,YPF S.A.,LA AMARGA CHICA,VACA MUERTA,Extracción Efectiva,Petrolífero,Bombeo Mecánico,EXPLOTACION,4617.0,,,729.61,117.6,143.79,30.4,prod_2026
159224,YPF.Nq.LACh-62(h),2026-08,YPF S.A.,LA AMARGA CHICA,VACA MUERTA,Extracción Efectiva,Petrolífero,Bombeo Mecánico,EXPLOTACION,4810.0,,,799.66,56.17,568.34,29.94,prod_2026
159225,YPF.Nq.LLL-1471(h),2026-08,YPF S.A.,LOMA CAMPANA-LLL,VACA MUERTA,Extracción Efectiva,Petrolífero,Bombeo Mecánico,EXPLOTACION,5405.0,,,303.37,64.6,17.48,30.69,prod_2026
159226,YPF.Nq.LLL-1472(h),2026-08,YPF S.A.,LOMA CAMPANA-LLL,VACA MUERTA,Extracción Efectiva,Petrolífero,Bombeo Mecánico,EXPLOTACION,5545.0,,,320.44,56.78,55.77,30.75,prod_2026
159227,YPF.Nq.LLL-1473(h),2026-08,YPF S.A.,LOMA CAMPANA-LLL,VACA MUERTA,Extracción Efectiva,Petrolífero,Bombeo Mecánico,EXPLOTACION,5641.0,,,672.5,98.26,56.36,30.77,prod_2026
159238,YPF.Md.NLCa.a-34,2026-08,YPF S.A.,LOS CAVAOS,VACA MUERTA,En Reserva de Gas,Gasífero,Bombeo Mecánico,EXPLOTACION,2738.0,,,0.0,0.0,0.0,0.0,prod_2026
159239,TAU.Nq.APGe-511(h),2026-08,TOTAL AUSTRAL S.A.,AGUADA PICHANA ESTE VACA MUERTA,VACA MUERTA,Extracción Efectiva,Gasífero,Surgencia Natural,EXPLOTACION,4877.76,,,0.0,850.3545,29.20438,21.03125,prod_2026
159240,TAU.Nq.APGe-512(h),2026-08,TOTAL AUSTRAL S.A.,AGUADA PICHANA ESTE VACA MUERTA,VACA MUERTA,Extracción Efectiva,Gasífero,Surgencia Natural,EXPLOTACION,4856.8,,,0.0,458.3107,77.60065,22.86111,prod_2026
159280,YPF.Nq.LACh-61(h),2026-08,YPF S.A.,LA AMARGA CHICA,VACA MUERTA,Parado Transitoriamente,Petrolífero,Surgencia Natural,EXPLOTACION,4745.0,,,0.0,0.0,0.0,0.0,prod_2026
159281,YPF.Nq.LLL-1488(h),2026-08,YPF S.A.,LOMA CAMPANA-LLL,VACA MUERTA,Extracción Efectiva,Petrolífero,Bombeo Mecánico,EXPLOTACION,5116.0,,,47.72,7.12,7.96,8.46,prod_2026
159307,WIN.Nq.BN-1(h),2026-08,VISTA ENERGY ARGENTINA SAU,BANDURRIA NORTE,VACA MUERTA,Parado Transitoriamente,Petrolífero,Surgencia Natural,EXPLOTACION,4315.0,,,0.0,0.0,0.0,0.0,prod_2026
159308,WIN.Nq.BN-2(h),2026-08,VISTA ENERGY ARGENTINA SAU,BANDURRIA NORTE,VACA MUERTA,Parado Transitoriamente,Petrolífero,Surgencia Natural,EXPLOTACION,4468.0,,,0.0,0.0,0.0,0.0,prod_2026
159309,WIN.Nq.BN-3(h),2026-08,VISTA ENERGY ARGENTINA SAU,BANDURRIA NORTE,VACA MUERTA,Parado Transitoriamente,Petrolífero,Surgencia Natural,EXPLOTACION,4442.0,,,0.0,0.0,0.0,0.0,prod_2026
159313,PAE.Nq.BCeCg-110(h),2026-08,PAN AMERICAN ENERGY SL,BANDURRIA CENTRO,VACA MUERTA,Extracción Efectiva,Petrolífero,Gas Lift,EXPLOTACION,5101.0,,,36.70523,16.91574,16.5421,14.10417,prod_2026
159314,PAE.Nq.BCeBh-117(h),2026-08,PAN AMERICAN ENERGY SL,BANDURRIA CENTRO,VACA MUERTA,Extracción Efectiva,Gasífero,Plunger Lift,EXPLOTACION,5092.0,,,124.8157,13.43117,178.0157,31.0,prod_2026
159329,PAE.Nq.APO.x-201(h),2026-08,PAN AMERICAN ENERGY SL,AGUADA PICHANA OESTE,VACA MUERTA,Extracción Efectiva,Gasífero,Surgencia Natural,EXPLORACION,5200.0,,,0.0,615.8243,233.4362,29.42292,prod_2026
159336,TPT.Nq.FP-1025(h),2026-08,TECPETROL S.A.,FORTIN DE PIEDRA,VACA MUERTA,Extracción Efectiva,Gasífero,Surgencia Natural,EXPLOTACION,5298.0,,,29.65822,365.2195,0.0,31.0,prod_2026
159337,TPT.Nq.FP-1026(h),2026-08,TECPETROL S.A.,FORTIN DE PIEDRA,VACA MUERTA,Extracción Efectiva,Gasífero,Surgencia Natural,EXPLOTACION,4765.0,,,119.1233,933.041,0.0,31.0,prod_2026
159338,TPT.Nq.FP-1027(h),2026-08,TECPETROL S.A.,FORTIN DE PIEDRA,VACA MUERTA,Extracción Efectiva,Gasífero,Surgencia Natural,EXPLOTACION,5255.0,,,184.2239,1567.434,0.0,31.0,prod_2026
159339,TPT.Nq.FP-1028(h),2026-08,TECPETROL S.A.,FORTIN DE PIEDRA,VACA MUERTA,Parado Transitoriamente,Gasífero,Surgencia Natural,EXPLOTACION,5310.0,,,0.0,0.0,0.0,0.0,prod_2026
159351,TPT.Nq.FP-1072(h),2026-08,TECPETROL S.A.,FORTIN DE PIEDRA,VACA MUERTA,Extracción Efectiva,Gasífero,Surgencia Natural,EXPLOTACION,5166.0,,,142.2143,1216.064,35.3293,29.56042,prod_2026
159353,TPT.Nq.FP-1073(h),2026-08,TECPETROL S.A.,FORTIN DE PIEDRA,VACA MUERTA,Extracción Efectiva,Gasífero,Surgencia Natural,EXPLOTACION,5195.0,,,115.8697,1207.374,0.0,27.87569,prod_2026
159354,TPT.Nq.FP-1074(h),2026-08,TECPETROL S.A.,FORTIN DE PIEDRA,VACA MUERTA,Extracción Efectiva,Gasífero,Surgencia Natural,EXPLOTACION,5250.0,,,78.49985,628.0698,96.07893,27.87639,prod_2026
159376,YPF.Nq.EOr-85(h),2026-08,YPF S.A.,EL OREJANO,VACA MUERTA,Extracción Efectiva,Gasífero,Surgencia Natural,EXPLOTACION,4742.0,,,0.0,586.65,0.0,19.3,prod_2026
159377,YPF.Nq.EOr-88(h),2026-08,YPF S.A.,EL OREJANO,VACA MUERTA,Extracción Efectiva,Gasífero,Surgencia Natural,EXPLOTACION,4839.0,,,0.0,247.73,46.4,7.97,prod_2026
159378,YPF.Nq.EOr-89(h),2026-08,YPF S.A.,EL OREJANO,VACA MUERTA,En Espera de Reparación,Otro tipo,Surgencia Natural,EXPLOTACION,4894.0,,,0.0,0.0,0.0,0.0,prod_2026
159379,YPF.Nq.LACh-49(h),2026-08,YPF S.A.,LA AMARGA CHICA,VACA MUERTA,Extracción Efectiva,Petrolífero,Bombeo Mecánico,EXPLOTACION,4582.0,,,275.31,28.21,4.1,9.0,prod_2026
159380,YPF.Nq.LLL-1470(h),2026-08,YPF S.A.,LOMA CAMPANA-LLL,VACA MUERTA,Parado Transitoriamente,Petrolífero,Surgencia Natural,EXPLOTACION,5391.0,,,0.0,0.0,0.0,0.0,prod_2026
159381,YPF.Nq.LLL-1502(h),2026-08,YPF S.A.,LOMA CAMPANA-LLL,VACA MUERTA,Extracción Efectiva,Petrolífero,Bombeo Mecánico,EXPLOTACION,5534.0,,,262.67,78.04,27.62,30.33,prod_2026
159382,YPF.Nq.LLL-1503(h),2026-08,YPF S.A.,LOMA CAMPANA-LLL,VACA MUERTA,Extracción Efectiva,Petrolífero,Bombeo Mecánico,EXPLOTACION,5860.0,,,106.78,10.84,5.38,5.52,prod_2026
159398,TPT.Nq.FP-1075(h),2026-08,TECPETROL S.A.,FORTIN DE PIEDRA,VACA MUERTA,Extracción Efectiva,Gasífero,Surgencia Natural,EXPLOTACION,5158.0,,,119.9728,1311.14,441.9528,31.0,prod_2026
159399,TPT.Nq.FP-1076(h),2026-08,TECPETROL S.A.,FORTIN DE PIEDRA,VACA MUERTA,Extracción Efectiva,Gasífero,Surgencia Natural,EXPLOTACION,5180.0,,,123.42,1373.45,462.9044,31.0,prod_2026
159403,TPT.Nq.FP-1077(h),2026-08,TECPETROL S.A.,FORTIN DE PIEDRA,VACA MUERTA,Extracción Efectiva,Gasífero,Surgencia Natural,EXPLOTACION,5339.0,,,67.5327,783.2429,175.3441,31.0,prod_2026
159404,TPT.Nq.FP-1078(h),2026-08,TECPETROL S.A.,FORTIN DE PIEDRA,VACA MUERTA,Extracción Efectiva,Gasífero,Surgencia Natural,EXPLOTACION,5207.0,,,78.89059,875.0342,219.797,31.0,prod_2026
159411,PAE.Nq.APO.x-101(h),2026-08,PAN AMERICAN ENERGY SL,AGUADA PICHANA OESTE,VACA MUERTA,Extracción Efectiva,Gasífero,Surgencia Natural,EXPLORACION,5209.0,,,0.0,1260.441,351.9499,29.81944,prod_2026
159434,YPF.Nq.BAn-46(h),2026-08,SHELL ARGENTINA S.A.,BAJADA DE AÑELO,VACA MUERTA,Parado Transitoriamente,Gasífero,Surgencia Natural,EXPLOTACION,4685.0,,,0.0,0.0,0.0,0.0,prod_2026
159460,TAU.Nq.APHe-411(h),2026-08,TOTAL AUSTRAL S.A.,AGUADA PICHANA ESTE VACA MUERTA,VACA MUERTA,Extracción Efectiva,Gasífero,Surgencia Natural,EXPLOTACION,4859.5,,,0.0,1090.029,34.3287,31.0,prod_2026
159461,TAU.Nq.APHe-412(h),2026-08,TOTAL AUSTRAL S.A.,AGUADA PICHANA ESTE VACA MUERTA,VACA MUERTA,Extracción Efectiva,Gasífero,Surgencia Natural,EXPLOTACION,4922.0,,,0.0,832.2636,25.18082,31.0,prod_2026
159462,TAU.Nq.APHe-422(h),2026-08,TOTAL AUSTRAL S.A.,AGUADA PICHANA ESTE VACA MUERTA,VACA MUERTA,Extracción Efectiva,Gasífero,Surgencia Natural,EXPLOTACION,4835.0,,,0.0,1235.972,78.01803,31.0,prod_2026
159463,TAU.Nq.SRBe-111(h),2026-08,TOTAL AUSTRAL S.A.,SAN ROQUE VACA MUERTA,VACA MUERTA,Otras Situación Activo,Petrolífero,Surgencia Natural,EXPLOTACION,5220.0,,,0.0,0.0,0.0,0.0,prod_2026
159464,TAU.Nq.SRBe-112(h),2026-08,TOTAL AUSTRAL S.A.,SAN ROQUE VACA MUERTA,VACA MUERTA,Parado Transitoriamente,Petrolífero,Surgencia Natural,EXPLOTACION,5285.94,,,0.0,0.0,0.0,0.0,prod_2026
159492,YPF.Nq.LLL-1501(h),2026-08,YPF S.A.,LOMA CAMPANA-LLL,VACA MUERTA,Extracción Efectiva,Petrolífero,Bombeo Mecánico,EXPLOTACION,5858.0,,,664.54,79.58,27.45,30.77,prod_2026
159493,YPF.Nq.LLL-1555(h),2026-08,YPF S.A.,LOMA CAMPANA-LLL,VACA MUERTA,Extracción Efectiva,Petrolífero,Bombeo Mecánico,EXPLOTACION,4845.0,,,382.2,65.59,4.21,30.65,prod_2026
159498,YPF.Nq.SOil-374(h),2026-08,YPF S.A.,LOMA CAMPANA,VACA MUERTA,Extracción Efectiva,Petrolífero,Bombeo Mecánico,EXPLOTACION,5840.0,,,1134.54,194.09,35.07,30.29,prod_2026
159499,YPF.Nq.SOil-376(h),2026-08,YPF S.A.,LOMA CAMPANA,VACA MUERTA,Extracción Efectiva,Petrolífero,Bombeo Mecánico,EXPLOTACION,5354.0,,,334.18,40.42,0.0,30.0,prod_2026
159500,YPF.Nq.SOil-385(h),2026-08,YPF S.A.,LOMA CAMPANA,VACA MUERTA,Extracción Efectiva,Petrolífero,Bombeo Mecánico,EXPLOTACION,5822.0,,,773.55,119.17,3.3,30.2,prod_2026
159501,YPF.Nq.SOil-386(h),2026-08,YPF S.A.,LOMA CAMPANA,VACA MUERTA,Extracción Efectiva,Petrolífero,Bombeo Mecánico,EXPLOTACION,5576.0,,,275.23,42.94,24.16,25.79,prod_2026
159512,PAE.Nq.APO-202(h),2026-08,PAN AMERICAN ENERGY SL,AGUADA PICHANA OESTE,VACA MUERTA,Extracción Efectiva,Gasífero,Surgencia Natural,EXPLOTACION,5162.0,,,0.0,1554.915,117.2938,29.33958,prod_2026
159527,PAE.Nq.BCeDg-123(h),2026-08,PAN AMERICAN ENERGY SL,BANDURRIA CENTRO,VACA MUERTA,Extracción Efectiva,Petrolífero,Bombeo Mecánico,EXPLOTACION,5600.0,,,604.4142,172.2986,84.54914,31.0,prod_2026
159529,TPT.Nq.FP-1071(h),2026-08,TECPETROL S.A.,FORTIN DE PIEDRA,VACA MUERTA,Extracción Efectiva,Gasífero,Surgencia Natural,EXPLOTACION,5202.0,,,27.16584,293.2563,0.0,30.7625,prod_2026
159530,TPT.Nq.FP-1092(h),2026-08,TECPETROL S.A.,FORTIN DE PIEDRA,VACA MUERTA,Extracción Efectiva,Gasífero,Surgencia Natural,EXPLOTACION,5313.0,,,14.96626,1157.967,0.0,30.64722,prod_2026
159531,TPT.Nq.FP-1093(h),2026-08,TECPETROL S.A.,FORTIN DE PIEDRA,VACA MUERTA,Extracción Efectiva,Gasífero,Surgencia Natural,EXPLOTACION,5233.0,,,9.758596,820.7249,41.54635,30.64722,prod_2026
159532,TPT.Nq.FP-1094(h),2026-08,TECPETROL S.A.,FORTIN DE PIEDRA,VACA MUERTA,Extracción Efectiva,Gasífero,Surgencia Natural,EXPLOTACION,5265.0,,,11.80512,858.7647,164.2061,30.64792,prod_2026
159533,TPT.Nq.LAnch.x-1(h),2025-12,TECPETROL S.A.,LOMA ANCHA,VACA MUERTA,En Reserva de Gas,Gasífero,Surgencia Natural,EXPLORACION,4456.0,,,0.0,0.0,0.0,0.0,prod_2025
159558,TPT.Nq.LAnch.x-1,2025-12,TECPETROL S.A.,LOMA ANCHA,VACA MUERTA,Abandonado,Otro tipo,Sin Sistema de Extracción,EXPLORACION,2338.0,,,0.0,0.0,0.0,0.0,prod_2025
159559,AME.Nq.CLN.x-1001(h),2026-08,TECPETROL S.A.,CERRO LAS NIÑAS,VACA MUERTA,Parado Transitoriamente,Gasífero,Surgencia Natural,EXPLORACION,4635.0,,,0.0,0.0,0.0,0.0,prod_2026
159561,TPT.Nq.FP-1067(h),2026-08,TECPETROL S.A.,FORTIN DE PIEDRA,VACA MUERTA,Extracción Efectiva,Gasífero,Surgencia Natural,EXPLOTACION,5216.0,,,50.59859,601.1961,92.25943,31.0,prod_2026
159565,TPT.Nq.FP-1065(h),2026-08,TECPETROL S.A.,FORTIN DE PIEDRA,VACA MUERTA,Extracción Efectiva,Gasífero,Surgencia Natural,EXPLOTACION,5161.0,,,116.5802,1269.353,282.5139,31.0,prod_2026
159566,TPT.Nq.FP-1066(h),2026-08,TECPETROL S.A.,FORTIN DE PIEDRA,VACA MUERTA,Extracción Efectiva,Gasífero,Surgencia Natural,EXPLOTACION,5183.0,,,66.17192,890.0566,116.334,31.0,prod_2026
159580,YPF.Nq.LLL-1524(h),2026-08,YPF S.A.,LOMA CAMPANA-LLL,VACA MUERTA,Extracción Efectiva,Petrolífero,Bombeo Mecánico,EXPLOTACION,6527.0,,,423.93,87.82,43.74,31.0,prod_2026
159581,YPF.Nq.LLL-1525(h),2026-08,YPF S.A.,LOMA CAMPANA-LLL,VACA MUERTA,Extracción Efectiva,Petrolífero,Bombeo Mecánico,EXPLOTACION,5542.0,,,347.4,61.13,38.63,29.17,prod_2026
159582,YPF.Nq.LLL-1526(h),2026-08,YPF S.A.,LOMA CAMPANA-LLL,VACA MUERTA,Extracción Efectiva,Petrolífero,Bombeo Mecánico,EXPLOTACION,5459.0,,,459.43,461.72,181.56,31.0,prod_2026
159583,YPF.Nq.LLL-1527(h),2026-08,YPF S.A.,LOMA CAMPANA-LLL,VACA MUERTA,Extracción Efectiva,Petrolífero,Bombeo Mecánico,EXPLOTACION,5551.0,,,573.18,88.71,171.59,30.33,prod_2026
159584,YPF.Nq.LLL-1528(h),2026-08,YPF S.A.,LOMA CAMPANA-LLL,VACA MUERTA,Extracción Efectiva,Petrolífero,Bombeo Mecánico,EXPLOTACION,5248.0,,,431.67,525.72,40.9,26.46,prod_2026
159590,YPF.Nq.SOil-375(h),2026-08,YPF S.A.,LOMA CAMPANA,VACA MUERTA,En Estudio,Otro tipo,Bombeo Mecánico,EXPLOTACION,5732.0,,,0.0,0.0,0.0,0.0,prod_2026
159607,PAE.Nq.BCeAg-130(h),2026-08,PAN AMERICAN ENERGY SL,BANDURRIA CENTRO,VACA MUERTA,Extracción Efectiva,Petrolífero,Gas Lift,EXPLOTACION,4896.0,,,63.5849,72.54615,130.176,30.0625,prod_2026
159619,PAE.Nq.BCeAg-131(h),2026-08,PAN AMERICAN ENERGY SL,BANDURRIA CENTRO,VACA MUERTA,Extracción Efectiva,Petrolífero,Gas Lift,EXPLOTACION,4959.0,,,62.6419,71.59225,109.113,29.61528,prod_2026
159628,XOM.Nq.BdC.WW3,2026-08,PLUSPETROL CUENCA NEUQUINA S.R.L.,BAJO DEL CHOIQUE,VACA MUERTA,Extracción Efectiva,Acuífero,Electrosumergible,SERVICIO,1200.0,,,0.0,0.0,5711.15,31.0,prod_2026
159629,TPT.Nq.FP-1068(h),2026-08,TECPETROL S.A.,FORTIN DE PIEDRA,VACA MUERTA,Parado Transitoriamente,Gasífero,Surgencia Natural,EXPLOTACION,5034.0,,,0.0,0.0,0.0,0.0,prod_2026
159630,XOM.Nq.BdC.WW2,2026-08,PLUSPETROL CUENCA NEUQUINA S.R.L.,BAJO DEL CHOIQUE,VACA MUERTA,Extracción Efectiva,Acuífero,Electrosumergible,SERVICIO,1200.0,,,0.0,0.0,0.0,31.0,prod_2026
159634,TAU.Nq.RCza.e-21(h),2026-08,VACA MUERTA INVERSIONES SAU,RINCON LA CENIZA,VACA MUERTA,Extracción Efectiva,Gasífero,Surgencia Natural,EXPLOTACION,5441.57,,,584.26,352.86,97.69,25.75,prod_2026
159635,TAU.Nq.RCza.e-22(h),2026-08,VACA MUERTA INVERSIONES SAU,RINCON LA CENIZA,VACA MUERTA,Extracción Efectiva,Gasífero,Surgencia Natural,EXPLOTACION,5508.0,,,247.93,296.43,102.09,26.0,prod_2026
159636,TAU.Nq.APGe-611(h),2026-08,TOTAL AUSTRAL S.A.,AGUADA PICHANA ESTE VACA MUERTA,VACA MUERTA,Extracción Efectiva,Gasífero,Surgencia Natural,EXPLOTACION,4978.0,,,0.0,991.779,62.85377,30.96181,prod_2026
159637,TAU.Nq.APGe-612(h),2026-08,TOTAL AUSTRAL S.A.,AGUADA PICHANA ESTE VACA MUERTA,VACA MUERTA,Extracción Efectiva,Gasífero,Surgencia Natural,EXPLOTACION,4976.0,,,0.0,1039.266,126.0971,30.96181,prod_2026
159669,TPT.Nq.FP-1082(h),2026-08,TECPETROL S.A.,FORTIN DE PIEDRA,VACA MUERTA,Extracción Efectiva,Gasífero,Surgencia Natural,EXPLOTACION,5786.0,,,32.52648,2652.301,283.3234,31.0,prod_2026
159670,TPT.Nq.FP-1083(h),2026-08,TECPETROL S.A.,FORTIN DE PIEDRA,VACA MUERTA,Parado Transitoriamente,Gasífero,Surgencia Natural,EXPLOTACION,5843.0,,,0.0,0.0,0.0,0.0,prod_2026
159673,TPT.Nq.FP-1111(h),2026-08,TECPETROL S.A.,FORTIN DE PIEDRA,VACA MUERTA,Parado Transitoriamente,Gasífero,Surgencia Natural,EXPLOTACION,6005.0,,,0.0,0.0,0.0,0.0,prod_2026
159674,TPT.Nq.FP-1112(h),2026-08,TECPETROL S.A.,FORTIN DE PIEDRA,VACA MUERTA,Parado Transitoriamente,Gasífero,Surgencia Natural,EXPLOTACION,5800.0,,,0.0,0.0,0.0,0.0,prod_2026
159675,TPT.Nq.FP-1113(h),2026-08,TECPETROL S.A.,FORTIN DE PIEDRA,VACA MUERTA,Parado Transitoriamente,Gasífero,Surgencia Natural,EXPLOTACION,5565.0,,,0.0,0.0,0.0,0.0,prod_2026
159699,YPF.Md.NLCa-52,2026-08,YPF S.A.,LOS CAVAOS,VACA MUERTA,Abandonado,Otro tipo,Sin Sistema de Extracción,EXPLOTACION,2865.0,,,0.0,0.0,0.0,0.0,prod_2026
159705,YPF.Nq.EOr-161(h),2026-08,YPF S.A.,EL OREJANO,VACA MUERTA,Extracción Efectiva,Gasífero,Surgencia Natural,EXPLOTACION,4950.0,,,0.0,183.57,19.52,3.15,prod_2026
159706,YPF.Nq.EOr-162(h),2026-08,YPF S.A.,EL OREJANO,VACA MUERTA,En Espera de Reparación,Otro tipo,Surgencia Natural,EXPLOTACION,4752.0,,,0.0,0.0,0.0,0.0,prod_2026
159707,YPF.Nq.EOr-163(h),2026-08,YPF S.A.,EL OREJANO,VACA MUERTA,Extracción Efectiva,Gasífero,Surgencia Natural,EXPLOTACION,4805.0,,,0.0,1439.63,0.0,19.1,prod_2026
159708,YPF.Nq.EOr-164(h),2026-08,YPF S.A.,EL OREJANO,VACA MUERTA,En Espera de Reparación,Otro tipo,Surgencia Natural,EXPLOTACION,5174.0,,,0.0,0.0,0.0,0.0,prod_2026
159709,YPF.Nq.LACh-63(h),2026-08,YPF S.A.,LA AMARGA CHICA,VACA MUERTA,Parado Transitoriamente,Petrolífero,Surgencia Natural,EXPLOTACION,5296.0,,,0.0,0.0,0.0,0.0,prod_2026
159710,YPF.Nq.LACh-64(h),2026-08,YPF S.A.,LA AMARGA CHICA,VACA MUERTA,Extracción Efectiva,Petrolífero,Bombeo Mecánico,EXPLOTACION,5280.0,,,243.0,23.42,432.15,17.0,prod_2026
159711,YPF.Nq.LACh-65(h),2026-08,YPF S.A.,LA AMARGA CHICA,VACA MUERTA,Extracción Efectiva,Petrolífero,Bombeo Mecánico,EXPLOTACION,5291.0,,,1060.76,165.24,1170.99,29.0,prod_2026
159739,PAE.Nq.BCeCf-128(h),2026-08,PAN AMERICAN ENERGY SL,BANDURRIA CENTRO,VACA MUERTA,Extracción Efectiva,Petrolífero,Gas Lift,EXPLOTACION,5500.0,,,226.4767,96.08307,13.0141,23.38889,prod_2026
159748,PAE.Nq.BCeCf-127(h),2026-08,PAN AMERICAN ENERGY SL,BANDURRIA CENTRO,VACA MUERTA,Extracción Efectiva,Petrolífero,Gas Lift,EXPLOTACION,5494.0,,,205.5008,64.45182,11.9285,27.5625,prod_2026
159753,YPF.Nq.EOr-77(h),2026-08,YPF S.A.,EL OREJANO,VACA MUERTA,Abandonado,Otro tipo,Surgencia Natural,EXPLOTACION,4370.0,,,0.0,0.0,0.0,0.0,prod_2026
159769,TPT.Nq.FP-1203(h),2026-08,TECPETROL S.A.,FORTIN DE PIEDRA,VACA MUERTA,Extracción Efectiva,Gasífero,Surgencia Natural,EXPLOTACION,5792.0,,,1.469773,341.6909,26.91153,5.548611,prod_2026
159770,TPT.Nq.FP-1204(h),2026-08,TECPETROL S.A.,FORTIN DE PIEDRA,VACA MUERTA,Extracción Efectiva,Gasífero,Surgencia Natural,EXPLOTACION,5820.0,,,6.158946,1448.832,105.4778,27.01389,prod_2026
159771,TPT.Nq.FP-1083,2026-08,TECPETROL S.A.,FORTIN DE PIEDRA,VACA MUERTA,Abandonado,Otro tipo,Sin Sistema de Extracción,EXPLOTACION,2996.0,,,0.0,0.0,0.0,0.0,prod_2026
159783,PAE.Nq.APO.x-301(h),2026-08,PAN AMERICAN ENERGY SL,AGUADA PICHANA OESTE,VACA MUERTA,En Reserva de Gas,Gasífero,Surgencia Natural,EXPLORACION,5239.0,,,0.0,0.0,0.0,0.0,prod_2026
159805,PAE.Nq.BCeCg-112(h),2026-08,PAN AMERICAN ENERGY SL,BANDURRIA CENTRO,VACA MUERTA,Extracción Efectiva,Petrolífero,Gas Lift,EXPLOTACION,5102.0,,,44.31338,66.22065,77.72295,30.0625,prod_2026
159809,PTRE.MdN.CDM-3023,2026-08,PETROQUIMICA COMODORO RIVADAVIA S.A.,PUESTO ROJAS,VACA MUERTA,Extracción Efectiva,Petrolífero,Bombeo Mecánico,EXPLOTACION,1994.0,,,0.0,0.0,0.0,0.0,prod_2026
159813,PTRE.MdN.CDM-3001,2026-08,PETROQUIMICA COMODORO RIVADAVIA S.A.,PUESTO ROJAS,VACA MUERTA,En Estudio,Petrolífero,Bombeo Mecánico,EXPLOTACION,1973.0,,,0.0,0.0,0.0,0.0,prod_2026
159834,YPF.Nq.EOr-157(h),2026-08,YPF S.A.,EL OREJANO,VACA MUERTA,En Estudio,Otro tipo,Surgencia Natural,EXPLOTACION,4386.0,,,0.0,0.0,0.0,0.0,prod_2026
159835,YPF.Nq.EOr-158(h),2026-08,YPF S.A.,EL OREJANO,VACA MUERTA,Extracción Efectiva,Gasífero,Surgencia Natural,EXPLOTACION,4400.0,,,0.0,560.73,92.08,16.47,prod_2026
159836,YPF.Nq.EOr-160(h),2026-08,YPF S.A.,EL OREJANO,VACA MUERTA,Extracción Efectiva,Gasífero,Surgencia Natural,EXPLOTACION,4455.0,,,97.09,544.65,96.59,26.37,prod_2026
159837,YPF.Nq.LCav-24(h),2026-08,YPF S.A.,BANDURRIA SUR,VACA MUERTA,Extracción Efectiva,Petrolífero,Plunger Lift,EXPLOTACION,3124.0,,,50.69,9.81,1.85,30.65,prod_2026
159838,YPF.Nq.LCav-25(h),2026-08,YPF S.A.,BANDURRIA SUR,VACA MUERTA,Extracción Efectiva,Petrolífero,Plunger Lift,EXPLOTACION,5230.0,,,84.97,18.59,0.0,31.0,prod_2026
159840,YPF.Nq.LLL-1560(h),2026-08,YPF S.A.,LOMA CAMPANA-LLL,VACA MUERTA,Extracción Efectiva,Petrolífero,Bombeo Mecánico,EXPLOTACION,5139.0,,,474.95,69.12,293.49,30.06,prod_2026
159841,YPF.Nq.LLL-1561(h),2026-08,YPF S.A.,LOMA CAMPANA-LLL,VACA MUERTA,Extracción Efectiva,Petrolífero,Bombeo Mecánico,EXPLOTACION,5335.0,,,634.68,93.05,101.96,30.58,prod_2026
159842,YPF.Nq.LLL-1562(h),2026-08,YPF S.A.,LOMA CAMPANA-LLL,VACA MUERTA,Extracción Efectiva,Petrolífero,Bombeo Mecánico,EXPLOTACION,5410.0,,,631.86,144.92,325.23,30.58,prod_2026
159843,YPF.Nq.LLL-1563(h),2026-08,YPF S.A.,LOMA CAMPANA-LLL,VACA MUERTA,Extracción Efectiva,Petrolífero,Bombeo Mecánico,EXPLOTACION,5426.0,,,589.18,98.45,173.08,30.38,prod_2026
159847,YPF.Nq.SOil-372(h),2026-08,YPF S.A.,LOMA CAMPANA,VACA MUERTA,Extracción Efectiva,Petrolífero,Surgencia Natural,EXPLOTACION,5768.0,,,11.67,1.94,1.86,3.83,prod_2026
159848,YPF.Nq.SOil-373(h),2026-08,YPF S.A.,LOMA CAMPANA,VACA MUERTA,Extracción Efectiva,Petrolífero,Bombeo Mecánico,EXPLOTACION,5680.0,,,689.82,63.59,35.96,30.63,prod_2026
159864,PTRE.MdN.CDM-3007,2026-08,PETROQUIMICA COMODORO RIVADAVIA S.A.,PUESTO ROJAS,VACA MUERTA,Parado Transitoriamente,Petrolífero,Bombeo Mecánico,EXPLOTACION,2023.0,,,0.0,0.0,0.0,0.0,prod_2026
159873,TAU.Nq.APHe-111(h),2026-08,TOTAL AUSTRAL S.A.,AGUADA PICHANA ESTE VACA MUERTA,VACA MUERTA,Extracción Efectiva,Gasífero,Surgencia Natural,EXPLOTACION,4863.0,,,19.97103,1046.997,53.63927,29.45139,prod_2026
159874,TAU.Nq.APHe-112(h),2026-08,TOTAL AUSTRAL S.A.,AGUADA PICHANA ESTE VACA MUERTA,VACA MUERTA,Extracción Efectiva,Gasífero,Surgencia Natural,EXPLOTACION,4926.8,,,16.21524,1078.719,55.96142,30.52431,prod_2026
159884,KILW.NqN.MMo x-1001(h),2026-08,PHOENIX GLOBAL RESOURCES S.A.,MATA MORA NORTE,VACA MUERTA,Extracción Efectiva,Petrolífero,Bombeo Mecánico,EXPLORACION,5290.0,,,290.8858,7.077052,1.629401,30.82361,prod_2026
159921,TPT.Nq.FP-1095(h),2026-08,TECPETROL S.A.,FORTIN DE PIEDRA,VACA MUERTA,Extracción Efectiva,Gasífero,Surgencia Natural,EXPLOTACION,5862.0,,,4.957813,1525.48,165.4299,30.65833,prod_2026
159922,TPT.Nq.FP-1096(h),2026-08,TECPETROL S.A.,FORTIN DE PIEDRA,VACA MUERTA,Extracción Efectiva,Gasífero,Surgencia Natural,EXPLOTACION,5790.0,,,7.516125,2641.821,0.0,30.65833,prod_2026
159942,PAE.Nq.ECh.x-101(h),2026-08,PAN AMERICAN ENERGY SL,LINDERO ATRAVESADO OCCIDENTAL,VACA MUERTA,Extracción Efectiva,Petrolífero,Bombeo Mecánico,EXPLORACION,5003.0,,,356.1186,39.12187,26.86125,26.14236,prod_2026
159957,TPT.Nq.FP-1097(h),2026-08,TECPETROL S.A.,FORTIN DE PIEDRA,VACA MUERTA,Extracción Efectiva,Gasífero,Surgencia Natural,EXPLOTACION,5820.0,,,4.885417,1650.569,163.5586,30.65903,prod_2026
159958,TPT.Nq.FP-1022(h),2026-08,TECPETROL S.A.,FORTIN DE PIEDRA,VACA MUERTA,Parado Transitoriamente,Gasífero,Surgencia Natural,EXPLOTACION,5860.0,,,0.123389,26.72394,3.296778,0.532639,prod_2026
159959,TPT.Nq.FP-1023(h),2026-08,TECPETROL S.A.,FORTIN DE PIEDRA,VACA MUERTA,Parado Transitoriamente,Gasífero,Surgencia Natural,EXPLOTACION,5782.0,,,4.955491,813.6074,70.95676,9.850694,prod_2026
159960,TPT.Nq.FP-1024(h),2026-08,TECPETROL S.A.,FORTIN DE PIEDRA,VACA MUERTA,Parado Transitoriamente,Gasífero,Surgencia Natural,EXPLOTACION,5874.0,,,4.345883,648.815,22.35741,9.825694,prod_2026
159961,TPT.Nq.FP-1101(h),2026-08,TECPETROL S.A.,FORTIN DE PIEDRA,VACA MUERTA,Parado Transitoriamente,Gasífero,Surgencia Natural,EXPLOTACION,5805.0,,,2.642932,213.2819,0.0,4.9125,prod_2026
159962,TPT.Nq.FP-1102(h),2026-08,TECPETROL S.A.,FORTIN DE PIEDRA,VACA MUERTA,Parado Transitoriamente,Gasífero,Surgencia Natural,EXPLOTACION,5720.0,,,4.231566,335.1241,0.0,4.9125,prod_2026
159963,TPT.Nq.FP-1103(h),2026-08,TECPETROL S.A.,FORTIN DE PIEDRA,VACA MUERTA,Extracción Efectiva,Gasífero,Surgencia Natural,EXPLOTACION,5765.0,,,11.61669,809.4509,0.0,14.48681,prod_2026
159964,TPT.Nq.FP-1104(h),2026-08,TECPETROL S.A.,FORTIN DE PIEDRA,VACA MUERTA,Extracción Efectiva,Gasífero,Surgencia Natural,EXPLOTACION,5715.0,,,12.88563,859.2312,0.0,14.48611,prod_2026
159980,YPF.Nq.EOr-74(h),2026-08,YPF S.A.,EL OREJANO,VACA MUERTA,Extracción Efectiva,Gasífero,Surgencia Natural,EXPLOTACION,4410.0,,,0.0,1313.97,511.86,31.0,prod_2026
159981,YPF.Nq.EOr-75(h),2026-08,YPF S.A.,EL OREJANO,VACA MUERTA,Extracción Efectiva,Gasífero,Surgencia Natural,EXPLOTACION,4147.0,,,0.0,597.79,274.65,28.4,prod_2026
159982,YPF.Nq.EOr-76(h)(I),2026-08,YPF S.A.,EL OREJANO,VACA MUERTA,Parado Transitoriamente,Gasífero,Surgencia Natural,EXPLOTACION,4242.0,,,0.0,0.0,0.0,0.0,prod_2026
159983,YPF.Nq.LCav-19(h),2026-08,YPF S.A.,BANDURRIA SUR,VACA MUERTA,Extracción Efectiva,Petrolífero,Surgencia Natural,EXPLOTACION,5300.0,,,333.72,111.83,66.19,29.06,prod_2026
159984,YPF.Nq.LCav-20(h),2026-08,YPF S.A.,BANDURRIA SUR,VACA MUERTA,Extracción Efectiva,Petrolífero,Bombeo Mecánico,EXPLOTACION,5374.0,,,508.64,165.13,33.03,27.98,prod_2026
159985,YPF.Nq.LCav-22(h),2026-08,YPF S.A.,BANDURRIA SUR,VACA MUERTA,Extracción Efectiva,Petrolífero,Surgencia Natural,EXPLOTACION,5158.0,,,29.35,9.82,1497.68,30.57,prod_2026
159986,YPF.Nq.LCav-23(h),2026-08,YPF S.A.,BANDURRIA SUR,VACA MUERTA,Extracción Efectiva,Petrolífero,Surgencia Natural,EXPLOTACION,5013.0,,,335.74,189.18,3.85,22.44,prod_2026
159989,YPF.Nq.SOil-370(h),2026-08,YPF S.A.,LOMA CAMPANA,VACA MUERTA,Extracción Efectiva,Petrolífero,Bombeo Mecánico,EXPLOTACION,5900.0,,,149.96,16.83,15.98,29.72,prod_2026
160002,TAU.Nq.APHe-211(h),2026-08,TOTAL AUSTRAL S.A.,AGUADA PICHANA ESTE VACA MUERTA,VACA MUERTA,Extracción Efectiva,Gasífero,Surgencia Natural,EXPLOTACION,4920.05,,,4.7996,976.013,131.9112,31.0,prod_2026
160003,TAU.Nq.APHe-212(h),2026-08,TOTAL AUSTRAL S.A.,AGUADA PICHANA ESTE VACA MUERTA,VACA MUERTA,Extracción Efectiva,Gasífero,Surgencia Natural,EXPLOTACION,4928.9,,,0.0,1395.035,101.1119,31.0,prod_2026
160004,TAU.Nq.APHe-221(h),2026-08,TOTAL AUSTRAL S.A.,AGUADA PICHANA ESTE VACA MUERTA,VACA MUERTA,Extracción Efectiva,Gasífero,Surgencia Natural,EXPLOTACION,4925.0,,,10.06345,803.1542,103.801,31.0,prod_2026
160005,TAU.Nq.APHe-222(h),2026-08,TOTAL AUSTRAL S.A.,AGUADA PICHANA ESTE VACA MUERTA,VACA MUERTA,Extracción Efectiva,Gasífero,Surgencia Natural,EXPLOTACION,4921.0,,,7.907754,491.4725,54.21591,31.0,prod_2026
160021,PTRE.MdN.CDM-3012,2026-08,PETROQUIMICA COMODORO RIVADAVIA S.A.,PUESTO ROJAS,VACA MUERTA,Extracción Efectiva,Petrolífero,Bombeo Mecánico,EXPLOTACION,1983.0,,,250.085,75.48561,147.3167,30.33333,prod_2026
160023,TPT.Nq.FP-1051(h),2026-08,TECPETROL S.A.,FORTIN DE PIEDRA,VACA MUERTA,Extracción Efectiva,Gasífero,Surgencia Natural,EXPLOTACION,5820.0,,,15.7871,1535.186,0.0,30.61458,prod_2026
160024,TPT.Nq.FP-1052(h),2026-08,TECPETROL S.A.,FORTIN DE PIEDRA,VACA MUERTA,Extracción Efectiva,Gasífero,Surgencia Natural,EXPLOTACION,5728.0,,,11.42939,1042.305,0.0,30.61458,prod_2026
160026,TPT.Nq.FP-1053(h),2026-08,TECPETROL S.A.,FORTIN DE PIEDRA,VACA MUERTA,Extracción Efectiva,Gasífero,Surgencia Natural,EXPLOTACION,5733.0,,,15.0743,1261.157,0.0,30.61111,prod_2026
160027,TPT.Nq.FP-1054(h),2026-08,TECPETROL S.A.,FORTIN DE PIEDRA,VACA MUERTA,Extracción Efectiva,Gasífero,Surgencia Natural,EXPLOTACION,5764.0,,,19.60019,1455.159,0.0,30.61111,prod_2026
160049,YPF.Nq.LACh-70(h),2026-08,YPF S.A.,LA AMARGA CHICA,VACA MUERTA,Extracción Efectiva,Petrolífero,Bombeo Mecánico,EXPLOTACION,5551.0,,,157.85,59.79,52.31,30.44,prod_2026
160050,YPF.Nq.LACh-71(h),2026-08,YPF S.A.,LA AMARGA CHICA,VACA MUERTA,Extracción Efectiva,Petrolífero,Bombeo Mecánico,EXPLOTACION,5695.0,,,515.91,78.77,344.72,30.54,prod_2026
160051,YPF.Nq.LACh-72(h),2026-08,YPF S.A.,LA AMARGA CHICA,VACA MUERTA,Extracción Efectiva,Petrolífero,Bombeo Mecánico,EXPLOTACION,5579.0,,,761.89,60.64,736.47,30.35,prod_2026
160052,YPF.Nq.LCav-34(h),2026-08,YPF S.A.,BANDURRIA SUR,VACA MUERTA,Extracción Efectiva,Petrolífero,Surgencia Natural,EXPLOTACION,5100.0,,,27.61,3.72,304.32,29.81,prod_2026
160053,YPF.Nq.LLL-1543(h),2026-08,YPF S.A.,LOMA CAMPANA-LLL,VACA MUERTA,Extracción Efectiva,Petrolífero,Bombeo Mecánico,EXPLOTACION,5085.0,,,406.8,55.55,0.0,29.65,prod_2026
160054,YPF.Nq.LLL-1544(h),2026-08,YPF S.A.,LOMA CAMPANA-LLL,VACA MUERTA,Extracción Efectiva,Petrolífero,Bombeo Mecánico,EXPLOTACION,5145.0,,,597.82,159.82,11.97,25.15,prod_2026
160055,YPF.Nq.LLL-1545(h),2026-08,YPF S.A.,LOMA CAMPANA-LLL,VACA MUERTA,Extracción Efectiva,Petrolífero,Bombeo Mecánico,EXPLOTACION,5228.0,,,530.92,0.0,16.67,28.85,prod_2026
160056,YPF.Nq.LLL-1546(h),2026-08,YPF S.A.,LOMA CAMPANA-LLL,VACA MUERTA,Extracción Efectiva,Petrolífero,Bombeo Mecánico,EXPLOTACION,5466.0,,,611.1,101.46,95.53,30.29,prod_2026
160057,YPF.Nq.LLL-1571(h),2026-08,YPF S.A.,LOMA CAMPANA-LLL,VACA MUERTA,Extracción Efectiva,Petrolífero,Bombeo Mecánico,EXPLOTACION,5688.0,,,703.43,229.43,144.83,30.6,prod_2026
160090,TAU.Nq.APGe-411(h),2026-08,TOTAL AUSTRAL S.A.,AGUADA PICHANA ESTE VACA MUERTA,VACA MUERTA,Extracción Efectiva,Gasífero,Surgencia Natural,EXPLOTACION,4354.0,,,0.0,823.4738,96.49452,31.0,prod_2026
160091,TAU.Nq.APGe-412(h),2026-08,TOTAL AUSTRAL S.A.,AGUADA PICHANA ESTE VACA MUERTA,VACA MUERTA,Extracción Efectiva,Gasífero,Surgencia Natural,EXPLOTACION,5014.6,,,0.0,1545.154,93.89468,31.0,prod_2026
160146,YPF.Nq.LACh-92(h),2026-08,YPF S.A.,LA AMARGA CHICA,VACA MUERTA,Extracción Efectiva,Petrolífero,Bombeo Mecánico,EXPLOTACION,4818.0,,,536.33,55.66,25.54,28.6,prod_2026
160148,YPF.Nq.LLL-1570(h),2026-08,YPF S.A.,LOMA CAMPANA-LLL,VACA MUERTA,Extracción Efectiva,Petrolífero,Bombeo Mecánico,EXPLOTACION,5310.0,,,616.02,123.45,125.15,30.56,prod_2026
160149,YPF.Nq.LLL-1572(h),2026-08,YPF S.A.,LOMA CAMPANA-LLL,VACA MUERTA,Extracción Efectiva,Petrolífero,Surgencia Natural,EXPLOTACION,5755.0,,,1974.76,521.09,440.0,31.0,prod_2026
160150,YPF.Nq.LLL-1573(h),2026-08,YPF S.A.,LOMA CAMPANA-LLL,VACA MUERTA,En Espera de Reparación,Otro tipo,Bombeo Mecánico,EXPLOTACION,5677.0,,,0.0,0.0,0.0,0.0,prod_2026
160154,YPF.Nq.RDMN-5(h),2026-08,YPF S.A.,RINCON DEL MANGRULLO,VACA MUERTA,En Estudio,Otro tipo,Surgencia Natural,EXPLOTACION,5064.0,,,0.0,0.0,0.0,0.0,prod_2026
160155,YPF.Nq.RDMN-6(h),2026-08,YPF S.A.,RINCON DEL MANGRULLO,VACA MUERTA,En Estudio,Otro tipo,Surgencia Natural,EXPLOTACION,5041.0,,,0.0,0.0,0.0,0.0,prod_2026
160164,PAE.Nq.ECh-102(h),2026-08,PAN AMERICAN ENERGY SL,LINDERO ATRAVESADO OCCIDENTAL,VACA MUERTA,Extracción Efectiva,Petrolífero,Bombeo Mecánico,EXPLOTACION,5850.0,,,257.1799,14.61496,10.61779,19.56389,prod_2026
160169,PAE.Nq.ACas-101(h),2026-08,PAN AMERICAN ENERGY SL,AGUADA DE CASTRO,VACA MUERTA,Extracción Efectiva,Gasífero,Surgencia Natural,EXPLOTACION,5455.0,,,0.0,479.2848,0.0,29.78681,prod_2026
160180,PAE.Nq.ACas-102(h),2026-08,PAN AMERICAN ENERGY SL,AGUADA DE CASTRO,VACA MUERTA,Extracción Efectiva,Gasífero,Surgencia Natural,EXPLOTACION,5114.0,,,0.0,451.1202,0.0,29.69583,prod_2026
160184,TAU.Nq.RCza-23(h),2026-08,VACA MUERTA INVERSIONES SAU,RINCON LA CENIZA,VACA MUERTA,Extracción Efectiva,Gasífero,Surgencia Natural,EXPLOTACION,4997.0,,,32.52,243.85,76.12,31.0,prod_2026
160191,XOM.Nq.PdY-1001(h),2026-08,PLUSPETROL CUENCA NEUQUINA S.R.L.,PAMPA DE LAS YEGUAS I,VACA MUERTA,Extracción Efectiva,Gasífero,Surgencia Natural,EXPLOTACION,3088.0,,,0.0,1998.04,0.0,26.0,prod_2026
160192,XOM.Nq.PdY-1002(h),2026-08,PLUSPETROL CUENCA NEUQUINA S.R.L.,PAMPA DE LAS YEGUAS I,VACA MUERTA,Extracción Efectiva,Gasífero,Surgencia Natural,EXPLOTACION,3017.0,,,0.0,0.0,0.0,0.0,prod_2026
160193,XOM.Nq.PdY-1003(h),2026-08,PLUSPETROL CUENCA NEUQUINA S.R.L.,PAMPA DE LAS YEGUAS I,VACA MUERTA,Extracción Efectiva,Gasífero,Surgencia Natural,EXPLOTACION,3088.0,,,0.0,910.49,283.63,26.0,prod_2026
160194,PTRE.MdN.CP-1010,2026-08,PETROQUIMICA COMODORO RIVADAVIA S.A.,PUESTO ROJAS,VACA MUERTA,Extracción Efectiva,Petrolífero,Bombeo Mecánico,EXPLOTACION,1677.0,,,0.0,0.0,0.0,0.0,prod_2026
160198,WIN.MdN.RGE.x-1,2026-08,HATTRICK ENERGY SAS,CN-V,VACA MUERTA,Abandonado,Petrolífero,Sin Sistema de Extracción,EXPLORACION,2656.2,,,0.0,0.0,0.0,0.0,prod_2026
160205,TPT.Nq.FP-1323(h)(ST1),2026-08,TECPETROL S.A.,FORTIN DE PIEDRA,VACA MUERTA,Extracción Efectiva,Gasífero,Surgencia Natural,EXPLOTACION,5800.0,,,10.45269,1524.253,63.5854,31.0,prod_2026
160206,TPT.Nq.FP-1323(h),2026-08,TECPETROL S.A.,FORTIN DE PIEDRA,VACA MUERTA,Abandonado,Otro tipo,Sin Sistema de Extracción,EXPLOTACION,2793.0,,,0.0,0.0,0.0,0.0,prod_2026
160207,TPT.Nq.FP-1322(h),2026-08,TECPETROL S.A.,FORTIN DE PIEDRA,VACA MUERTA,Parado Transitoriamente,Gasífero,Surgencia Natural,EXPLOTACION,5885.0,,,0.0,0.0,0.0,0.0,prod_2026
160208,VOG.Nq.MdM-2013(h),2026-08,VISTA ENERGY ARGENTINA SAU,MEDANO DE LA MORA,VACA MUERTA,Extracción Efectiva,Petrolífero,Gas Lift,EXPLOTACION,5646.0,,,551.503,47.606,3259.709,20.715,prod_2026
160209,VOG.Nq.MdM-2014(h),2026-08,VISTA ENERGY ARGENTINA SAU,MEDANO DE LA MORA,VACA MUERTA,Extracción Efectiva,Petrolífero,Gas Lift,EXPLOTACION,5755.0,,,0.0,0.0,0.0,0.0,prod_2026
160210,VOG.Nq.MdM-2015(h),2026-08,VISTA ENERGY ARGENTINA SAU,MEDANO DE LA MORA,VACA MUERTA,Extracción Efectiva,Petrolífero,Gas Lift,EXPLOTACION,5708.0,,,0.0,0.0,4282.742,20.74,prod_2026
160211,VOG.Nq.MdM-2016(h),2026-08,VISTA ENERGY ARGENTINA SAU,MEDANO DE LA MORA,VACA MUERTA,Extracción Efectiva,Petrolífero,Gas Lift,EXPLOTACION,5756.0,,,54.849,7.973,4.348,4.435,prod_2026
160275,YPF.Nq.RDMN-7(h),2026-08,YPF S.A.,RINCON DEL MANGRULLO,VACA MUERTA,En Estudio,Otro tipo,Surgencia Natural,EXPLOTACION,4920.0,,,0.0,0.0,0.0,0.0,prod_2026
160306,TPT.Nq.FP-1241(h),2026-08,TECPETROL S.A.,FORTIN DE PIEDRA,VACA MUERTA,Parado Transitoriamente,Gasífero,Surgencia Natural,EXPLOTACION,5760.0,,,29.47851,3737.761,320.6362,25.89514,prod_2026
160307,TPT.Nq.FP-1242(h),2026-08,TECPETROL S.A.,FORTIN DE PIEDRA,VACA MUERTA,Extracción Efectiva,Gasífero,Surgencia Natural,EXPLOTACION,5821.0,,,12.94645,2376.368,678.5642,27.10833,prod_2026
160308,TPT.Nq.FP-1243(h),2026-08,TECPETROL S.A.,FORTIN DE PIEDRA,VACA MUERTA,Parado Transitoriamente,Gasífero,Surgencia Natural,EXPLOTACION,5770.0,,,9.344586,1182.923,193.4257,13.72778,prod_2026
160330,YPF.Nq.AdlA-1008(h),2026-08,YPF S.A.,AGUADA DE LA ARENA,VACA MUERTA,En Reserva de Gas,Gasífero,Surgencia Natural,EXPLOTACION,4850.0,,,0.0,0.0,0.0,0.0,prod_2026
160331,YPF.Nq.AdlA-1009(h),2026-08,YPF S.A.,AGUADA DE LA ARENA,VACA MUERTA,En Estudio,Otro tipo,Sin Sistema de Extracción,EXPLOTACION,4922.0,,,0.0,0.0,0.0,0.0,prod_2026
160332,YPF.Nq.ELg.x-1,2026-08,YPF S.A.,LA ANGOSTURA SUR II,VACA MUERTA,Extracción Efectiva,Petrolífero,Surgencia Natural,EXPLORACION,5076.0,,,212.5,114.1,0.0,12.22,prod_2026
160333,YPF.Nq.LACh-74(h),2026-08,YPF S.A.,LA AMARGA CHICA,VACA MUERTA,Extracción Efectiva,Petrolífero,Bombeo Mecánico,EXPLOTACION,4697.0,,,329.15,65.44,193.9,21.5,prod_2026
160334,YPF.Nq.LACh-75(h),2026-08,YPF S.A.,LA AMARGA CHICA,VACA MUERTA,Extracción Efectiva,Petrolífero,Bombeo Mecánico,EXPLOTACION,4572.0,,,767.86,88.29,376.31,28.58,prod_2026
160335,YPF.Nq.LLL-1429(h),2026-08,YPF S.A.,LOMA CAMPANA-LLL,VACA MUERTA,Extracción Efectiva,Petrolífero,Bombeo Mecánico,EXPLOTACION,5672.0,,,348.62,56.74,125.59,26.58,prod_2026
160338,YPF.Nq.LRi-4(h),2026-08,YPF S.A.,LA RIBERA BLOQUE I,VACA MUERTA,Extracción Efectiva,Gasífero,Surgencia Natural,EXPLOTACION,2619.0,,,193.09,725.22,124.9,28.75,prod_2026
160339,YPF.Nq.LRi-5(h),2026-08,YPF S.A.,LA RIBERA BLOQUE I,VACA MUERTA,Extracción Efectiva,Gasífero,Surgencia Natural,EXPLOTACION,5349.0,,,159.35,1123.03,35.14,28.51,prod_2026
160344,SHE.Nq.CASO-2(h),2026-08,SHELL ARGENTINA S.A.,COIRON AMARGO SUR OESTE,VACA MUERTA,Extracción Efectiva,Petrolífero,Bombeo Mecánico,EXPLOTACION,5600.0,,,729.96,142.19,73.43,31.0,prod_2026
160345,SHE.Nq.CASO-3(h),2026-08,SHELL ARGENTINA S.A.,COIRON AMARGO SUR OESTE,VACA MUERTA,Extracción Efectiva,Petrolífero,Bombeo Mecánico,EXPLOTACION,5610.0,,,263.13,82.52,12.55,21.92,prod_2026
160346,SHE.Nq.CASO-4(h),2026-08,SHELL ARGENTINA S.A.,COIRON AMARGO SUR OESTE,VACA MUERTA,Extracción Efectiva,Petrolífero,Bombeo Mecánico,EXPLOTACION,5625.0,,,215.87,31.27,42.41,31.0,prod_2026
160371,PAE.Nq.APO-302(h),2026-08,PAN AMERICAN ENERGY SL,AGUADA PICHANA OESTE,VACA MUERTA,En Reserva de Gas,Gasífero,Surgencia Natural,EXPLORACION,4662.0,,,0.0,0.0,0.0,0.0,prod_2026
160426,YPF.Nq.AdlA-1004(h),2026-08,YPF S.A.,AGUADA DE LA ARENA,VACA MUERTA,Parado Transitoriamente,Gasífero,Surgencia Natural,EXPLOTACION,4409.0,,,0.0,0.0,0.0,0.0,prod_2026
160427,YPF.Nq.AdlA-1007(h),2026-08,YPF S.A.,AGUADA DE LA ARENA,VACA MUERTA,En Espera de Reparación,Otro tipo,Surgencia Natural,EXPLOTACION,4965.0,,,0.0,0.0,0.0,0.0,prod_2026
160428,YPF.Nq.BdT.x-6(h),2026-08,YPF S.A.,BAJO DEL TORO NORTE,VACA MUERTA,Extracción Efectiva,Petrolífero,Bombeo Mecánico,EXPLORACION,5396.0,,,247.29,77.42,92.52,22.59,prod_2026
160429,YPF.Nq.BdT.x-7(h),2026-08,YPF S.A.,BAJO DEL TORO NORTE,VACA MUERTA,Extracción Efectiva,Petrolífero,Bombeo Mecánico,EXPLORACION,5155.0,,,19.56,2.91,3.51,1.67,prod_2026
160430,YPF.Nq.LACh-76(h),2026-08,YPF S.A.,LA AMARGA CHICA,VACA MUERTA,Extracción Efectiva,Petrolífero,Bombeo Mecánico,EXPLOTACION,4730.0,,,701.65,119.96,63.95,29.96,prod_2026
160431,YPF.Nq.LACh-77(h),2026-08,YPF S.A.,LA AMARGA CHICA,VACA MUERTA,Extracción Efectiva,Petrolífero,Bombeo Mecánico,EXPLOTACION,4737.0,,,105.77,18.73,77.55,4.73,prod_2026
160432,YPF.Nq.LLL-1426(h),2026-08,YPF S.A.,LOMA CAMPANA-LLL,VACA MUERTA,Extracción Efectiva,Petrolífero,Bombeo Mecánico,EXPLOTACION,5630.0,,,577.33,84.76,92.04,29.69,prod_2026
160433,YPF.Nq.LLL-1427(h),2026-08,YPF S.A.,LOMA CAMPANA-LLL,VACA MUERTA,Extracción Efectiva,Petrolífero,Bombeo Mecánico,EXPLOTACION,5830.0,,,1027.94,133.62,82.46,31.0,prod_2026
160434,YPF.Nq.LLL-1428(h),2026-08,YPF S.A.,LOMA CAMPANA-LLL,VACA MUERTA,Extracción Efectiva,Petrolífero,Bombeo Mecánico,EXPLOTACION,5662.0,,,291.37,60.51,11.8,30.08,prod_2026
160435,YPF.Nq.LLL-1557(h),2026-08,YPF S.A.,LOMA CAMPANA-LLL,VACA MUERTA,Extracción Efectiva,Petrolífero,Bombeo Mecánico,EXPLOTACION,5705.0,,,736.95,61.02,61.85,31.0,prod_2026
160436,YPF.Nq.LLL-1558(h),2026-08,YPF S.A.,LOMA CAMPANA-LLL,VACA MUERTA,Extracción Efectiva,Petrolífero,Bombeo Mecánico,EXPLOTACION,5735.0,,,569.63,65.86,73.19,30.08,prod_2026
160437,YPF.Nq.LLL-1559(h),2026-08,YPF S.A.,LOMA CAMPANA-LLL,VACA MUERTA,Extracción Efectiva,Petrolífero,Bombeo Mecánico,EXPLOTACION,5680.0,,,468.15,87.69,30.65,29.98,prod_2026
160447,PAE.Nq.BCeCh-135(h),2026-08,PAN AMERICAN ENERGY SL,BANDURRIA CENTRO,VACA MUERTA,Extracción Efectiva,Petrolífero,Bombeo Mecánico,EXPLOTACION,5094.0,,,321.429,34.38804,243.3031,30.38194,prod_2026
160455,PAE.Nq.BCeCh-136(h),2026-08,PAN AMERICAN ENERGY SL,BANDURRIA CENTRO,VACA MUERTA,Extracción Efectiva,Petrolífero,Bombeo Mecánico,EXPLOTACION,5135.0,,,117.7055,23.31155,18.3362,29.36181,prod_2026
160461,TAU.Nq.AP-1008(h),2026-08,TOTAL AUSTRAL S.A.,AGUADA PICHANA ESTE VACA MUERTA,VACA MUERTA,Extracción Efectiva,Gasífero,Surgencia Natural,EXPLOTACION,5272.0,,,19.09809,1528.932,119.8676,29.99236,prod_2026
160462,TAU.Nq.AP-1009(h),2026-08,TOTAL AUSTRAL S.A.,AGUADA PICHANA ESTE VACA MUERTA,VACA MUERTA,Extracción Efectiva,Gasífero,Surgencia Natural,EXPLOTACION,5226.0,,,16.36728,1869.553,42.09118,29.99236,prod_2026
160463,TPT.Nq.FP-1265(h),2026-08,TECPETROL S.A.,FORTIN DE PIEDRA,VACA MUERTA,Extracción Efectiva,Gasífero,Surgencia Natural,EXPLOTACION,5709.0,,,187.0156,1459.706,939.7654,24.95833,prod_2026
160464,TPT.Nq.FP-1266(h),2026-08,TECPETROL S.A.,FORTIN DE PIEDRA,VACA MUERTA,Parado Transitoriamente,Gasífero,Surgencia Natural,EXPLOTACION,5742.0,,,0.0,0.0,0.0,0.0,prod_2026
160466,TPT.Nq.FP-1267(h),2026-08,TECPETROL S.A.,FORTIN DE PIEDRA,VACA MUERTA,Extracción Efectiva,Gasífero,Surgencia Natural,EXPLOTACION,5680.0,,,131.9771,1029.483,662.6401,30.7,prod_2026
160472,SHE.Nq.BAñ-1001(h),2026-08,SHELL ARGENTINA S.A.,BAJADA DE AÑELO,VACA MUERTA,Extracción Efectiva,Gasífero,Surgencia Natural,EXPLOTACION,4706.0,,,697.89,1141.58,653.88,30.97,prod_2026
160473,SHE.Nq.BAñ-1003(h),2026-08,SHELL ARGENTINA S.A.,BAJADA DE AÑELO,VACA MUERTA,Extracción Efectiva,Gasífero,Surgencia Natural,EXPLOTACION,4890.0,,,968.12,2033.72,819.65,30.97,prod_2026
160518,YPF.Nq.AdlA-1005(h),2026-08,YPF S.A.,AGUADA DE LA ARENA,VACA MUERTA,En Estudio,Otro tipo,Surgencia Natural,EXPLOTACION,4463.0,,,0.0,0.0,0.0,0.0,prod_2026
160519,YPF.Nq.AdlA-1006(h),2026-08,YPF S.A.,AGUADA DE LA ARENA,VACA MUERTA,Parado Transitoriamente,Gasífero,Surgencia Natural,EXPLOTACION,4350.0,,,0.0,0.0,0.0,0.0,prod_2026
160520,YPF.Nq.LLL-1556(h),2026-08,YPF S.A.,LOMA CAMPANA-LLL,VACA MUERTA,Extracción Efectiva,Petrolífero,Bombeo Mecánico,EXPLOTACION,5686.0,,,577.22,91.47,22.07,30.6,prod_2026
160521,YPF.Nq.LRi-10(h),2026-08,YPF S.A.,LA RIBERA BLOQUE I,VACA MUERTA,Extracción Efectiva,Gasífero,Surgencia Natural,EXPLOTACION,5578.0,,,209.8,1028.79,113.0,28.67,prod_2026
160522,YPF.Nq.LRi-11(h),2026-08,YPF S.A.,LA RIBERA BLOQUE I,VACA MUERTA,Extracción Efectiva,Gasífero,Surgencia Natural,EXPLOTACION,5494.0,,,177.44,953.51,44.34,28.52,prod_2026
160524,YPF.Nq.RDMN-10(h),2026-08,YPF S.A.,RINCON DEL MANGRULLO,VACA MUERTA,En Estudio,Otro tipo,Surgencia Natural,EXPLOTACION,5046.0,,,0.0,0.0,0.0,0.0,prod_2026
160525,YPF.Nq.RDMN-8(h),2026-08,YPF S.A.,RINCON DEL MANGRULLO,VACA MUERTA,En Espera de Reparación,Otro tipo,Surgencia Natural,EXPLOTACION,5060.0,,,0.0,0.0,0.0,0.0,prod_2026
160526,YPF.Nq.RDMN-9(h),2026-08,YPF S.A.,RINCON DEL MANGRULLO,VACA MUERTA,Parado Transitoriamente,Gasífero,Surgencia Natural,EXPLOTACION,4994.0,,,0.0,0.0,0.0,0.0,prod_2026
160533,TPT.Nq.LRa.x-2(r)(h),2022-08,TECPETROL S.A.,LOMA RANQUELES,VACA MUERTA,Abandono Temporario,Gasífero,Sin Sistema de Extracción,EXPLORACION,4700.0,-69.696260976419,-37.703625781391,0.0,0.0,0.0,0.0,no_conv_historico
160534,TAU.Nq.AP-1016(h),2026-08,TOTAL AUSTRAL S.A.,AGUADA PICHANA ESTE VACA MUERTA,VACA MUERTA,Extracción Efectiva,Gasífero,Surgencia Natural,EXPLOTACION,5200.0,,,0.0,630.002,51.6249,30.82569,prod_2026
160535,TAU.Nq.AP-1017(h),2026-08,TOTAL AUSTRAL S.A.,AGUADA PICHANA ESTE VACA MUERTA,VACA MUERTA,Extracción Efectiva,Gasífero,Surgencia Natural,EXPLOTACION,5139.0,,,0.0,1747.09,3.236195,30.82569,prod_2026
160536,TAU.Nq.SR-1012(h),2026-08,TOTAL AUSTRAL S.A.,SAN ROQUE VACA MUERTA,VACA MUERTA,Extracción Efectiva,Petrolífero,Surgencia Natural,EXPLOTACION,4660.0,,,128.141,44.84974,4.484,6.46875,prod_2026
160537,TAU.Nq.SR-1013(h),2026-08,TOTAL AUSTRAL S.A.,SAN ROQUE VACA MUERTA,VACA MUERTA,Parado Transitoriamente,Petrolífero,Surgencia Natural,EXPLOTACION,5615.0,,,31.214,8.739879,4.37,0.569444,prod_2026
160557,SHE.Nq.BAñ-1008(h),2026-08,SHELL ARGENTINA S.A.,BAJADA DE AÑELO,VACA MUERTA,Extracción Efectiva,Gasífero,Surgencia Natural,EXPLOTACION,5030.0,,,1231.98,3125.51,811.05,31.0,prod_2026
160571,VOG.Nq.MdM-2029(h),2026-08,VISTA ENERGY ARGENTINA SAU,MEDANO DE LA MORA,VACA MUERTA,Extracción Efectiva,Petrolífero,Gas Lift,EXPLOTACION,5380.0,,,812.005,148.035,137.502,29.361,prod_2026
160572,VOG.Nq.MdM-2030(h),2026-08,VISTA ENERGY ARGENTINA SAU,MEDANO DE LA MORA,VACA MUERTA,Extracción Efectiva,Petrolífero,Gas Lift,EXPLOTACION,5431.0,,,426.319,71.161,4.867,30.315,prod_2026
160574,VOG.Nq.MdM-2032(h),2026-08,VISTA ENERGY ARGENTINA SAU,MEDANO DE LA MORA,VACA MUERTA,Extracción Efectiva,Petrolífero,Gas Lift,EXPLOTACION,5205.0,,,411.057,76.573,126.905,29.996,prod_2026
160575,VOG.Nq.MdM-2033(h),2026-08,VISTA ENERGY ARGENTINA SAU,MEDANO DE LA MORA,VACA MUERTA,Extracción Efectiva,Petrolífero,Gas Lift,EXPLOTACION,5170.0,,,1070.574,159.462,162.415,29.256,prod_2026
160577,TPT.Nq.FP-1216(h),2026-08,TECPETROL S.A.,FORTIN DE PIEDRA,VACA MUERTA,Extracción Efectiva,Gasífero,Surgencia Natural,EXPLOTACION,5777.0,,,16.5742,3068.74,352.0086,30.19097,prod_2026
160578,TPT.Nq.FP-1215(h),2026-08,TECPETROL S.A.,FORTIN DE PIEDRA,VACA MUERTA,Parado Transitoriamente,Gasífero,Surgencia Natural,EXPLOTACION,5827.0,,,10.49458,878.8128,105.3846,23.98542,prod_2026
160691,YPF.Nq.LLL-1574(h),2026-08,YPF S.A.,LOMA CAMPANA,VACA MUERTA,A Abandonar,Otro tipo,Surgencia Natural,EXPLOTACION,5870.0,,,0.0,0.0,0.0,0.0,prod_2026
160692,YPF.Nq.LLL-1575(h),2026-08,YPF S.A.,LOMA CAMPANA,VACA MUERTA,Extracción Efectiva,Petrolífero,Bombeo Mecánico,EXPLOTACION,5830.0,,,444.97,45.84,92.51,30.71,prod_2026
160693,YPF.Nq.LLL-1576(h),2026-08,YPF S.A.,LOMA CAMPANA,VACA MUERTA,Extracción Efectiva,Petrolífero,Bombeo Mecánico,EXPLOTACION,5835.0,,,788.12,81.76,74.78,30.0,prod_2026
160694,YPF.Nq.LLL-1577(h),2026-08,YPF S.A.,LOMA CAMPANA-LLL,VACA MUERTA,Extracción Efectiva,Petrolífero,Bombeo Mecánico,EXPLOTACION,5864.0,,,1396.59,221.67,119.79,30.63,prod_2026
160696,YPF.Nq.LLLO.x-1(h),2026-08,YPF S.A.,LOMA LA LATA,VACA MUERTA,Abandono Temporario,Gasífero,Surgencia Natural,EXPLORACION,5054.0,,,0.0,0.0,0.0,0.0,prod_2026
160697,YPF.Nq.LLLO.x-2(h),2026-08,YPF S.A.,LOMA LA LATA,VACA MUERTA,A Abandonar,Otro tipo,Surgencia Natural,EXPLORACION,4823.0,,,0.0,0.0,0.0,0.0,prod_2026
160698,YPF.Nq.LaMa.x-7(h),2026-08,BENTIA ENERGY S.A.,LAS MANADAS,VACA MUERTA,Abandonado,Otro tipo,Sin Sistema de Extracción,EXPLORACION,4990.0,,,0.0,0.0,0.0,0.0,prod_2026
160699,YPF.Nq.LaMa.x-8(h),2026-08,BENTIA ENERGY S.A.,LAS MANADAS,VACA MUERTA,Abandonado,Otro tipo,Sin Sistema de Extracción,EXPLORACION,5240.0,,,0.0,0.0,0.0,0.0,prod_2026
160700,YPF.Nq.LaMa.x-9(h),2026-08,BENTIA ENERGY S.A.,LAS MANADAS,VACA MUERTA,Abandonado,Otro tipo,Sin Sistema de Extracción,EXPLORACION,5005.0,,,0.0,0.0,0.0,0.0,prod_2026
160742,KILW.NqN.MMo.x-1002(h),2026-08,PHOENIX GLOBAL RESOURCES S.A.,MATA MORA NORTE,VACA MUERTA,Extracción Efectiva,Petrolífero,Bombeo Mecánico,EXPLORACION,5379.0,,,237.435,5.367242,0.24011,30.83333,prod_2026
160752,SHE.Nq.BAñ-1004(h),2026-08,SHELL ARGENTINA S.A.,BAJADA DE AÑELO,VACA MUERTA,Extracción Efectiva,Gasífero,Surgencia Natural,EXPLOTACION,4725.0,,,828.14,592.86,1012.88,30.97,prod_2026
160753,SHE.Nq.BAñ-1006(h),2026-08,SHELL ARGENTINA S.A.,BAJADA DE AÑELO,VACA MUERTA,Extracción Efectiva,Gasífero,Surgencia Natural,EXPLOTACION,5040.0,,,1372.54,2780.5,744.14,30.81,prod_2026
160754,SHE.Nq.BAñ-1009(h),2026-08,SHELL ARGENTINA S.A.,BAJADA DE AÑELO,VACA MUERTA,Extracción Efectiva,Gasífero,Surgencia Natural,EXPLOTACION,4923.9,,,918.93,1202.5,787.64,31.0,prod_2026
160755,SHE.Nq.SB-1015(h),2026-08,SHELL ARGENTINA S.A.,SIERRAS BLANCAS,VACA MUERTA,Extracción Efectiva,Petrolífero,Bombeo Mecánico,EXPLOTACION,6133.0,,,638.4,78.31,42.21,29.56,prod_2026
160786,PAE.Nq.ECh-105(h),2026-08,PAN AMERICAN ENERGY SL,LINDERO ATRAVESADO OCCIDENTAL,VACA MUERTA,Extracción Efectiva,Petrolífero,Bombeo Mecánico,EXPLOTACION,5787.0,,,328.7954,21.94681,0.0,25.05972,prod_2026
160789,PAE.Nq.ECh-103(h),2026-08,PAN AMERICAN ENERGY SL,LINDERO ATRAVESADO OCCIDENTAL,VACA MUERTA,Extracción Efectiva,Petrolífero,Bombeo Mecánico,EXPLOTACION,5791.0,,,480.7323,38.78806,0.0,29.29167,prod_2026
160810,PLU.Nq.LCa-3008(h),2026-08,PLUSPETROL S.A.,LA CALERA,VACA MUERTA,Extracción Efectiva,Gasífero,Surgencia Natural,EXPLOTACION,5237.5,,,65.931,223.191,20.499,4.708333,prod_2026
160811,PLU.Nq.LCa-3009(h),2026-08,PLUSPETROL S.A.,LA CALERA,VACA MUERTA,Extracción Efectiva,Gasífero,Surgencia Natural,EXPLOTACION,5080.0,,,0.0,0.0,0.0,0.0,prod_2026
160812,PLU.Nq.LCa-3010(h),2026-08,PLUSPETROL S.A.,LA CALERA,VACA MUERTA,Extracción Efectiva,Gasífero,Surgencia Natural,EXPLOTACION,5355.0,,,3.153,13.333,10.017,0.25,prod_2026
160813,PLU.Nq.LCa-3012(h),2026-08,PLUSPETROL S.A.,LA CALERA,VACA MUERTA,Extracción Efectiva,Gasífero,Surgencia Natural,EXPLOTACION,5300.0,,,2.106,8.045,0.173,0.1875,prod_2026
160814,PLU.Nq.LCa.a-3011(h),2026-08,PLUSPETROL S.A.,LA CALERA,VACA MUERTA,Extracción Efectiva,Gasífero,Surgencia Natural,EXPLOTACION,5164.0,,,0.0,0.0,0.0,0.0,prod_2026
160815,PLU.Nq.LCa-3013(h),2026-08,PLUSPETROL S.A.,LA CALERA,VACA MUERTA,Extracción Efectiva,Gasífero,Surgencia Natural,EXPLOTACION,5124.0,,,0.0,0.0,0.0,0.0,prod_2026
160817,TAU.Nq.RCza-24(h).T1,2026-08,VACA MUERTA INVERSIONES SAU,RINCON LA CENIZA,VACA MUERTA,Extracción Efectiva,Gasífero,Surgencia Natural,EXPLOTACION,4852.0,,,62.13,100.44,73.41,21.5,prod_2026
160818,TAU.Nq.RCza-25(h),2026-08,VACA MUERTA INVERSIONES SAU,RINCON LA CENIZA,VACA MUERTA,Extracción Efectiva,Gasífero,Surgencia Natural,EXPLOTACION,5440.0,,,175.47,134.58,87.36,13.0,prod_2026
160846,YPF.Nq.BGM.x-1(h),2026-08,BENTIA ENERGY S.A.,BARDA GONZALEZ,VACA MUERTA,Extracción Efectiva,Petrolífero,Bombeo Mecánico,EXPLORACION,4026.0,,,177.057,61.625,45.468,30.167,prod_2026
160847,YPF.Nq.EOr-159(h),2026-08,YPF S.A.,EL OREJANO,VACA MUERTA,Extracción Efectiva,Gasífero,Surgencia Natural,EXPLOTACION,4515.0,,,0.0,800.27,37.45,30.79,prod_2026
160848,YPF.Nq.LLLO.x-6(h),2026-08,YPF S.A.,LOMA LA LATA,VACA MUERTA,Abandono Temporario,Petrolífero,Surgencia Natural,EXPLORACION,4865.0,,,0.0,0.0,0.0,0.0,prod_2026
160849,YPF.Nq.LRi-9(h),2026-08,YPF S.A.,LA RIBERA BLOQUE I,VACA MUERTA,Extracción Efectiva,Gasífero,Surgencia Natural,EXPLOTACION,5436.0,,,8.85,40.95,2.14,30.88,prod_2026
160850,YPF.Nq.RDMN-11(h),2026-08,YPF S.A.,RINCON DEL MANGRULLO,VACA MUERTA,Parado Transitoriamente,Gasífero,Surgencia Natural,EXPLOTACION,5262.0,,,0.0,0.0,0.0,0.0,prod_2026
160851,YPF.Nq.RDMN-12(h),2026-08,YPF S.A.,RINCON DEL MANGRULLO,VACA MUERTA,Extracción Efectiva,Gasífero,Surgencia Natural,EXPLOTACION,5153.0,,,0.01,31.75,1.58,0.46,prod_2026
160852,YPF.Nq.RDMN-13(h),2026-08,YPF S.A.,RINCON DEL MANGRULLO,VACA MUERTA,En Espera de Reparación,Otro tipo,Surgencia Natural,EXPLOTACION,5270.0,,,0.0,0.0,0.0,0.0,prod_2026
160854,YPF.Nq.SOil-388(h),2026-08,YPF S.A.,LOMA CAMPANA,VACA MUERTA,Extracción Efectiva,Petrolífero,Bombeo Mecánico,EXPLOTACION,5910.0,,,757.19,121.71,121.53,30.5,prod_2026
160855,YPF.Nq.SOil-389(h),2026-08,YPF S.A.,LOMA CAMPANA,VACA MUERTA,Extracción Efectiva,Petrolífero,Bombeo Mecánico,EXPLOTACION,5833.0,,,371.17,73.53,21.13,29.83,prod_2026
160856,YPF.Nq.SOil-390(h),2026-08,YPF S.A.,LOMA CAMPANA,VACA MUERTA,Extracción Efectiva,Petrolífero,Bombeo Mecánico,EXPLOTACION,5735.0,,,412.64,59.55,13.79,28.45,prod_2026
160858,XOM.Nq.LTIS-1004(h),2026-08,PLUSPETROL CUENCA NEUQUINA S.R.L.,AGUADA LOS LOROS,VACA MUERTA,Extracción Efectiva,Petrolífero,Gas Lift,EXPLOTACION,3344.0,,,213.49,1200.73,242.02,31.0,prod_2026
160859,XOM.Nq.LTIS-1005(h),2026-08,PLUSPETROL CUENCA NEUQUINA S.R.L.,AGUADA LOS LOROS,VACA MUERTA,Extracción Efectiva,Petrolífero,Gas Lift,EXPLOTACION,3344.0,,,282.4,715.42,279.91,31.0,prod_2026
160860,XOM.Nq.LTIS-1006(h),2026-08,PLUSPETROL CUENCA NEUQUINA S.R.L.,AGUADA LOS LOROS,VACA MUERTA,En Espera de Reparación,Petrolífero,Surgencia Natural,EXPLOTACION,3324.0,,,0.0,0.0,0.0,0.0,prod_2026
160861,XOM.Nq.BdC.WW1,2026-08,PLUSPETROL CUENCA NEUQUINA S.R.L.,BAJO DEL CHOIQUE,VACA MUERTA,Extracción Efectiva,Acuífero,Electrosumergible,SERVICIO,1130.47,,,0.0,0.0,0.0,31.0,prod_2026
160865,SHE.Nq.SB-1012(h),2026-08,SHELL ARGENTINA S.A.,SIERRAS BLANCAS,VACA MUERTA,Extracción Efectiva,Petrolífero,Bombeo Mecánico,EXPLOTACION,6450.0,,,796.86,105.49,12.39,27.9,prod_2026
160866,SHE.Nq.SB-1014(h),2026-08,SHELL ARGENTINA S.A.,SIERRAS BLANCAS,VACA MUERTA,Extracción Efectiva,Petrolífero,Bombeo Mecánico,EXPLOTACION,6531.0,,,484.98,59.42,6.97,27.65,prod_2026
160885,WIN.Nq.AF-6(h),2026-08,VISTA ENERGY ARGENTINA SAU,AGUADA FEDERAL,VACA MUERTA,Extracción Efectiva,Petrolífero,Gas Lift,EXPLOTACION,5482.0,,,778.243,101.364,807.36,30.959,prod_2026
160886,WIN.Nq.AF-5(h),2026-08,VISTA ENERGY ARGENTINA SAU,AGUADA FEDERAL,VACA MUERTA,Extracción Efectiva,Petrolífero,Surgencia Natural,EXPLOTACION,5482.0,,,804.077,84.068,314.115,31.0,prod_2026
160888,PLU.Nq.LCa-3005(h),2026-08,PLUSPETROL S.A.,LA CALERA,VACA MUERTA,Extracción Efectiva,Gasífero,Surgencia Natural,EXPLOTACION,5273.61,,,365.278,1809.692,153.398,21.07292,prod_2026
160897,PAE.Nq.BCeCh-137(h),2026-08,PAN AMERICAN ENERGY SL,BANDURRIA CENTRO,VACA MUERTA,Extracción Efectiva,Petrolífero,Bombeo Mecánico,EXPLOTACION,5145.0,,,114.9476,8.004755,114.3946,30.92847,prod_2026
160909,PAE.Nq.BCeCh-138(h),2026-08,PAN AMERICAN ENERGY SL,BANDURRIA CENTRO,VACA MUERTA,Extracción Efectiva,Petrolífero,Bombeo Mecánico,EXPLOTACION,5660.0,,,228.5279,60.33873,119.5859,29.79167,prod_2026
160911,PAE.Nq.CASE-101(h),2026-08,PAN AMERICAN ENERGY SL,COIRON AMARGO SUR ESTE,VACA MUERTA,Extracción Efectiva,Petrolífero,Bombeo Mecánico,EXPLOTACION,5594.0,,,605.4528,61.88738,0.0,30.89167,prod_2026
160925,YPF.Nq.LACh-149(h),2026-08,YPF S.A.,LA AMARGA CHICA,VACA MUERTA,Extracción Efectiva,Petrolífero,Bombeo Mecánico,EXPLOTACION,5221.0,,,533.01,77.61,180.9,29.4,prod_2026
160926,YPF.Nq.LACh-150(h),2026-08,YPF S.A.,LA AMARGA CHICA,VACA MUERTA,Extracción Efectiva,Petrolífero,Bombeo Mecánico,EXPLOTACION,5114.0,,,387.33,67.14,111.67,30.44,prod_2026
160927,YPF.Nq.LACh-151(h),2026-08,YPF S.A.,LA AMARGA CHICA,VACA MUERTA,Extracción Efectiva,Petrolífero,Bombeo Mecánico,EXPLOTACION,5248.0,,,621.19,96.34,161.87,30.52,prod_2026
160928,YPF.Nq.LLL-1567(h),2026-08,YPF S.A.,LOMA CAMPANA-LLL,VACA MUERTA,Extracción Efectiva,Petrolífero,Bombeo Mecánico,EXPLOTACION,5814.0,,,143.85,35.79,35.34,31.0,prod_2026
160930,YPF.Nq.LajE.x-1,2026-08,YPF S.A.,LA ANGOSTURA SUR I,VACA MUERTA,Extracción Efectiva,Petrolífero,Bombeo Mecánico,EXPLORACION,4282.0,,,254.85,58.94,25.82,23.44,prod_2026
160931,YPF.Nq.RDMN-14(h),2026-08,YPF S.A.,RINCON DEL MANGRULLO,VACA MUERTA,Parado Transitoriamente,Gasífero,Surgencia Natural,EXPLOTACION,5195.0,,,0.0,0.0,0.0,0.0,prod_2026
160932,YPF.Nq.SOil-391(h),2026-08,YPF S.A.,LOMA CAMPANA,VACA MUERTA,Extracción Efectiva,Petrolífero,Bombeo Mecánico,EXPLOTACION,5930.0,,,651.5,79.9,32.94,30.75,prod_2026
160941,XOM.Nq.BdC-5(h),2026-08,PLUSPETROL CUENCA NEUQUINA S.R.L.,BAJO DEL CHOIQUE,VACA MUERTA,Extracción Efectiva,Petrolífero,Gas Lift,EXPLOTACION,3284.0,,,1230.49,437.27,773.05,30.0,prod_2026
160942,XOM.Nq.BdC-6(h),2026-08,PLUSPETROL CUENCA NEUQUINA S.R.L.,BAJO DEL CHOIQUE,VACA MUERTA,Extracción Efectiva,Petrolífero,Gas Lift,EXPLOTACION,3350.0,,,2436.55,754.58,1823.11,30.0,prod_2026
160943,XOM.Nq.BdC-7(h),2026-08,PLUSPETROL CUENCA NEUQUINA S.R.L.,BAJO DEL CHOIQUE,VACA MUERTA,Extracción Efectiva,Petrolífero,Gas Lift,EXPLOTACION,3272.0,,,3910.56,784.97,1952.11,30.0,prod_2026
160944,XOM.Nq.LTIIO.x-1001(h),2026-08,CONTINENTAL RESOURCES ARGENTINA SAU.,AGUA DE AFUERA,VACA MUERTA,Parado Transitoriamente,Petrolífero,Surgencia Natural,EXPLOTACION,3090.0,,,0.0,0.0,0.0,0.0,prod_2026
160945,TPT.Nq.FP-1335(h),2026-08,TECPETROL S.A.,FORTIN DE PIEDRA,VACA MUERTA,Parado Transitoriamente,Gasífero,Surgencia Natural,EXPLOTACION,5600.0,,,82.82759,612.8228,104.2286,11.52361,prod_2026
160947,TAU.Nq.APGe-811(h),2026-08,TOTAL AUSTRAL S.A.,AGUADA PICHANA ESTE VACA MUERTA,VACA MUERTA,Extracción Efectiva,Gasífero,Surgencia Natural,EXPLOTACION,5364.15,,,0.0,1261.064,133.1856,30.94097,prod_2026
160949,TAU.Nq.APGe-812(h),2026-08,TOTAL AUSTRAL S.A.,AGUADA PICHANA ESTE VACA MUERTA,VACA MUERTA,Extracción Efectiva,Gasífero,Surgencia Natural,EXPLOTACION,5451.4,,,0.0,1216.504,183.8913,30.94097,prod_2026
160950,TPT.Nq.FP-1336(h),2026-08,TECPETROL S.A.,FORTIN DE PIEDRA,VACA MUERTA,Extracción Efectiva,Gasífero,Surgencia Natural,EXPLOTACION,5527.0,,,352.0695,2134.803,608.3508,30.80903,prod_2026
160951,TPT.Nq.FP-1337(h),2026-08,TECPETROL S.A.,FORTIN DE PIEDRA,VACA MUERTA,Parado Transitoriamente,Gasífero,Surgencia Natural,EXPLOTACION,5585.0,,,0.0,0.0,0.0,0.0,prod_2026
160958,PBE.Nq.M-1104 (h),2026-08,PAMPA ENERGIA S.A.,EL MANGRULLO,VACA MUERTA,Extracción Efectiva,Gasífero,Surgencia Natural,EXPLORACION,5485.0,,,0.0,2.614733,0.72594,0.020833,prod_2026
160960,PBE.Nq.M.x-1104,2026-08,PAMPA ENERGIA S.A.,EL MANGRULLO,VACA MUERTA,Extracción Efectiva,Gasífero,Surgencia Natural,EXPLORACION,5485.0,,,0.0,0.0,0.0,0.0,prod_2026
160961,PBE.Nq.M-1105(h),2026-08,PAMPA ENERGIA S.A.,EL MANGRULLO,VACA MUERTA,Extracción Efectiva,Gasífero,Surgencia Natural,EXPLORACION,5455.0,,,0.0,1678.988,49.17456,25.32639,prod_2026
161210,YPF.Md.N.PRo-53,2026-08,PETROQUIMICA COMODORO RIVADAVIA S.A.,PUESTO ROJAS,VACA MUERTA,Extracción Efectiva,Petrolífero,Bombeo Mecánico,EXPLOTACION,1854.0,,,69.646,22.36896,298.5505,29.95833,prod_2026
161211,PTRE.MdN.CLCh.x-2001,2026-08,PETROQUIMICA COMODORO RIVADAVIA S.A.,PUESTO ROJAS,VACA MUERTA,En Estudio,Petrolífero,Bombeo Mecánico,EXPLORACION,1353.0,,,0.0,0.0,0.0,0.0,prod_2026
161222,PAE.Nq.ECh-104(h),2026-08,PAN AMERICAN ENERGY SL,LINDERO ATRAVESADO OCCIDENTAL,VACA MUERTA,Extracción Efectiva,Petrolífero,Bombeo Mecánico,EXPLOTACION,5390.0,,,381.9477,21.53769,0.0,29.14931,prod_2026
161223,PAE.Nq.ACa.x-101(h),2026-08,PAN AMERICAN ENERGY SL,AGUADA CÁNEPA,VACA MUERTA,Extracción Efectiva,Petrolífero,Bombeo Mecánico,EXPLORACION,4909.0,,,224.2572,18.22007,786.8033,18.30208,prod_2026
161229,PAE.Nq.ECh-106(h),2026-08,PAN AMERICAN ENERGY SL,LINDERO ATRAVESADO OCCIDENTAL,VACA MUERTA,Extracción Efectiva,Petrolífero,Bombeo Mecánico,EXPLOTACION,5392.0,,,551.0529,35.77826,0.0,29.05556,prod_2026
161252,YPF.Nq.ASL.x-1(h),2026-08,YPF S.A.,SIERRA BARROSA,VACA MUERTA,Parado Transitoriamente,Petrolífero,Bombeo Mecánico,EXPLORACION,4315.0,,,0.0,0.0,0.0,0.0,prod_2026
161253,YPF.Nq.LACh-152(h),2026-08,YPF S.A.,LA AMARGA CHICA,VACA MUERTA,Extracción Efectiva,Petrolífero,Bombeo Mecánico,EXPLOTACION,5280.0,,,644.1,87.47,355.49,30.4,prod_2026
161254,YPF.Nq.LACh-66(h),2026-08,YPF S.A.,LA AMARGA CHICA,VACA MUERTA,Extracción Efectiva,Petrolífero,Bombeo Mecánico,EXPLOTACION,5210.0,,,101.73,13.28,88.53,4.67,prod_2026
161255,YPF.Nq.LACh-67(h),2026-08,YPF S.A.,LA AMARGA CHICA,VACA MUERTA,Extracción Efectiva,Petrolífero,Bombeo Mecánico,EXPLOTACION,5070.0,,,23.49,3.58,6.1,4.38,prod_2026
161256,YPF.Nq.LACh-68(h),2026-08,YPF S.A.,LA AMARGA CHICA,VACA MUERTA,Extracción Efectiva,Petrolífero,Surgencia Natural,EXPLOTACION,5190.0,,,132.36,29.58,8.64,17.88,prod_2026
161276,ROC.Md.AB.x-1001,2026-08,ROCH S.A.,AGUA BOTADA,VACA MUERTA,Extracción Efectiva,Petrolífero,Bombeo Mecánico,EXPLORACION,2303.0,,,0.0,0.0,0.0,0.0,prod_2026
161277,PLU.Nq.LCa-3006(h),2026-08,PLUSPETROL S.A.,LA CALERA,VACA MUERTA,Extracción Efectiva,Gasífero,Surgencia Natural,EXPLOTACION,5256.0,,,329.892,1661.766,121.06,21.0,prod_2026
161278,PLU.Nq.LCa-3007(h),2026-08,PLUSPETROL S.A.,LA CALERA,VACA MUERTA,Extracción Efectiva,Gasífero,Surgencia Natural,EXPLOTACION,5137.0,,,365.787,2304.899,101.262,22.91667,prod_2026
161279,PLU.Nq.LCa-3085(h),2026-08,PLUSPETROL S.A.,LA CALERA,VACA MUERTA,Extracción Efectiva,Gasífero,Surgencia Natural,EXPLOTACION,5390.0,,,725.906,1315.511,592.782,30.25,prod_2026
161307,PLU.Nq.LCa-3083(h),2026-08,PLUSPETROL S.A.,LA CALERA,VACA MUERTA,Extracción Efectiva,Gasífero,Surgencia Natural,EXPLOTACION,5240.0,,,642.228,1143.052,272.54,30.25,prod_2026
161308,PLU.Nq.LCa-3084(h),2026-08,PLUSPETROL S.A.,LA CALERA,VACA MUERTA,Extracción Efectiva,Gasífero,Surgencia Natural,EXPLOTACION,5223.0,,,506.419,1120.945,305.189,24.10417,prod_2026
161311,PET.MdN.ML.x-1001,2026-02,PETROLERA EL TREBOL S.A.,RIO ATUEL,VACA MUERTA,Parado Transitoriamente,Petrolífero,Bombeo Mecánico,EXPLORACION,1437.0,,,0.0,0.0,0.0,0.0,prod_2026
161364,YPF.Nq.LACh-162(h),2026-08,YPF S.A.,LA AMARGA CHICA,VACA MUERTA,Extracción Efectiva,Petrolífero,Bombeo Mecánico,EXPLOTACION,5206.0,,,923.46,85.32,139.62,30.63,prod_2026
161365,YPF.Nq.LACh-164(h),2026-08,YPF S.A.,LA AMARGA CHICA,VACA MUERTA,Extracción Efectiva,Petrolífero,Bombeo Mecánico,EXPLOTACION,5385.0,,,463.12,89.08,88.23,11.17,prod_2026
161366,YPF.Nq.LACh-165(h),2026-08,YPF S.A.,LA AMARGA CHICA,VACA MUERTA,Extracción Efectiva,Petrolífero,Bombeo Mecánico,EXPLOTACION,5206.0,,,1483.54,119.33,123.39,31.0,prod_2026
161367,YPF.Nq.LACh-69(h),2026-08,YPF S.A.,LA AMARGA CHICA,VACA MUERTA,Extracción Efectiva,Petrolífero,Bombeo Mecánico,EXPLOTACION,5378.0,,,248.5,35.18,9.59,11.88,prod_2026
161368,YPF.Nq.LCav-30(h),2026-08,YPF S.A.,BANDURRIA SUR,VACA MUERTA,Extracción Efectiva,Petrolífero,Bombeo Mecánico,EXPLOTACION,5702.0,,,847.69,89.37,179.09,28.98,prod_2026
161369,YPF.Nq.LCav-31(h),2026-08,YPF S.A.,BANDURRIA SUR,VACA MUERTA,Extracción Efectiva,Petrolífero,Bombeo Mecánico,EXPLOTACION,5726.0,,,549.76,53.81,117.6,16.46,prod_2026
161370,YPF.Nq.LLL-1564(h),2026-08,YPF S.A.,LOMA CAMPANA-LLL,VACA MUERTA,Extracción Efectiva,Petrolífero,Bombeo Mecánico,EXPLOTACION,5770.0,,,566.57,89.81,59.08,30.94,prod_2026
161371,YPF.Nq.LLL-1565(h),2026-08,YPF S.A.,LOMA CAMPANA-LLL,VACA MUERTA,Extracción Efectiva,Petrolífero,Bombeo Mecánico,EXPLOTACION,5590.0,,,761.04,177.74,0.0,28.5,prod_2026
161372,YPF.Nq.LLL-1566(h),2026-08,YPF S.A.,LOMA CAMPANA-LLL,VACA MUERTA,Extracción Efectiva,Petrolífero,Bombeo Mecánico,EXPLOTACION,5695.0,,,930.06,177.14,15.95,30.79,prod_2026
161373,YPF.Nq.LLL-1568(h),2026-08,YPF S.A.,LOMA CAMPANA-LLL,VACA MUERTA,Extracción Efectiva,Petrolífero,Bombeo Mecánico,EXPLOTACION,5735.0,,,711.73,116.72,51.94,30.25,prod_2026
161374,YPF.Nq.LLL-1569(h),2026-08,YPF S.A.,LOMA CAMPANA-LLL,VACA MUERTA,Extracción Efectiva,Petrolífero,Bombeo Mecánico,EXPLOTACION,5695.0,,,360.07,61.34,28.27,31.0,prod_2026
161375,YPF.Nq.LRi-18(h),2026-08,YPF S.A.,LA RIBERA BLOQUE I,VACA MUERTA,Extracción Efectiva,Gasífero,Surgencia Natural,EXPLOTACION,5458.0,,,22.07,123.08,17.96,30.92,prod_2026
161376,YPF.Nq.LRi-19(h),2026-08,YPF S.A.,LA RIBERA BLOQUE I,VACA MUERTA,Extracción Efectiva,Gasífero,Surgencia Natural,EXPLOTACION,5440.0,,,50.51,698.66,344.88,28.22,prod_2026
161377,YPF.Nq.LRi-20(h),2026-08,YPF S.A.,LA RIBERA BLOQUE I,VACA MUERTA,Extracción Efectiva,Gasífero,Surgencia Natural,EXPLOTACION,5400.0,,,4.45,21.65,16.9,30.6,prod_2026
161421,YPF.Nq.LACh-163(h),2026-08,YPF S.A.,LA AMARGA CHICA,VACA MUERTA,Extracción Efectiva,Petrolífero,Bombeo Mecánico,EXPLOTACION,5355.0,,,1319.54,113.25,38.67,28.63,prod_2026
161422,YPF.Nq.LACh-93(h),2026-08,YPF S.A.,LA AMARGA CHICA,VACA MUERTA,Extracción Efectiva,Petrolífero,Bombeo Mecánico,EXPLOTACION,4905.0,,,537.6,55.44,12.84,30.5,prod_2026
161423,YPF.Nq.LACh-94(h),2026-08,YPF S.A.,LA AMARGA CHICA,VACA MUERTA,Extracción Efectiva,Petrolífero,Surgencia Natural,EXPLOTACION,4803.0,,,743.77,34.76,70.7,29.77,prod_2026
161424,YPF.Nq.LCav-32(h),2026-08,YPF S.A.,BANDURRIA SUR,VACA MUERTA,Extracción Efectiva,Petrolífero,Bombeo Mecánico,EXPLOTACION,5293.0,,,1450.1,173.08,359.89,30.06,prod_2026
161425,YPF.Nq.LCav-33(h),2026-08,YPF S.A.,BANDURRIA SUR,VACA MUERTA,Extracción Efectiva,Petrolífero,Bombeo Mecánico,EXPLOTACION,5735.0,,,845.91,98.1,55.37,30.0,prod_2026
161451,PAE.Nq.CASE-501(h)(st),2026-08,PAN AMERICAN ENERGY SL,COIRON AMARGO SUR ESTE,VACA MUERTA,Extracción Efectiva,Petrolífero,Bombeo Mecánico,EXPLOTACION,5462.0,,,1082.206,66.01901,103.5373,30.78125,prod_2026
161460,SHE.Nq.SB-1023(h),2026-08,SHELL ARGENTINA S.A.,SIERRAS BLANCAS,VACA MUERTA,Extracción Efectiva,Petrolífero,Bombeo Mecánico,EXPLOTACION,6071.0,,,806.94,120.48,14.74,28.6,prod_2026
161483,PAE.Nq.LA.e-302(h),2026-08,PAN AMERICAN ENERGY SL,LINDERO ATRAVESADO OCCIDENTAL,VACA MUERTA,Extracción Efectiva,Petrolífero,Bombeo Mecánico,EXPLORACION,6190.0,,,951.6608,56.65888,1486.451,30.98264,prod_2026
161485,PAE.Nq.LA.e-303(h),2026-08,PAN AMERICAN ENERGY SL,LINDERO ATRAVESADO OCCIDENTAL,VACA MUERTA,Extracción Efectiva,Petrolífero,Bombeo Mecánico,EXPLORACION,5132.0,,,313.6592,46.36588,0.0,30.37569,prod_2026
161512,YPF.Nq.LACh-95(h),2026-08,YPF S.A.,LA AMARGA CHICA,VACA MUERTA,Parado Transitoriamente,Petrolífero,Bombeo Mecánico,EXPLOTACION,4975.0,,,0.0,0.0,0.0,0.0,prod_2026
161513,YPF.Nq.LCav-106(h),2026-08,YPF S.A.,BANDURRIA SUR,VACA MUERTA,Extracción Efectiva,Petrolífero,Bombeo Mecánico,EXPLOTACION,5621.0,,,1826.14,203.98,143.81,30.88,prod_2026
161514,YPF.Nq.LCav-107(h),2026-08,YPF S.A.,BANDURRIA SUR,VACA MUERTA,Extracción Efectiva,Petrolífero,Bombeo Mecánico,EXPLOTACION,5862.0,,,760.39,121.72,205.47,27.9,prod_2026
161515,YPF.Nq.LCav-108(h),2026-08,YPF S.A.,BANDURRIA SUR,VACA MUERTA,Extracción Efectiva,Petrolífero,Surgencia Natural,EXPLOTACION,5369.0,,,1250.87,247.19,264.49,27.75,prod_2026
161516,YPF.Nq.LCav-109(h),2026-08,YPF S.A.,BANDURRIA SUR,VACA MUERTA,Extracción Efectiva,Petrolífero,Bombeo Mecánico,EXPLOTACION,5374.0,,,893.83,120.21,238.84,29.79,prod_2026
161522,PAM.Nq.RdA.x-2000(h),2026-08,PAMPA ENERGIA S.A.,RINCON DE ARANDA,VACA MUERTA,Extracción Efectiva,Petrolífero,Surgencia Natural,EXPLORACION,4908.01,,,295.8032,17.69271,97.2121,31.0,prod_2026
161525,TAU.Nq.AP-1024(h).T1,2026-08,TOTAL AUSTRAL S.A.,AGUADA PICHANA ESTE VACA MUERTA,VACA MUERTA,Extracción Efectiva,Gasífero,Surgencia Natural,EXPLOTACION,5133.4,,,0.0,1875.66,141.9329,30.82222,prod_2026
161526,TAU.Nq.AP-1025(h),2026-08,TOTAL AUSTRAL S.A.,AGUADA PICHANA ESTE VACA MUERTA,VACA MUERTA,Extracción Efectiva,Gasífero,Surgencia Natural,EXPLOTACION,5305.0,,,0.0,1514.135,53.71205,30.81875,prod_2026
161527,TAU.Nq.AP-1026(h),2026-08,TOTAL AUSTRAL S.A.,AGUADA PICHANA ESTE VACA MUERTA,VACA MUERTA,Extracción Efectiva,Gasífero,Surgencia Natural,EXPLOTACION,5335.0,,,0.0,1440.35,81.4619,30.81528,prod_2026
161528,TAU.Nq.AP-1027(h),2026-08,TOTAL AUSTRAL S.A.,AGUADA PICHANA ESTE VACA MUERTA,VACA MUERTA,Extracción Efectiva,Gasífero,Surgencia Natural,EXPLOTACION,5381.2,,,0.0,890.816,149.828,30.81528,prod_2026
161529,TAU.Nq.RCza-28(h),2026-08,VACA MUERTA INVERSIONES SAU,RINCON LA CENIZA,VACA MUERTA,Extracción Efectiva,Gasífero,Surgencia Natural,EXPLOTACION,5585.0,,,588.37,370.31,79.16,31.0,prod_2026
161530,TAU.Nq.RCza-29(h),2026-08,VACA MUERTA INVERSIONES SAU,RINCON LA CENIZA,VACA MUERTA,Extracción Efectiva,Gasífero,Surgencia Natural,EXPLOTACION,5602.0,,,514.27,610.45,149.39,26.01,prod_2026
161531,SHE.Nq.SB-1022(h),2026-08,SHELL ARGENTINA S.A.,SIERRAS BLANCAS,VACA MUERTA,Extracción Efectiva,Petrolífero,Bombeo Mecánico,EXPLOTACION,5718.0,,,465.46,65.41,18.03,28.15,prod_2026
161532,SHE.Nq.SB-1021(h),2026-08,SHELL ARGENTINA S.A.,SIERRAS BLANCAS,VACA MUERTA,Extracción Efectiva,Petrolífero,Bombeo Mecánico,EXPLOTACION,6024.0,,,643.88,100.36,22.06,25.31,prod_2026
161533,SHE.Nq.SB-1020(h),2026-08,SHELL ARGENTINA S.A.,SIERRAS BLANCAS,VACA MUERTA,Extracción Efectiva,Petrolífero,Bombeo Mecánico,EXPLOTACION,5960.0,,,504.65,42.9,41.57,28.15,prod_2026
161567,PAE.Nq.APO-104(h),2026-08,PAN AMERICAN ENERGY SL,AGUADA PICHANA OESTE,VACA MUERTA,Extracción Efectiva,Gasífero,Surgencia Natural,EXPLOTACION,2926.0,,,0.0,1074.886,168.8553,29.77778,prod_2026
161568,PAE.Nq.APO-103(h),2026-08,PAN AMERICAN ENERGY SL,AGUADA PICHANA OESTE,VACA MUERTA,Extracción Efectiva,Gasífero,Surgencia Natural,EXPLOTACION,2803.0,,,0.0,1400.547,202.0232,29.77778,prod_2026
161577,PAE.Nq.ACa.x-1(r)(h),2026-08,PAN AMERICAN ENERGY SL,AGUADA CÁNEPA,VACA MUERTA,Extracción Efectiva,Petrolífero,Bombeo Mecánico,EXPLORACION,2778.0,,,607.9065,18.34753,427.5727,31.0,prod_2026
161581,PAE.Nq.CASE-401(h)(st),2026-08,PAN AMERICAN ENERGY SL,COIRON AMARGO SUR ESTE,VACA MUERTA,Extracción Efectiva,Petrolífero,Bombeo Mecánico,EXPLOTACION,3158.0,,,529.7964,37.07401,0.0,30.94097,prod_2026
161582,VOG.Nq.MdM-2061(h),2026-08,VISTA ENERGY ARGENTINA SAU,MEDANO DE LA MORA,VACA MUERTA,Extracción Efectiva,Petrolífero,Gas Lift,EXPLOTACION,5952.0,,,433.942,68.311,68.477,30.788,prod_2026
161583,VOG.Nq.MdM-2062(h),2026-08,VISTA ENERGY ARGENTINA SAU,MEDANO DE LA MORA,VACA MUERTA,Extracción Efectiva,Petrolífero,Gas Lift,EXPLOTACION,5822.0,,,313.092,71.208,41.137,27.292,prod_2026
161584,VOG.Nq.MdM-2063(h),2026-08,VISTA ENERGY ARGENTINA SAU,MEDANO DE LA MORA,VACA MUERTA,Extracción Efectiva,Petrolífero,Gas Lift,EXPLOTACION,6280.0,,,982.319,155.914,153.388,30.794,prod_2026
161585,VOG.Nq.MdM-2064(h),2026-08,VISTA ENERGY ARGENTINA SAU,MEDANO DE LA MORA,VACA MUERTA,Extracción Efectiva,Petrolífero,Gas Lift,EXPLOTACION,6003.0,,,435.314,63.256,6.311,30.665,prod_2026
161603,YPF.Nq.ChSN-700(h),2026-08,YPF S.A.,CHIHUIDO DE LA SIERRA NEGRA,VACA MUERTA,Extracción Efectiva,Petrolífero,Surgencia Natural,EXPLOTACION,4840.0,,,321.75,483.44,1226.33,31.0,prod_2026
161604,YPF.Nq.ChSN-701(h),2026-08,YPF S.A.,CHIHUIDO DE LA SIERRA NEGRA,VACA MUERTA,Parado Transitoriamente,Petrolífero,Surgencia Natural,EXPLOTACION,4850.0,,,0.0,0.0,0.0,0.0,prod_2026
161605,YPF.Nq.LLL-1578(h),2026-08,YPF S.A.,LOMA CAMPANA-LLL,VACA MUERTA,Extracción Efectiva,Petrolífero,Bombeo Mecánico,EXPLOTACION,5804.0,,,994.53,138.41,145.97,30.75,prod_2026
161606,YPF.Nq.LLL-1579(h),2026-08,YPF S.A.,LOMA CAMPANA-LLL,VACA MUERTA,Extracción Efectiva,Petrolífero,Bombeo Mecánico,EXPLOTACION,5501.0,,,451.69,58.18,65.14,30.58,prod_2026
161607,YPF.Nq.LLL-1580(h),2026-08,YPF S.A.,LOMA CAMPANA-LLL,VACA MUERTA,Extracción Efectiva,Petrolífero,Bombeo Mecánico,EXPLOTACION,5381.0,,,618.38,61.16,43.97,30.79,prod_2026
161608,YPF.Nq.LLL-1581(h),2026-08,YPF S.A.,LOMA CAMPANA-LLL,VACA MUERTA,Extracción Efectiva,Petrolífero,Bombeo Mecánico,EXPLOTACION,5268.0,,,311.89,39.64,17.47,29.54,prod_2026
161641,PAE.Nq.LA.e-306(h),2026-08,PAN AMERICAN ENERGY SL,LINDERO ATRAVESADO OCCIDENTAL,VACA MUERTA,Extracción Efectiva,Petrolífero,Gas Lift,EXPLORACION,2892.0,,,502.9834,39.92008,5.782773,26.91806,prod_2026
161654,PAE.Nq.CASE-301(h),2026-08,PAN AMERICAN ENERGY SL,COIRON AMARGO SUR ESTE,VACA MUERTA,Extracción Efectiva,Petrolífero,Bombeo Mecánico,EXPLOTACION,3085.0,,,545.2373,25.90101,0.0,30.89167,prod_2026
161685,YPF.Nq.LACh-86(h),2026-08,YPF S.A.,LA AMARGA CHICA,VACA MUERTA,Extracción Efectiva,Petrolífero,Bombeo Mecánico,EXPLOTACION,5730.0,,,192.63,41.01,93.17,29.33,prod_2026
161686,YPF.Nq.LACh-87(h),2026-08,YPF S.A.,LA AMARGA CHICA,VACA MUERTA,Extracción Efectiva,Petrolífero,Bombeo Mecánico,EXPLOTACION,5587.0,,,209.85,32.15,134.95,30.42,prod_2026
161687,YPF.Nq.LACh-88(h),2026-08,YPF S.A.,LA AMARGA CHICA,VACA MUERTA,Extracción Efectiva,Petrolífero,Bombeo Mecánico,EXPLOTACION,5758.0,,,796.33,123.51,132.55,29.56,prod_2026
161688,YPF.Nq.LACh-89(h),2026-08,YPF S.A.,LA AMARGA CHICA,VACA MUERTA,Extracción Efectiva,Petrolífero,Bombeo Mecánico,EXPLOTACION,5744.0,,,992.55,168.18,535.86,29.6,prod_2026
161689,YPF.Nq.LLL-1283(h),2026-08,YPF S.A.,LOMA CAMPANA-LLL,VACA MUERTA,Extracción Efectiva,Petrolífero,Bombeo Mecánico,EXPLOTACION,4710.0,,,469.59,133.38,77.82,30.63,prod_2026
161690,YPF.Nq.LLL-1284(h),2026-08,YPF S.A.,LOMA CAMPANA-LLL,VACA MUERTA,Extracción Efectiva,Petrolífero,Bombeo Mecánico,EXPLOTACION,5756.0,,,534.28,153.02,3.62,30.48,prod_2026
161691,YPF.Nq.LLL-1286(h),2026-08,YPF S.A.,LOMA CAMPANA-LLL,VACA MUERTA,Extracción Efectiva,Petrolífero,Bombeo Mecánico,EXPLOTACION,5716.0,,,372.85,74.5,8.53,29.92,prod_2026
161692,YPF.Nq.LLL-1287(h),2026-08,YPF S.A.,LOMA CAMPANA-LLL,VACA MUERTA,Extracción Efectiva,Petrolífero,Bombeo Mecánico,EXPLOTACION,4684.0,,,418.15,89.71,19.75,30.88,prod_2026
161704,SHE.Nq.CdL-12(h),2026-08,SHELL ARGENTINA S.A.,CRUZ DE LORENA,VACA MUERTA,Extracción Efectiva,Petrolífero,Bombeo Mecánico,EXPLOTACION,5420.46,,,441.87,4.02,31.75,31.0,prod_2026
161705,SHE.Nq.CdL-13(h),2026-08,SHELL ARGENTINA S.A.,CRUZ DE LORENA,VACA MUERTA,Extracción Efectiva,Petrolífero,Bombeo Mecánico,EXPLOTACION,5865.0,,,646.45,84.58,0.22,31.0,prod_2026
161706,SHE.Nq.CdL-14(h),2026-08,SHELL ARGENTINA S.A.,CRUZ DE LORENA,VACA MUERTA,Extracción Efectiva,Petrolífero,Bombeo Mecánico,EXPLOTACION,5836.0,,,747.05,94.67,0.25,31.0,prod_2026
161707,SHE.Nq.CdL-15(h),2026-08,SHELL ARGENTINA S.A.,CRUZ DE LORENA,VACA MUERTA,Extracción Efectiva,Petrolífero,Bombeo Mecánico,EXPLOTACION,6328.0,,,530.85,106.56,1.86,29.17,prod_2026
161720,YPF.Nq.LACh-46(h),2026-08,YPF S.A.,LA AMARGA CHICA,VACA MUERTA,En Estudio,Otro tipo,Bombeo Mecánico,EXPLOTACION,4882.0,,,0.0,0.0,0.0,0.0,prod_2026
161721,YPF.Nq.LACh-47(h),2026-08,YPF S.A.,LA AMARGA CHICA,VACA MUERTA,Extracción Efectiva,Petrolífero,Bombeo Mecánico,EXPLOTACION,4771.0,,,407.56,45.58,7.8,30.58,prod_2026
161722,YPF.Nq.LACh-48(h),2026-08,YPF S.A.,LA AMARGA CHICA,VACA MUERTA,Extracción Efectiva,Petrolífero,Bombeo Mecánico,EXPLOTACION,4806.0,,,503.07,74.59,16.43,30.58,prod_2026
161723,YPF.Nq.LLL-1285(h),2026-08,YPF S.A.,LOMA CAMPANA-LLL,VACA MUERTA,Extracción Efectiva,Petrolífero,Bombeo Mecánico,EXPLOTACION,4640.0,,,243.37,76.86,50.07,30.71,prod_2026
161724,YPF.Nq.MdB.x-1(h),2026-08,YPF S.A.,SIERRA BARROSA,VACA MUERTA,Extracción Efectiva,Petrolífero,Surgencia Natural,EXPLORACION,3939.0,,,158.75,231.29,1088.86,29.91,prod_2026
161759,PAE.Nq.ACas-103(h),2026-08,PAN AMERICAN ENERGY SL,AGUADA DE CASTRO,VACA MUERTA,Extracción Efectiva,Gasífero,Surgencia Natural,EXPLOTACION,2700.0,,,0.0,1099.631,0.0,29.76944,prod_2026
161769,TAU.Nq.AP-1012(h),2026-08,TOTAL AUSTRAL S.A.,AGUADA PICHANA ESTE VACA MUERTA,VACA MUERTA,Extracción Efectiva,Gasífero,Surgencia Natural,EXPLOTACION,5077.0,,,0.0,678.0361,27.21467,29.0375,prod_2026
161770,TAU.Nq.AP-1013(h),2026-08,TOTAL AUSTRAL S.A.,AGUADA PICHANA ESTE VACA MUERTA,VACA MUERTA,Extracción Efectiva,Gasífero,Surgencia Natural,EXPLOTACION,5040.0,,,0.0,367.4398,28.84927,30.57917,prod_2026
161771,TAU.Nq.AP-1014(h),2026-08,TOTAL AUSTRAL S.A.,AGUADA PICHANA ESTE VACA MUERTA,VACA MUERTA,Extracción Efectiva,Gasífero,Surgencia Natural,EXPLOTACION,5153.0,,,0.0,973.152,51.53937,30.60347,prod_2026
161772,TAU.Nq.AP-1015(h),2026-08,TOTAL AUSTRAL S.A.,AGUADA PICHANA ESTE VACA MUERTA,VACA MUERTA,Extracción Efectiva,Gasífero,Surgencia Natural,EXPLOTACION,5052.0,,,0.0,850.7188,17.51007,30.33264,prod_2026
161774,PAE.Nq.CASE-102(h),2026-08,PAN AMERICAN ENERGY SL,COIRON AMARGO SUR ESTE,VACA MUERTA,Extracción Efectiva,Petrolífero,Bombeo Mecánico,EXPLOTACION,3207.0,,,674.0233,61.04216,0.0,30.89167,prod_2026
161844,SHE.Nq.CdL-16(h),2026-08,SHELL ARGENTINA S.A.,CRUZ DE LORENA,VACA MUERTA,Extracción Efectiva,Petrolífero,Bombeo Mecánico,EXPLOTACION,6044.0,,,520.35,80.23,13.48,30.17,prod_2026
161845,SHE.Nq.CdL-17(h),2026-08,SHELL ARGENTINA S.A.,CRUZ DE LORENA,VACA MUERTA,Extracción Efectiva,Petrolífero,Bombeo Mecánico,EXPLOTACION,6103.0,,,675.88,91.39,1.96,30.6,prod_2026
161846,SHE.Nq.CdL-18(h),2026-08,SHELL ARGENTINA S.A.,CRUZ DE LORENA,VACA MUERTA,Extracción Efectiva,Petrolífero,Bombeo Mecánico,EXPLOTACION,6050.0,,,735.74,72.16,9.66,30.73,prod_2026
161847,SHE.Nq.CdL-19(h),2026-08,SHELL ARGENTINA S.A.,CRUZ DE LORENA,VACA MUERTA,Extracción Efectiva,Petrolífero,Bombeo Mecánico,EXPLOTACION,6106.0,,,418.06,64.2,23.64,30.58,prod_2026
161865,VOG.Nq.MdM-2025(h),2026-08,VISTA ENERGY ARGENTINA SAU,MEDANO DE LA MORA,VACA MUERTA,Extracción Efectiva,Petrolífero,Gas Lift,EXPLOTACION,5280.0,,,730.347,145.897,40.561,30.924,prod_2026
161866,VOG.Nq.MdM-2026(h),2026-08,VISTA ENERGY ARGENTINA SAU,MEDANO DE LA MORA,VACA MUERTA,Extracción Efectiva,Petrolífero,Gas Lift,EXPLOTACION,5344.0,,,832.401,139.063,36.024,30.892,prod_2026
161867,VOG.Nq.MdM-2027(h),2026-08,VISTA ENERGY ARGENTINA SAU,MEDANO DE LA MORA,VACA MUERTA,Extracción Efectiva,Petrolífero,Gas Lift,EXPLOTACION,5365.0,,,617.294,130.1,151.26,21.732,prod_2026
161868,VOG.Nq.MdM-2028(h),2026-08,VISTA ENERGY ARGENTINA SAU,MEDANO DE LA MORA,VACA MUERTA,Extracción Efectiva,Petrolífero,Gas Lift,EXPLOTACION,5100.0,,,1445.811,321.666,173.155,30.601,prod_2026
161871,CHA.Nq.ET.xp-2021,2026-08,CHEVRON ARGENTINA S.R.L.,EL TRAPIAL,VACA MUERTA,En Estudio,Petrolífero,Surgencia Natural,EXPLORACION,3360.0,,,0.0,0.0,0.0,0.0,prod_2026
161872,CHA.Nq.ET.xp-2021st,2026-08,CHEVRON ARGENTINA S.R.L.,EL TRAPIAL,VACA MUERTA,Extracción Efectiva,Petrolífero,Surgencia Natural,EXPLORACION,5464.0,,,191.9,92.00945,1420.91,30.667,prod_2026
161873,CHA.Nq.ET-2022h,2026-08,CHEVRON ARGENTINA S.R.L.,EL TRAPIAL,VACA MUERTA,Extracción Efectiva,Petrolífero,Surgencia Natural,EXPLOTACION,4567.0,,,0.3399999999999999,0.0004,32.58,4.0,prod_2026
161874,CHA.Nq.ET-2023h,2026-08,CHEVRON ARGENTINA S.R.L.,EL TRAPIAL,VACA MUERTA,Extracción Efectiva,Petrolífero,Surgencia Natural,EXPLOTACION,5438.0,,,279.12,32.21839,2001.08,30.667,prod_2026
161875,CHA.Nq.ET-2024h,2026-08,CHEVRON ARGENTINA S.R.L.,EL TRAPIAL,VACA MUERTA,Extracción Efectiva,Petrolífero,Gas Lift,EXPLOTACION,4639.0,,,528.7,229.92879,3830.12,30.667,prod_2026
161915,SHE.Nq.SB-1024(h),2026-08,SHELL ARGENTINA S.A.,SIERRAS BLANCAS,VACA MUERTA,Extracción Efectiva,Petrolífero,Bombeo Mecánico,EXPLOTACION,5525.0,,,437.44,35.32,43.76,30.19,prod_2026
161916,SHE.Nq.SB-1025(h),2026-08,SHELL ARGENTINA S.A.,SIERRAS BLANCAS,VACA MUERTA,Extracción Efectiva,Petrolífero,Bombeo Mecánico,EXPLOTACION,5547.17,,,546.66,65.94,92.71,30.92,prod_2026
161917,SHE.Nq.SB-1026(h),2026-08,SHELL ARGENTINA S.A.,SIERRAS BLANCAS,VACA MUERTA,Extracción Efectiva,Petrolífero,Bombeo Mecánico,EXPLOTACION,5290.0,,,319.72,94.61,69.2,30.9,prod_2026
161918,SHE.Nq.SB-1027(h),2026-08,SHELL ARGENTINA S.A.,SIERRAS BLANCAS,VACA MUERTA,Extracción Efectiva,Petrolífero,Bombeo Mecánico,EXPLOTACION,5478.0,,,303.81,51.83,54.59,30.02,prod_2026
161932,VIS.Nq.BPO-2501(h),2026-08,VISTA ENERGY ARGENTINA SAU,BAJADA DEL PALO OESTE,VACA MUERTA,Extracción Efectiva,Petrolífero,Gas Lift,EXPLOTACION,5690.0,,,1264.232,157.05,532.367,29.24,prod_2026
161933,VIS.Nq.BPO-2502(h),2026-08,VISTA ENERGY ARGENTINA SAU,BAJADA DEL PALO OESTE,VACA MUERTA,Extracción Efectiva,Petrolífero,Gas Lift,EXPLOTACION,5599.0,,,290.754,117.057,182.71,20.281,prod_2026
161934,VIS.Nq.BPO-2503(h),2026-08,VISTA ENERGY ARGENTINA SAU,BAJADA DEL PALO OESTE,VACA MUERTA,Extracción Efectiva,Petrolífero,Gas Lift,EXPLOTACION,5036.0,,,840.455,392.081,283.046,25.782,prod_2026
161935,VIS.Nq.BPO-2504(h),2026-08,VISTA ENERGY ARGENTINA SAU,BAJADA DEL PALO OESTE,VACA MUERTA,Extracción Efectiva,Petrolífero,Gas Lift,EXPLOTACION,5420.0,,,712.076,51.007,287.65,25.698,prod_2026
161948,YPF.Nq.LACh-121(h),2026-08,YPF S.A.,LA AMARGA CHICA,VACA MUERTA,Extracción Efectiva,Petrolífero,Bombeo Mecánico,EXPLOTACION,6025.0,,,351.85,57.4,210.96,30.35,prod_2026
161949,YPF.Nq.LACh-122(h),2026-08,YPF S.A.,LA AMARGA CHICA,VACA MUERTA,Extracción Efectiva,Petrolífero,Bombeo Mecánico,EXPLOTACION,6171.0,,,1025.71,165.02,1156.46,29.21,prod_2026
161950,YPF.Nq.LACh-123(h),2026-08,YPF S.A.,LA AMARGA CHICA,VACA MUERTA,Extracción Efectiva,Petrolífero,Bombeo Mecánico,EXPLOTACION,6258.0,,,737.57,113.85,202.84,30.88,prod_2026
161951,YPF.Nq.LACh-124(h),2026-08,YPF S.A.,LA AMARGA CHICA,VACA MUERTA,Extracción Efectiva,Petrolífero,Surgencia Natural,EXPLOTACION,6096.0,,,1900.73,356.13,1207.13,31.0,prod_2026
161952,YPF.Nq.LACh-96(h),2026-08,YPF S.A.,LA AMARGA CHICA,VACA MUERTA,Extracción Efectiva,Petrolífero,Bombeo Mecánico,EXPLOTACION,5880.0,,,918.61,261.13,220.71,30.52,prod_2026
161953,YPF.Nq.LACh-97(h),2026-08,YPF S.A.,LA AMARGA CHICA,VACA MUERTA,Extracción Efectiva,Petrolífero,Bombeo Mecánico,EXPLOTACION,5126.0,,,407.37,92.95,200.39,21.73,prod_2026
161954,YPF.Nq.LACh-98(h),2026-08,YPF S.A.,LA AMARGA CHICA,VACA MUERTA,Extracción Efectiva,Petrolífero,Bombeo Mecánico,EXPLOTACION,5964.0,,,176.46,27.42,0.0,8.21,prod_2026
161955,YPF.Nq.LACh-99(h),2026-08,YPF S.A.,LA AMARGA CHICA,VACA MUERTA,Extracción Efectiva,Petrolífero,Bombeo Mecánico,EXPLOTACION,6064.0,,,554.36,115.68,88.92,28.88,prod_2026
161957,YPF.Nq.N.x-17(h),2026-08,YPF S.A.,NARAMBUENA,VACA MUERTA,Parado Transitoriamente,Petrolífero,Surgencia Natural,EXPLORACION,4863.0,,,0.0,0.0,0.0,0.0,prod_2026
161958,YPF.Nq.N.x-18(h),2026-08,YPF S.A.,NARAMBUENA,VACA MUERTA,Parado Transitoriamente,Petrolífero,Bombeo Mecánico,EXPLORACION,4872.0,,,0.0,0.0,0.0,0.0,prod_2026
161998,VIS.Nq.BPO-2391(h),2026-08,VISTA ENERGY ARGENTINA SAU,BAJADA DEL PALO OESTE,VACA MUERTA,Extracción Efectiva,Petrolífero,Gas Lift,EXPLOTACION,4777.0,,,905.832,205.336,359.508,30.724,prod_2026
161999,VIS.Nq.BPO-2392(h),2026-08,VISTA ENERGY ARGENTINA SAU,BAJADA DEL PALO OESTE,VACA MUERTA,Extracción Efectiva,Petrolífero,Gas Lift,EXPLOTACION,6089.0,,,468.253,66.631,78.725,29.345,prod_2026
162000,VIS.Nq.BPO-2393(h),2026-08,VISTA ENERGY ARGENTINA SAU,BAJADA DEL PALO OESTE,VACA MUERTA,Extracción Efectiva,Petrolífero,Gas Lift,EXPLOTACION,6084.62,,,759.181,71.225,123.413,30.829,prod_2026
162001,VIS.Nq.BPO-2394(h),2026-08,VISTA ENERGY ARGENTINA SAU,BAJADA DEL PALO OESTE,VACA MUERTA,Extracción Efectiva,Petrolífero,Gas Lift,EXPLOTACION,6061.0,,,1585.939,148.887,143.674,30.832,prod_2026
162024,YPF.Nq.LCav-45(h),2026-08,YPF S.A.,BANDURRIA SUR,VACA MUERTA,Extracción Efectiva,Petrolífero,Bombeo Mecánico,EXPLOTACION,7190.0,,,357.28,41.23,8.4,29.75,prod_2026
162025,YPF.Nq.LCav-46(h),2026-08,YPF S.A.,BANDURRIA SUR,VACA MUERTA,Extracción Efectiva,Petrolífero,Bombeo Mecánico,EXPLOTACION,6886.0,,,681.11,63.53,569.31,30.88,prod_2026
162026,YPF.Nq.LCav-47(h),2026-08,YPF S.A.,BANDURRIA SUR,VACA MUERTA,Extracción Efectiva,Petrolífero,Bombeo Mecánico,EXPLOTACION,6618.0,,,247.04,31.49,15.8,12.25,prod_2026
162027,YPF.Nq.LCav-48(h),2026-08,YPF S.A.,BANDURRIA SUR,VACA MUERTA,Extracción Efectiva,Petrolífero,Bombeo Mecánico,EXPLOTACION,6462.0,,,739.99,65.38,0.23,30.81,prod_2026
162028,YPF.Nq.LLL-1462(h),2026-08,YPF S.A.,LOMA CAMPANA-LLL,VACA MUERTA,Extracción Efectiva,Petrolífero,Bombeo Mecánico,EXPLOTACION,5591.0,,,482.9,69.34,26.43,29.81,prod_2026
162029,YPF.Nq.LLL-1463(h),2026-08,YPF S.A.,LOMA CAMPANA-LLL,VACA MUERTA,Extracción Efectiva,Petrolífero,Bombeo Mecánico,EXPLOTACION,5478.0,,,247.26,30.01,0.0,24.15,prod_2026
162030,YPF.Nq.SOil-366(h),2026-08,YPF S.A.,LOMA CAMPANA,VACA MUERTA,Extracción Efectiva,Petrolífero,Bombeo Mecánico,EXPLOTACION,5135.0,,,535.28,40.08,29.45,31.0,prod_2026
162031,YPF.Nq.SOil-367(h),2026-08,YPF S.A.,LOMA CAMPANA,VACA MUERTA,Extracción Efectiva,Petrolífero,Bombeo Mecánico,EXPLOTACION,5312.0,,,351.2,57.27,26.43,29.56,prod_2026
162073,PLU.Nq.LCa.a-3107(h),2026-08,PLUSPETROL S.A.,LA CALERA,VACA MUERTA,Extracción Efectiva,Gasífero,Surgencia Natural,EXPLOTACION,5333.0,,,432.995,795.044,1090.729,30.9375,prod_2026
162074,PLU.Nq.LCa-3108(h),2026-08,PLUSPETROL S.A.,LA CALERA,VACA MUERTA,Extracción Efectiva,Gasífero,Surgencia Natural,EXPLOTACION,5245.0,,,1061.768,1750.346,1098.304,30.9375,prod_2026
162080,YPF.Nq.SOil-401(h),2026-08,YPF S.A.,LOMA CAMPANA,VACA MUERTA,Extracción Efectiva,Petrolífero,Bombeo Mecánico,EXPLOTACION,5849.0,,,730.74,99.77,17.03,30.42,prod_2026
162081,YPF.Nq.SOil-402(h),2026-08,YPF S.A.,LOMA CAMPANA,VACA MUERTA,Extracción Efectiva,Petrolífero,Bombeo Mecánico,EXPLOTACION,5376.0,,,974.41,195.16,44.75,30.54,prod_2026
162082,YPF.Nq.SOil-403(h),2026-08,YPF S.A.,LOMA CAMPANA,VACA MUERTA,Extracción Efectiva,Petrolífero,Bombeo Mecánico,EXPLOTACION,5785.0,,,699.48,132.19,16.91,30.17,prod_2026
162083,YPF.Nq.SOil-404(h),2026-08,YPF S.A.,LOMA CAMPANA,VACA MUERTA,Extracción Efectiva,Petrolífero,Bombeo Mecánico,EXPLOTACION,5238.0,,,720.31,134.58,22.54,30.08,prod_2026
162084,YPF.Nq.SOil-405(h),2026-08,YPF S.A.,LOMA CAMPANA,VACA MUERTA,Extracción Efectiva,Petrolífero,Bombeo Mecánico,EXPLOTACION,5827.0,,,658.97,107.76,14.0,28.75,prod_2026
162085,YPF.Nq.SOil-406(h),2026-08,YPF S.A.,LOMA CAMPANA,VACA MUERTA,Extracción Efectiva,Petrolífero,Bombeo Mecánico,EXPLOTACION,5225.0,,,77.95,7.76,2.74,4.54,prod_2026
162121,TPT.Nq.FP-1255(h),2026-08,TECPETROL S.A.,FORTIN DE PIEDRA,VACA MUERTA,Extracción Efectiva,Gasífero,Surgencia Natural,EXPLOTACION,5774.99,,,174.9768,1598.05,311.2691,31.0,prod_2026
162122,TPT.Nq.FP-1256(h),2026-08,TECPETROL S.A.,FORTIN DE PIEDRA,VACA MUERTA,Extracción Efectiva,Gasífero,Surgencia Natural,EXPLOTACION,5.7,,,445.5556,3757.031,572.199,31.0,prod_2026
162123,TPT.Nq.FP-1311(h),2026-08,TECPETROL S.A.,FORTIN DE PIEDRA,VACA MUERTA,Parado Transitoriamente,Gasífero,Surgencia Natural,EXPLOTACION,5.879,,,7.553443,1414.412,238.8636,27.33958,prod_2026
162124,TPT.Nq.FP-1312(h),2026-08,TECPETROL S.A.,FORTIN DE PIEDRA,VACA MUERTA,Parado Transitoriamente,Gasífero,Surgencia Natural,EXPLOTACION,5.81,,,12.22111,1684.597,235.4308,27.33819,prod_2026
162125,TPT.Nq.FP-1313(h)(ST1),2026-08,TECPETROL S.A.,FORTIN DE PIEDRA,VACA MUERTA,Extracción Efectiva,Gasífero,Surgencia Natural,EXPLOTACION,5861.0,,,1.956204,440.9273,163.7478,22.77639,prod_2026
162126,TPT.Nq.FP-1314(h),2026-08,TECPETROL S.A.,FORTIN DE PIEDRA,VACA MUERTA,Parado Transitoriamente,Gasífero,Surgencia Natural,EXPLOTACION,5.76,,,3.521945,616.5729,91.9083,11.08403,prod_2026
162127,VIS.Nq.BPO-2261(h),2026-08,VISTA ENERGY ARGENTINA SAU,BAJADA DEL PALO OESTE,VACA MUERTA,Extracción Efectiva,Petrolífero,Gas Lift,EXPLOTACION,5922.0,,,682.449,163.248,174.149,30.945,prod_2026
162128,VIS.Nq.BPO-2262(h),2026-08,VISTA ENERGY ARGENTINA SAU,BAJADA DEL PALO OESTE,VACA MUERTA,Extracción Efectiva,Petrolífero,Gas Lift,EXPLOTACION,5839.0,,,1314.095,193.655,311.486,30.951,prod_2026
162130,VIS.Nq.BPO-2263(h),2026-08,VISTA ENERGY ARGENTINA SAU,BAJADA DEL PALO OESTE,VACA MUERTA,Extracción Efectiva,Petrolífero,Gas Lift,EXPLOTACION,5910.0,,,742.432,86.33,49.053,31.0,prod_2026
162131,VIS.Nq.BPO-2264(h),2026-08,VISTA ENERGY ARGENTINA SAU,BAJADA DEL PALO OESTE,VACA MUERTA,Extracción Efectiva,Petrolífero,Gas Lift,EXPLOTACION,5857.0,,,1513.147,215.765,263.09,30.944,prod_2026
162136,YPF.Nq.BaG.x-1(h),2026-08,YPF S.A.,SIERRA BARROSA,VACA MUERTA,Extracción Efectiva,Petrolífero,Bombeo Mecánico,EXPLORACION,4940.0,,,400.18,71.27,0.0,29.03,prod_2026
162165,SHE.Nq.CdL-24(h),2026-08,SHELL ARGENTINA S.A.,CRUZ DE LORENA,VACA MUERTA,Parado Transitoriamente,Petrolífero,Surgencia Natural,EXPLOTACION,5842.53,,,0.0,0.0,0.0,0.0,prod_2026
162166,SHE.Nq.CdL-25(h),2026-08,SHELL ARGENTINA S.A.,CRUZ DE LORENA,VACA MUERTA,Extracción Efectiva,Petrolífero,Bombeo Mecánico,EXPLOTACION,6048.0,,,745.65,94.71,100.87,30.92,prod_2026
162167,SHE.Nq.CdL-26(h),2026-08,SHELL ARGENTINA S.A.,CRUZ DE LORENA,VACA MUERTA,Extracción Efectiva,Petrolífero,Bombeo Mecánico,EXPLOTACION,6534.75,,,537.85,102.48,82.24,19.21,prod_2026
162168,SHE.Nq.CdL-27(h),2026-08,SHELL ARGENTINA S.A.,CRUZ DE LORENA,VACA MUERTA,Extracción Efectiva,Petrolífero,Bombeo Mecánico,EXPLOTACION,6414.0,,,295.82,55.34,51.28,28.58,prod_2026
162169,SHE.Nq.CdL-20(h),2026-08,SHELL ARGENTINA S.A.,CRUZ DE LORENA,VACA MUERTA,Extracción Efectiva,Petrolífero,Bombeo Mecánico,EXPLOTACION,5448.0,,,694.14,85.8,7.92,30.92,prod_2026
162170,SHE.Nq.CdL-21(h),2026-08,SHELL ARGENTINA S.A.,CRUZ DE LORENA,VACA MUERTA,Extracción Efectiva,Petrolífero,Bombeo Mecánico,EXPLOTACION,5746.0,,,650.0,79.18,2.76,30.79,prod_2026
162171,SHE.Nq.CdL-22(h),2026-08,SHELL ARGENTINA S.A.,CRUZ DE LORENA,VACA MUERTA,Extracción Efectiva,Petrolífero,Bombeo Mecánico,EXPLOTACION,5995.0,,,734.26,82.32,39.39,30.79,prod_2026
162172,SHE.Nq.CdL-23(h),2026-08,SHELL ARGENTINA S.A.,CRUZ DE LORENA,VACA MUERTA,Extracción Efectiva,Petrolífero,Bombeo Mecánico,EXPLOTACION,6304.0,,,662.44,107.7,39.68,31.0,prod_2026
162178,PLU.Nq.LCa-3095(h),2026-08,PLUSPETROL S.A.,LA CALERA,VACA MUERTA,Extracción Efectiva,Gasífero,Surgencia Natural,EXPLOTACION,4967.0,,,0.0,0.0,0.0,0.0,prod_2026
162179,PLU.Nq.LCa-3096(h),2026-08,PLUSPETROL S.A.,LA CALERA,VACA MUERTA,Extracción Efectiva,Gasífero,Surgencia Natural,EXPLOTACION,5133.0,,,1035.226,1959.88,1103.11,29.59375,prod_2026
162180,PLU.Nq.LCa-3097(h),2026-08,PLUSPETROL S.A.,LA CALERA,VACA MUERTA,Extracción Efectiva,Gasífero,Surgencia Natural,EXPLOTACION,5297.0,,,929.692,1685.157,880.49,31.0,prod_2026
162181,PLU.Nq.LCa-3167(h),2026-08,PLUSPETROL S.A.,LA CALERA,VACA MUERTA,Extracción Efectiva,Gasífero,Surgencia Natural,EXPLOTACION,4959.0,,,0.0,0.0,0.0,0.0,prod_2026
162182,PLU.Nq.LCa-3168(h),2026-08,PLUSPETROL S.A.,LA CALERA,VACA MUERTA,Extracción Efectiva,Gasífero,Surgencia Natural,EXPLOTACION,4980.0,,,0.0,0.0,0.0,0.0,prod_2026
162183,PLU.Nq.LCa-3169(h),2026-08,PLUSPETROL S.A.,LA CALERA,VACA MUERTA,Extracción Efectiva,Gasífero,Surgencia Natural,EXPLOTACION,5112.0,,,0.0,0.0,0.0,0.0,prod_2026
162193,YPF.Nq.AdlA-1010(h),2026-08,YPF S.A.,AGUADA DE LA ARENA,VACA MUERTA,Extracción Efectiva,Gasífero,Surgencia Natural,EXPLOTACION,5107.0,,,379.82,1031.41,108.86,31.0,prod_2026
162194,YPF.Nq.AdlA-1011(h),2026-08,YPF S.A.,AGUADA DE LA ARENA,VACA MUERTA,Extracción Efectiva,Gasífero,Surgencia Natural,EXPLOTACION,5056.0,,,345.05,894.88,125.79,31.0,prod_2026
162195,YPF.Nq.AdlA-1012(h),2026-08,YPF S.A.,AGUADA DE LA ARENA,VACA MUERTA,Extracción Efectiva,Gasífero,Surgencia Natural,EXPLOTACION,5184.0,,,327.33,1071.04,68.11,30.98,prod_2026
162196,YPF.Nq.LACh-82(h),2026-08,YPF S.A.,LA AMARGA CHICA,VACA MUERTA,Extracción Efectiva,Petrolífero,Bombeo Mecánico,EXPLOTACION,5568.0,,,10.27,1.4,0.48,0.46,prod_2026
162197,YPF.Nq.LACh-83(h),2026-08,YPF S.A.,LA AMARGA CHICA,VACA MUERTA,Extracción Efectiva,Petrolífero,Bombeo Mecánico,EXPLOTACION,5710.0,,,9.09,1.22,0.56,0.35,prod_2026
162198,YPF.Nq.LACh-84(h),2026-08,YPF S.A.,LA AMARGA CHICA,VACA MUERTA,Extracción Efectiva,Petrolífero,Bombeo Mecánico,EXPLOTACION,5528.0,,,17.55,1.94,0.03,0.65,prod_2026
162199,YPF.Nq.LACh-85(h),2026-08,YPF S.A.,LA AMARGA CHICA,VACA MUERTA,Parado Transitoriamente,Petrolífero,Bombeo Mecánico,EXPLOTACION,5578.0,,,0.0,0.0,0.0,0.0,prod_2026
162200,YPF.Nq.LCav-133(h),2026-08,YPF S.A.,BANDURRIA SUR,VACA MUERTA,Extracción Efectiva,Petrolífero,Surgencia Natural,EXPLOTACION,5794.0,,,606.44,276.15,4415.3,29.38,prod_2026
162201,YPF.Nq.LCav-134(h),2026-08,YPF S.A.,BANDURRIA SUR,VACA MUERTA,Extracción Efectiva,Petrolífero,Surgencia Natural,EXPLOTACION,5670.0,,,1030.57,479.01,1592.45,27.59,prod_2026
162202,YPF.Nq.LCav-135(h),2026-08,YPF S.A.,BANDURRIA SUR,VACA MUERTA,Extracción Efectiva,Petrolífero,Surgencia Natural,EXPLOTACION,5723.0,,,357.66,113.41,269.45,29.46,prod_2026
162203,YPF.Nq.LCav-136(h),2026-08,YPF S.A.,BANDURRIA SUR,VACA MUERTA,Parado Transitoriamente,Petrolífero,Surgencia Natural,EXPLOTACION,5622.0,,,0.0,0.0,0.0,0.0,prod_2026
162204,YPF.Nq.LLL-1504(h),2026-08,YPF S.A.,LOMA CAMPANA-LLL,VACA MUERTA,Extracción Efectiva,Petrolífero,Bombeo Mecánico,EXPLOTACION,5308.0,,,348.13,108.14,40.89,29.63,prod_2026
162205,YPF.Nq.LLL-1505(h),2026-08,YPF S.A.,LOMA CAMPANA-LLL,VACA MUERTA,En Estudio,Otro tipo,Surgencia Natural,EXPLOTACION,4950.0,,,0.0,0.0,0.0,0.0,prod_2026
162206,YPF.Nq.LLL-1506(h),2026-08,YPF S.A.,LOMA CAMPANA-LLL,VACA MUERTA,Extracción Efectiva,Petrolífero,Bombeo Mecánico,EXPLOTACION,5610.0,,,277.09,137.09,455.36,29.52,prod_2026
162207,YPF.Nq.LLL-1507(h),2026-08,YPF S.A.,LOMA CAMPANA-LLL,VACA MUERTA,Extracción Efectiva,Petrolífero,Bombeo Mecánico,EXPLOTACION,5058.0,,,370.34,119.71,265.6,29.48,prod_2026
162208,YPF.Nq.LLL-1508(h),2026-08,YPF S.A.,LOMA CAMPANA-LLL,VACA MUERTA,Extracción Efectiva,Petrolífero,Bombeo Mecánico,EXPLOTACION,5705.0,,,393.19,144.68,34.04,29.34,prod_2026
162209,YPF.Nq.LLL-1509(h),2026-08,YPF S.A.,LOMA CAMPANA-LLL,VACA MUERTA,Extracción Efectiva,Petrolífero,Bombeo Mecánico,EXPLOTACION,5265.0,,,347.84,166.25,27.22,29.42,prod_2026
162210,YPF.Nq.LLL-1623(h),2026-08,YPF S.A.,LOMA CAMPANA-LLL,VACA MUERTA,Extracción Efectiva,Petrolífero,Bombeo Mecánico,EXPLOTACION,4824.0,,,654.41,121.75,17.76,29.92,prod_2026
162211,YPF.Nq.LLL-1624(h),2026-08,YPF S.A.,LOMA CAMPANA-LLL,VACA MUERTA,Extracción Efectiva,Petrolífero,Bombeo Mecánico,EXPLOTACION,5145.0,,,582.23,114.43,30.77,29.65,prod_2026
162212,YPF.Nq.LLL-1625(h),2026-08,YPF S.A.,LOMA CAMPANA-LLL,VACA MUERTA,Extracción Efectiva,Petrolífero,Bombeo Mecánico,EXPLOTACION,4951.0,,,723.22,162.31,25.34,29.04,prod_2026
162213,YPF.Nq.LLL-1626(h),2026-08,YPF S.A.,LOMA CAMPANA-LLL,VACA MUERTA,Extracción Efectiva,Petrolífero,Bombeo Mecánico,EXPLOTACION,5163.0,,,249.16,37.12,7.15,29.42,prod_2026
162214,YPF.Nq.LLL-1627(h),2026-08,YPF S.A.,LOMA CAMPANA-LLL,VACA MUERTA,Extracción Efectiva,Petrolífero,Bombeo Mecánico,EXPLOTACION,5123.0,,,342.47,59.99,19.93,30.17,prod_2026
162215,YPF.Nq.LRi-21(h),2026-08,YPF S.A.,LA RIBERA BLOQUE I,VACA MUERTA,Extracción Efectiva,Gasífero,Surgencia Natural,EXPLOTACION,5458.0,,,85.08,1192.74,553.32,29.3,prod_2026
162217,YPF.Nq.RDMN-40(h)(I),2026-08,YPF S.A.,RINCON DEL MANGRULLO,VACA MUERTA,Extracción Efectiva,Gasífero,Surgencia Natural,EXPLOTACION,5141.0,,,0.02,87.47,2.33,0.86,prod_2026
162218,YPF.Nq.RDMN-42(h),2026-08,YPF S.A.,RINCON DEL MANGRULLO,VACA MUERTA,Parado Transitoriamente,Gasífero,Surgencia Natural,EXPLOTACION,4992.0,,,0.0,0.0,0.0,0.0,prod_2026
162219,YPF.Nq.RDMN-43(h),2026-08,YPF S.A.,RINCON DEL MANGRULLO,VACA MUERTA,Extracción Efectiva,Gasífero,Surgencia Natural,EXPLOTACION,4556.0,,,0.35,625.65,51.75,12.65,prod_2026
162230,PAE.Nq.APO-204(h),2026-08,PAN AMERICAN ENERGY SL,AGUADA PICHANA OESTE,VACA MUERTA,Extracción Efectiva,Gasífero,Surgencia Natural,EXPLOTACION,0.0,,,0.0,2187.555,442.0994,29.46875,prod_2026
162231,PAE.Nq.APO-203(h),2026-08,PAN AMERICAN ENERGY SL,AGUADA PICHANA OESTE,VACA MUERTA,Extracción Efectiva,Gasífero,Surgencia Natural,EXPLOTACION,0.0,,,0.0,1629.097,4.657878,29.33958,prod_2026
162239,PAE.Nq.APO-205(h),2026-08,PAN AMERICAN ENERGY SL,AGUADA PICHANA OESTE,VACA MUERTA,Extracción Efectiva,Gasífero,Surgencia Natural,EXPLOTACION,0.0,,,0.0,2411.256,287.8243,29.42778,prod_2026
162242,XOM.Nq.BdC-14(h),2026-08,PLUSPETROL CUENCA NEUQUINA S.R.L.,BAJO DEL CHOIQUE,VACA MUERTA,Extracción Efectiva,Petrolífero,Surgencia Natural,EXPLOTACION,6052.0,,,390.45,659.19,506.73,26.0,prod_2026
162243,XOM.Nq.BdC-13(h),2026-08,PLUSPETROL CUENCA NEUQUINA S.R.L.,BAJO DEL CHOIQUE,VACA MUERTA,Extracción Efectiva,Petrolífero,Surgencia Natural,EXPLOTACION,6052.0,,,63.57,15.2,45.34,25.0,prod_2026
162244,XOM.Nq.BdC-12(h),2026-08,PLUSPETROL CUENCA NEUQUINA S.R.L.,BAJO DEL CHOIQUE,VACA MUERTA,Extracción Efectiva,Petrolífero,Surgencia Natural,EXPLOTACION,6900.0,,,393.68,374.23,189.21,25.0,prod_2026
162245,XOM.Nq.BdC-11(h),2026-08,PLUSPETROL CUENCA NEUQUINA S.R.L.,BAJO DEL CHOIQUE,VACA MUERTA,Extracción Efectiva,Petrolífero,Surgencia Natural,EXPLOTACION,6900.0,,,51.39,475.12,15.5,25.0,prod_2026
162246,XOM.Nq.BdC-10(h),2026-08,PLUSPETROL CUENCA NEUQUINA S.R.L.,BAJO DEL CHOIQUE,VACA MUERTA,Extracción Efectiva,Petrolífero,Surgencia Natural,EXPLOTACION,6900.0,,,1926.87,1256.52,235.19,25.0,prod_2026
162247,XOM.Nq.BdC-9(h),2026-08,PLUSPETROL CUENCA NEUQUINA S.R.L.,BAJO DEL CHOIQUE,VACA MUERTA,Otras Situación Activo,Petrolífero,Surgencia Natural,EXPLOTACION,6900.0,,,0.0,0.0,0.0,0.0,prod_2026
162268,PAE.Nq.ECh-120(h),2026-08,PAN AMERICAN ENERGY SL,LINDERO ATRAVESADO OCCIDENTAL,VACA MUERTA,Extracción Efectiva,Petrolífero,Bombeo Mecánico,EXPLOTACION,0.0,,,677.765,54.86313,10.46606,30.98611,prod_2026
162275,PAE.Nq.ECh-118(h),2026-08,PAN AMERICAN ENERGY SL,LINDERO ATRAVESADO OCCIDENTAL,VACA MUERTA,Extracción Efectiva,Petrolífero,Bombeo Mecánico,EXPLOTACION,0.0,,,647.9944,32.58388,52.00982,30.54306,prod_2026
162313,CHA.Nq.ET-2031h,2026-08,CHEVRON ARGENTINA S.R.L.,EL TRAPIAL,VACA MUERTA,En Estudio,Petrolífero,Surgencia Natural,EXPLOTACION,3973.0,,,0.0,0.0,0.0,0.0,prod_2026
162314,CHA.Nq.ET-2032h,2026-08,CHEVRON ARGENTINA S.R.L.,EL TRAPIAL,VACA MUERTA,Extracción Efectiva,Petrolífero,Surgencia Natural,EXPLOTACION,4811.0,,,593.14,150.45676,1440.11,30.479,prod_2026
162315,CHA.Nq.ET-2033h,2026-08,CHEVRON ARGENTINA S.R.L.,EL TRAPIAL,VACA MUERTA,Extracción Efectiva,Petrolífero,Surgencia Natural,EXPLOTACION,5307.0,,,1092.3,152.23978,1652.19,24.104,prod_2026
162316,CHA.Nq.ET-2034h,2026-08,CHEVRON ARGENTINA S.R.L.,EL TRAPIAL,VACA MUERTA,Extracción Efectiva,Petrolífero,Surgencia Natural,EXPLOTACION,5402.0,,,864.85,143.42807,1069.5,30.771,prod_2026
162319,TPT.Nq.FP-1291(h),2026-08,TECPETROL S.A.,FORTIN DE PIEDRA,VACA MUERTA,Extracción Efectiva,Gasífero,Surgencia Natural,EXPLOTACION,5732.99,,,30.53425,4297.531,1317.251,23.43264,prod_2026
162320,TPT.Nq.FP-1292(h),2026-08,TECPETROL S.A.,FORTIN DE PIEDRA,VACA MUERTA,Extracción Efectiva,Gasífero,Surgencia Natural,EXPLOTACION,5349.19,,,16.55628,2345.522,1623.964,24.72639,prod_2026
162321,TPT.Nq.FP-1293(h),2026-08,TECPETROL S.A.,FORTIN DE PIEDRA,VACA MUERTA,Extracción Efectiva,Gasífero,Surgencia Natural,EXPLOTACION,5186.199,,,30.77436,5233.157,429.2073,23.34028,prod_2026
162322,TPT.Nq.FP-1296(h),2026-08,TECPETROL S.A.,FORTIN DE PIEDRA,VACA MUERTA,Extracción Efectiva,Gasífero,Surgencia Natural,EXPLOTACION,5692.99,,,153.8546,1338.066,423.7098,31.0,prod_2026
162323,TPT.Nq.FP-1297(h),2026-08,TECPETROL S.A.,FORTIN DE PIEDRA,VACA MUERTA,Parado Transitoriamente,Gasífero,Surgencia Natural,EXPLOTACION,5900.0,,,0.0,0.0,0.0,0.0,prod_2026
162324,PLU.Nq.LCa-3155(h),2026-08,PLUSPETROL S.A.,LA CALERA,VACA MUERTA,Extracción Efectiva,Gasífero,Surgencia Natural,EXPLOTACION,5479.0,,,142.406,1281.88,68.899,22.20833,prod_2026
162325,PLU.Nq.LCa-3156(h),2026-08,PLUSPETROL S.A.,LA CALERA,VACA MUERTA,Extracción Efectiva,Gasífero,Surgencia Natural,EXPLOTACION,5412.0,,,229.13,2323.604,88.63,22.22917,prod_2026
162326,PLU.Nq.LCa-3157(h),2026-08,PLUSPETROL S.A.,LA CALERA,VACA MUERTA,Extracción Efectiva,Gasífero,Surgencia Natural,EXPLOTACION,5605.0,,,333.779,3057.582,771.299,25.22917,prod_2026
162332,YPF.Nq.N.x-19(h),2026-08,YPF S.A.,NARAMBUENA,VACA MUERTA,Extracción Efectiva,Petrolífero,Surgencia Natural,EXPLORACION,4755.0,,,1381.43,308.34,311.37,31.0,prod_2026
162333,YPF.Nq.N.x-20(h),2026-08,YPF S.A.,NARAMBUENA,VACA MUERTA,Extracción Efectiva,Petrolífero,Surgencia Natural,EXPLORACION,4614.0,,,965.42,284.73,390.89,31.0,prod_2026
162334,YPF.Nq.RDMN-25(h),2026-08,YPF S.A.,RINCON DEL MANGRULLO,VACA MUERTA,Parado Transitoriamente,Gasífero,Surgencia Natural,EXPLOTACION,5840.0,,,0.0,0.0,0.0,0.0,prod_2026
162335,YPF.Nq.RDMN-26(h),2026-08,YPF S.A.,RINCON DEL MANGRULLO,VACA MUERTA,Parado Transitoriamente,Gasífero,Surgencia Natural,EXPLOTACION,5202.0,,,0.0,0.0,0.0,0.0,prod_2026
162336,YPF.Nq.RDMN-29(h),2026-08,YPF S.A.,RINCON DEL MANGRULLO,VACA MUERTA,Parado Transitoriamente,Gasífero,Surgencia Natural,EXPLOTACION,5187.0,,,0.0,0.0,0.0,0.0,prod_2026
162352,VIS.Nq.BPO-2211(h),2026-08,VISTA ENERGY ARGENTINA SAU,BAJADA DEL PALO OESTE,VACA MUERTA,Extracción Efectiva,Petrolífero,Gas Lift,EXPLOTACION,5913.0,,,644.958,16.593,100.559,30.876,prod_2026
162353,VIS.Nq.BPO-2212(h),2026-08,VISTA ENERGY ARGENTINA SAU,BAJADA DEL PALO OESTE,VACA MUERTA,Extracción Efectiva,Petrolífero,Gas Lift,EXPLOTACION,5876.0,,,725.861,116.717,285.484,30.811,prod_2026
162354,VIS.Nq.BPO-2213(h),2026-08,VISTA ENERGY ARGENTINA SAU,BAJADA DEL PALO OESTE,VACA MUERTA,Extracción Efectiva,Petrolífero,Gas Lift,EXPLOTACION,5926.0,,,139.966,19.024,11.719,30.508,prod_2026
162355,VIS.Nq.BPO-2214(h),2026-08,VISTA ENERGY ARGENTINA SAU,BAJADA DEL PALO OESTE,VACA MUERTA,Extracción Efectiva,Petrolífero,Gas Lift,EXPLOTACION,5884.0,,,897.121,150.162,508.462,30.6,prod_2026
162357,TPT.Nq.FP-1257(h),2026-08,TECPETROL S.A.,FORTIN DE PIEDRA,VACA MUERTA,Extracción Efectiva,Gasífero,Surgencia Natural,EXPLOTACION,5.724,,,178.7917,1804.652,175.2799,31.0,prod_2026
162362,PAE.Nq.ECh-108(h),2026-08,PAN AMERICAN ENERGY SL,LINDERO ATRAVESADO OCCIDENTAL,VACA MUERTA,Extracción Efectiva,Petrolífero,Bombeo Mecánico,EXPLOTACION,0.0,,,543.3687,49.43958,17.01559,29.57292,prod_2026
162371,PAE.Nq.ECh-110(h),2026-08,PAN AMERICAN ENERGY SL,LINDERO ATRAVESADO OCCIDENTAL,VACA MUERTA,Extracción Efectiva,Petrolífero,Bombeo Mecánico,EXPLOTACION,0.0,,,458.4645,30.02675,33.0185,30.17014,prod_2026
162385,SHE.Nq.CdL-32(h),2026-08,SHELL ARGENTINA S.A.,CRUZ DE LORENA,VACA MUERTA,Extracción Efectiva,Petrolífero,Bombeo Mecánico,EXPLOTACION,5553.0,,,506.4,55.48,94.66,31.0,prod_2026
162386,SHE.Nq.CdL-33(h),2026-08,SHELL ARGENTINA S.A.,CRUZ DE LORENA,VACA MUERTA,Extracción Efectiva,Petrolífero,Bombeo Mecánico,EXPLOTACION,5850.0,,,673.55,86.64,297.68,31.0,prod_2026
162387,SHE.Nq.CdL-34(h),2026-08,SHELL ARGENTINA S.A.,CRUZ DE LORENA,VACA MUERTA,Extracción Efectiva,Petrolífero,Bombeo Mecánico,EXPLOTACION,6519.0,,,623.8,41.23,184.56,31.0,prod_2026
162388,SHE.Nq.CdL-35(h),2026-08,SHELL ARGENTINA S.A.,CRUZ DE LORENA,VACA MUERTA,Extracción Efectiva,Petrolífero,Bombeo Mecánico,EXPLOTACION,6832.0,,,861.21,78.7,80.91,29.88,prod_2026
162390,TPT.Nq.FP-1326(h),2026-08,TECPETROL S.A.,FORTIN DE PIEDRA,VACA MUERTA,Parado Transitoriamente,Gasífero,Surgencia Natural,EXPLOTACION,5873.0,,,7.646439,1645.122,37.61411,27.57014,prod_2026
162391,TPT.Nq.FP-1327(h),2026-08,TECPETROL S.A.,FORTIN DE PIEDRA,VACA MUERTA,Parado Transitoriamente,Gasífero,Surgencia Natural,EXPLOTACION,5209.19,,,4.168163,1632.286,19.87069,27.56944,prod_2026
162397,YPF.Nq.AdlA-1031(h),2026-08,YPF S.A.,AGUADA DE LA ARENA,VACA MUERTA,Extracción Efectiva,Gasífero,Surgencia Natural,EXPLOTACION,5677.0,,,0.0,3086.46,371.74,15.17,prod_2026
162398,YPF.Nq.AdlA-1032(h),2026-08,YPF S.A.,AGUADA DE LA ARENA,VACA MUERTA,Extracción Efectiva,Gasífero,Surgencia Natural,EXPLOTACION,5515.0,,,0.0,1038.27,260.36,19.35,prod_2026
162399,YPF.Nq.AdlA-1033(h),2026-08,YPF S.A.,AGUADA DE LA ARENA,VACA MUERTA,Extracción Efectiva,Gasífero,Surgencia Natural,EXPLOTACION,5423.0,,,0.0,2485.01,246.18,18.78,prod_2026
162400,YPF.Nq.LACh-11(h),2026-08,YPF S.A.,LA AMARGA CHICA,VACA MUERTA,Extracción Efectiva,Petrolífero,Bombeo Mecánico,EXPLOTACION,4782.0,,,175.1,62.2,95.85,21.46,prod_2026
162401,YPF.Nq.LACh-19(h),2026-08,YPF S.A.,LA AMARGA CHICA,VACA MUERTA,Extracción Efectiva,Petrolífero,Bombeo Mecánico,EXPLOTACION,4956.0,,,581.44,108.62,211.25,30.58,prod_2026
162402,YPF.Nq.LACh-20(h),2026-08,YPF S.A.,LA AMARGA CHICA,VACA MUERTA,Extracción Efectiva,Petrolífero,Bombeo Mecánico,EXPLOTACION,4903.0,,,391.17,87.72,1848.63,30.58,prod_2026
162403,YPF.Nq.LACh-408(h),2026-08,YPF S.A.,LA AMARGA CHICA,VACA MUERTA,Extracción Efectiva,Petrolífero,Bombeo Mecánico,EXPLOTACION,5341.0,,,926.64,57.99,467.02,31.0,prod_2026
162404,YPF.Nq.LACh-409(h),2026-08,YPF S.A.,LA AMARGA CHICA,VACA MUERTA,Extracción Efectiva,Petrolífero,Bombeo Mecánico,EXPLOTACION,5382.0,,,815.36,37.07,83.77,30.38,prod_2026
162405,YPF.Nq.LACh-410(h),2026-08,YPF S.A.,LA AMARGA CHICA,VACA MUERTA,Extracción Efectiva,Petrolífero,Bombeo Mecánico,EXPLOTACION,5401.0,,,479.58,35.11,39.05,30.98,prod_2026
162406,YPF.Nq.LACh-411(h),2026-08,YPF S.A.,LA AMARGA CHICA,VACA MUERTA,Extracción Efectiva,Petrolífero,Bombeo Mecánico,EXPLOTACION,5492.0,,,329.1,23.45,92.89,27.63,prod_2026
162407,YPF.Nq.RDMN-16(h),2026-08,YPF S.A.,RINCON DEL MANGRULLO,VACA MUERTA,Extracción Efectiva,Gasífero,Surgencia Natural,EXPLOTACION,0.0,,,0.9,1140.66,124.9,21.42,prod_2026
162408,YPF.Nq.RDMN-17(h),2026-08,YPF S.A.,RINCON DEL MANGRULLO,VACA MUERTA,Parado Transitoriamente,Gasífero,Surgencia Natural,EXPLOTACION,5655.0,,,0.0,0.0,0.0,0.0,prod_2026
162409,YPF.Nq.RDMN-18(h),2026-08,YPF S.A.,RINCON DEL MANGRULLO,VACA MUERTA,Extracción Efectiva,Gasífero,Surgencia Natural,EXPLOTACION,5688.0,,,0.86,1221.55,184.06,21.71,prod_2026
162430,PAE.Nq.ECh-107(h),2026-08,PAN AMERICAN ENERGY SL,LINDERO ATRAVESADO OCCIDENTAL,VACA MUERTA,Extracción Efectiva,Petrolífero,Gas Lift,EXPLOTACION,0.0,,,551.4264,57.1689,13.94485,30.76389,prod_2026
162431,PAE.Nq.ECh-109(h),2026-08,PAN AMERICAN ENERGY SL,LINDERO ATRAVESADO OCCIDENTAL,VACA MUERTA,Extracción Efectiva,Petrolífero,Gas Lift,EXPLOTACION,0.0,,,456.1701,53.80548,3.821279,29.18125,prod_2026
162439,PLU.Nq.LCa-3158(h),2026-08,PLUSPETROL S.A.,LA CALERA,VACA MUERTA,Extracción Efectiva,Gasífero,Surgencia Natural,EXPLOTACION,5531.0,,,2.055,26.882,1.907,0.333333,prod_2026
162440,PLU.Nq.LCa-3159(h),2026-08,PLUSPETROL S.A.,LA CALERA,VACA MUERTA,Extracción Efectiva,Gasífero,Surgencia Natural,EXPLOTACION,5509.0,,,30.436,442.738,14.471,7.541667,prod_2026
162441,PLU.Nq.LCa-3160(h),2026-08,PLUSPETROL S.A.,LA CALERA,VACA MUERTA,Extracción Efectiva,Gasífero,Surgencia Natural,EXPLOTACION,5588.0,,,133.143,2670.292,181.256,22.42708,prod_2026
162450,PBE.Nq.SCh.x-1004(h),2026-08,PAMPA ENERGIA S.A.,SIERRA CHATA,VACA MUERTA,Extracción Efectiva,Gasífero,Surgencia Natural,EXPLORACION,5632.0,,,0.0,3272.408,32.61297,30.63125,prod_2026
162480,YPF.Nq.LCav-64(h),2026-08,YPF S.A.,BANDURRIA SUR,VACA MUERTA,Extracción Efectiva,Petrolífero,Bombeo Mecánico,EXPLOTACION,5725.0,,,808.62,101.97,24.49,28.94,prod_2026
162481,YPF.Nq.LCav-65(h),2026-08,YPF S.A.,BANDURRIA SUR,VACA MUERTA,Extracción Efectiva,Petrolífero,Bombeo Mecánico,EXPLOTACION,5639.0,,,904.96,111.24,49.85,30.88,prod_2026
162482,YPF.Nq.LCav-66(h),2026-08,YPF S.A.,BANDURRIA SUR,VACA MUERTA,Extracción Efectiva,Petrolífero,Bombeo Mecánico,EXPLOTACION,5418.0,,,522.18,46.65,19.13,28.62,prod_2026
162483,YPF.Nq.LCav-67(h),2026-08,YPF S.A.,BANDURRIA SUR,VACA MUERTA,Extracción Efectiva,Petrolífero,Bombeo Mecánico,EXPLOTACION,5736.0,,,250.09,33.83,12.73,30.44,prod_2026
162484,YPF.Nq.LCav-94(h),2026-08,YPF S.A.,BANDURRIA SUR,VACA MUERTA,Extracción Efectiva,Petrolífero,Bombeo Mecánico,EXPLOTACION,6296.0,,,524.97,81.38,16.43,30.1,prod_2026
162485,YPF.Nq.LCav-95(h),2026-08,YPF S.A.,BANDURRIA SUR,VACA MUERTA,Extracción Efectiva,Petrolífero,Surgencia Natural,EXPLOTACION,5804.0,,,124.02,28.32,1414.56,24.77,prod_2026
162486,YPF.Nq.LCav-96(h),2026-08,YPF S.A.,BANDURRIA SUR,VACA MUERTA,Extracción Efectiva,Petrolífero,Surgencia Natural,EXPLOTACION,0.0,,,114.73,30.0,1382.48,23.25,prod_2026
162487,YPF.Nq.LCav-97(h),2026-08,YPF S.A.,BANDURRIA SUR,VACA MUERTA,Extracción Efectiva,Petrolífero,Surgencia Natural,EXPLOTACION,6315.0,,,258.31,56.22,48.58,7.63,prod_2026
162489,YPF.Nq.LRi-31(h),2026-08,YPF S.A.,LA RIBERA BLOQUE I,VACA MUERTA,Extracción Efectiva,Gasífero,Surgencia Natural,EXPLOTACION,5501.0,,,133.06,724.31,68.56,31.0,prod_2026
162490,YPF.Nq.LRi-32(h),2026-08,YPF S.A.,LA RIBERA BLOQUE I,VACA MUERTA,Extracción Efectiva,Gasífero,Surgencia Natural,EXPLOTACION,5519.0,,,194.29,1025.74,314.27,28.85,prod_2026
162491,YPF.Nq.LRi-35(h),2026-08,YPF S.A.,LA RIBERA BLOQUE I,VACA MUERTA,Extracción Efectiva,Gasífero,Surgencia Natural,EXPLOTACION,5565.0,,,160.75,972.0,149.08,28.85,prod_2026
162553,YPF.Nq.LACh-134(h),2026-08,YPF S.A.,LA AMARGA CHICA,VACA MUERTA,Extracción Efectiva,Petrolífero,Bombeo Mecánico,EXPLOTACION,6026.0,,,46.29,7.73,4.5,2.63,prod_2026
162554,YPF.Nq.LACh-135(h),2026-08,YPF S.A.,LA AMARGA CHICA,VACA MUERTA,Extracción Efectiva,Petrolífero,Surgencia Natural,EXPLOTACION,6108.0,,,250.88,37.34,125.11,9.48,prod_2026
162555,YPF.Nq.LACh-136(h),2026-08,YPF S.A.,LA AMARGA CHICA,VACA MUERTA,Extracción Efectiva,Petrolífero,Surgencia Natural,EXPLOTACION,4830.0,,,217.09,40.13,384.81,20.08,prod_2026
162556,YPF.Nq.LACh-137(h),2026-08,YPF S.A.,LA AMARGA CHICA,VACA MUERTA,Extracción Efectiva,Petrolífero,Surgencia Natural,EXPLOTACION,4655.0,,,76.86,10.61,327.93,15.65,prod_2026
162557,YPF.Nq.LACh-157(h),2026-08,YPF S.A.,LA AMARGA CHICA,VACA MUERTA,Extracción Efectiva,Petrolífero,Bombeo Mecánico,EXPLOTACION,5334.0,,,217.7,24.86,55.75,15.0,prod_2026
162558,YPF.Nq.LACh-158(h),2026-08,YPF S.A.,LA AMARGA CHICA,VACA MUERTA,Extracción Efectiva,Petrolífero,Bombeo Mecánico,EXPLOTACION,5430.0,,,14.21,2.06,511.1,30.52,prod_2026
162559,YPF.Nq.LACh-159(h),2026-08,YPF S.A.,LA AMARGA CHICA,VACA MUERTA,Extracción Efectiva,Petrolífero,Surgencia Natural,EXPLOTACION,5539.0,,,1232.4,96.16,89.86,27.63,prod_2026
162560,YPF.Nq.LACh-160(h),2026-08,YPF S.A.,LA AMARGA CHICA,VACA MUERTA,Extracción Efectiva,Petrolífero,Bombeo Mecánico,EXPLOTACION,5094.0,,,21.88,2.87,939.67,30.56,prod_2026
162561,YPF.Nq.LACh-161(h),2026-08,YPF S.A.,LA AMARGA CHICA,VACA MUERTA,Extracción Efectiva,Petrolífero,Bombeo Mecánico,EXPLOTACION,5212.0,,,584.3,93.98,64.16,30.42,prod_2026
162562,YPF.Nq.LLL-1452(h),2026-08,YPF S.A.,LOMA CAMPANA-LLL,VACA MUERTA,Parado Transitoriamente,Petrolífero,Surgencia Natural,EXPLOTACION,5433.0,,,0.0,0.0,0.0,0.0,prod_2026
162563,YPF.Nq.LLL-1453(h),2026-08,YPF S.A.,LOMA CAMPANA-LLL,VACA MUERTA,Parado Transitoriamente,Petrolífero,Bombeo Mecánico,EXPLOTACION,5638.0,,,0.0,0.0,0.0,0.0,prod_2026
162564,YPF.Nq.LLL-1454(h),2026-08,YPF S.A.,LOMA CAMPANA-LLL,VACA MUERTA,Extracción Efectiva,Petrolífero,Surgencia Natural,EXPLOTACION,5677.0,,,1442.82,415.34,876.0,31.0,prod_2026
162565,YPF.Nq.LLL-1455(h),2026-08,YPF S.A.,LOMA CAMPANA-LLL,VACA MUERTA,Extracción Efectiva,Petrolífero,Surgencia Natural,EXPLOTACION,5712.0,,,802.19,251.41,559.96,30.79,prod_2026
162566,YPF.Nq.LLL-1456(h),2026-08,YPF S.A.,LOMA CAMPANA-LLL,VACA MUERTA,Extracción Efectiva,Petrolífero,Bombeo Mecánico,EXPLOTACION,5655.0,,,348.21,65.73,392.67,23.38,prod_2026
162567,YPF.Nq.LLL-1457(h),2026-08,YPF S.A.,LOMA CAMPANA-LLL,VACA MUERTA,Parado Transitoriamente,Petrolífero,Bombeo Mecánico,EXPLOTACION,5650.0,,,0.0,0.0,0.0,0.0,prod_2026
162568,YPF.Nq.LLL-1590(h),2026-08,YPF S.A.,LOMA CAMPANA-LLL,VACA MUERTA,Extracción Efectiva,Petrolífero,Bombeo Mecánico,EXPLOTACION,0.0,,,1086.95,487.67,147.99,30.1,prod_2026
162569,YPF.Nq.LLL-1593(h),2026-08,YPF S.A.,LOMA CAMPANA-LLL,VACA MUERTA,Extracción Efectiva,Petrolífero,Bombeo Mecánico,EXPLOTACION,5456.0,,,470.12,119.55,36.61,30.37,prod_2026
162570,YPF.Nq.LLL-1594(h),2026-08,YPF S.A.,LOMA CAMPANA-LLL,VACA MUERTA,Extracción Efectiva,Petrolífero,Bombeo Mecánico,EXPLOTACION,5262.0,,,205.0,49.59,3.76,30.29,prod_2026
162571,YPF.Nq.RDMN-105(h),2026-08,YPF S.A.,RINCON DEL MANGRULLO,VACA MUERTA,Parado Transitoriamente,Gasífero,Surgencia Natural,EXPLOTACION,5637.0,,,0.0,0.0,0.0,0.0,prod_2026
162572,YPF.Nq.RDMN-106(h),2026-08,YPF S.A.,RINCON DEL MANGRULLO,VACA MUERTA,Extracción Efectiva,Gasífero,Surgencia Natural,EXPLOTACION,5703.0,,,0.0,9.5,0.3,0.08,prod_2026
162590,VIS.Nq.BPO-2351(h),2026-08,VISTA ENERGY ARGENTINA SAU,BAJADA DEL PALO OESTE,VACA MUERTA,Extracción Efectiva,Petrolífero,Gas Lift,EXPLOTACION,6470.0,,,977.483,131.504,362.852,30.729,prod_2026
162591,VIS.Nq.BPO-2352(h),2026-08,VISTA ENERGY ARGENTINA SAU,BAJADA DEL PALO OESTE,VACA MUERTA,Extracción Efectiva,Petrolífero,Gas Lift,EXPLOTACION,6420.0,,,583.962,32.868,228.222,30.703,prod_2026
162592,VIS.Nq.BPO-2353(h),2026-08,VISTA ENERGY ARGENTINA SAU,BAJADA DEL PALO OESTE,VACA MUERTA,Extracción Efectiva,Petrolífero,Gas Lift,EXPLOTACION,6445.0,,,1646.038,147.075,481.527,30.763,prod_2026
162593,VIS.Nq.BPO-2354(h),2026-08,VISTA ENERGY ARGENTINA SAU,BAJADA DEL PALO OESTE,VACA MUERTA,Extracción Efectiva,Petrolífero,Gas Lift,EXPLOTACION,6330.0,,,930.603,79.66,514.426,30.748,prod_2026
162594,TPT.Nq.FP-1316(h),2026-08,TECPETROL S.A.,FORTIN DE PIEDRA,VACA MUERTA,Parado Transitoriamente,Gasífero,Surgencia Natural,EXPLOTACION,5929.99,,,0.0,0.0,0.0,0.0,prod_2026
162595,TPT.Nq.FP-1121(h),2026-08,TECPETROL S.A.,FORTIN DE PIEDRA,VACA MUERTA,Parado Transitoriamente,Gasífero,Surgencia Natural,EXPLOTACION,5.67,,,180.181,1147.688,184.863,18.24028,prod_2026
162596,TPT.Nq.FP-1122(h),2026-08,TECPETROL S.A.,FORTIN DE PIEDRA,VACA MUERTA,Extracción Efectiva,Gasífero,Surgencia Natural,EXPLOTACION,5.659,,,240.5436,1526.408,269.9943,29.78333,prod_2026
162597,TPT.Nq.FP-1317(h),2026-08,TECPETROL S.A.,FORTIN DE PIEDRA,VACA MUERTA,Parado Transitoriamente,Gasífero,Surgencia Natural,EXPLOTACION,5739.99,,,31.94927,4476.644,216.5117,26.28264,prod_2026
162599,PAE.Nq.APO-107(h),2026-08,PAN AMERICAN ENERGY SL,AGUADA PICHANA OESTE,VACA MUERTA,Extracción Efectiva,Gasífero,Surgencia Natural,EXPLOTACION,0.0,,,0.0,1800.145,25.26414,29.40972,prod_2026
162600,PAE.Nq.APO-108(h),2026-08,PAN AMERICAN ENERGY SL,AGUADA PICHANA OESTE,VACA MUERTA,Extracción Efectiva,Gasífero,Surgencia Natural,EXPLOTACION,0.0,,,0.0,1129.031,444.0562,29.94444,prod_2026
162609,TAU.Nq.AP-1036(h),2026-08,TOTAL AUSTRAL S.A.,AGUADA PICHANA ESTE VACA MUERTA,VACA MUERTA,Extracción Efectiva,Gasífero,Surgencia Natural,EXPLOTACION,5642.0,,,0.0,3810.976,448.8939,30.91667,prod_2026
162610,TAU.Nq.AP-1038(h),2026-08,TOTAL AUSTRAL S.A.,AGUADA PICHANA ESTE VACA MUERTA,VACA MUERTA,Extracción Efectiva,Gasífero,Surgencia Natural,EXPLOTACION,5675.0,,,0.0,2748.85,344.7269,30.94097,prod_2026
162627,TPT.Nq.FP-1137(h),2026-08,TECPETROL S.A.,FORTIN DE PIEDRA,VACA MUERTA,Parado Transitoriamente,Gasífero,Surgencia Natural,EXPLOTACION,6.06,,,0.0,0.0,0.0,0.0,prod_2026
162628,TPT.Nq.FP-1136(h),2026-08,TECPETROL S.A.,FORTIN DE PIEDRA,VACA MUERTA,Extracción Efectiva,Gasífero,Surgencia Natural,EXPLOTACION,5.947,,,522.3806,2645.937,604.173,31.0,prod_2026
162636,YPF.Nq.LACh-166(h),2026-08,YPF S.A.,LA AMARGA CHICA,VACA MUERTA,Extracción Efectiva,Petrolífero,Bombeo Mecánico,EXPLOTACION,5520.0,,,48.73,4.43,7.07,4.54,prod_2026
162637,YPF.Nq.LACh-167(h),2026-08,YPF S.A.,LA AMARGA CHICA,VACA MUERTA,Extracción Efectiva,Petrolífero,Bombeo Mecánico,EXPLOTACION,5674.0,,,391.83,34.44,28.96,13.33,prod_2026
162638,YPF.Nq.LACh-168(h),2026-08,YPF S.A.,LA AMARGA CHICA,VACA MUERTA,Extracción Efectiva,Petrolífero,Bombeo Mecánico,EXPLOTACION,5704.0,,,44.8,3.42,1075.73,19.0,prod_2026
162639,YPF.Nq.LACh-169(h),2026-08,YPF S.A.,LA AMARGA CHICA,VACA MUERTA,Extracción Efectiva,Petrolífero,Bombeo Mecánico,EXPLOTACION,4204.0,,,28.34,1.84,5247.47,30.08,prod_2026
162640,YPF.Nq.LCav-37(h),2026-08,YPF S.A.,BANDURRIA SUR,VACA MUERTA,Extracción Efectiva,Petrolífero,Bombeo Mecánico,EXPLOTACION,5746.0,,,163.88,19.38,20.78,30.75,prod_2026
162641,YPF.Nq.LCav-38(h),2026-08,YPF S.A.,BANDURRIA SUR,VACA MUERTA,Extracción Efectiva,Petrolífero,Bombeo Mecánico,EXPLOTACION,5688.0,,,267.09,16.09,6.88,28.21,prod_2026
162642,YPF.Nq.LCav-39(h),2026-08,YPF S.A.,BANDURRIA SUR,VACA MUERTA,Extracción Efectiva,Petrolífero,Bombeo Mecánico,EXPLOTACION,5490.0,,,178.94,17.83,10.46,28.67,prod_2026
162643,YPF.Nq.LCav-40(h),2026-08,YPF S.A.,BANDURRIA SUR,VACA MUERTA,Extracción Efectiva,Petrolífero,Bombeo Mecánico,EXPLOTACION,5660.0,,,395.53,51.65,26.58,30.5,prod_2026
162644,YPF.Nq.LLL-1547(h),2026-08,YPF S.A.,LOMA CAMPANA-LLL,VACA MUERTA,Extracción Efectiva,Petrolífero,Bombeo Mecánico,EXPLOTACION,5455.0,,,165.99,35.79,6.74,30.47,prod_2026
162645,YPF.Nq.LLL-1548(h),2026-08,YPF S.A.,LOMA CAMPANA-LLL,VACA MUERTA,Extracción Efectiva,Petrolífero,Bombeo Mecánico,EXPLOTACION,5880.0,,,369.07,100.11,10.87,30.63,prod_2026
162646,YPF.Nq.LLL-1549(h),2026-08,YPF S.A.,LOMA CAMPANA-LLL,VACA MUERTA,Extracción Efectiva,Petrolífero,Bombeo Mecánico,EXPLOTACION,5361.0,,,426.55,184.85,41.54,30.63,prod_2026
162647,YPF.Nq.LLL-1550(h),2026-08,YPF S.A.,LOMA CAMPANA-LLL,VACA MUERTA,Extracción Efectiva,Petrolífero,Bombeo Mecánico,EXPLOTACION,5828.0,,,613.88,221.41,19.38,30.63,prod_2026
162648,YPF.Nq.LLL-1551(h),2026-08,YPF S.A.,LOMA CAMPANA-LLL,VACA MUERTA,Extracción Efectiva,Petrolífero,Bombeo Mecánico,EXPLOTACION,5382.0,,,341.7,92.27,22.69,30.02,prod_2026
162649,YPF.Nq.LLL-1591(h),2026-08,YPF S.A.,LOMA CAMPANA-LLL,VACA MUERTA,Extracción Efectiva,Petrolífero,Bombeo Mecánico,EXPLOTACION,5652.0,,,76.28,72.74,5.46,30.5,prod_2026
162650,YPF.Nq.LLL-1592(h),2026-08,YPF S.A.,LOMA CAMPANA-LLL,VACA MUERTA,Extracción Efectiva,Petrolífero,Bombeo Mecánico,EXPLOTACION,5660.0,,,200.23,48.89,34.79,30.5,prod_2026
162651,YPF.Nq.RDMN-224(h),2026-08,YPF S.A.,RINCON DEL MANGRULLO,VACA MUERTA,Extracción Efectiva,Gasífero,Surgencia Natural,EXPLOTACION,5953.0,,,0.42,1195.07,57.88,18.25,prod_2026
162652,YPF.Nq.RDMN-226(h),2026-08,YPF S.A.,RINCON DEL MANGRULLO,VACA MUERTA,Extracción Efectiva,Gasífero,Surgencia Natural,EXPLOTACION,5796.0,,,0.4,1549.62,53.42,19.58,prod_2026
162653,YPF.Nq.RDMN-229(h),2026-08,YPF S.A.,RINCON DEL MANGRULLO,VACA MUERTA,Extracción Efectiva,Gasífero,Surgencia Natural,EXPLOTACION,5777.0,,,0.64,1373.77,47.49,11.88,prod_2026
162675,TPT.Nq.FP-1313(h),2026-08,TECPETROL S.A.,FORTIN DE PIEDRA,VACA MUERTA,Abandonado,Otro tipo,Sin Sistema de Extracción,EXPLOTACION,4386.0,,,0.0,0.0,0.0,0.0,prod_2026
162679,SHE.Nq.CdL-36(h),2026-08,SHELL ARGENTINA S.A.,CRUZ DE LORENA,VACA MUERTA,Extracción Efectiva,Petrolífero,Bombeo Mecánico,EXPLOTACION,6742.0,,,916.94,62.64,44.71,30.6,prod_2026
162680,SHE.Nq.CdL-37(h),2026-08,SHELL ARGENTINA S.A.,CRUZ DE LORENA,VACA MUERTA,Extracción Efectiva,Petrolífero,Bombeo Mecánico,EXPLOTACION,6574.0,,,763.1,28.23,29.31,30.79,prod_2026
162681,SHE.Nq.CdL-38(h),2026-08,SHELL ARGENTINA S.A.,CRUZ DE LORENA,VACA MUERTA,Extracción Efectiva,Petrolífero,Bombeo Mecánico,EXPLOTACION,6582.0,,,803.9,48.29,38.79,28.38,prod_2026
162682,SHE.Nq.CdL-39(h),2026-08,SHELL ARGENTINA S.A.,CRUZ DE LORENA,VACA MUERTA,Extracción Efectiva,Petrolífero,Bombeo Mecánico,EXPLOTACION,6545.0,,,793.39,53.56,52.98,30.85,prod_2026
162690,SHE.Nq.BAñ-1011(h),2026-08,SHELL ARGENTINA S.A.,BAJADA DE AÑELO,VACA MUERTA,Extracción Efectiva,Gasífero,Surgencia Natural,EXPLOTACION,5572.0,,,1662.48,2787.47,1250.09,30.9,prod_2026
162691,SHE.Nq.BAñ-1012(h),2026-08,SHELL ARGENTINA S.A.,BAJADA DE AÑELO,VACA MUERTA,Extracción Efectiva,Gasífero,Surgencia Natural,EXPLOTACION,5580.0,,,453.66,690.43,424.88,30.35,prod_2026
162692,SHE.Nq.BAñ-1013(h),2026-08,SHELL ARGENTINA S.A.,BAJADA DE AÑELO,VACA MUERTA,Extracción Efectiva,Gasífero,Surgencia Natural,EXPLOTACION,5691.0,,,1201.74,2226.75,1024.96,31.0,prod_2026
162693,SHE.Nq.BAñ-1014(h),2026-08,SHELL ARGENTINA S.A.,BAJADA DE AÑELO,VACA MUERTA,Extracción Efectiva,Gasífero,Surgencia Natural,EXPLOTACION,5615.0,,,879.6,1344.23,601.2,30.92,prod_2026
162694,SHE.Nq.BAñ-1015(h),2026-08,SHELL ARGENTINA S.A.,BAJADA DE AÑELO,VACA MUERTA,Extracción Efectiva,Gasífero,Surgencia Natural,EXPLOTACION,5615.0,,,1216.97,2084.86,786.04,31.0,prod_2026
162705,YPF.Nq.AdlA-1040(h),2026-08,YPF S.A.,AGUADA DE LA ARENA,VACA MUERTA,Extracción Efectiva,Gasífero,Surgencia Natural,EXPLOTACION,5425.0,,,0.0,1158.15,51.67,23.76,prod_2026
162706,YPF.Nq.AdlA-1041(h),2026-08,YPF S.A.,AGUADA DE LA ARENA,VACA MUERTA,Extracción Efectiva,Gasífero,Surgencia Natural,EXPLOTACION,5509.0,,,0.0,8266.63,3224.03,31.0,prod_2026
162707,YPF.Nq.AdlA-1042(h),2026-08,YPF S.A.,AGUADA DE LA ARENA,VACA MUERTA,Extracción Efectiva,Gasífero,Surgencia Natural,EXPLOTACION,5365.0,,,0.0,3616.68,277.56,25.63,prod_2026
162708,YPF.Nq.AdlA-1043(h),2026-08,YPF S.A.,AGUADA DE LA ARENA,VACA MUERTA,Extracción Efectiva,Gasífero,Surgencia Natural,EXPLOTACION,5421.0,,,0.0,4576.32,466.09,23.81,prod_2026
162711,YPF.Nq.LACh-178(h),2026-08,YPF S.A.,LA AMARGA CHICA,VACA MUERTA,Extracción Efectiva,Petrolífero,Bombeo Mecánico,EXPLOTACION,0.0,,,1217.43,92.43,189.79,29.92,prod_2026
162712,YPF.Nq.LACh-179(h),2026-08,YPF S.A.,LA AMARGA CHICA,VACA MUERTA,Extracción Efectiva,Petrolífero,Surgencia Natural,EXPLOTACION,0.0,,,1424.54,106.8,333.96,31.0,prod_2026
162713,YPF.Nq.LACh-180(h),2026-08,YPF S.A.,LA AMARGA CHICA,VACA MUERTA,Extracción Efectiva,Petrolífero,Bombeo Mecánico,EXPLOTACION,5920.0,,,647.72,45.35,59.7,29.48,prod_2026
162714,YPF.Nq.LACh-181(h),2026-08,YPF S.A.,LA AMARGA CHICA,VACA MUERTA,Extracción Efectiva,Petrolífero,Surgencia Natural,EXPLOTACION,5905.0,,,768.88,58.14,27.22,23.96,prod_2026
162722,PAE.Nq.CASE-508(h),2026-08,PAN AMERICAN ENERGY SL,COIRON AMARGO SUR ESTE,VACA MUERTA,Extracción Efectiva,Petrolífero,Bombeo Mecánico,EXPLOTACION,0.0,,,266.3687,19.47357,1.723676,27.99444,prod_2026
162723,PAE.Nq.ECh-111(h),2026-08,PAN AMERICAN ENERGY SL,LINDERO ATRAVESADO OCCIDENTAL,VACA MUERTA,Extracción Efectiva,Petrolífero,Gas Lift,EXPLOTACION,0.0,,,361.3772,47.54191,3.096575,26.35417,prod_2026
162725,PAE.Nq.CASE-510(h),2026-08,PAN AMERICAN ENERGY SL,COIRON AMARGO SUR ESTE,VACA MUERTA,Extracción Efectiva,Petrolífero,Bombeo Mecánico,EXPLOTACION,0.0,,,516.691,14.4012,1448.519,30.89167,prod_2026
162727,PAE.Nq.CASE-506(h),2026-08,PAN AMERICAN ENERGY SL,COIRON AMARGO SUR ESTE,VACA MUERTA,Extracción Efectiva,Petrolífero,Bombeo Mecánico,EXPLOTACION,0.0,,,14.65047,45.73727,1973.289,30.1,prod_2026
162730,PAE.Nq.ECh-113(h),2026-08,PAN AMERICAN ENERGY SL,LINDERO ATRAVESADO OCCIDENTAL,VACA MUERTA,Extracción Efectiva,Petrolífero,Gas Lift,EXPLOTACION,0.0,,,578.9116,43.53386,28.24776,30.75,prod_2026
162735,TPT.Nq.PPar.x-2(h),2026-08,TECPETROL S.A.,PUESTO PARADA,VACA MUERTA,Extracción Efectiva,Petrolífero,Bombeo Mecánico,EXPLORACION,3826.99,,,481.358,42.7067,20.81257,31.0,prod_2026
162742,VIS.Nq.BPO-2441(h),2026-08,VISTA ENERGY ARGENTINA SAU,BAJADA DEL PALO OESTE,VACA MUERTA,Extracción Efectiva,Petrolífero,Gas Lift,EXPLOTACION,6333.0,,,945.568,309.066,583.769,31.0,prod_2026
162743,VIS.Nq.BPO-2442(h),2026-08,VISTA ENERGY ARGENTINA SAU,BAJADA DEL PALO OESTE,VACA MUERTA,Extracción Efectiva,Petrolífero,Gas Lift,EXPLOTACION,6103.0,,,219.366,41.985,1000.361,30.658,prod_2026
162744,VIS.Nq.BPO-2443(h),2026-08,VISTA ENERGY ARGENTINA SAU,BAJADA DEL PALO OESTE,VACA MUERTA,Extracción Efectiva,Petrolífero,Gas Lift,EXPLOTACION,6035.0,,,507.706,119.179,2982.847,30.976,prod_2026
162745,VIS.Nq.BPO-2444(h),2026-08,VISTA ENERGY ARGENTINA SAU,BAJADA DEL PALO OESTE,VACA MUERTA,Extracción Efectiva,Petrolífero,Gas Lift,EXPLOTACION,5862.0,,,1077.502,130.719,2649.292,30.236,prod_2026
162748,SHE.Nq.CdL-40(h),2026-08,SHELL ARGENTINA S.A.,CRUZ DE LORENA,VACA MUERTA,Extracción Efectiva,Petrolífero,Bombeo Mecánico,EXPLOTACION,6524.0,,,1106.1,40.28,39.48,30.85,prod_2026
162749,SHE.Nq.CdL-41(h),2026-08,SHELL ARGENTINA S.A.,CRUZ DE LORENA,VACA MUERTA,Extracción Efectiva,Petrolífero,Bombeo Mecánico,EXPLOTACION,6081.0,,,501.11,27.6,26.86,21.06,prod_2026
162750,SHE.Nq.CdL-42(h),2026-08,SHELL ARGENTINA S.A.,CRUZ DE LORENA,VACA MUERTA,Extracción Efectiva,Petrolífero,Bombeo Mecánico,EXPLOTACION,5794.0,,,901.75,28.65,59.54,31.0,prod_2026
162774,YPF.Nq.BdT.c-10,2026-08,YPF S.A.,BAJO DEL TORO,VACA MUERTA,En Estudio,Otro tipo,Sin Sistema de Extracción,SERVICIO,1403.0,,,0.0,0.0,0.0,0.0,prod_2026
162775,YPF.Nq.BdT.s-9,2026-08,YPF S.A.,BAJO DEL TORO,VACA MUERTA,En Inyección Efectiva,Sumidero,Sin Sistema de Extracción,SERVICIO,2230.0,,,0.0,0.0,0.0,0.0,prod_2026
162777,YPF.Nq.EOr-113(h),2026-08,YPF S.A.,EL OREJANO,VACA MUERTA,En Reserva de Gas,Gasífero,Surgencia Natural,EXPLOTACION,5236.0,,,0.0,0.0,0.0,0.0,prod_2026
162778,YPF.Nq.EOr-114(h),2026-08,YPF S.A.,EL OREJANO,VACA MUERTA,Parado Transitoriamente,Gasífero,Surgencia Natural,EXPLOTACION,5292.0,,,0.0,0.0,0.0,0.0,prod_2026
162779,YPF.Nq.EOr-115(h),2026-08,YPF S.A.,EL OREJANO,VACA MUERTA,En Reserva de Gas,Gasífero,Surgencia Natural,EXPLOTACION,5171.0,,,0.0,0.0,0.0,0.0,prod_2026
162780,YPF.Nq.EOr-116(h),2026-08,YPF S.A.,EL OREJANO,VACA MUERTA,Parado Transitoriamente,Gasífero,Surgencia Natural,EXPLOTACION,5045.0,,,0.0,0.0,0.0,0.0,prod_2026
162781,YPF.Nq.EOr-117(h),2026-08,YPF S.A.,EL OREJANO,VACA MUERTA,Parado Transitoriamente,Gasífero,Surgencia Natural,EXPLOTACION,5030.0,,,0.0,0.0,0.0,0.0,prod_2026
162782,YPF.Nq.EOr-118(h),2026-08,YPF S.A.,EL OREJANO,VACA MUERTA,Parado Transitoriamente,Gasífero,Surgencia Natural,EXPLOTACION,4914.0,,,0.0,0.0,0.0,0.0,prod_2026
162783,YPF.Nq.EOr-76(h),2026-08,YPF S.A.,EL OREJANO,VACA MUERTA,En Estudio,Otro tipo,Sin Sistema de Extracción,EXPLOTACION,301.0,,,0.0,0.0,0.0,0.0,prod_2026
162784,YPF.Nq.EOr.c-302,2026-08,YPF S.A.,EL OREJANO,VACA MUERTA,En Estudio,Otro tipo,Electrosumergible,SERVICIO,860.0,,,0.0,0.0,0.0,0.0,prod_2026
162785,YPF.Nq.EOr.c-304,2026-08,YPF S.A.,EL OREJANO,VACA MUERTA,En Estudio,Otro tipo,Sin Sistema de Extracción,SERVICIO,852.0,,,0.0,0.0,0.0,0.0,prod_2026
162786,YPF.Nq.EOr.s-305,2026-08,YPF S.A.,EL OREJANO,VACA MUERTA,En Estudio,Otro tipo,Sin Sistema de Extracción,SERVICIO,1252.0,,,0.0,0.0,0.0,0.0,prod_2026
162787,YPF.Nq.LACh-369(h),2026-08,YPF S.A.,LA AMARGA CHICA,VACA MUERTA,En Estudio,Otro tipo,Bombeo Mecánico,EXPLOTACION,5535.0,,,0.0,0.0,0.0,0.0,prod_2026
162788,YPF.Nq.LACh-370(h),2026-08,YPF S.A.,LA AMARGA CHICA,VACA MUERTA,Parado Transitoriamente,Petrolífero,Bombeo Mecánico,EXPLOTACION,5550.0,,,0.0,0.0,0.0,0.0,prod_2026
162789,YPF.Nq.LACh-371(h),2026-08,YPF S.A.,LA AMARGA CHICA,VACA MUERTA,Extracción Efectiva,Petrolífero,Bombeo Mecánico,EXPLOTACION,5441.0,,,610.92,105.62,1472.3,31.0,prod_2026
162790,YPF.Nq.LACh-372(h),2026-08,YPF S.A.,LA AMARGA CHICA,VACA MUERTA,Extracción Efectiva,Petrolífero,Bombeo Mecánico,EXPLOTACION,0.0,,,343.56,85.65,135.31,30.77,prod_2026
162791,YPF.Nq.LLL-1309(h),2026-08,YPF S.A.,LOMA CAMPANA-LLL,VACA MUERTA,Extracción Efectiva,Petrolífero,Bombeo Mecánico,EXPLOTACION,5080.0,,,395.68,127.66,29.38,30.92,prod_2026
162792,YPF.Nq.LLL-1310(h),2026-08,YPF S.A.,LOMA CAMPANA-LLL,VACA MUERTA,Extracción Efectiva,Petrolífero,Bombeo Mecánico,EXPLOTACION,6150.0,,,487.91,114.33,67.97,27.91,prod_2026
162793,YPF.Nq.LLL-1311(h),2026-08,YPF S.A.,LOMA CAMPANA-LLL,VACA MUERTA,Extracción Efectiva,Petrolífero,Bombeo Mecánico,EXPLOTACION,5082.0,,,134.95,35.16,10.67,5.5,prod_2026
162794,YPF.Nq.LLL-1312(h),2026-08,YPF S.A.,LOMA CAMPANA-LLL,VACA MUERTA,Extracción Efectiva,Petrolífero,Bombeo Mecánico,EXPLOTACION,4924.0,,,137.99,33.91,11.59,10.44,prod_2026
162795,YPF.Nq.LLL-1313(h),2026-08,YPF S.A.,LOMA CAMPANA-LLL,VACA MUERTA,Extracción Efectiva,Petrolífero,Bombeo Mecánico,EXPLOTACION,6134.0,,,408.59,157.18,0.0,29.75,prod_2026
162796,YPF.Nq.LLL-1314(h),2026-08,YPF S.A.,LOMA CAMPANA-LLL,VACA MUERTA,Extracción Efectiva,Petrolífero,Bombeo Mecánico,EXPLOTACION,6142.0,,,305.08,103.92,13.29,30.5,prod_2026
162797,YPF.Nq.RDMN-51(h),2026-08,YPF S.A.,RINCON DEL MANGRULLO,VACA MUERTA,Parado Transitoriamente,Gasífero,Surgencia Natural,EXPLOTACION,6138.0,,,0.0,0.0,0.0,0.0,prod_2026
162798,YPF.Nq.RDMN-55(h),2026-08,YPF S.A.,RINCON DEL MANGRULLO,VACA MUERTA,Parado Transitoriamente,Gasífero,Surgencia Natural,EXPLOTACION,6261.0,,,0.0,0.0,0.0,0.0,prod_2026
162799,YPF.Nq.RDMN-56(h),2026-08,YPF S.A.,RINCON DEL MANGRULLO,VACA MUERTA,Parado Transitoriamente,Gasífero,Surgencia Natural,EXPLOTACION,6040.0,,,0.0,0.0,0.0,0.0,prod_2026
162809,SHE.Nq.CdL-43(h),2026-08,SHELL ARGENTINA S.A.,CRUZ DE LORENA,VACA MUERTA,Extracción Efectiva,Petrolífero,Bombeo Mecánico,EXPLOTACION,6547.0,,,900.83,36.14,103.91,30.65,prod_2026
162810,SHE.Nq.CdL-44(h),2026-08,SHELL ARGENTINA S.A.,CRUZ DE LORENA,VACA MUERTA,Extracción Efectiva,Petrolífero,Bombeo Mecánico,EXPLOTACION,6103.0,,,859.82,56.68,104.36,30.79,prod_2026
162811,SHE.Nq.CdL-45(h),2026-08,SHELL ARGENTINA S.A.,CRUZ DE LORENA,VACA MUERTA,Extracción Efectiva,Petrolífero,Bombeo Mecánico,EXPLOTACION,5844.0,,,1167.34,72.82,122.53,30.83,prod_2026
162812,PAE.Nq.ECh-134(h),2026-08,PAN AMERICAN ENERGY SL,LINDERO ATRAVESADO OCCIDENTAL,VACA MUERTA,Extracción Efectiva,Petrolífero,Bombeo Mecánico,EXPLOTACION,0.0,,,553.3908,34.91425,3.331868,30.97917,prod_2026
162815,PAE.Nq.ECh-132(h),2026-08,PAN AMERICAN ENERGY SL,LINDERO ATRAVESADO OCCIDENTAL,VACA MUERTA,Extracción Efectiva,Petrolífero,Bombeo Mecánico,EXPLOTACION,0.0,,,658.8801,58.45633,0.827173,31.0,prod_2026
162817,PAE.Nq.ACas-105(h),2026-08,PAN AMERICAN ENERGY SL,AGUADA DE CASTRO,VACA MUERTA,Extracción Efectiva,Gasífero,Surgencia Natural,EXPLOTACION,0.0,,,0.0,602.6778,0.0,27.98333,prod_2026
162822,PAE.Nq.ECh-130(h),2026-08,PAN AMERICAN ENERGY SL,LINDERO ATRAVESADO OCCIDENTAL,VACA MUERTA,Parado Transitoriamente,Petrolífero,Bombeo Mecánico,EXPLOTACION,0.0,,,763.0524,58.09706,1.474513,30.92014,prod_2026
162823,PAE.Nq.ECh-138(h),2026-08,PAN AMERICAN ENERGY SL,LINDERO ATRAVESADO OCCIDENTAL,VACA MUERTA,Extracción Efectiva,Petrolífero,Bombeo Mecánico,EXPLOTACION,0.0,,,682.1307,48.71676,7.797233,30.90278,prod_2026
162824,PAE.Nq.ACas-106(h),2026-08,PAN AMERICAN ENERGY SL,AGUADA DE CASTRO,VACA MUERTA,Extracción Efectiva,Gasífero,Surgencia Natural,EXPLOTACION,0.0,,,0.0,1684.649,0.0,30.23333,prod_2026
162826,PAE.Nq.ACas-104(h),2026-08,PAN AMERICAN ENERGY SL,AGUADA DE CASTRO,VACA MUERTA,Extracción Efectiva,Gasífero,Surgencia Natural,EXPLOTACION,0.0,,,0.0,1504.167,0.0,30.09097,prod_2026
162835,TAU.Nq.AP-1028(h),2026-08,TOTAL AUSTRAL S.A.,AGUADA PICHANA ESTE VACA MUERTA,VACA MUERTA,Extracción Efectiva,Gasífero,Surgencia Natural,EXPLOTACION,5964.0,,,0.0,5518.924,385.8871,30.8125,prod_2026
162836,TAU.Nq.AP-1030(h),2026-08,TOTAL AUSTRAL S.A.,AGUADA PICHANA ESTE VACA MUERTA,VACA MUERTA,Extracción Efectiva,Gasífero,Surgencia Natural,EXPLOTACION,5883.0,,,0.0,5121.335,1423.4,30.80556,prod_2026
162843,SHE.Nq.CASO-12(h),2026-08,SHELL ARGENTINA S.A.,COIRON AMARGO SUR OESTE,VACA MUERTA,Extracción Efectiva,Petrolífero,Bombeo Mecánico,EXPLOTACION,6526.0,,,1066.69,96.92,183.27,28.81,prod_2026
162844,SHE.Nq.CASO-13(h),2026-08,SHELL ARGENTINA S.A.,COIRON AMARGO SUR OESTE,VACA MUERTA,Extracción Efectiva,Petrolífero,Bombeo Mecánico,EXPLOTACION,6446.0,,,963.78,87.66,160.75,31.0,prod_2026
162845,SHE.Nq.CASO-14(h),2026-08,SHELL ARGENTINA S.A.,COIRON AMARGO SUR OESTE,VACA MUERTA,Extracción Efectiva,Petrolífero,Bombeo Mecánico,EXPLOTACION,6467.0,,,1020.55,87.41,180.58,30.9,prod_2026
162846,SHE.Nq.CASO-15(h),2026-08,SHELL ARGENTINA S.A.,COIRON AMARGO SUR OESTE,VACA MUERTA,Extracción Efectiva,Petrolífero,Bombeo Mecánico,EXPLOTACION,6494.0,,,828.85,72.45,147.7,28.33,prod_2026
162877,YPF.Nq.AdCh-1001(h),2026-08,YPF S.A.,LOMA COLORADA,VACA MUERTA,Extracción Efectiva,Petrolífero,Surgencia Natural,EXPLOTACION,5527.0,,,891.63,49.6,373.12,31.0,prod_2026
162878,YPF.Nq.AdCh-1002(h),2026-08,YPF S.A.,LOMA COLORADA,VACA MUERTA,Extracción Efectiva,Petrolífero,Surgencia Natural,EXPLOTACION,5449.0,,,1029.85,57.28,110.2,30.29,prod_2026
162879,YPF.Nq.LCav-49(h),2026-08,YPF S.A.,BANDURRIA SUR,VACA MUERTA,Extracción Efectiva,Petrolífero,Bombeo Mecánico,EXPLOTACION,0.0,,,843.9,104.35,16.7,30.44,prod_2026
162880,YPF.Nq.LCav-50(h),2026-08,YPF S.A.,BANDURRIA SUR,VACA MUERTA,Extracción Efectiva,Petrolífero,Bombeo Mecánico,EXPLOTACION,5931.0,,,837.25,91.38,77.65,30.5,prod_2026
162881,YPF.Nq.LCav-51(h),2026-08,YPF S.A.,BANDURRIA SUR,VACA MUERTA,Extracción Efectiva,Petrolífero,Bombeo Mecánico,EXPLOTACION,5846.0,,,920.1,387.55,1.22,30.88,prod_2026
162882,YPF.Nq.LCav-52(h),2026-08,YPF S.A.,BANDURRIA SUR,VACA MUERTA,Extracción Efectiva,Petrolífero,Bombeo Mecánico,EXPLOTACION,5584.0,,,819.92,89.85,76.95,28.77,prod_2026
162883,YPF.Nq.LCav-79(h),2026-08,YPF S.A.,BANDURRIA SUR,VACA MUERTA,Extracción Efectiva,Petrolífero,Bombeo Mecánico,EXPLOTACION,5763.0,,,318.44,60.73,211.23,30.6,prod_2026
162884,YPF.Nq.LCav-80(h),2026-08,YPF S.A.,BANDURRIA SUR,VACA MUERTA,Extracción Efectiva,Petrolífero,Bombeo Mecánico,EXPLOTACION,5484.0,,,329.41,49.25,44.4,28.56,prod_2026
162885,YPF.Nq.LCav-82(h),2026-08,YPF S.A.,BANDURRIA SUR,VACA MUERTA,Extracción Efectiva,Petrolífero,Bombeo Mecánico,EXPLOTACION,5837.0,,,778.83,127.96,99.89,30.77,prod_2026
162886,YPF.Nq.LCav-83(h),2026-08,YPF S.A.,BANDURRIA SUR,VACA MUERTA,Extracción Efectiva,Petrolífero,Surgencia Natural,EXPLOTACION,5756.0,,,1434.09,251.86,672.44,30.33,prod_2026
162887,YPF.Nq.LCav-84(h),2026-08,YPF S.A.,BANDURRIA SUR,VACA MUERTA,Extracción Efectiva,Petrolífero,Bombeo Mecánico,EXPLOTACION,5838.0,,,898.73,120.17,89.3,29.99,prod_2026
162888,YPF.Nq.LCav-85(h),2026-08,YPF S.A.,BANDURRIA SUR,VACA MUERTA,Extracción Efectiva,Petrolífero,Surgencia Natural,EXPLOTACION,5830.0,,,1655.79,233.44,387.26,30.77,prod_2026
162889,YPF.Nq.LLL-1464(h),2026-08,YPF S.A.,LOMA CAMPANA-LLL,VACA MUERTA,Extracción Efectiva,Petrolífero,Bombeo Mecánico,EXPLOTACION,0.0,,,686.19,28.01,7.93,30.58,prod_2026
162890,YPF.Nq.LLL-1465(h),2026-08,YPF S.A.,LOMA CAMPANA-LLL,VACA MUERTA,Extracción Efectiva,Petrolífero,Bombeo Mecánico,EXPLOTACION,6820.0,,,14.15,2.48,18.38,0.85,prod_2026
162891,YPF.Nq.LLL-1487(h),2026-08,YPF S.A.,LOMA CAMPANA-LLL,VACA MUERTA,Extracción Efectiva,Petrolífero,Bombeo Mecánico,EXPLOTACION,5742.0,,,406.95,61.41,33.99,30.75,prod_2026
162894,YPF.Nq.SOil-365(h),2026-08,YPF S.A.,LOMA CAMPANA,VACA MUERTA,Extracción Efectiva,Petrolífero,Bombeo Mecánico,EXPLOTACION,5173.0,,,200.7,27.1,0.0,30.27,prod_2026
162895,YPF.Nq.SOil-368(h),2026-08,YPF S.A.,LOMA CAMPANA,VACA MUERTA,Extracción Efectiva,Petrolífero,Bombeo Mecánico,EXPLOTACION,0.0,,,310.18,28.57,28.61,29.56,prod_2026
162896,YPF.Nq.SOil-369(h),2026-08,YPF S.A.,LOMA CAMPANA,VACA MUERTA,Extracción Efectiva,Petrolífero,Bombeo Mecánico,EXPLOTACION,5950.0,,,790.77,49.33,40.79,29.63,prod_2026
162908,PAE.Nq.APO-110(h),2026-08,PAN AMERICAN ENERGY SL,AGUADA PICHANA OESTE,VACA MUERTA,Extracción Efectiva,Gasífero,Surgencia Natural,EXPLOTACION,0.0,,,0.0,2769.815,33.93521,30.34306,prod_2026
162914,PAE.Nq.APO-109(h),2026-08,PAN AMERICAN ENERGY SL,AGUADA PICHANA OESTE,VACA MUERTA,Extracción Efectiva,Gasífero,Surgencia Natural,EXPLOTACION,0.0,,,0.0,3992.514,541.1795,30.34306,prod_2026
162921,KIL.Nq.CoNE.x-1(ST),2026-08,PHOENIX GLOBAL RESOURCES S.A.,CORRALERA NORESTE,VACA MUERTA,Parado Transitoriamente,Petrolífero,Sin Sistema de Extracción,EXPLORACION,2956.0,,,0.0,0.0,0.0,0.0,prod_2026
162933,TPT.Nq.FP-1196(h),2026-08,TECPETROL S.A.,FORTIN DE PIEDRA,VACA MUERTA,Extracción Efectiva,Gasífero,Surgencia Natural,EXPLOTACION,5.808,,,7.858397,1937.769,168.1769,24.3875,prod_2026
162934,TPT.Nq.FP-1197(h),2026-08,TECPETROL S.A.,FORTIN DE PIEDRA,VACA MUERTA,Extracción Efectiva,Gasífero,Surgencia Natural,EXPLOTACION,5433.0,,,7.348066,1839.606,145.6312,22.06319,prod_2026
162939,YPF.Nq.LACh-194(h),2026-08,YPF S.A.,LA AMARGA CHICA,VACA MUERTA,Extracción Efectiva,Petrolífero,Bombeo Mecánico,EXPLOTACION,0.0,,,398.91,64.05,59.59,20.65,prod_2026
162940,YPF.Nq.LACh-195(h),2026-08,YPF S.A.,LA AMARGA CHICA,VACA MUERTA,Extracción Efectiva,Petrolífero,Bombeo Mecánico,EXPLOTACION,5862.0,,,867.8,132.16,100.8,30.21,prod_2026
162941,YPF.Nq.LACh-196(h),2026-08,YPF S.A.,LA AMARGA CHICA,VACA MUERTA,Extracción Efectiva,Petrolífero,Bombeo Mecánico,EXPLOTACION,5859.0,,,396.15,62.05,107.34,30.44,prod_2026
162942,YPF.Nq.LACh-197(h),2026-08,YPF S.A.,LA AMARGA CHICA,VACA MUERTA,Extracción Efectiva,Petrolífero,Bombeo Mecánico,EXPLOTACION,0.0,,,588.29,88.91,114.22,24.19,prod_2026
162943,YPF.Nq.LLL-1610(h),2026-08,YPF S.A.,LOMA CAMPANA-LLL,VACA MUERTA,Parado Transitoriamente,Petrolífero,Surgencia Natural,EXPLOTACION,7330.0,,,0.0,0.0,0.0,0.0,prod_2026
162944,YPF.Nq.LLL-1611(h),2026-08,YPF S.A.,LOMA CAMPANA-LLL,VACA MUERTA,Extracción Efectiva,Petrolífero,Bombeo Mecánico,EXPLOTACION,6343.0,,,3.02,0.31,281.33,3.96,prod_2026
162945,YPF.Nq.LLL-1612(h),2026-08,YPF S.A.,LOMA CAMPANA-LLL,VACA MUERTA,Extracción Efectiva,Petrolífero,Bombeo Mecánico,EXPLOTACION,6568.0,,,717.78,106.48,20.04,30.58,prod_2026
162946,YPF.Nq.LLL-1613(h),2026-08,YPF S.A.,LOMA CAMPANA-LLL,VACA MUERTA,Parado Transitoriamente,Petrolífero,Surgencia Natural,EXPLOTACION,7088.0,,,0.0,0.0,0.0,0.0,prod_2026
162954,VIS.Nq.BPE-2101(h),2026-08,VISTA ENERGY ARGENTINA SAU,BAJADA DEL PALO ESTE,VACA MUERTA,Extracción Efectiva,Petrolífero,Gas Lift,EXPLOTACION,6322.0,,,834.187,15.001,679.767,30.676,prod_2026
162955,VIS.Nq.BPE-2103(h),2026-08,VISTA ENERGY ARGENTINA SAU,BAJADA DEL PALO ESTE,VACA MUERTA,Extracción Efectiva,Petrolífero,Gas Lift,EXPLOTACION,5359.0,,,1153.374,58.563,937.114,26.394,prod_2026
162963,KIL.Nq.CoSu.x-1(ST),2026-08,PHOENIX GLOBAL RESOURCES S.A.,CORRALERA SUR,VACA MUERTA,Parado Transitoriamente,Petrolífero,Sin Sistema de Extracción,EXPLORACION,5976.0,,,0.0,0.0,0.0,0.0,prod_2026
162974,PAE.Nq.ACa-104(h),2026-08,PAN AMERICAN ENERGY SL,AGUADA CÁNEPA,VACA MUERTA,Extracción Efectiva,Petrolífero,Bombeo Mecánico,EXPLOTACION,0.0,,,1046.031,61.1013,514.3168,30.80208,prod_2026
162975,PAE.Nq.ACa-103(h),2026-08,PAN AMERICAN ENERGY SL,AGUADA CÁNEPA,VACA MUERTA,Extracción Efectiva,Petrolífero,Electrosumergible,EXPLOTACION,0.0,,,1147.714,62.71978,75.19204,30.80208,prod_2026
162992,TPT.Nq.FP-1195(h),2026-08,TECPETROL S.A.,FORTIN DE PIEDRA,VACA MUERTA,Extracción Efectiva,Gasífero,Surgencia Natural,EXPLOTACION,5.846,,,20.91702,4459.023,81.45451,19.27569,prod_2026
163001,YPF.Nq.LACh-202(h),2026-08,YPF S.A.,LA AMARGA CHICA,VACA MUERTA,Extracción Efectiva,Petrolífero,Bombeo Mecánico,EXPLOTACION,6545.0,,,628.09,56.79,163.68,30.4,prod_2026
163002,YPF.Nq.LLL-1596(h),2026-08,YPF S.A.,LOMA CAMPANA-LLL,VACA MUERTA,Extracción Efectiva,Petrolífero,Bombeo Mecánico,EXPLOTACION,5809.0,,,313.89,62.86,42.39,28.73,prod_2026
163003,YPF.Nq.LLL-1597(h),2026-08,YPF S.A.,LOMA CAMPANA-LLL,VACA MUERTA,Extracción Efectiva,Petrolífero,Bombeo Mecánico,EXPLOTACION,5583.0,,,657.33,139.55,518.12,30.81,prod_2026
163004,YPF.Nq.LLL-1598(h),2026-08,YPF S.A.,LOMA CAMPANA-LLL,VACA MUERTA,Extracción Efectiva,Petrolífero,Bombeo Mecánico,EXPLOTACION,5434.0,,,675.94,123.95,9.93,30.73,prod_2026
163005,YPF.Nq.LLL-1599(h),2026-08,YPF S.A.,LOMA CAMPANA-LLL,VACA MUERTA,Extracción Efectiva,Petrolífero,Bombeo Mecánico,EXPLOTACION,5222.0,,,309.02,70.02,213.56,13.71,prod_2026
163006,YPF.Nq.RDMN-130(h),2026-08,YPF S.A.,RINCON DEL MANGRULLO,VACA MUERTA,Extracción Efectiva,Gasífero,Surgencia Natural,EXPLOTACION,5916.0,,,1.18,3331.27,151.46,17.46,prod_2026
163007,YPF.Nq.RDMN-131(h)(I),2026-08,YPF S.A.,RINCON DEL MANGRULLO,VACA MUERTA,Extracción Efectiva,Gasífero,Surgencia Natural,EXPLOTACION,5920.0,,,0.44,1528.01,17.99,14.62,prod_2026
163008,YPF.Nq.RDMN-132(h),2026-08,YPF S.A.,RINCON DEL MANGRULLO,VACA MUERTA,Extracción Efectiva,Gasífero,Surgencia Natural,EXPLOTACION,5819.0,,,0.72,2901.46,211.23,31.0,prod_2026
163009,YPF.Nq.RDMN-133(h),2026-08,YPF S.A.,RINCON DEL MANGRULLO,VACA MUERTA,Extracción Efectiva,Gasífero,Surgencia Natural,EXPLOTACION,5942.0,,,0.91,1754.17,102.99,17.27,prod_2026
163014,SHE.Nq.CdL-28(h),2026-08,SHELL ARGENTINA S.A.,CRUZ DE LORENA,VACA MUERTA,Extracción Efectiva,Petrolífero,Surgencia Natural,EXPLOTACION,5517.0,,,342.18,51.61,38.56,30.92,prod_2026
163015,SHE.Nq.CdL-29(h),2026-08,SHELL ARGENTINA S.A.,CRUZ DE LORENA,VACA MUERTA,Extracción Efectiva,Petrolífero,Bombeo Mecánico,EXPLOTACION,5485.0,,,380.7,46.51,51.88,30.92,prod_2026
163016,SHE.Nq.CdL-30(h),2026-08,SHELL ARGENTINA S.A.,CRUZ DE LORENA,VACA MUERTA,Extracción Efectiva,Petrolífero,Bombeo Mecánico,EXPLOTACION,5974.0,,,646.31,86.02,59.09,30.92,prod_2026
163017,SHE.Nq.CdL-31(h),2026-08,SHELL ARGENTINA S.A.,CRUZ DE LORENA,VACA MUERTA,Extracción Efectiva,Petrolífero,Bombeo Mecánico,EXPLOTACION,6371.0,,,482.41,73.62,2.54,30.83,prod_2026
163018,SHE.Nq.CASO-5(h),2026-08,SHELL ARGENTINA S.A.,COIRON AMARGO SUR OESTE,VACA MUERTA,Extracción Efectiva,Petrolífero,Bombeo Mecánico,EXPLOTACION,5925.0,,,531.3,88.25,45.8,30.77,prod_2026
163019,SHE.Nq.CASO-6(h),2026-08,SHELL ARGENTINA S.A.,COIRON AMARGO SUR OESTE,VACA MUERTA,Extracción Efectiva,Petrolífero,Bombeo Mecánico,EXPLOTACION,6147.0,,,417.98,68.58,95.09,22.73,prod_2026
163020,SHE.Nq.CASO-7(h),2026-08,SHELL ARGENTINA S.A.,COIRON AMARGO SUR OESTE,VACA MUERTA,Extracción Efectiva,Petrolífero,Bombeo Mecánico,EXPLOTACION,6426.0,,,779.91,71.6,38.11,30.77,prod_2026
163021,SHE.Nq.CASO-8(h),2026-08,SHELL ARGENTINA S.A.,COIRON AMARGO SUR OESTE,VACA MUERTA,Extracción Efectiva,Petrolífero,Bombeo Mecánico,EXPLOTACION,6033.0,,,792.96,56.24,40.15,31.0,prod_2026
163038,TAU.Nq.AP-1044(h),2026-08,TOTAL AUSTRAL S.A.,AGUADA PICHANA ESTE VACA MUERTA,VACA MUERTA,Extracción Efectiva,Gasífero,Surgencia Natural,EXPLOTACION,6229.0,,,0.0,2359.779,354.4092,30.04514,prod_2026
163039,TAU.Nq.AP-1045(h),2026-08,TOTAL AUSTRAL S.A.,AGUADA PICHANA ESTE VACA MUERTA,VACA MUERTA,Extracción Efectiva,Gasífero,Surgencia Natural,EXPLOTACION,6284.0,,,0.0,2752.733,250.5729,30.04514,prod_2026
163051,TPT.Nq.FP-1185(h),2026-08,TECPETROL S.A.,FORTIN DE PIEDRA,VACA MUERTA,Extracción Efectiva,Gasífero,Surgencia Natural,EXPLOTACION,6017.0,,,6.97646,1582.455,759.6583,15.22014,prod_2026
163052,TPT.Nq.FP-1186(h),2026-08,TECPETROL S.A.,FORTIN DE PIEDRA,VACA MUERTA,Extracción Efectiva,Gasífero,Surgencia Natural,EXPLOTACION,5814.99,,,9.368374,1852.661,307.9483,19.52014,prod_2026
163053,TPT.Nq.FP-1187(h),2026-08,TECPETROL S.A.,FORTIN DE PIEDRA,VACA MUERTA,Parado Transitoriamente,Gasífero,Surgencia Natural,EXPLOTACION,5840.99,,,0.0,0.0,0.0,0.503472,prod_2026
163065,YPF.Nq.LACh-203(h),2026-08,YPF S.A.,LA AMARGA CHICA,VACA MUERTA,Extracción Efectiva,Petrolífero,Bombeo Mecánico,EXPLOTACION,6629.0,,,657.1,56.42,6.51,27.73,prod_2026
163066,YPF.Nq.LACh-204(h),2026-08,YPF S.A.,LA AMARGA CHICA,VACA MUERTA,Extracción Efectiva,Petrolífero,Bombeo Mecánico,EXPLOTACION,6533.0,,,296.15,29.56,332.47,30.54,prod_2026
163067,YPF.Nq.LACh-205(h),2026-08,YPF S.A.,LA AMARGA CHICA,VACA MUERTA,Extracción Efectiva,Petrolífero,Bombeo Mecánico,EXPLOTACION,6497.0,,,1145.77,107.69,229.36,29.6,prod_2026
163068,YPF.Nq.LACh-374(h),2026-08,YPF S.A.,LA AMARGA CHICA,VACA MUERTA,Extracción Efectiva,Petrolífero,Bombeo Mecánico,EXPLOTACION,5815.0,,,1.27,2.25,1088.19,22.06,prod_2026
163069,YPF.Nq.LACh-376(h),2026-08,YPF S.A.,LA AMARGA CHICA,VACA MUERTA,Extracción Efectiva,Petrolífero,Surgencia Natural,EXPLOTACION,6000.0,,,262.6,35.51,2297.94,22.06,prod_2026
163070,YPF.Nq.LACh-412(h),2026-08,YPF S.A.,LA AMARGA CHICA,VACA MUERTA,Extracción Efectiva,Petrolífero,Bombeo Mecánico,EXPLOTACION,5381.0,,,449.2,35.83,137.24,31.0,prod_2026
163071,YPF.Nq.LACh-413(h),2026-08,YPF S.A.,LA AMARGA CHICA,VACA MUERTA,Extracción Efectiva,Petrolífero,Bombeo Mecánico,EXPLOTACION,5433.0,,,624.88,49.27,175.43,30.38,prod_2026
163072,YPF.Nq.LACh-414(h),2026-08,YPF S.A.,LA AMARGA CHICA,VACA MUERTA,Extracción Efectiva,Petrolífero,Bombeo Mecánico,EXPLOTACION,5406.0,,,920.07,74.71,69.12,28.13,prod_2026
163073,YPF.Nq.LACh-415(h),2026-08,YPF S.A.,LA AMARGA CHICA,VACA MUERTA,Extracción Efectiva,Petrolífero,Bombeo Mecánico,EXPLOTACION,5452.0,,,1186.69,78.32,67.84,28.63,prod_2026
163074,YPF.Nq.LLL-1600(h),2026-08,YPF S.A.,LOMA CAMPANA-LLL,VACA MUERTA,Extracción Efectiva,Petrolífero,Bombeo Mecánico,EXPLOTACION,5063.0,,,531.44,199.75,45.93,30.81,prod_2026
163087,PAE.Nq.ECh-123(h),2026-08,PAN AMERICAN ENERGY SL,LINDERO ATRAVESADO OCCIDENTAL,VACA MUERTA,Extracción Efectiva,Petrolífero,Gas Lift,EXPLOTACION,0.0,,,409.9961,47.50679,34.46991,27.08403,prod_2026
163094,PAE.Nq.ECh-121(h),2026-08,PAN AMERICAN ENERGY SL,LINDERO ATRAVESADO OCCIDENTAL,VACA MUERTA,Extracción Efectiva,Petrolífero,Gas Lift,EXPLOTACION,0.0,,,269.0571,41.60882,5.888955,20.20833,prod_2026
163101,PAE.Nq.ECh-125(h),2026-08,PAN AMERICAN ENERGY SL,LINDERO ATRAVESADO OCCIDENTAL,VACA MUERTA,Extracción Efectiva,Petrolífero,Gas Lift,EXPLOTACION,0.0,,,416.0453,54.69688,38.33202,26.62431,prod_2026
163103,SHE.Nq.SB-1016(h),2026-08,SHELL ARGENTINA S.A.,SIERRAS BLANCAS,VACA MUERTA,Extracción Efectiva,Petrolífero,Bombeo Mecánico,EXPLOTACION,5419.0,,,417.67,56.62,13.47,14.75,prod_2026
163104,SHE.Nq.SB-1017(h),2026-08,SHELL ARGENTINA S.A.,SIERRAS BLANCAS,VACA MUERTA,Extracción Efectiva,Petrolífero,Bombeo Mecánico,EXPLOTACION,5432.0,,,669.54,122.97,17.65,29.96,prod_2026
163105,SHE.Nq.SB-1018(h),2026-08,SHELL ARGENTINA S.A.,SIERRAS BLANCAS,VACA MUERTA,Extracción Efectiva,Petrolífero,Bombeo Mecánico,EXPLOTACION,5530.0,,,307.17,59.27,12.28,13.4,prod_2026
163106,SHE.Nq.SB-1019(h),2026-08,SHELL ARGENTINA S.A.,SIERRAS BLANCAS,VACA MUERTA,Extracción Efectiva,Petrolífero,Bombeo Mecánico,EXPLOTACION,5628.0,,,606.77,69.19,39.23,30.21,prod_2026
163111,APS.Nq.PNO.x-3,2026-08,CAPEX S.A.,PARVA NEGRA OESTE,VACA MUERTA,En Estudio,Gasífero,Surgencia Natural,EXPLORACION,2970.0,,,0.0,0.0,0.0,0.0,prod_2026
163122,TPT.Nq.PVe.x-1,2026-08,TECPETROL S.A.,PUESTO VERA,VACA MUERTA,En Espera de Reparación,Petrolífero,Bombeo Mecánico,EXPLORACION,2204.0,,,0.0,0.0,0.0,0.0,prod_2026
163134,PLU.Nq.LCa-3002(h),2026-08,PLUSPETROL S.A.,LA CALERA,VACA MUERTA,Extracción Efectiva,Gasífero,Surgencia Natural,EXPLOTACION,5753.0,,,289.735,1530.695,92.491,20.79167,prod_2026
163135,PLU.Nq.LCa-3003(h),2026-08,PLUSPETROL S.A.,LA CALERA,VACA MUERTA,Extracción Efectiva,Gasífero,Surgencia Natural,EXPLOTACION,5624.0,,,501.205,2808.373,357.858,22.71875,prod_2026
163136,PLU.Nq.LCa-3004(h),2026-08,PLUSPETROL S.A.,LA CALERA,VACA MUERTA,Extracción Efectiva,Gasífero,Surgencia Natural,EXPLOTACION,5717.0,,,442.263,2770.555,281.688,22.57292,prod_2026
163138,VIS.Nq.BPO-2081(h),2026-08,VISTA ENERGY ARGENTINA SAU,BAJADA DEL PALO OESTE,VACA MUERTA,Extracción Efectiva,Petrolífero,Gas Lift,EXPLOTACION,6012.0,,,0.122,0.02,0.016,0.004,prod_2026
163139,VIS.Nq.BPO-2082(h),2026-08,VISTA ENERGY ARGENTINA SAU,BAJADA DEL PALO OESTE,VACA MUERTA,Extracción Efectiva,Petrolífero,Gas Lift,EXPLOTACION,5470.0,,,557.99,308.185,1184.739,29.749,prod_2026
163140,VIS.Nq.BPO-2083(h),2026-08,VISTA ENERGY ARGENTINA SAU,BAJADA DEL PALO OESTE,VACA MUERTA,Extracción Efectiva,Petrolífero,Gas Lift,EXPLOTACION,5560.0,,,850.213,151.489,1083.889,30.2,prod_2026
163141,VIS.Nq.BPO-2084(h),2026-08,VISTA ENERGY ARGENTINA SAU,BAJADA DEL PALO OESTE,VACA MUERTA,Extracción Efectiva,Petrolífero,Gas Lift,EXPLOTACION,5435.0,,,534.492,93.977,125.638,30.843,prod_2026
163150,TPT.Nq.FP-1281(h),2026-08,TECPETROL S.A.,FORTIN DE PIEDRA,VACA MUERTA,Extracción Efectiva,Gasífero,Surgencia Natural,EXPLOTACION,5639.0,,,650.0793,5778.23,724.9368,31.0,prod_2026
163151,TPT.Nq.FP-1283(h),2026-08,TECPETROL S.A.,FORTIN DE PIEDRA,VACA MUERTA,Extracción Efectiva,Gasífero,Surgencia Natural,EXPLOTACION,5597.0,,,281.538,1972.635,335.3658,31.0,prod_2026
163152,TPT.Nq.FP-1285(h),2026-08,TECPETROL S.A.,FORTIN DE PIEDRA,VACA MUERTA,Extracción Efectiva,Gasífero,Surgencia Natural,EXPLOTACION,5900.0,,,207.3447,2315.078,0.0,31.0,prod_2026
163153,TPT.Nq.FP-1286(h),2026-08,TECPETROL S.A.,FORTIN DE PIEDRA,VACA MUERTA,Extracción Efectiva,Gasífero,Surgencia Natural,EXPLOTACION,5928.0,,,220.719,2225.657,278.5532,31.0,prod_2026
163154,TPT.Nq.FP-1287(h),2026-08,TECPETROL S.A.,FORTIN DE PIEDRA,VACA MUERTA,Extracción Efectiva,Gasífero,Surgencia Natural,EXPLOTACION,5850.0,,,255.3024,3016.756,198.4933,31.0,prod_2026
163155,TPT.Nq.FP-1284(h)(ST1),2026-08,TECPETROL S.A.,FORTIN DE PIEDRA,VACA MUERTA,Parado Transitoriamente,Gasífero,Surgencia Natural,EXPLOTACION,5671.0,,,0.0,0.0,0.0,0.0,prod_2026
163161,YPF.Nq.LACh-375(h),2026-08,YPF S.A.,LA AMARGA CHICA,VACA MUERTA,Extracción Efectiva,Petrolífero,Surgencia Natural,EXPLOTACION,5818.0,,,876.22,39.3,873.65,22.06,prod_2026
163162,YPF.Nq.LACh-377(h),2026-08,YPF S.A.,LA AMARGA CHICA,VACA MUERTA,Extracción Efectiva,Petrolífero,Surgencia Natural,EXPLOTACION,6180.0,,,393.2,66.98,1410.63,22.06,prod_2026
163163,YPF.Nq.LCav-68(h),2026-08,YPF S.A.,BANDURRIA SUR,VACA MUERTA,Extracción Efectiva,Petrolífero,Bombeo Mecánico,EXPLOTACION,5745.0,,,521.37,57.25,31.7,29.69,prod_2026
163164,YPF.Nq.LCav-69(h),2026-08,YPF S.A.,BANDURRIA SUR,VACA MUERTA,Extracción Efectiva,Petrolífero,Bombeo Mecánico,EXPLOTACION,0.0,,,444.97,72.56,26.45,29.69,prod_2026
163165,YPF.Nq.LCav-70(h),2026-08,YPF S.A.,BANDURRIA SUR,VACA MUERTA,Extracción Efectiva,Petrolífero,Bombeo Mecánico,EXPLOTACION,5748.0,,,365.12,61.67,11.44,30.91,prod_2026
163166,YPF.Nq.LCav-71(h),2026-08,YPF S.A.,BANDURRIA SUR,VACA MUERTA,Extracción Efectiva,Petrolífero,Bombeo Mecánico,EXPLOTACION,5332.0,,,161.98,18.28,21.24,28.5,prod_2026
163167,YPF.Nq.LCav-841(h),2026-08,YPF S.A.,BANDURRIA SUR,VACA MUERTA,Extracción Efectiva,Petrolífero,Bombeo Mecánico,EXPLOTACION,5704.0,,,1008.04,108.65,24.47,30.19,prod_2026
163168,YPF.Nq.RDMN-80(h),2026-08,YPF S.A.,RINCON DEL MANGRULLO,VACA MUERTA,En Espera de Reparación,Otro tipo,Surgencia Natural,EXPLOTACION,5483.0,,,0.0,0.0,0.0,0.0,prod_2026
163169,YPF.Nq.RDMN-82(h),2026-08,YPF S.A.,RINCON DEL MANGRULLO,VACA MUERTA,Parado Transitoriamente,Gasífero,Surgencia Natural,EXPLOTACION,5774.0,,,0.0,0.0,0.0,0.0,prod_2026
163170,YPF.Nq.RDMN-83(h),2026-08,YPF S.A.,RINCON DEL MANGRULLO,VACA MUERTA,Extracción Efectiva,Gasífero,Surgencia Natural,EXPLOTACION,0.0,,,0.11,1244.82,76.97,8.25,prod_2026
163182,PAE.Nq.APO-206(h),2026-08,PAN AMERICAN ENERGY SL,AGUADA PICHANA OESTE,VACA MUERTA,Extracción Efectiva,Gasífero,Surgencia Natural,EXPLOTACION,0.0,,,0.0,2224.192,246.1881,31.0,prod_2026
163188,PAE.Nq.APO-207(h),2026-08,PAN AMERICAN ENERGY SL,AGUADA PICHANA OESTE,VACA MUERTA,Extracción Efectiva,Gasífero,Surgencia Natural,EXPLOTACION,0.0,,,0.0,4800.121,1007.091,31.0,prod_2026
163189,PAE.Nq.APO-208(h),2026-08,PAN AMERICAN ENERGY SL,AGUADA PICHANA OESTE,VACA MUERTA,Extracción Efectiva,Gasífero,Surgencia Natural,EXPLOTACION,0.0,,,0.0,3673.483,820.3538,31.0,prod_2026
163194,TPT.Nq.FP-1284(h),2026-08,TECPETROL S.A.,FORTIN DE PIEDRA,VACA MUERTA,Abandonado,Otro tipo,Sin Sistema de Extracción,EXPLOTACION,3846.0,,,0.0,0.0,0.0,0.0,prod_2026
163216,PLU.Nq.LCa-3109(h),2026-08,PLUSPETROL S.A.,LA CALERA,VACA MUERTA,Extracción Efectiva,Gasífero,Surgencia Natural,EXPLOTACION,5458.0,,,804.135,1528.929,848.349,30.9375,prod_2026
163220,TAU.Nq.AP-1032(h).T1,2026-08,TOTAL AUSTRAL S.A.,AGUADA PICHANA ESTE VACA MUERTA,VACA MUERTA,Extracción Efectiva,Gasífero,Surgencia Natural,EXPLOTACION,6000.0,,,0.0,3640.362,407.3589,30.84722,prod_2026
163221,TAU.Nq.AP-1033(h),2026-08,TOTAL AUSTRAL S.A.,AGUADA PICHANA ESTE VACA MUERTA,VACA MUERTA,Extracción Efectiva,Gasífero,Surgencia Natural,EXPLOTACION,5960.0,,,0.0,3062.944,283.5858,30.85417,prod_2026
163228,YPF.Nq.LACh-472(h),2026-08,YPF S.A.,LA AMARGA CHICA,VACA MUERTA,Extracción Efectiva,Petrolífero,Bombeo Mecánico,EXPLOTACION,5336.0,,,570.81,127.65,7.22,30.52,prod_2026
163229,YPF.Nq.LACh-473(h),2026-08,YPF S.A.,LA AMARGA CHICA,VACA MUERTA,Extracción Efectiva,Petrolífero,Bombeo Mecánico,EXPLOTACION,5396.0,,,781.88,50.6,40.71,29.29,prod_2026
163230,YPF.Nq.LACh-474(h),2026-08,YPF S.A.,LA AMARGA CHICA,VACA MUERTA,Extracción Efectiva,Petrolífero,Bombeo Mecánico,EXPLOTACION,5371.0,,,540.3,46.67,7.18,29.81,prod_2026
163231,YPF.Nq.LACh-475(h),2026-08,YPF S.A.,LA AMARGA CHICA,VACA MUERTA,Extracción Efectiva,Petrolífero,Bombeo Mecánico,EXPLOTACION,5342.0,,,616.46,39.74,3.21,30.29,prod_2026
163234,YPF.Nq.SOil-371(h)(I),2026-08,YPF S.A.,LOMA CAMPANA,VACA MUERTA,Extracción Efectiva,Petrolífero,Bombeo Mecánico,EXPLOTACION,0.0,,,474.04,64.1,20.86,30.54,prod_2026
163235,YPF.Nq.SOil-443(h),2026-08,YPF S.A.,LOMA CAMPANA,VACA MUERTA,Extracción Efectiva,Petrolífero,Bombeo Mecánico,EXPLOTACION,0.0,,,987.94,38.33,27.73,30.71,prod_2026
163236,YPF.Nq.SOil-444(h),2026-08,YPF S.A.,LOMA CAMPANA,VACA MUERTA,Extracción Efectiva,Petrolífero,Bombeo Mecánico,EXPLOTACION,6454.0,,,1207.85,131.08,432.83,29.48,prod_2026
163237,YPF.Nq.SOil-445(h),2026-08,YPF S.A.,LOMA CAMPANA,VACA MUERTA,Extracción Efectiva,Petrolífero,Bombeo Mecánico,EXPLOTACION,5783.0,,,675.53,10.33,46.94,30.44,prod_2026
163238,YPF.Nq.SOil-446(h),2026-08,YPF S.A.,LOMA CAMPANA,VACA MUERTA,Extracción Efectiva,Petrolífero,Bombeo Mecánico,EXPLOTACION,5503.0,,,652.27,93.64,10.19,30.67,prod_2026
163246,WIN.Nq.AF-102(h),2026-08,VISTA ENERGY ARGENTINA SAU,AGUADA FEDERAL,VACA MUERTA,Extracción Efectiva,Petrolífero,Gas Lift,EXPLOTACION,5966.0,,,1813.919,181.382,495.232,31.0,prod_2026
163247,WIN.Nq.AF-202(h),2026-08,VISTA ENERGY ARGENTINA SAU,AGUADA FEDERAL,VACA MUERTA,Extracción Efectiva,Petrolífero,Gas Lift,EXPLOTACION,5593.0,,,353.238,80.424,404.39,30.015,prod_2026
163249,VIS.Nq.BPO-2311(h),2026-08,VISTA ENERGY ARGENTINA SAU,BAJADA DEL PALO OESTE,VACA MUERTA,Extracción Efectiva,Petrolífero,Gas Lift,EXPLOTACION,6511.0,,,1603.581,80.577,491.035,30.899,prod_2026
163250,VIS.Nq.BPO-2312(h),2026-08,VISTA ENERGY ARGENTINA SAU,BAJADA DEL PALO OESTE,VACA MUERTA,Extracción Efectiva,Petrolífero,Gas Lift,EXPLOTACION,6475.0,,,1090.056,113.461,237.035,29.888,prod_2026
163251,VIS.Nq.BPO-2313(h),2026-08,VISTA ENERGY ARGENTINA SAU,BAJADA DEL PALO OESTE,VACA MUERTA,Extracción Efectiva,Petrolífero,Gas Lift,EXPLOTACION,6540.0,,,1419.02,50.324,220.712,30.511,prod_2026
163253,PAE.Nq.APO-106(h),2026-08,PAN AMERICAN ENERGY SL,AGUADA PICHANA OESTE,VACA MUERTA,Extracción Efectiva,Gasífero,Surgencia Natural,EXPLOTACION,0.0,,,0.0,655.7208,59.18742,29.86111,prod_2026
163256,PAE.Nq.APO-125(h),2026-08,PAN AMERICAN ENERGY SL,AGUADA PICHANA OESTE,VACA MUERTA,Extracción Efectiva,Gasífero,Surgencia Natural,EXPLOTACION,0.0,,,0.0,2490.62,388.5271,31.0,prod_2026
163257,PAE.Nq.ECh-136(h),2026-08,PAN AMERICAN ENERGY SL,LINDERO ATRAVESADO OCCIDENTAL,VACA MUERTA,Extracción Efectiva,Petrolífero,Bombeo Mecánico,EXPLOTACION,0.0,,,803.3015,89.73255,10.67979,31.0,prod_2026
163265,PAE.Nq.APO-123(h),2026-08,PAN AMERICAN ENERGY SL,AGUADA PICHANA OESTE,VACA MUERTA,Extracción Efectiva,Gasífero,Surgencia Natural,EXPLOTACION,0.0,,,0.0,1651.735,48.97283,29.92361,prod_2026
163269,PAE.Nq.APO-124(h),2026-08,PAN AMERICAN ENERGY SL,AGUADA PICHANA OESTE,VACA MUERTA,Extracción Efectiva,Gasífero,Surgencia Natural,EXPLOTACION,0.0,,,0.0,2535.888,248.9421,29.87153,prod_2026
163293,TPT.Nq.FP-1425(h),2026-08,TECPETROL S.A.,FORTIN DE PIEDRA,VACA MUERTA,Extracción Efectiva,Gasífero,Surgencia Natural,EXPLOTACION,5948.0,,,6.81391,1892.593,143.1444,19.45833,prod_2026
163294,TPT.Nq.FP-1426(h),2026-08,TECPETROL S.A.,FORTIN DE PIEDRA,VACA MUERTA,Parado Transitoriamente,Gasífero,Surgencia Natural,EXPLOTACION,5854.0,,,27.64522,3573.198,126.0488,13.84028,prod_2026
163295,TPT.Nq.FP-1427(h),2026-08,TECPETROL S.A.,FORTIN DE PIEDRA,VACA MUERTA,Extracción Efectiva,Gasífero,Surgencia Natural,EXPLOTACION,5910.0,,,7.816611,1901.282,161.0529,18.76111,prod_2026
163298,SHE.Nq.SB-1041(h),2026-08,SHELL ARGENTINA S.A.,SIERRAS BLANCAS,VACA MUERTA,Extracción Efectiva,Petrolífero,Surgencia Natural,EXPLOTACION,6176.0,,,2990.35,338.63,426.51,30.69,prod_2026
163299,SHE.Nq.SB-1042(h),2026-08,SHELL ARGENTINA S.A.,SIERRAS BLANCAS,VACA MUERTA,Parado Transitoriamente,Petrolífero,Surgencia Natural,EXPLOTACION,6109.0,,,0.0,0.0,0.0,0.0,prod_2026
163300,SHE.Nq.SB-1043(h),2026-08,SHELL ARGENTINA S.A.,SIERRAS BLANCAS,VACA MUERTA,Parado Transitoriamente,Petrolífero,Surgencia Natural,EXPLOTACION,6050.0,,,0.0,0.0,0.0,0.0,prod_2026
163301,SHE.Nq.SB-1044(h),2026-08,SHELL ARGENTINA S.A.,SIERRAS BLANCAS,VACA MUERTA,Parado Transitoriamente,Petrolífero,Surgencia Natural,EXPLOTACION,6109.0,,,0.0,0.0,0.0,0.0,prod_2026
163302,SHE.Nq.CASO-9(h),2026-08,SHELL ARGENTINA S.A.,COIRON AMARGO SUR OESTE,VACA MUERTA,Extracción Efectiva,Petrolífero,Bombeo Mecánico,EXPLOTACION,6285.0,,,703.38,97.71,53.41,30.9,prod_2026
163303,SHE.Nq.CASO-10(h),2026-08,SHELL ARGENTINA S.A.,COIRON AMARGO SUR OESTE,VACA MUERTA,Extracción Efectiva,Petrolífero,Bombeo Mecánico,EXPLOTACION,6100.0,,,705.49,97.42,53.41,30.9,prod_2026
163304,SHE.Nq.CASO-11(h),2026-08,SHELL ARGENTINA S.A.,COIRON AMARGO SUR OESTE,VACA MUERTA,Extracción Efectiva,Petrolífero,Bombeo Mecánico,EXPLOTACION,5715.0,,,707.12,97.19,53.41,30.9,prod_2026
163321,YPF.Nq.AdlA-1013(h),2026-08,YPF S.A.,AGUADA DE LA ARENA,VACA MUERTA,Extracción Efectiva,Gasífero,Surgencia Natural,EXPLOTACION,4933.0,,,0.0,1814.25,352.87,20.58,prod_2026
163322,YPF.Nq.AdlA-1014(h),2026-08,YPF S.A.,AGUADA DE LA ARENA,VACA MUERTA,Extracción Efectiva,Gasífero,Surgencia Natural,EXPLOTACION,0.0,,,0.0,812.83,160.79,8.67,prod_2026
163323,YPF.Nq.AdlA-1015(h),2026-08,YPF S.A.,AGUADA DE LA ARENA,VACA MUERTA,Extracción Efectiva,Gasífero,Surgencia Natural,EXPLOTACION,5041.0,,,0.0,1232.46,358.67,19.72,prod_2026
163324,YPF.Nq.BdT.x-14(h),2026-08,YPF S.A.,BAJO DEL TORO NORTE,VACA MUERTA,Parado Transitoriamente,Petrolífero,Surgencia Natural,EXPLORACION,4357.0,,,0.0,0.0,0.0,0.0,prod_2026
163326,YPF.Nq.LLL-1603(h),2026-08,YPF S.A.,LOMA CAMPANA-LLL,VACA MUERTA,Extracción Efectiva,Petrolífero,Bombeo Mecánico,EXPLOTACION,6411.0,,,832.77,162.28,25.9,30.38,prod_2026
163327,YPF.Nq.LLL-1604(h),2026-08,YPF S.A.,LOMA CAMPANA-LLL,VACA MUERTA,Extracción Efectiva,Petrolífero,Bombeo Mecánico,EXPLOTACION,6225.0,,,1341.36,571.71,235.75,30.0,prod_2026
163328,YPF.Nq.LLL-1605(h),2026-08,YPF S.A.,LOMA CAMPANA-LLL,VACA MUERTA,Extracción Efectiva,Petrolífero,Bombeo Mecánico,EXPLOTACION,5993.0,,,468.35,116.89,27.35,28.94,prod_2026
163329,YPF.Nq.LLL-1606(h),2026-08,YPF S.A.,LOMA CAMPANA-LLL,VACA MUERTA,Extracción Efectiva,Petrolífero,Bombeo Mecánico,EXPLOTACION,6184.0,,,809.44,134.84,0.0,30.1,prod_2026
163330,YPF.Nq.LLL-1607(h),2026-08,YPF S.A.,LOMA CAMPANA-LLL,VACA MUERTA,Extracción Efectiva,Petrolífero,Surgencia Natural,EXPLOTACION,6450.0,,,986.51,328.17,143.87,22.1,prod_2026
163331,YPF.Nq.SOil-360(h),2026-08,YPF S.A.,LOMA CAMPANA,VACA MUERTA,Extracción Efectiva,Petrolífero,Bombeo Mecánico,EXPLOTACION,6834.0,,,921.01,157.61,137.15,30.44,prod_2026
163332,YPF.Nq.SOil-361(h),2026-08,YPF S.A.,LOMA CAMPANA,VACA MUERTA,Extracción Efectiva,Petrolífero,Bombeo Mecánico,EXPLOTACION,6530.0,,,494.26,80.44,63.45,21.9,prod_2026
163333,YPF.Nq.SOil-362(h),2026-08,YPF S.A.,LOMA CAMPANA,VACA MUERTA,Extracción Efectiva,Petrolífero,Bombeo Mecánico,EXPLOTACION,0.0,,,406.26,93.48,21.71,28.88,prod_2026
163334,YPF.Nq.SOil-363(h),2026-08,YPF S.A.,LOMA CAMPANA,VACA MUERTA,Extracción Efectiva,Petrolífero,Bombeo Mecánico,EXPLOTACION,5404.0,,,821.29,110.25,82.23,30.42,prod_2026
163371,TPT.Nq.FP-1442(h),2026-08,TECPETROL S.A.,FORTIN DE PIEDRA,VACA MUERTA,Extracción Efectiva,Gasífero,Surgencia Natural,EXPLOTACION,5.235,,,280.8914,3082.472,18.12551,29.15556,prod_2026
163375,PLU.Nq.LCa-3119(h),2026-08,PLUSPETROL S.A.,LA CALERA,VACA MUERTA,Extracción Efectiva,Gasífero,Surgencia Natural,EXPLOTACION,5630.0,,,297.764,1238.344,318.867,26.30208,prod_2026
163376,PLU.Nq.LCa-3120(h),2026-08,PLUSPETROL S.A.,LA CALERA,VACA MUERTA,Extracción Efectiva,Gasífero,Surgencia Natural,EXPLOTACION,5478.0,,,299.734,679.517,21.055,21.47917,prod_2026
163377,PLU.Nq.LCa-3121(h),2026-08,PLUSPETROL S.A.,LA CALERA,VACA MUERTA,Extracción Efectiva,Gasífero,Surgencia Natural,EXPLOTACION,5391.0,,,335.236,1530.448,176.55,25.78125,prod_2026
163392,VIS.Nq.BPO-2481(h),2026-08,VISTA ENERGY ARGENTINA SAU,BAJADA DEL PALO OESTE,VACA MUERTA,Extracción Efectiva,Petrolífero,Gas Lift,EXPLOTACION,6185.0,,,215.579,37.943,633.53,27.671,prod_2026
163393,VIS.Nq.BPO-2482(h),2026-08,VISTA ENERGY ARGENTINA SAU,BAJADA DEL PALO OESTE,VACA MUERTA,Extracción Efectiva,Petrolífero,Gas Lift,EXPLOTACION,6016.0,,,1112.276,155.759,5839.737,30.477,prod_2026
163394,VIS.Nq.BPO-2483(h),2026-08,VISTA ENERGY ARGENTINA SAU,BAJADA DEL PALO OESTE,VACA MUERTA,Extracción Efectiva,Petrolífero,Gas Lift,EXPLOTACION,6012.0,,,369.533,20.072,5130.177,30.448,prod_2026
163395,VIS.Nq.BPO-2484(h),2026-08,VISTA ENERGY ARGENTINA SAU,BAJADA DEL PALO OESTE,VACA MUERTA,Extracción Efectiva,Petrolífero,Gas Lift,EXPLOTACION,5778.0,,,226.229,101.424,3124.344,30.473,prod_2026
163399,TPT.Nq.FP-1441(h),2026-08,TECPETROL S.A.,FORTIN DE PIEDRA,VACA MUERTA,Extracción Efectiva,Gasífero,Surgencia Natural,EXPLOTACION,5487.0,,,385.7915,4539.823,412.0704,27.11944,prod_2026
163400,TPT.Nq.FP-1443(h),2026-08,TECPETROL S.A.,FORTIN DE PIEDRA,VACA MUERTA,Extracción Efectiva,Gasífero,Surgencia Natural,EXPLOTACION,5030.0,,,222.6254,2577.003,111.0938,27.21597,prod_2026
163416,YPF.Nq.BdT.x-11(h),2026-08,YPF S.A.,BAJO DEL TORO NORTE,VACA MUERTA,Extracción Efectiva,Petrolífero,Bombeo Mecánico,EXPLORACION,4372.0,,,114.87,18.92,0.0,20.77,prod_2026
163417,YPF.Nq.BdT.x-12(h),2026-08,YPF S.A.,BAJO DEL TORO NORTE,VACA MUERTA,Parado Transitoriamente,Petrolífero,Bombeo Mecánico,EXPLORACION,4296.0,,,0.0,0.0,0.0,0.0,prod_2026
163418,YPF.Nq.BdT.x-13(h),2026-08,YPF S.A.,BAJO DEL TORO NORTE,VACA MUERTA,Extracción Efectiva,Petrolífero,Bombeo Mecánico,EXPLORACION,5800.0,,,663.55,119.1,74.48,29.84,prod_2026
163419,YPF.Nq.BdT.x-16(h),2026-08,YPF S.A.,BAJO DEL TORO NORTE,VACA MUERTA,Extracción Efectiva,Petrolífero,Bombeo Mecánico,EXPLORACION,5430.0,,,316.74,88.26,132.44,24.59,prod_2026
163421,YPF.Nq.LCav-100(h),2026-08,YPF S.A.,BANDURRIA SUR,VACA MUERTA,Extracción Efectiva,Petrolífero,Surgencia Natural,EXPLOTACION,0.0,,,33.52,16.13,3.62,0.5,prod_2026
163422,YPF.Nq.LCav-101(h),2026-08,YPF S.A.,BANDURRIA SUR,VACA MUERTA,Extracción Efectiva,Petrolífero,Surgencia Natural,EXPLOTACION,6526.0,,,1728.37,257.84,71.43,27.42,prod_2026
163423,YPF.Nq.LCav-840(h),2026-08,YPF S.A.,BANDURRIA SUR,VACA MUERTA,Extracción Efectiva,Petrolífero,Surgencia Natural,EXPLOTACION,6463.0,,,1282.14,271.95,108.89,27.52,prod_2026
163424,YPF.Nq.LCav-98(h),2026-08,YPF S.A.,BANDURRIA SUR,VACA MUERTA,Extracción Efectiva,Petrolífero,Surgencia Natural,EXPLOTACION,7077.0,,,279.99,53.32,3.75,4.33,prod_2026
163425,YPF.Nq.LCav-99(h),2026-08,YPF S.A.,BANDURRIA SUR,VACA MUERTA,Extracción Efectiva,Petrolífero,Bombeo Mecánico,EXPLOTACION,6865.0,,,796.6,67.81,84.76,28.65,prod_2026
163426,YPF.Nq.RDMN-214(h),2026-08,YPF S.A.,RINCON DEL MANGRULLO,VACA MUERTA,Extracción Efectiva,Gasífero,Surgencia Natural,EXPLOTACION,6129.0,,,3.94,3275.55,307.97,16.57,prod_2026
163427,YPF.Nq.RDMN-215(h),2026-08,YPF S.A.,RINCON DEL MANGRULLO,VACA MUERTA,Extracción Efectiva,Gasífero,Surgencia Natural,EXPLOTACION,6082.0,,,3.12,3417.34,240.02,22.55,prod_2026
163428,YPF.Nq.RDMN-217(h),2026-08,YPF S.A.,RINCON DEL MANGRULLO,VACA MUERTA,Extracción Efectiva,Gasífero,Surgencia Natural,EXPLOTACION,6228.0,,,3.05,3783.31,320.23,20.26,prod_2026
163435,TAU.Nq.AP-1040(h),2026-08,TOTAL AUSTRAL S.A.,AGUADA PICHANA ESTE VACA MUERTA,VACA MUERTA,Extracción Efectiva,Gasífero,Surgencia Natural,EXPLOTACION,6168.0,,,0.0,6234.143,171.9739,30.45486,prod_2026
163436,TAU.Nq.AP-1041(h),2026-08,TOTAL AUSTRAL S.A.,AGUADA PICHANA ESTE VACA MUERTA,VACA MUERTA,Extracción Efectiva,Gasífero,Surgencia Natural,EXPLOTACION,6222.9,,,0.0,4156.478,519.5953,30.42014,prod_2026
163437,TPT.Nq.LAnch.x-2(h),2025-12,TECPETROL S.A.,LOMA ANCHA,VACA MUERTA,Parado Transitoriamente,Gasífero,Surgencia Natural,EXPLOTACION,4384.0,,,0.0,0.0,0.0,0.0,prod_2025
163438,KIL.Nq.MMo-1026(h),2026-08,PHOENIX GLOBAL RESOURCES S.A.,MATA MORA NORTE,VACA MUERTA,Extracción Efectiva,Petrolífero,Bombeo Mecánico,EXPLOTACION,5968.0,,,638.6933,58.02449,32.33196,30.20486,prod_2026
163439,KIL.Nq.MMo-1027(st),2026-08,PHOENIX GLOBAL RESOURCES S.A.,MATA MORA NORTE,VACA MUERTA,Extracción Efectiva,Petrolífero,Bombeo Mecánico,EXPLOTACION,5899.0,,,428.3163,23.55245,35.65309,30.60417,prod_2026
163440,KIL.Nq.MMo-1028(h),2026-08,PHOENIX GLOBAL RESOURCES S.A.,MATA MORA NORTE,VACA MUERTA,Extracción Efectiva,Petrolífero,Bombeo Mecánico,EXPLOTACION,5945.0,,,435.9927,29.42502,41.51607,30.82292,prod_2026
163453,PAE.Nq.APO-122(h),2026-08,PAN AMERICAN ENERGY SL,AGUADA PICHANA OESTE,VACA MUERTA,Extracción Efectiva,Gasífero,Surgencia Natural,EXPLOTACION,0.0,,,0.0,1371.41,7.283985,29.91597,prod_2026
163454,PAE.Nq.APO-121(h),2026-08,PAN AMERICAN ENERGY SL,AGUADA PICHANA OESTE,VACA MUERTA,Extracción Efectiva,Gasífero,Surgencia Natural,EXPLOTACION,0.0,,,0.0,3194.123,287.3338,29.77431,prod_2026
163458,PAE.Nq.APO-120(h),2026-08,PAN AMERICAN ENERGY SL,AGUADA PICHANA OESTE,VACA MUERTA,Extracción Efectiva,Gasífero,Surgencia Natural,EXPLOTACION,0.0,,,0.0,2676.475,154.6457,29.77431,prod_2026
163491,VIS.Nq.BPO-2601(h),2026-08,VISTA ENERGY ARGENTINA SAU,BAJADA DEL PALO OESTE,VACA MUERTA,Extracción Efectiva,Petrolífero,Gas Lift,EXPLOTACION,6064.0,,,1188.942,476.889,70.527,30.352,prod_2026
163492,VIS.Nq.BPO-2602(h),2026-08,VISTA ENERGY ARGENTINA SAU,BAJADA DEL PALO OESTE,VACA MUERTA,Extracción Efectiva,Petrolífero,Gas Lift,EXPLOTACION,6034.0,,,654.671,75.715,190.885,30.461,prod_2026
163493,VIS.Nq.BPO-2603(h),2026-08,VISTA ENERGY ARGENTINA SAU,BAJADA DEL PALO OESTE,VACA MUERTA,Extracción Efectiva,Petrolífero,Gas Lift,EXPLOTACION,6024.0,,,1323.507,77.191,75.09,28.375,prod_2026
163494,VIS.Nq.BPO-2604(h),2026-08,VISTA ENERGY ARGENTINA SAU,BAJADA DEL PALO OESTE,VACA MUERTA,Extracción Efectiva,Petrolífero,Gas Lift,EXPLOTACION,5590.0,,,828.686,63.343,20.777,30.457,prod_2026
163507,YPF.Nq.BdT.x-15(h),2026-08,YPF S.A.,BAJO DEL TORO NORTE,VACA MUERTA,Extracción Efectiva,Petrolífero,Bombeo Mecánico,EXPLORACION,4328.0,,,490.36,40.57,105.61,29.1,prod_2026
163508,YPF.Nq.LACh-109(h),2026-08,YPF S.A.,LA AMARGA CHICA,VACA MUERTA,Extracción Efectiva,Petrolífero,Surgencia Natural,EXPLOTACION,5572.0,,,1399.29,251.93,1004.87,29.96,prod_2026
163509,YPF.Nq.LACh-110(h),2026-08,YPF S.A.,LA AMARGA CHICA,VACA MUERTA,Extracción Efectiva,Petrolífero,Bombeo Mecánico,EXPLOTACION,5587.0,,,748.01,106.58,112.12,30.29,prod_2026
163510,YPF.Nq.LACh-111(h),2026-08,YPF S.A.,LA AMARGA CHICA,VACA MUERTA,Extracción Efectiva,Petrolífero,Surgencia Natural,EXPLOTACION,5551.0,,,53.33,8.53,31.65,2.38,prod_2026
163511,YPF.Nq.LACh-112(h),2026-08,YPF S.A.,LA AMARGA CHICA,VACA MUERTA,Extracción Efectiva,Petrolífero,Surgencia Natural,EXPLOTACION,5600.0,,,39.59,4.27,6.48,1.58,prod_2026
163522,XOM.Nq.BdC-45(h),2026-08,PLUSPETROL CUENCA NEUQUINA S.R.L.,BAJO DEL CHOIQUE,VACA MUERTA,Extracción Efectiva,Petrolífero,Surgencia Natural,EXPLOTACION,6557.01,,,814.53,392.35,236.53,31.0,prod_2026
163523,XOM.Nq.BdC-46(h),2026-08,PLUSPETROL CUENCA NEUQUINA S.R.L.,BAJO DEL CHOIQUE,VACA MUERTA,Extracción Efectiva,Petrolífero,Surgencia Natural,EXPLOTACION,5796.0,,,1657.98,726.23,591.51,31.0,prod_2026
163524,XOM.Nq.BdC-47(h),2026-08,PLUSPETROL CUENCA NEUQUINA S.R.L.,BAJO DEL CHOIQUE,VACA MUERTA,Extracción Efectiva,Petrolífero,Surgencia Natural,EXPLOTACION,6550.0,,,800.36,688.42,799.69,31.0,prod_2026
163525,XOM.Nq.BdC-48(h),2026-08,PLUSPETROL CUENCA NEUQUINA S.R.L.,BAJO DEL CHOIQUE,VACA MUERTA,Extracción Efectiva,Petrolífero,Surgencia Natural,EXPLOTACION,6442.0,,,0.0,0.0,0.0,0.0,prod_2026
163526,XOM.Nq.BdC-49(h),2026-08,PLUSPETROL CUENCA NEUQUINA S.R.L.,BAJO DEL CHOIQUE,VACA MUERTA,Extracción Efectiva,Petrolífero,Surgencia Natural,EXPLOTACION,6258.0,,,973.67,648.78,265.15,31.0,prod_2026
163527,XOM.Nq.BdC-50(h)(I),2026-08,PLUSPETROL CUENCA NEUQUINA S.R.L.,BAJO DEL CHOIQUE,VACA MUERTA,Extracción Efectiva,Petrolífero,Surgencia Natural,EXPLOTACION,6495.0,,,0.0,0.0,0.0,0.0,prod_2026
163530,TPT.Nq.LTE.x-1003(h),2026-08,TECPETROL S.A.,LOS TOLDOS ESTE,VACA MUERTA,Extracción Efectiva,Petrolífero,Surgencia Natural,EXPLORACION,4390.0,,,397.8972,99.63415,128.536,7.494444,prod_2026
163531,TPT.Nq.LTE.x-1004(h),2026-08,TECPETROL S.A.,LOS TOLDOS ESTE,VACA MUERTA,Extracción Efectiva,Petrolífero,Surgencia Natural,EXPLORACION,4276.0,,,1664.252,424.1673,144.5479,29.89653,prod_2026
163532,TPT.Nq.LTE.x-1005(h),2026-08,TECPETROL S.A.,LOS TOLDOS ESTE,VACA MUERTA,Extracción Efectiva,Petrolífero,Surgencia Natural,EXPLORACION,4286.0,,,612.3147,137.764,253.95,14.87917,prod_2026
163534,PAE.Nq.ECh-112(h),2026-08,PAN AMERICAN ENERGY SL,LINDERO ATRAVESADO OCCIDENTAL,VACA MUERTA,Extracción Efectiva,Petrolífero,Bombeo Mecánico,EXPLOTACION,6265.0,,,609.904,66.56001,13.45728,30.36111,prod_2026
163540,PAE.Nq.ECh-114(h),2026-08,PAN AMERICAN ENERGY SL,LINDERO ATRAVESADO OCCIDENTAL,VACA MUERTA,Extracción Efectiva,Petrolífero,Bombeo Mecánico,EXPLOTACION,0.0,,,892.3643,64.37127,10.6543,31.0,prod_2026
163545,TAU.Nq.AP-1050(h),2026-08,TOTAL AUSTRAL S.A.,AGUADA PICHANA ESTE VACA MUERTA,VACA MUERTA,Extracción Efectiva,Gasífero,Surgencia Natural,EXPLOTACION,6177.0,,,0.0,7906.215,90.65929,28.96528,prod_2026
163546,TAU.Nq.AP-1051(h),2026-08,TOTAL AUSTRAL S.A.,AGUADA PICHANA ESTE VACA MUERTA,VACA MUERTA,Extracción Efectiva,Gasífero,Surgencia Natural,EXPLOTACION,6269.0,,,0.0,4417.999,1155.172,28.64236,prod_2026
163550,PLU.Nq.LCa-3086(h),2026-08,PLUSPETROL S.A.,LA CALERA,VACA MUERTA,Extracción Efectiva,Gasífero,Surgencia Natural,EXPLOTACION,5808.0,,,736.374,1092.42,1355.857,25.41667,prod_2026
163551,PLU.Nq.LCa-3087(h),2026-08,PLUSPETROL S.A.,LA CALERA,VACA MUERTA,Extracción Efectiva,Gasífero,Surgencia Natural,EXPLOTACION,5681.0,,,607.103,941.6,1304.057,24.61458,prod_2026
163566,PLU.Nq.LCa-3088(h),2026-08,PLUSPETROL S.A.,LA CALERA,VACA MUERTA,Extracción Efectiva,Gasífero,Surgencia Natural,EXPLOTACION,5623.0,,,588.897,922.841,387.479,24.61458,prod_2026
163577,WIN.Nq.AF-303(h),2026-08,VISTA ENERGY ARGENTINA SAU,AGUADA FEDERAL,VACA MUERTA,Extracción Efectiva,Petrolífero,Gas Lift,EXPLOTACION,5507.0,,,329.395,29.077,132.973,30.528,prod_2026
163578,WIN.Nq.AF-403(h),2026-08,VISTA ENERGY ARGENTINA SAU,AGUADA FEDERAL,VACA MUERTA,Extracción Efectiva,Petrolífero,Gas Lift,EXPLOTACION,5477.0,,,411.852,36.779,139.772,30.899,prod_2026
163579,VIS.Nq.AF-1103(h),2026-08,VISTA ENERGY ARGENTINA SAU,AGUADA FEDERAL,VACA MUERTA,Extracción Efectiva,Petrolífero,Gas Lift,EXPLOTACION,5492.0,,,1036.614,131.679,491.984,31.0,prod_2026
163580,VIS.Nq.AF-1203(h),2026-08,VISTA ENERGY ARGENTINA SAU,AGUADA FEDERAL,VACA MUERTA,Extracción Efectiva,Petrolífero,Gas Lift,EXPLOTACION,5754.0,,,1097.768,147.435,962.657,30.923,prod_2026
163586,YPF.Nq.LACh-440(h),2026-08,YPF S.A.,LA AMARGA CHICA,VACA MUERTA,Extracción Efectiva,Petrolífero,Surgencia Natural,EXPLOTACION,6225.0,,,606.3,76.48,19.73,30.77,prod_2026
163587,YPF.Nq.LACh-441(h),2026-08,YPF S.A.,LA AMARGA CHICA,VACA MUERTA,Extracción Efectiva,Petrolífero,Bombeo Mecánico,EXPLOTACION,6010.0,,,0.08,0.54,11.83,0.21,prod_2026
163588,YPF.Nq.LACh-442(h),2026-08,YPF S.A.,LA AMARGA CHICA,VACA MUERTA,Extracción Efectiva,Petrolífero,Surgencia Natural,EXPLOTACION,5833.0,,,603.26,78.66,22.64,31.0,prod_2026
163589,YPF.Nq.LACh-443(h),2026-08,YPF S.A.,LA AMARGA CHICA,VACA MUERTA,Parado Transitoriamente,Petrolífero,Bombeo Mecánico,EXPLOTACION,5533.0,,,0.0,0.0,0.0,0.0,prod_2026
163590,YPF.Nq.LACh-444(h),2026-08,YPF S.A.,LA AMARGA CHICA,VACA MUERTA,Extracción Efectiva,Petrolífero,Bombeo Mecánico,EXPLOTACION,5460.0,,,510.7,56.41,72.73,30.25,prod_2026
163591,YPF.Nq.LACh-445(h),2026-08,YPF S.A.,LA AMARGA CHICA,VACA MUERTA,Parado Transitoriamente,Petrolífero,Bombeo Mecánico,EXPLOTACION,5309.0,,,0.0,0.0,0.0,0.0,prod_2026
163593,YPF.Nq.LdlC-2(h),2026-08,YPF S.A.,LA ANGOSTURA SUR I,VACA MUERTA,Extracción Efectiva,Petrolífero,Gas Lift,EXPLOTACION,5361.0,,,796.23,200.64,4.58,29.04,prod_2026
163595,YPF.Nq.SOil-411(h),2026-08,YPF S.A.,LOMA CAMPANA,VACA MUERTA,Extracción Efectiva,Petrolífero,Bombeo Mecánico,EXPLOTACION,5720.0,,,722.63,101.52,17.54,30.33,prod_2026
163596,YPF.Nq.SOil-412(h),2026-08,YPF S.A.,LOMA CAMPANA,VACA MUERTA,Extracción Efectiva,Petrolífero,Bombeo Mecánico,EXPLOTACION,5357.0,,,666.8,45.61,1.39,30.19,prod_2026
163597,YPF.Nq.SOil-413(h),2026-08,YPF S.A.,LOMA CAMPANA,VACA MUERTA,Extracción Efectiva,Petrolífero,Bombeo Mecánico,EXPLOTACION,5200.0,,,563.26,75.48,23.97,30.25,prod_2026
163598,YPF.Nq.SOil-414(h),2026-08,YPF S.A.,LOMA CAMPANA-LLL,VACA MUERTA,Extracción Efectiva,Petrolífero,Bombeo Mecánico,EXPLOTACION,5350.0,,,52.05,5.54,1.07,10.83,prod_2026
163599,YPF.Nq.SOil-415(h),2026-08,YPF S.A.,LOMA CAMPANA,VACA MUERTA,Extracción Efectiva,Petrolífero,Bombeo Mecánico,EXPLOTACION,6046.0,,,1296.4,105.01,54.33,30.08,prod_2026
163600,YPF.Nq.SOil-434(h),2026-08,YPF S.A.,LOMA CAMPANA,VACA MUERTA,Extracción Efectiva,Petrolífero,Bombeo Mecánico,EXPLOTACION,5313.0,,,479.55,62.45,12.63,30.75,prod_2026
163601,YPF.Nq.SOil-435(h),2026-08,YPF S.A.,LOMA CAMPANA,VACA MUERTA,Extracción Efectiva,Petrolífero,Bombeo Mecánico,EXPLOTACION,6298.0,,,785.78,104.35,11.8,30.75,prod_2026
163602,YPF.Nq.SOil-436(h),2026-08,YPF S.A.,LOMA CAMPANA,VACA MUERTA,Extracción Efectiva,Petrolífero,Bombeo Mecánico,EXPLOTACION,5280.0,,,533.21,83.47,27.74,30.58,prod_2026
163603,YPF.Nq.SOil-437(h),2026-08,YPF S.A.,LOMA CAMPANA,VACA MUERTA,Extracción Efectiva,Petrolífero,Bombeo Mecánico,EXPLOTACION,6295.0,,,489.83,63.11,14.81,30.69,prod_2026
163604,YPF.Nq.SOil-438(h),2026-08,YPF S.A.,LOMA CAMPANA,VACA MUERTA,Extracción Efectiva,Petrolífero,Bombeo Mecánico,EXPLOTACION,5275.0,,,568.62,80.95,43.6,30.63,prod_2026
163605,YPF.Nq.SOil-439(h),2026-08,YPF S.A.,LOMA CAMPANA,VACA MUERTA,Extracción Efectiva,Petrolífero,Bombeo Mecánico,EXPLOTACION,6297.0,,,1211.8,155.89,51.12,29.87,prod_2026
163625,KIL.Nq.MMo-1029(h),2026-08,PHOENIX GLOBAL RESOURCES S.A.,MATA MORA NORTE,VACA MUERTA,Extracción Efectiva,Petrolífero,Bombeo Mecánico,EXPLOTACION,5454.0,,,796.6963,63.54433,8.687678,30.69653,prod_2026
163626,KIL.Nq.MMo-1030(h),2026-08,PHOENIX GLOBAL RESOURCES S.A.,MATA MORA NORTE,VACA MUERTA,Extracción Efectiva,Petrolífero,Bombeo Mecánico,EXPLOTACION,5363.0,,,3178.096,282.2032,835.791,31.0,prod_2026
163627,KIL.Nq.MMo-1031(h),2026-08,PHOENIX GLOBAL RESOURCES S.A.,MATA MORA NORTE,VACA MUERTA,Extracción Efectiva,Petrolífero,Bombeo Mecánico,EXPLOTACION,5402.0,,,891.6538,59.50591,114.7922,30.80208,prod_2026
163628,XOM.Nq.BdC-27(h),2026-08,PLUSPETROL CUENCA NEUQUINA S.R.L.,BAJO DEL CHOIQUE,VACA MUERTA,Extracción Efectiva,Petrolífero,Surgencia Natural,EXPLOTACION,6244.0,,,556.67,208.61,213.17,6.0,prod_2026
163629,XOM.Nq.BdC-28(h),2026-08,PLUSPETROL CUENCA NEUQUINA S.R.L.,BAJO DEL CHOIQUE,VACA MUERTA,Extracción Efectiva,Petrolífero,Surgencia Natural,EXPLOTACION,5531.0,,,1515.47,703.73,1365.51,21.0,prod_2026
163630,XOM.Nq.BdC-29(h),2026-08,PLUSPETROL CUENCA NEUQUINA S.R.L.,BAJO DEL CHOIQUE,VACA MUERTA,Extracción Efectiva,Petrolífero,Surgencia Natural,EXPLOTACION,6439.0,,,3968.27,1942.13,479.46,27.0,prod_2026
163631,XOM.Nq.BdC-30(h),2026-08,PLUSPETROL CUENCA NEUQUINA S.R.L.,BAJO DEL CHOIQUE,VACA MUERTA,Extracción Efectiva,Petrolífero,Surgencia Natural,EXPLOTACION,6577.0,,,4162.47,1921.65,528.15,31.0,prod_2026
163632,XOM.Nq.BdC-31(h),2026-08,PLUSPETROL CUENCA NEUQUINA S.R.L.,BAJO DEL CHOIQUE,VACA MUERTA,Extracción Efectiva,Petrolífero,Surgencia Natural,EXPLOTACION,6501.0,,,4545.39,1701.73,762.4,31.0,prod_2026
163633,XOM.Nq.BdC-32(h),2026-08,PLUSPETROL CUENCA NEUQUINA S.R.L.,BAJO DEL CHOIQUE,VACA MUERTA,Extracción Efectiva,Petrolífero,Surgencia Natural,EXPLOTACION,6550.0,,,4310.64,2241.27,373.23,31.0,prod_2026
163677,TPT.Nq.FP-1346(h),2026-08,TECPETROL S.A.,FORTIN DE PIEDRA,VACA MUERTA,Extracción Efectiva,Gasífero,Surgencia Natural,EXPLOTACION,5714.0,,,299.9164,2825.925,165.4106,31.0,prod_2026
163678,TPT.Nq.FP-1347(h),2026-08,TECPETROL S.A.,FORTIN DE PIEDRA,VACA MUERTA,Parado Transitoriamente,Gasífero,Surgencia Natural,EXPLOTACION,5666.0,,,112.7397,706.0449,596.2441,15.0,prod_2026
163679,TPT.Nq.FP-1348(h),2026-08,TECPETROL S.A.,FORTIN DE PIEDRA,VACA MUERTA,Extracción Efectiva,Gasífero,Surgencia Natural,EXPLOTACION,5718.0,,,126.0772,960.2016,144.3653,24.22569,prod_2026
163685,YPF.Nq.LCav-57(h),2026-08,YPF S.A.,BANDURRIA SUR,VACA MUERTA,Extracción Efectiva,Petrolífero,Bombeo Mecánico,EXPLOTACION,5535.0,,,616.97,86.01,75.85,30.29,prod_2026
163686,YPF.Nq.LCav-58(h),2026-08,YPF S.A.,BANDURRIA SUR,VACA MUERTA,Extracción Efectiva,Petrolífero,Bombeo Mecánico,EXPLOTACION,5611.0,,,617.16,199.37,446.41,30.62,prod_2026
163687,YPF.Nq.LCav-59(h),2026-08,YPF S.A.,BANDURRIA SUR,VACA MUERTA,Extracción Efectiva,Petrolífero,Bombeo Mecánico,EXPLOTACION,5750.0,,,451.96,209.15,217.15,29.15,prod_2026
163688,YPF.Nq.LCav-60(h),2026-08,YPF S.A.,BANDURRIA SUR,VACA MUERTA,Extracción Efectiva,Petrolífero,Bombeo Mecánico,EXPLOTACION,5785.0,,,451.27,29.44,40.93,30.54,prod_2026
163689,YPF.Nq.LCav-61(h),2026-08,YPF S.A.,BANDURRIA SUR,VACA MUERTA,Extracción Efectiva,Petrolífero,Bombeo Mecánico,EXPLOTACION,5351.0,,,256.65,27.11,10.9,27.79,prod_2026
163690,YPF.Nq.LCav-62(h),2026-08,YPF S.A.,BANDURRIA SUR,VACA MUERTA,Extracción Efectiva,Petrolífero,Bombeo Mecánico,EXPLOTACION,5533.0,,,115.98,28.17,46.84,16.6,prod_2026
163691,YPF.Nq.LLL-1674(h),2026-08,YPF S.A.,LOMA CAMPANA-LLL,VACA MUERTA,Extracción Efectiva,Petrolífero,Bombeo Mecánico,EXPLOTACION,7523.0,,,1225.08,158.92,41.8,31.0,prod_2026
163692,YPF.Nq.LLL-1675(h),2026-08,YPF S.A.,LOMA CAMPANA-LLL,VACA MUERTA,Extracción Efectiva,Petrolífero,Bombeo Mecánico,EXPLOTACION,5340.0,,,711.86,85.68,40.48,30.33,prod_2026
163693,YPF.Nq.LLL-1676(h),2026-08,YPF S.A.,LOMA CAMPANA-LLL,VACA MUERTA,Extracción Efectiva,Petrolífero,Bombeo Mecánico,EXPLOTACION,7535.0,,,653.39,77.72,15.18,28.62,prod_2026
163694,YPF.Nq.LLL-1677(h),2026-08,YPF S.A.,LOMA CAMPANA-LLL,VACA MUERTA,Extracción Efectiva,Petrolífero,Bombeo Mecánico,EXPLOTACION,0.0,,,1193.66,152.43,2.9,30.71,prod_2026
163695,YPF.Nq.LajE-55(h),2026-08,YPF S.A.,LA ANGOSTURA SUR I,VACA MUERTA,Extracción Efectiva,Petrolífero,Gas Lift,EXPLOTACION,5788.0,,,2625.91,1021.56,100.29,30.24,prod_2026
163700,PAM.Nq.SCh-1005(h),2026-08,PAMPA ENERGIA S.A.,SIERRA CHATA,VACA MUERTA,Extracción Efectiva,Gasífero,Surgencia Natural,EXPLOTACION,5663.0,,,0.0,3407.242,0.0,30.42986,prod_2026
163701,PAM.Nq.SCh-1006(h),2026-08,PAMPA ENERGIA S.A.,SIERRA CHATA,VACA MUERTA,Extracción Efectiva,Gasífero,Surgencia Natural,EXPLOTACION,5655.0,,,0.0,2991.627,226.126,30.52917,prod_2026
163705,PAE.Nq.ECh-140(h),2026-08,PAN AMERICAN ENERGY SL,LINDERO ATRAVESADO OCCIDENTAL,VACA MUERTA,Extracción Efectiva,Petrolífero,Bombeo Mecánico,EXPLOTACION,6345.0,,,681.2279,45.52398,1.7507,29.02431,prod_2026
163707,PAE.Nq.ECh-116(h),2026-08,PAN AMERICAN ENERGY SL,LINDERO ATRAVESADO OCCIDENTAL,VACA MUERTA,Extracción Efectiva,Petrolífero,Bombeo Mecánico,EXPLOTACION,6292.0,,,654.1223,64.45391,2.232159,31.0,prod_2026
163719,PAE.Nq.ECh-142(h),2026-08,PAN AMERICAN ENERGY SL,LINDERO ATRAVESADO OCCIDENTAL,VACA MUERTA,Extracción Efectiva,Petrolífero,Bombeo Mecánico,EXPLOTACION,6248.0,,,531.3554,37.87875,4.049594,30.79167,prod_2026
163726,PLU.Nq.LCa-3134(h),2026-08,PLUSPETROL S.A.,LA CALERA,VACA MUERTA,Extracción Efectiva,Gasífero,Surgencia Natural,EXPLOTACION,6027.0,,,601.585,1591.278,128.385,17.61458,prod_2026
163727,PLU.Nq.LCa-3135(h),2026-08,PLUSPETROL S.A.,LA CALERA,VACA MUERTA,Extracción Efectiva,Gasífero,Surgencia Natural,EXPLOTACION,5910.0,,,692.754,2664.041,226.651,28.17708,prod_2026
163728,PLU.Nq.LCa-3136(h),2026-08,PLUSPETROL S.A.,LA CALERA,VACA MUERTA,Extracción Efectiva,Gasífero,Surgencia Natural,EXPLOTACION,6028.0,,,658.617,2081.811,152.858,27.21875,prod_2026
163739,TPT.Nq.FP-1278(h),2026-08,TECPETROL S.A.,FORTIN DE PIEDRA,VACA MUERTA,Extracción Efectiva,Gasífero,Surgencia Natural,EXPLOTACION,5743.0,,,280.7071,2149.499,147.2856,31.0,prod_2026
163740,TPT.Nq.FP-1275(h),2026-08,TECPETROL S.A.,FORTIN DE PIEDRA,VACA MUERTA,Extracción Efectiva,Gasífero,Surgencia Natural,EXPLOTACION,5652.0,,,242.2074,1744.845,1275.203,27.79931,prod_2026
163741,TPT.Nq.FP-1276(h)(ST1),2026-08,TECPETROL S.A.,FORTIN DE PIEDRA,VACA MUERTA,Extracción Efectiva,Gasífero,Surgencia Natural,EXPLOTACION,5629.0,,,220.2876,2356.891,1990.255,31.0,prod_2026
163742,TPT.Nq.FP-1277(h),2026-08,TECPETROL S.A.,FORTIN DE PIEDRA,VACA MUERTA,Parado Transitoriamente,Gasífero,Surgencia Natural,EXPLOTACION,5600.0,,,0.0,0.0,0.0,0.0,prod_2026
163744,TPT.Nq.PPar.a-3(h),2026-08,TECPETROL S.A.,PUESTO PARADA NC,VACA MUERTA,Extracción Efectiva,Petrolífero,Bombeo Mecánico,EXPLOTACION,4723.0,,,442.9539,40.10967,19.62975,28.82292,prod_2026
163756,YPF.Nq.LACh-170(h),2026-08,YPF S.A.,LA AMARGA CHICA,VACA MUERTA,Extracción Efectiva,Petrolífero,Bombeo Mecánico,EXPLOTACION,6385.0,,,273.78,19.18,3248.41,30.48,prod_2026
163757,YPF.Nq.LACh-171(h),2026-08,YPF S.A.,LA AMARGA CHICA,VACA MUERTA,Parado Transitoriamente,Petrolífero,Surgencia Natural,EXPLOTACION,6470.0,,,0.0,0.0,0.0,0.0,prod_2026
163758,YPF.Nq.LACh-234(h),2026-08,YPF S.A.,LA AMARGA CHICA,VACA MUERTA,Extracción Efectiva,Petrolífero,Bombeo Mecánico,EXPLOTACION,5861.0,,,493.34,45.31,18.58,16.17,prod_2026
163759,YPF.Nq.LACh-235(h),2026-08,YPF S.A.,LA AMARGA CHICA,VACA MUERTA,Extracción Efectiva,Petrolífero,Bombeo Mecánico,EXPLOTACION,5907.0,,,53.66,5.25,2929.85,29.08,prod_2026
163760,YPF.Nq.LACh-236(h),2026-08,YPF S.A.,LA AMARGA CHICA,VACA MUERTA,Extracción Efectiva,Petrolífero,Bombeo Mecánico,EXPLOTACION,6116.0,,,38.95,4.1,19.23,8.0,prod_2026
163761,YPF.Nq.LACh-237(h),2026-08,YPF S.A.,LA AMARGA CHICA,VACA MUERTA,Extracción Efectiva,Petrolífero,Surgencia Natural,EXPLOTACION,6157.0,,,784.5,71.28,2203.45,28.35,prod_2026
163762,YPF.Nq.LCav-102(h),2026-08,YPF S.A.,BANDURRIA SUR,VACA MUERTA,Extracción Efectiva,Petrolífero,Bombeo Mecánico,EXPLOTACION,3131.0,,,1571.8,49.15,194.07,30.29,prod_2026
163778,PAE.Nq.ECh-144(h),2026-08,PAN AMERICAN ENERGY SL,LINDERO ATRAVESADO OCCIDENTAL,VACA MUERTA,Extracción Efectiva,Petrolífero,Bombeo Mecánico,EXPLOTACION,6332.0,,,763.0783,56.57262,4.052138,30.90972,prod_2026
163780,PAE.Nq.ECh-146(h),2026-08,PAN AMERICAN ENERGY SL,LINDERO ATRAVESADO OCCIDENTAL,VACA MUERTA,Parado Transitoriamente,Petrolífero,Bombeo Mecánico,EXPLOTACION,6263.0,,,1026.642,92.80043,131.0883,28.11806,prod_2026
163793,KIL.Nq.MMo-1038(h),2026-08,PHOENIX GLOBAL RESOURCES S.A.,MATA MORA NORTE,VACA MUERTA,Extracción Efectiva,Petrolífero,Bombeo Mecánico,EXPLOTACION,5535.0,,,905.0225,83.11078,1.711863,30.50486,prod_2026
163794,KIL.Nq.MMo-1039(h),2026-08,PHOENIX GLOBAL RESOURCES S.A.,MATA MORA NORTE,VACA MUERTA,Extracción Efectiva,Petrolífero,Bombeo Mecánico,EXPLOTACION,5540.0,,,270.3027,12.41545,14.36395,30.94931,prod_2026
163795,KIL.Nq.MMo-1040(h),2026-08,PHOENIX GLOBAL RESOURCES S.A.,MATA MORA NORTE,VACA MUERTA,Extracción Efectiva,Petrolífero,Bombeo Mecánico,EXPLOTACION,5591.55,,,614.6961,37.29251,3.579596,30.81111,prod_2026
163796,TAU.Nq.AP-1052(h),2026-08,TOTAL AUSTRAL S.A.,AGUADA PICHANA ESTE VACA MUERTA,VACA MUERTA,Extracción Efectiva,Gasífero,Surgencia Natural,EXPLOTACION,6050.0,,,28.45863,2111.619,137.3737,22.26389,prod_2026
163797,TAU.Nq.AP-1053(h),2026-08,TOTAL AUSTRAL S.A.,AGUADA PICHANA ESTE VACA MUERTA,VACA MUERTA,Extracción Efectiva,Gasífero,Surgencia Natural,EXPLOTACION,6005.0,,,104.8102,6302.392,329.9364,22.29861,prod_2026
163810,VIS.Nq.BPO-2415(h),2026-08,VISTA ENERGY ARGENTINA SAU,BAJADA DEL PALO OESTE,VACA MUERTA,Extracción Efectiva,Petrolífero,Gas Lift,EXPLOTACION,6395.0,,,1529.363,233.8,120.576,30.92,prod_2026
163811,PLU.Nq.LJE.x-1022(h),2026-08,GEOPARK ARGENTINA S.A.,LOMA JARILLOSA ESTE,VACA MUERTA,Extracción Efectiva,Petrolífero,Bombeo Mecánico,EXPLORACION,5615.0,,,372.25,30.01596,2404.047,30.1875,prod_2026
163812,PLU.Nq.LJE-1020(h),2026-08,GEOPARK ARGENTINA S.A.,LOMA JARILLOSA ESTE,VACA MUERTA,Extracción Efectiva,Petrolífero,Bombeo Mecánico,EXPLOTACION,5413.0,,,0.0,0.0,2919.498,28.45125,prod_2026
163813,PLU.Nq.LJE-1021(h),2026-08,GEOPARK ARGENTINA S.A.,LOMA JARILLOSA ESTE,VACA MUERTA,Extracción Efectiva,Petrolífero,Bombeo Mecánico,EXPLOTACION,5714.0,,,461.07,29.17892,2124.654,27.875,prod_2026
163819,PAM.Nq.SChN-1002(h),2026-08,PAMPA ENERGIA S.A.,SIERRA CHATA,VACA MUERTA,Extracción Efectiva,Gasífero,Surgencia Natural,EXPLOTACION,5567.0,,,0.0,2765.823,95.74023,31.0,prod_2026
163820,PAM.Nq.SChN-1003(h),2026-08,PAMPA ENERGIA S.A.,SIERRA CHATA,VACA MUERTA,Extracción Efectiva,Gasífero,Surgencia Natural,EXPLOTACION,5539.0,,,0.0,1704.113,160.7495,31.0,prod_2026
163821,PAM.Nq.SchN-1004(h),2026-08,PAMPA ENERGIA S.A.,SIERRA CHATA,VACA MUERTA,Extracción Efectiva,Gasífero,Surgencia Natural,EXPLOTACION,5625.0,,,0.0,2852.678,158.9873,31.0,prod_2026
163830,YPF.Nq.AdCh-1007(h),2026-08,YPF S.A.,LOMA COLORADA,VACA MUERTA,Extracción Efectiva,Petrolífero,Surgencia Natural,EXPLOTACION,5530.0,,,579.12,66.01,321.97,20.48,prod_2026
163831,YPF.Nq.AdCh-1008(h),2026-08,YPF S.A.,LOMA COLORADA,VACA MUERTA,Extracción Efectiva,Petrolífero,Bombeo Mecánico,EXPLOTACION,5426.0,,,350.25,27.4,219.04,29.27,prod_2026
163832,YPF.Nq.AdCh-1009(h),2026-08,YPF S.A.,LOMA COLORADA,VACA MUERTA,Extracción Efectiva,Petrolífero,Bombeo Mecánico,EXPLOTACION,5149.0,,,321.33,61.43,76.95,28.58,prod_2026
163833,YPF.Nq.AdCh-1010(h),2026-08,YPF S.A.,LOMA COLORADA,VACA MUERTA,Extracción Efectiva,Petrolífero,Bombeo Mecánico,EXPLOTACION,5621.0,,,692.99,106.23,183.88,28.79,prod_2026
163834,YPF.Nq.LACh-182(h),2026-08,YPF S.A.,LA AMARGA CHICA,VACA MUERTA,Extracción Efectiva,Petrolífero,Bombeo Mecánico,EXPLOTACION,5869.0,,,827.39,62.27,23.39,30.67,prod_2026
163835,YPF.Nq.LACh-183(h),2026-08,YPF S.A.,LA AMARGA CHICA,VACA MUERTA,Extracción Efectiva,Petrolífero,Bombeo Mecánico,EXPLOTACION,5835.0,,,736.85,51.81,17.65,29.88,prod_2026
163836,YPF.Nq.LACh-184(h),2026-08,YPF S.A.,LA AMARGA CHICA,VACA MUERTA,Extracción Efectiva,Petrolífero,Bombeo Mecánico,EXPLOTACION,5930.0,,,597.44,44.97,31.77,31.0,prod_2026
163837,YPF.Nq.LACh-185(h),2026-08,YPF S.A.,LA AMARGA CHICA,VACA MUERTA,Extracción Efectiva,Petrolífero,Bombeo Mecánico,EXPLOTACION,5965.0,,,939.79,68.71,82.17,30.85,prod_2026
163838,YPF.Nq.LACh-336(h),2026-08,YPF S.A.,LA AMARGA CHICA,VACA MUERTA,Extracción Efectiva,Petrolífero,Bombeo Mecánico,EXPLOTACION,4871.0,,,811.15,65.61,309.69,29.94,prod_2026
163839,YPF.Nq.LACh-337(h),2026-08,YPF S.A.,LA AMARGA CHICA,VACA MUERTA,Extracción Efectiva,Petrolífero,Bombeo Mecánico,EXPLOTACION,5060.0,,,565.93,49.95,146.19,30.58,prod_2026
163840,YPF.Nq.LACh-338(h),2026-08,YPF S.A.,LA AMARGA CHICA,VACA MUERTA,Extracción Efectiva,Petrolífero,Bombeo Mecánico,EXPLOTACION,5271.0,,,723.15,72.04,111.05,31.0,prod_2026
163841,YPF.Nq.LACh-339(h),2026-08,YPF S.A.,LA AMARGA CHICA,VACA MUERTA,Extracción Efectiva,Petrolífero,Surgencia Natural,EXPLOTACION,5289.0,,,516.75,47.37,56.83,20.23,prod_2026
163842,YPF.Nq.LCav-142(h),2026-08,YPF S.A.,BANDURRIA SUR,VACA MUERTA,Extracción Efectiva,Petrolífero,Surgencia Natural,EXPLOTACION,6324.0,,,0.88,0.19,45.11,2.33,prod_2026
163843,YPF.Nq.LCav-143(h),2026-08,YPF S.A.,BANDURRIA SUR,VACA MUERTA,Parado Transitoriamente,Petrolífero,Bombeo Mecánico,EXPLOTACION,6258.0,,,0.0,0.0,0.0,0.0,prod_2026
163844,YPF.Nq.LCav-144(h),2026-08,YPF S.A.,BANDURRIA SUR,VACA MUERTA,Extracción Efectiva,Petrolífero,Surgencia Natural,EXPLOTACION,6240.0,,,2450.39,351.38,1654.79,30.58,prod_2026
163845,YPF.Nq.LCav-63(h),2026-08,YPF S.A.,BANDURRIA SUR,VACA MUERTA,Parado Transitoriamente,Petrolífero,Bombeo Mecánico,EXPLOTACION,6161.0,,,0.0,0.0,0.0,0.0,prod_2026
163846,YPF.Nq.LLL-1640(h),2026-08,YPF S.A.,LOMA CAMPANA-LLL,VACA MUERTA,Extracción Efectiva,Petrolífero,Bombeo Mecánico,EXPLOTACION,5296.0,,,782.34,333.97,47.9,25.31,prod_2026
163847,YPF.Nq.LLL-1641(h),2026-08,YPF S.A.,LOMA CAMPANA-LLL,VACA MUERTA,Extracción Efectiva,Petrolífero,Bombeo Mecánico,EXPLOTACION,5193.0,,,502.11,153.51,25.67,30.85,prod_2026
163848,YPF.Nq.LLL-1643(h),2026-08,YPF S.A.,LOMA CAMPANA-LLL,VACA MUERTA,Extracción Efectiva,Petrolífero,Bombeo Mecánico,EXPLOTACION,5247.0,,,325.99,75.75,13.4,28.31,prod_2026
163849,YPF.Nq.LLL-1725(h),2026-08,YPF S.A.,LOMA CAMPANA-LLL,VACA MUERTA,En Estudio,Otro tipo,Bombeo Mecánico,EXPLOTACION,4633.0,,,0.0,0.0,0.0,0.0,prod_2026
163850,YPF.Nq.LLL-1726(h),2026-08,YPF S.A.,LOMA CAMPANA-LLL,VACA MUERTA,Extracción Efectiva,Petrolífero,Bombeo Mecánico,EXPLOTACION,6387.0,,,774.83,193.66,25.76,30.69,prod_2026
163851,YPF.Nq.LLL-1727(h),2026-08,YPF S.A.,LOMA CAMPANA-LLL,VACA MUERTA,Extracción Efectiva,Petrolífero,Bombeo Mecánico,EXPLOTACION,6428.0,,,622.28,155.81,28.74,30.21,prod_2026
163852,YPF.Nq.LLL-1728(h),2026-08,YPF S.A.,LOMA CAMPANA-LLL,VACA MUERTA,Extracción Efectiva,Petrolífero,Bombeo Mecánico,EXPLOTACION,6186.0,,,2381.32,891.97,256.55,30.35,prod_2026
163853,YPF.Nq.LLL-1729(h),2026-08,YPF S.A.,LOMA CAMPANA-LLL,VACA MUERTA,Extracción Efectiva,Petrolífero,Bombeo Mecánico,EXPLOTACION,6375.0,,,238.66,60.7,109.86,29.6,prod_2026
163854,YPF.Nq.LRi-47(h),2026-08,YPF S.A.,LA RIBERA BLOQUE I,VACA MUERTA,Extracción Efectiva,Gasífero,Surgencia Natural,EXPLOTACION,5546.0,,,368.55,1701.68,321.37,31.0,prod_2026
163855,YPF.Nq.LRi-48(h),2026-08,YPF S.A.,LA RIBERA BLOQUE I,VACA MUERTA,Extracción Efectiva,Gasífero,Surgencia Natural,EXPLOTACION,5500.0,,,310.4,1399.83,372.78,31.0,prod_2026
163856,YPF.Nq.LRi-49(h),2026-08,YPF S.A.,LA RIBERA BLOQUE I,VACA MUERTA,Extracción Efectiva,Gasífero,Surgencia Natural,EXPLOTACION,5182.0,,,288.55,1344.57,357.79,31.0,prod_2026
163857,YPF.Nq.RDMN-251(h),2026-08,YPF S.A.,RINCON DEL MANGRULLO,VACA MUERTA,Extracción Efectiva,Gasífero,Surgencia Natural,EXPLOTACION,6418.0,,,1.12,3552.67,277.96,16.66,prod_2026
163858,YPF.Nq.RDMN-253(h),2026-08,YPF S.A.,RINCON DEL MANGRULLO,VACA MUERTA,Extracción Efectiva,Gasífero,Surgencia Natural,EXPLOTACION,6262.0,,,1.92,1924.24,108.22,12.13,prod_2026
163859,YPF.Nq.RDMN-254(h)(I),2026-08,YPF S.A.,RINCON DEL MANGRULLO,VACA MUERTA,Extracción Efectiva,Gasífero,Surgencia Natural,EXPLOTACION,5175.0,,,1.74,2552.78,273.63,26.82,prod_2026
163873,VIS.Nq.BPO-2411(h),2026-08,VISTA ENERGY ARGENTINA SAU,BAJADA DEL PALO OESTE,VACA MUERTA,Extracción Efectiva,Petrolífero,Gas Lift,EXPLOTACION,5512.0,,,602.547,91.993,46.777,30.738,prod_2026
163874,VIS.Nq.BPO-2412(h),2026-08,VISTA ENERGY ARGENTINA SAU,BAJADA DEL PALO OESTE,VACA MUERTA,Extracción Efectiva,Petrolífero,Gas Lift,EXPLOTACION,6320.0,,,916.076,142.768,137.357,30.749,prod_2026
163875,VIS.Nq.BPO-2413(h),2026-08,VISTA ENERGY ARGENTINA SAU,BAJADA DEL PALO OESTE,VACA MUERTA,Extracción Efectiva,Petrolífero,Gas Lift,EXPLOTACION,6410.0,,,899.195,132.263,37.913,30.521,prod_2026
163876,VIS.Nq.BPO-2414(h),2026-08,VISTA ENERGY ARGENTINA SAU,BAJADA DEL PALO OESTE,VACA MUERTA,Extracción Efectiva,Petrolífero,Gas Lift,EXPLOTACION,6370.0,,,662.813,103.24,163.511,30.839,prod_2026
163880,PAE.Nq.CASE-513(h),2026-08,PAN AMERICAN ENERGY SL,COIRON AMARGO SUR ESTE,VACA MUERTA,Extracción Efectiva,Petrolífero,Bombeo Mecánico,EXPLOTACION,6404.0,,,755.2014,54.24875,21.23387,29.33056,prod_2026
163885,PAE.Nq.CASE-515(h),2026-08,PAN AMERICAN ENERGY SL,COIRON AMARGO SUR ESTE,VACA MUERTA,Extracción Efectiva,Petrolífero,Bombeo Mecánico,EXPLOTACION,6461.0,,,624.8381,60.40359,25.394,30.89167,prod_2026
163897,PAE.Nq.CASE-517(h),2026-08,PAN AMERICAN ENERGY SL,COIRON AMARGO SUR ESTE,VACA MUERTA,Extracción Efectiva,Petrolífero,Bombeo Mecánico,EXPLOTACION,6594.0,,,1076.636,90.39063,164.7712,30.13889,prod_2026
163905,TPT.Nq.PPar.a-7(h),2026-08,TECPETROL S.A.,PUESTO PARADA NC,VACA MUERTA,Extracción Efectiva,Petrolífero,Bombeo Mecánico,EXPLOTACION,3880.0,,,949.7732,79.94429,0.0,31.0,prod_2026
163940,YPF.Nq.LACh-101(h),2026-08,YPF S.A.,LA AMARGA CHICA,VACA MUERTA,Extracción Efectiva,Petrolífero,Bombeo Mecánico,EXPLOTACION,4992.0,,,366.79,88.63,69.72,29.93,prod_2026
163941,YPF.Nq.LACh-102(h),2026-08,YPF S.A.,LA AMARGA CHICA,VACA MUERTA,Extracción Efectiva,Petrolífero,Bombeo Mecánico,EXPLOTACION,5305.0,,,1171.91,267.1,95.08,28.98,prod_2026
163942,YPF.Nq.LACh-103(h),2026-08,YPF S.A.,LA AMARGA CHICA,VACA MUERTA,Extracción Efectiva,Petrolífero,Bombeo Mecánico,EXPLOTACION,0.0,,,727.85,442.12,0.0,27.9,prod_2026
163943,YPF.Nq.LACh-104(h),2026-08,YPF S.A.,LA AMARGA CHICA,VACA MUERTA,Extracción Efectiva,Petrolífero,Surgencia Natural,EXPLOTACION,5369.0,,,948.34,215.72,288.48,26.48,prod_2026
163944,YPF.Nq.LACh-189(h),2026-08,YPF S.A.,LA AMARGA CHICA,VACA MUERTA,Extracción Efectiva,Petrolífero,Bombeo Mecánico,EXPLOTACION,5728.0,,,1547.16,103.71,55.08,27.65,prod_2026
163945,YPF.Nq.LACh-190(h),2026-08,YPF S.A.,LA AMARGA CHICA,VACA MUERTA,Extracción Efectiva,Petrolífero,Surgencia Natural,EXPLOTACION,5840.0,,,1359.97,96.39,56.83,30.79,prod_2026
163946,YPF.Nq.LACh-191(h),2026-08,YPF S.A.,LA AMARGA CHICA,VACA MUERTA,Extracción Efectiva,Petrolífero,Bombeo Mecánico,EXPLOTACION,5881.0,,,1269.45,130.46,96.28,20.4,prod_2026
163947,YPF.Nq.LACh-192(h),2026-08,YPF S.A.,LA AMARGA CHICA,VACA MUERTA,Extracción Efectiva,Petrolífero,Bombeo Mecánico,EXPLOTACION,5840.0,,,486.9,40.0,27.76,30.5,prod_2026
163948,YPF.Nq.LACh-193(h),2026-08,YPF S.A.,LA AMARGA CHICA,VACA MUERTA,Extracción Efectiva,Petrolífero,Bombeo Mecánico,EXPLOTACION,5933.0,,,1843.59,112.75,85.72,29.65,prod_2026
163950,YPF.Nq.LCav-41(h),2026-08,YPF S.A.,BANDURRIA SUR,VACA MUERTA,Extracción Efectiva,Petrolífero,Bombeo Mecánico,EXPLOTACION,5335.0,,,1088.87,146.64,27.35,28.15,prod_2026
163951,YPF.Nq.LCav-42(h),2026-08,YPF S.A.,BANDURRIA SUR,VACA MUERTA,Extracción Efectiva,Petrolífero,Bombeo Mecánico,EXPLOTACION,5265.0,,,739.95,142.16,13.49,30.89,prod_2026
163952,YPF.Nq.LCav-43(h),2026-08,YPF S.A.,BANDURRIA SUR,VACA MUERTA,Extracción Efectiva,Petrolífero,Bombeo Mecánico,EXPLOTACION,5563.0,,,818.52,110.29,8.42,30.18,prod_2026
163953,YPF.Nq.LCav-44(h),2026-08,YPF S.A.,BANDURRIA SUR,VACA MUERTA,Parado Transitoriamente,Petrolífero,Surgencia Natural,EXPLOTACION,5243.0,,,0.0,0.0,0.0,0.0,prod_2026
163969,SHE.Nq.SB-1033(h),2026-08,SHELL ARGENTINA S.A.,SIERRAS BLANCAS,VACA MUERTA,Extracción Efectiva,Petrolífero,Bombeo Mecánico,EXPLOTACION,7145.0,,,1815.06,175.43,32.39,30.88,prod_2026
163970,SHE.Nq.SB-1034(h),2026-08,SHELL ARGENTINA S.A.,SIERRAS BLANCAS,VACA MUERTA,Extracción Efectiva,Petrolífero,Bombeo Mecánico,EXPLOTACION,7042.0,,,1066.88,131.07,73.75,30.88,prod_2026
163971,SHE.Nq.SB-1035(h),2026-08,SHELL ARGENTINA S.A.,SIERRAS BLANCAS,VACA MUERTA,Extracción Efectiva,Petrolífero,Bombeo Mecánico,EXPLOTACION,7019.0,,,1054.36,90.87,39.05,30.88,prod_2026
163972,SHE.Nq.SB-1036(h),2026-08,SHELL ARGENTINA S.A.,SIERRAS BLANCAS,VACA MUERTA,Extracción Efectiva,Petrolífero,Bombeo Mecánico,EXPLOTACION,7068.0,,,961.99,70.28,30.22,30.88,prod_2026
163974,VIS.Nq.AMOR-1011(h),2026-08,VISTA ENERGY ARGENTINA SAU,AGUILA MORA,VACA MUERTA,Extracción Efectiva,Petrolífero,Gas Lift,EXPLOTACION,6040.0,,,617.831,137.681,216.315,27.799,prod_2026
163975,VIS.Nq.AMOR-1012(h),2026-08,VISTA ENERGY ARGENTINA SAU,AGUILA MORA,VACA MUERTA,Extracción Efectiva,Petrolífero,Gas Lift,EXPLOTACION,5810.0,,,600.244,96.167,103.062,26.908,prod_2026
163977,VIS.Nq.BPE-2301(h),2026-08,VISTA ENERGY ARGENTINA SAU,BAJADA DEL PALO ESTE,VACA MUERTA,Extracción Efectiva,Petrolífero,Gas Lift,EXPLOTACION,5830.0,,,1052.801,88.551,829.124,18.848,prod_2026
164000,TPT.Nq.PPar.a-5(h),2026-08,TECPETROL S.A.,PUESTO PARADA NC,VACA MUERTA,Parado Transitoriamente,Petrolífero,Bombeo Mecánico,EXPLOTACION,4930.0,,,0.0,0.0,0.0,0.0,prod_2026
164004,PLU.Nq.LCa-3282(h),2026-08,PLUSPETROL S.A.,LA CALERA,VACA MUERTA,Extracción Efectiva,Gasífero,Surgencia Natural,EXPLOTACION,6057.0,,,687.412,2685.418,1022.71,30.20833,prod_2026
164005,PLU.Nq.LCa-3283(h),2026-08,PLUSPETROL S.A.,LA CALERA,VACA MUERTA,Extracción Efectiva,Gasífero,Surgencia Natural,EXPLOTACION,5921.0,,,758.917,4835.032,722.899,22.35417,prod_2026
164006,PLU.Nq.LCa-3284(h),2026-08,PLUSPETROL S.A.,LA CALERA,VACA MUERTA,Extracción Efectiva,Gasífero,Surgencia Natural,EXPLOTACION,5737.0,,,242.949,809.476,557.278,16.26042,prod_2026
164008,SHE.Nq.CdL-56(h),2026-08,SHELL ARGENTINA S.A.,CRUZ DE LORENA,VACA MUERTA,Extracción Efectiva,Petrolífero,Bombeo Mecánico,EXPLOTACION,6108.0,,,785.07,84.72,104.46,24.0,prod_2026
164009,SHE.Nq.CdL-57(h),2026-08,SHELL ARGENTINA S.A.,CRUZ DE LORENA,VACA MUERTA,Extracción Efectiva,Petrolífero,Bombeo Mecánico,EXPLOTACION,6385.0,,,698.16,80.57,122.99,23.71,prod_2026
164010,SHE.Nq.CdL-58(h),2026-08,SHELL ARGENTINA S.A.,CRUZ DE LORENA,VACA MUERTA,Extracción Efectiva,Petrolífero,Bombeo Mecánico,EXPLOTACION,6735.0,,,910.02,105.44,158.77,31.0,prod_2026
164011,APS.Nq.ADC-1045(h),2026-08,CAPEX S.A.,AGUA DEL CAJON,VACA MUERTA,Extracción Efectiva,Petrolífero,Gas Lift,EXPLOTACION,4460.0,,,298.66,22.49,11.8,31.0,prod_2026
164021,YPF.Nq.AdlA-1027(h),2026-08,YPF S.A.,AGUADA DE LA ARENA,VACA MUERTA,Extracción Efectiva,Gasífero,Surgencia Natural,EXPLOTACION,0.0,,,0.0,90.51,0.0,5.49,prod_2026
164022,YPF.Nq.AdlA-1028(h),2026-08,YPF S.A.,AGUADA DE LA ARENA,VACA MUERTA,Extracción Efectiva,Gasífero,Surgencia Natural,EXPLOTACION,5000.0,,,0.0,4091.48,26.76,24.62,prod_2026
164023,YPF.Nq.AdlA-1029(h),2026-08,YPF S.A.,AGUADA DE LA ARENA,VACA MUERTA,Extracción Efectiva,Gasífero,Surgencia Natural,EXPLOTACION,4890.0,,,0.0,1585.91,73.84,10.96,prod_2026
164024,YPF.Nq.AdlA-1030(h),2026-08,YPF S.A.,AGUADA DE LA ARENA,VACA MUERTA,Extracción Efectiva,Gasífero,Surgencia Natural,EXPLOTACION,5041.0,,,0.0,1276.7,10.32,5.21,prod_2026
164025,YPF.Nq.LLL-1642(h),2026-08,YPF S.A.,LOMA CAMPANA-LLL,VACA MUERTA,Extracción Efectiva,Petrolífero,Bombeo Mecánico,EXPLOTACION,6113.0,,,372.14,65.04,5.65,29.77,prod_2026
164026,YPF.Nq.LLL-1644(h),2026-08,YPF S.A.,LOMA CAMPANA-LLL,VACA MUERTA,Extracción Efectiva,Petrolífero,Bombeo Mecánico,EXPLOTACION,6189.0,,,738.34,211.31,26.01,30.1,prod_2026
164027,YPF.Nq.SOil-428(h),2026-08,YPF S.A.,LOMA CAMPANA,VACA MUERTA,Extracción Efectiva,Petrolífero,Bombeo Mecánico,EXPLOTACION,5759.0,,,888.89,131.01,34.84,30.82,prod_2026
164028,YPF.Nq.SOil-429(h),2026-08,YPF S.A.,LOMA CAMPANA,VACA MUERTA,Extracción Efectiva,Petrolífero,Bombeo Mecánico,EXPLOTACION,4988.0,,,981.43,180.28,56.55,31.0,prod_2026
164029,YPF.Nq.SOil-430(h),2026-08,YPF S.A.,LOMA CAMPANA,VACA MUERTA,Extracción Efectiva,Petrolífero,Bombeo Mecánico,EXPLOTACION,5457.0,,,513.51,77.4,129.33,30.67,prod_2026
164030,YPF.Nq.SOil-431(h),2026-08,YPF S.A.,LOMA CAMPANA,VACA MUERTA,Extracción Efectiva,Petrolífero,Bombeo Mecánico,EXPLOTACION,4917.0,,,712.87,129.47,52.27,30.71,prod_2026
164031,YPF.Nq.SOil-432(h),2026-08,YPF S.A.,LOMA CAMPANA,VACA MUERTA,Extracción Efectiva,Petrolífero,Bombeo Mecánico,EXPLOTACION,5255.0,,,1525.73,205.69,146.14,30.0,prod_2026
164032,YPF.Nq.SOil.s-447,2026-08,YPF S.A.,LOMA CAMPANA,VACA MUERTA,En Inyección Efectiva,Sumidero,Sin Sistema de Extracción,SERVICIO,2182.0,,,0.0,0.0,0.0,31.0,prod_2026
164052,TPT.Nq.FP-1435(h),2026-08,TECPETROL S.A.,FORTIN DE PIEDRA,VACA MUERTA,Extracción Efectiva,Gasífero,Surgencia Natural,EXPLOTACION,6278.0,,,46.62425,6425.813,1709.578,30.57569,prod_2026
164053,TPT.Nq.FP-1436(h),2026-08,TECPETROL S.A.,FORTIN DE PIEDRA,VACA MUERTA,Extracción Efectiva,Gasífero,Surgencia Natural,EXPLOTACION,6233.0,,,47.86287,8160.06,1874.618,29.39861,prod_2026
164054,TPT.Nq.FP-1437(h),2026-08,TECPETROL S.A.,FORTIN DE PIEDRA,VACA MUERTA,Extracción Efectiva,Gasífero,Surgencia Natural,EXPLOTACION,6291.0,,,43.66768,5963.618,0.0,29.56806,prod_2026
164066,PAE.Nq.APO-115(h),2026-08,PAN AMERICAN ENERGY SL,AGUADA PICHANA OESTE,VACA MUERTA,Extracción Efectiva,Gasífero,Surgencia Natural,EXPLOTACION,0.0,,,0.0,3860.886,621.8048,29.59028,prod_2026
164071,PAE.Nq.APO-114(h),2026-08,PAN AMERICAN ENERGY SL,AGUADA PICHANA OESTE,VACA MUERTA,Extracción Efectiva,Gasífero,Surgencia Natural,EXPLOTACION,0.0,,,0.0,3055.129,301.5115,29.59028,prod_2026
164075,PAE.Nq.APO-116(h),2026-08,PAN AMERICAN ENERGY SL,AGUADA PICHANA OESTE,VACA MUERTA,Extracción Efectiva,Gasífero,Surgencia Natural,EXPLOTACION,0.0,,,0.0,3355.192,147.4675,29.59028,prod_2026
164083,TAU.Nq.BdC-9(h)v,2026-08,VACA MUERTA INVERSIONES SAU,LA ESCALONADA,VACA MUERTA,Extracción Efectiva,Petrolífero,Surgencia Natural,EXPLOTACION,6900.0,,,910.94,407.16,582.69,26.08,prod_2026
164089,VIS.Nq.AF-1101(h),2026-08,VISTA ENERGY ARGENTINA SAU,AGUADA FEDERAL,VACA MUERTA,Extracción Efectiva,Petrolífero,Gas Lift,EXPLOTACION,5810.0,,,243.756,71.708,87.831,30.431,prod_2026
164090,VIS.Nq.AF-1102(h),2026-08,VISTA ENERGY ARGENTINA SAU,AGUADA FEDERAL,VACA MUERTA,Extracción Efectiva,Petrolífero,Gas Lift,EXPLOTACION,5746.0,,,566.439,220.01,507.375,30.76,prod_2026
164091,VIS.Nq.AF-1104(h),2026-08,VISTA ENERGY ARGENTINA SAU,AGUADA FEDERAL,VACA MUERTA,Extracción Efectiva,Petrolífero,Gas Lift,EXPLOTACION,5506.0,,,315.282,129.1,129.447,30.205,prod_2026
164092,VIS.Nq.AF-1105(h),2026-08,VISTA ENERGY ARGENTINA SAU,AGUADA FEDERAL,VACA MUERTA,Extracción Efectiva,Petrolífero,Gas Lift,EXPLOTACION,5650.0,,,490.911,191.747,38.496,30.84,prod_2026
164097,TPT.Nq.FP-1433(h),2026-08,TECPETROL S.A.,FORTIN DE PIEDRA,VACA MUERTA,Parado Transitoriamente,Gasífero,Surgencia Natural,EXPLOTACION,6220.0,,,50.22243,10179.28,223.4476,27.59306,prod_2026
164098,TPT.Nq.FP-1431(h),2026-08,TECPETROL S.A.,FORTIN DE PIEDRA,VACA MUERTA,Extracción Efectiva,Gasífero,Surgencia Natural,EXPLOTACION,6280.0,,,22.15629,2836.642,869.5149,14.49306,prod_2026
164099,TPT.Nq.FP-1432(h),2026-08,TECPETROL S.A.,FORTIN DE PIEDRA,VACA MUERTA,Parado Transitoriamente,Gasífero,Surgencia Natural,EXPLOTACION,6127.0,,,109.0068,11835.48,220.8764,27.01736,prod_2026
164108,YPF.Nq.LLL-1670(h),2026-08,YPF S.A.,LOMA CAMPANA-LLL,VACA MUERTA,Extracción Efectiva,Petrolífero,Bombeo Mecánico,EXPLOTACION,5375.0,,,182.15,126.11,1.18,31.0,prod_2026
164109,YPF.Nq.LLL-1671(h),2026-08,YPF S.A.,LOMA CAMPANA-LLL,VACA MUERTA,Extracción Efectiva,Petrolífero,Bombeo Mecánico,EXPLOTACION,5414.0,,,804.92,145.11,38.95,29.6,prod_2026
164110,YPF.Nq.LLL-1672(h),2026-08,YPF S.A.,LOMA CAMPANA-LLL,VACA MUERTA,Extracción Efectiva,Petrolífero,Bombeo Mecánico,EXPLOTACION,5541.0,,,1266.74,106.69,192.2,28.63,prod_2026
164111,YPF.Nq.LLL-1673(h),2026-08,YPF S.A.,LOMA CAMPANA-LLL,VACA MUERTA,En Estudio,Otro tipo,Bombeo Mecánico,EXPLOTACION,0.0,,,0.0,0.0,0.0,0.0,prod_2026
164114,YPF.Nq.SOil-433(h),2026-08,YPF S.A.,LOMA CAMPANA,VACA MUERTA,Extracción Efectiva,Petrolífero,Bombeo Mecánico,EXPLOTACION,4993.0,,,375.48,94.49,94.89,29.58,prod_2026
164127,VIS.Nq.BPE-2202(h),2026-08,VISTA ENERGY ARGENTINA SAU,BAJADA DEL PALO ESTE,VACA MUERTA,Extracción Efectiva,Petrolífero,Gas Lift,EXPLOTACION,5975.0,,,2692.546,204.516,121.349,30.796,prod_2026
164132,PAE.Nq.ECh-131(h),2026-08,PAN AMERICAN ENERGY SL,LINDERO ATRAVESADO OCCIDENTAL,VACA MUERTA,Extracción Efectiva,Petrolífero,Gas Lift,EXPLOTACION,6065.0,,,440.14,53.07441,97.53068,27.5,prod_2026
164134,PAE.Nq.ECh-129(h),2026-08,PAN AMERICAN ENERGY SL,LINDERO ATRAVESADO OCCIDENTAL,VACA MUERTA,Extracción Efectiva,Petrolífero,Gas Lift,EXPLOTACION,6070.0,,,168.7993,19.90356,35.49869,16.58333,prod_2026
164137,PAE.Nq.ECh-127(h),2026-08,PAN AMERICAN ENERGY SL,LINDERO ATRAVESADO OCCIDENTAL,VACA MUERTA,Extracción Efectiva,Petrolífero,Gas Lift,EXPLOTACION,6207.0,,,486.4129,66.34525,7.707339,27.53125,prod_2026
164146,TAU.Nq.AP-1055(h),2026-08,TOTAL AUSTRAL S.A.,AGUADA PICHANA ESTE VACA MUERTA,VACA MUERTA,Extracción Efectiva,Gasífero,Surgencia Natural,EXPLOTACION,5980.0,,,128.9746,4140.69,202.4829,23.45139,prod_2026
164147,TAU.Nq.AP-1056(h),2026-08,TOTAL AUSTRAL S.A.,AGUADA PICHANA ESTE VACA MUERTA,VACA MUERTA,Extracción Efectiva,Gasífero,Surgencia Natural,EXPLOTACION,5994.0,,,144.6057,4653.534,264.7492,22.93403,prod_2026
164155,PAM.Nq.SCh-1003(h),2026-08,PAMPA ENERGIA S.A.,SIERRA CHATA,VACA MUERTA,Extracción Efectiva,Gasífero,Surgencia Natural,EXPLOTACION,5625.0,,,0.0,3432.813,222.0755,26.08542,prod_2026
164156,PAM.Nq.SCh-1002(h),2026-08,PAMPA ENERGIA S.A.,SIERRA CHATA,VACA MUERTA,Extracción Efectiva,Gasífero,Surgencia Natural,EXPLOTACION,5630.0,,,0.0,2347.231,90.72733,17.70417,prod_2026
164157,PAM.Nq.SCh.x-1001(h),2026-08,PAMPA ENERGIA S.A.,SIERRA CHATA,VACA MUERTA,Extracción Efectiva,Gasífero,Surgencia Natural,EXPLOTACION,5574.0,,,0.0,1983.176,141.8254,17.68889,prod_2026
164169,TAU.Nq.AP-1064(h),2026-08,TOTAL AUSTRAL S.A.,AGUADA PICHANA ESTE VACA MUERTA,VACA MUERTA,Extracción Efectiva,Gasífero,Surgencia Natural,EXPLOTACION,6022.0,,,0.0,5561.438,215.3724,28.51736,prod_2026
164170,TAU.Nq.AP-1065(h),2026-08,TOTAL AUSTRAL S.A.,AGUADA PICHANA ESTE VACA MUERTA,VACA MUERTA,Extracción Efectiva,Gasífero,Surgencia Natural,EXPLOTACION,6054.02,,,0.0,3954.0,127.9521,28.9375,prod_2026
164171,TAU.Nq.AP-1066(h),2026-08,TOTAL AUSTRAL S.A.,AGUADA PICHANA ESTE VACA MUERTA,VACA MUERTA,Extracción Efectiva,Gasífero,Surgencia Natural,EXPLOTACION,6080.0,,,0.0,4943.621,155.6744,28.90625,prod_2026
164177,YPF.Nq.LCav-125(h),2026-08,YPF S.A.,BANDURRIA SUR,VACA MUERTA,Parado Transitoriamente,Petrolífero,Surgencia Natural,EXPLOTACION,5847.0,,,0.0,0.0,0.0,0.0,prod_2026
164178,YPF.Nq.LCav-126(h),2026-08,YPF S.A.,BANDURRIA SUR,VACA MUERTA,Extracción Efectiva,Petrolífero,Bombeo Mecánico,EXPLOTACION,5900.0,,,1262.96,170.23,108.53,30.52,prod_2026
164179,YPF.Nq.LCav-127(h),2026-08,YPF S.A.,BANDURRIA SUR,VACA MUERTA,Extracción Efectiva,Petrolífero,Bombeo Mecánico,EXPLOTACION,5968.0,,,603.97,96.73,33.68,28.45,prod_2026
164180,YPF.Nq.LCav-128(h),2026-08,YPF S.A.,BANDURRIA SUR,VACA MUERTA,Extracción Efectiva,Petrolífero,Bombeo Mecánico,EXPLOTACION,5955.0,,,1303.97,208.58,57.92,29.96,prod_2026
164181,YPF.Nq.LCav-839(h),2026-08,YPF S.A.,BANDURRIA SUR,VACA MUERTA,Extracción Efectiva,Petrolífero,Bombeo Mecánico,EXPLOTACION,5831.0,,,68.55,13.01,494.48,26.52,prod_2026
164204,TAU.Nq.LEsc-6(h),2026-08,VACA MUERTA INVERSIONES SAU,LA ESCALONADA,VACA MUERTA,Extracción Efectiva,Petrolífero,Surgencia Natural,EXPLOTACION,6087.0,,,2708.05,740.0,271.95,30.01,prod_2026
164205,TAU.Nq.LEsc-7(h).T1,2026-08,VACA MUERTA INVERSIONES SAU,LA ESCALONADA,VACA MUERTA,Extracción Efectiva,Petrolífero,Surgencia Natural,EXPLOTACION,6154.0,,,1789.2,503.28,386.51,30.01,prod_2026
164208,PAE.Nq.APO-126(h),2026-08,PAN AMERICAN ENERGY SL,AGUADA PICHANA OESTE,VACA MUERTA,Extracción Efectiva,Gasífero,Surgencia Natural,EXPLOTACION,5920.0,,,0.0,4004.617,496.2674,30.875,prod_2026
164215,PAE.Nq.APO-128(h),2026-08,PAN AMERICAN ENERGY SL,AGUADA PICHANA OESTE,VACA MUERTA,Extracción Efectiva,Gasífero,Surgencia Natural,EXPLOTACION,5891.0,,,0.0,5163.368,740.6477,30.89583,prod_2026
164216,PAE.Nq.APO-127(h),2026-08,PAN AMERICAN ENERGY SL,AGUADA PICHANA OESTE,VACA MUERTA,Extracción Efectiva,Gasífero,Surgencia Natural,EXPLOTACION,5964.0,,,0.0,2598.287,5.578436,30.89583,prod_2026
164232,TPT.Nq.FP-1055(h),2026-08,TECPETROL S.A.,FORTIN DE PIEDRA,VACA MUERTA,Extracción Efectiva,Gasífero,Surgencia Natural,EXPLOTACION,5710.0,,,590.8131,3760.833,252.0828,30.97569,prod_2026
164234,PLU.Nq.LCa-3164(h),2026-08,PLUSPETROL S.A.,LA CALERA,VACA MUERTA,Extracción Efectiva,Gasífero,Surgencia Natural,EXPLOTACION,6080.0,,,111.036,3349.909,592.864,19.33333,prod_2026
164235,PLU.Nq.LCa-3165(h),2026-08,PLUSPETROL S.A.,LA CALERA,VACA MUERTA,Extracción Efectiva,Gasífero,Surgencia Natural,EXPLOTACION,6020.0,,,74.541,2989.454,533.548,16.39583,prod_2026
164236,PLU.Nq.LCa-3166(h),2026-08,PLUSPETROL S.A.,LA CALERA,VACA MUERTA,Extracción Efectiva,Gasífero,Surgencia Natural,EXPLOTACION,6030.42,,,149.883,2568.959,498.5,12.94792,prod_2026
164248,TPT.Nq.FP-1056(h),2026-08,TECPETROL S.A.,FORTIN DE PIEDRA,VACA MUERTA,Extracción Efectiva,Gasífero,Surgencia Natural,EXPLOTACION,5642.0,,,729.053,4477.153,248.7038,30.98403,prod_2026
164249,TPT.Nq.FP-1057(h),2026-08,TECPETROL S.A.,FORTIN DE PIEDRA,VACA MUERTA,Parado Transitoriamente,Gasífero,Surgencia Natural,EXPLOTACION,5697.0,,,0.0,0.0,0.0,0.0,prod_2026
164250,TPT.Nq.FP-1058(h),2026-08,TECPETROL S.A.,FORTIN DE PIEDRA,VACA MUERTA,Parado Transitoriamente,Gasífero,Surgencia Natural,EXPLOTACION,5642.0,,,194.6133,1236.717,233.8371,21.04931,prod_2026
164251,PAM.Nq.M-2303(h),2026-08,PAMPA ENERGIA S.A.,EL MANGRULLO,VACA MUERTA,Extracción Efectiva,Gasífero,Surgencia Natural,EXPLOTACION,5489.0,,,0.0,4636.151,381.3916,31.0,prod_2026
164257,PAM.Nq.M-2304(h),2026-08,PAMPA ENERGIA S.A.,EL MANGRULLO,VACA MUERTA,Extracción Efectiva,Gasífero,Surgencia Natural,EXPLOTACION,5455.0,,,0.0,3552.749,117.6684,31.0,prod_2026
164258,PAM.Nq.M-2305(h),2026-08,PAMPA ENERGIA S.A.,EL MANGRULLO,VACA MUERTA,Extracción Efectiva,Gasífero,Surgencia Natural,EXPLOTACION,5475.0,,,0.0,5127.959,501.8369,31.0,prod_2026
164259,APS.Nq.PNO.x-2(h),2026-08,CAPEX S.A.,PARVA NEGRA OESTE,VACA MUERTA,En Estudio,Gasífero,Surgencia Natural,EXPLORACION,5085.0,,,0.0,0.0,0.0,0.0,prod_2026
164269,YPF.Nq.LACh-468(h),2026-08,YPF S.A.,LA AMARGA CHICA,VACA MUERTA,Extracción Efectiva,Petrolífero,Bombeo Mecánico,EXPLOTACION,6134.0,,,472.8,58.59,41.21,31.0,prod_2026
164270,YPF.Nq.LACh-469(h),2026-08,YPF S.A.,LA AMARGA CHICA,VACA MUERTA,Extracción Efectiva,Petrolífero,Bombeo Mecánico,EXPLOTACION,6085.0,,,893.72,76.54,23.63,29.21,prod_2026
164271,YPF.Nq.LACh-470(h),2026-08,YPF S.A.,LA AMARGA CHICA,VACA MUERTA,Extracción Efectiva,Petrolífero,Bombeo Mecánico,EXPLOTACION,5871.0,,,922.11,77.34,53.86,30.88,prod_2026
164272,YPF.Nq.LACh-471(h),2026-08,YPF S.A.,LA AMARGA CHICA,VACA MUERTA,Extracción Efectiva,Petrolífero,Bombeo Mecánico,EXPLOTACION,5850.0,,,390.0,56.17,56.23,31.0,prod_2026
164273,YPF.Nq.LLL-1679(h),2026-08,YPF S.A.,LOMA CAMPANA-LLL,VACA MUERTA,Extracción Efectiva,Petrolífero,Bombeo Mecánico,EXPLOTACION,5872.0,,,1159.79,167.85,10.11,30.5,prod_2026
164274,YPF.Nq.LLL-1680(h),2026-08,YPF S.A.,LOMA CAMPANA-LLL,VACA MUERTA,Extracción Efectiva,Petrolífero,Surgencia Natural,EXPLOTACION,7224.0,,,2792.88,504.41,370.6,30.5,prod_2026
164275,YPF.Nq.LLL-1681(h),2026-08,YPF S.A.,LOMA CAMPANA-LLL,VACA MUERTA,Extracción Efectiva,Petrolífero,Bombeo Mecánico,EXPLOTACION,6307.0,,,1114.6,168.38,2.46,30.31,prod_2026
164276,YPF.Nq.LLL-1682(h),2026-08,YPF S.A.,LOMA CAMPANA-LLL,VACA MUERTA,Extracción Efectiva,Petrolífero,Bombeo Mecánico,EXPLOTACION,5494.0,,,581.67,58.13,10.57,29.81,prod_2026
164277,YPF.Nq.LLL-1683(h),2026-08,YPF S.A.,LOMA CAMPANA-LLL,VACA MUERTA,Extracción Efectiva,Petrolífero,Bombeo Mecánico,EXPLOTACION,0.0,,,787.52,116.8,15.96,30.0,prod_2026
164300,VIS.Nq.BPO-2341(h),2026-08,VISTA ENERGY ARGENTINA SAU,BAJADA DEL PALO OESTE,VACA MUERTA,Extracción Efectiva,Petrolífero,Gas Lift,EXPLOTACION,6450.0,,,960.724,102.343,49.069,30.731,prod_2026
164301,VIS.Nq.BPO-2342(h),2026-08,VISTA ENERGY ARGENTINA SAU,BAJADA DEL PALO OESTE,VACA MUERTA,Extracción Efectiva,Petrolífero,Gas Lift,EXPLOTACION,5713.0,,,0.0,0.0,0.0,0.0,prod_2026
164302,VIS.Nq.BPO-2343(h),2026-08,VISTA ENERGY ARGENTINA SAU,BAJADA DEL PALO OESTE,VACA MUERTA,Extracción Efectiva,Petrolífero,Gas Lift,EXPLOTACION,6543.0,,,844.922,82.435,35.846,30.706,prod_2026
164303,VIS.Nq.BPO-2344(h),2026-08,VISTA ENERGY ARGENTINA SAU,BAJADA DEL PALO OESTE,VACA MUERTA,Extracción Efectiva,Petrolífero,Gas Lift,EXPLOTACION,6520.0,,,988.889,104.309,58.203,30.435,prod_2026
164319,PAE.Nq.APO-111(h),2026-08,PAN AMERICAN ENERGY SL,AGUADA PICHANA OESTE,VACA MUERTA,Extracción Efectiva,Gasífero,Surgencia Natural,EXPLOTACION,5859.0,,,0.0,3207.015,286.081,30.17639,prod_2026
164321,PAE.Nq.APO-113(h),2026-08,PAN AMERICAN ENERGY SL,AGUADA PICHANA OESTE,VACA MUERTA,Extracción Efectiva,Gasífero,Surgencia Natural,EXPLOTACION,5882.0,,,0.0,2746.983,201.0722,30.17708,prod_2026
164323,PAE.Nq.APO-112(h),2026-08,PAN AMERICAN ENERGY SL,AGUADA PICHANA OESTE,VACA MUERTA,Extracción Efectiva,Gasífero,Surgencia Natural,EXPLOTACION,5942.0,,,0.0,2978.356,308.0345,30.17708,prod_2026
164331,SHE.Nq.CASO-20(h),2026-08,SHELL ARGENTINA S.A.,COIRON AMARGO SUR OESTE,VACA MUERTA,Extracción Efectiva,Petrolífero,Bombeo Mecánico,EXPLOTACION,6672.0,,,1126.99,70.86,16.27,31.0,prod_2026
164332,SHE.Nq.CASO-21(h),2026-08,SHELL ARGENTINA S.A.,COIRON AMARGO SUR OESTE,VACA MUERTA,Extracción Efectiva,Petrolífero,Bombeo Mecánico,EXPLOTACION,6577.0,,,695.31,58.12,11.91,31.0,prod_2026
164333,SHE.Nq.CASO-22(h),2026-08,SHELL ARGENTINA S.A.,COIRON AMARGO SUR OESTE,VACA MUERTA,Extracción Efectiva,Petrolífero,Bombeo Mecánico,EXPLOTACION,6596.0,,,674.07,67.75,85.24,30.81,prod_2026
164334,SHE.Nq.CASO-23(h),2026-08,SHELL ARGENTINA S.A.,COIRON AMARGO SUR OESTE,VACA MUERTA,Extracción Efectiva,Petrolífero,Bombeo Mecánico,EXPLOTACION,6680.0,,,972.19,70.55,18.73,30.79,prod_2026
164335,TAU.Nq.AP-1060(h),2026-08,TOTAL AUSTRAL S.A.,AGUADA PICHANA ESTE VACA MUERTA,VACA MUERTA,Extracción Efectiva,Gasífero,Surgencia Natural,EXPLOTACION,6016.0,,,81.15025,2662.43,41.28115,25.70486,prod_2026
164336,TAU.Nq.AP-1059(h),2026-08,TOTAL AUSTRAL S.A.,AGUADA PICHANA ESTE VACA MUERTA,VACA MUERTA,Extracción Efectiva,Gasífero,Surgencia Natural,EXPLOTACION,5985.0,,,88.59414,2948.797,118.9915,30.83681,prod_2026
164337,TAU.Nq.AP-1058(h),2026-08,TOTAL AUSTRAL S.A.,AGUADA PICHANA ESTE VACA MUERTA,VACA MUERTA,Extracción Efectiva,Gasífero,Surgencia Natural,EXPLOTACION,6057.0,,,65.51213,2156.686,99.6044,30.84375,prod_2026
164349,PAM.Nq.M-2301(h),2026-08,PAMPA ENERGIA S.A.,EL MANGRULLO,VACA MUERTA,Extracción Efectiva,Gasífero,Surgencia Natural,EXPLOTACION,4623.0,,,0.0,1144.045,131.063,10.81528,prod_2026
164350,PLU.Nq.LCa-3068(h),2026-08,PLUSPETROL S.A.,LA CALERA,VACA MUERTA,Extracción Efectiva,Gasífero,Surgencia Natural,EXPLOTACION,5454.0,,,1245.631,1044.486,631.216,30.79167,prod_2026
164351,PLU.Nq.LCa-3069(h),2026-08,PLUSPETROL S.A.,LA CALERA,VACA MUERTA,Extracción Efectiva,Gasífero,Surgencia Natural,EXPLOTACION,5462.0,,,800.306,677.142,271.464,30.79167,prod_2026
164352,PLU.Nq.LCa-3070(h),2026-08,PLUSPETROL S.A.,LA CALERA,VACA MUERTA,Extracción Efectiva,Gasífero,Surgencia Natural,EXPLOTACION,5670.0,,,1367.978,1057.925,558.337,30.41667,prod_2026
164353,PLU.Nq.LCa-3288(h),2026-08,PLUSPETROL S.A.,LA CALERA,VACA MUERTA,Extracción Efectiva,Gasífero,Surgencia Natural,EXPLOTACION,6117.0,,,570.514,2538.477,1549.419,26.55208,prod_2026
164354,PLU.Nq.LCa-3289(h),2026-08,PLUSPETROL S.A.,LA CALERA,VACA MUERTA,Extracción Efectiva,Gasífero,Surgencia Natural,EXPLOTACION,6114.0,,,529.656,2230.915,1406.948,27.125,prod_2026
164355,PLU.Nq.LCa-3290(h),2026-08,PLUSPETROL S.A.,LA CALERA,VACA MUERTA,Extracción Efectiva,Gasífero,Surgencia Natural,EXPLOTACION,6114.0,,,532.013,2732.927,1005.632,26.34375,prod_2026
164363,PAM.Nq.M.x-1111(h),2026-08,PAMPA ENERGIA S.A.,EL MANGRULLO,VACA MUERTA,Extracción Efectiva,Gasífero,Surgencia Natural,EXPLORACION,5565.0,,,0.0,2091.902,147.7991,12.73264,prod_2026
164364,PAM.Nq.M-2302(h),2026-08,PAMPA ENERGIA S.A.,EL MANGRULLO,VACA MUERTA,Extracción Efectiva,Gasífero,Surgencia Natural,EXPLOTACION,5535.0,,,0.0,2200.639,185.7332,12.24028,prod_2026
164375,KIL.Nq.MMo-1058(h),2026-08,PHOENIX GLOBAL RESOURCES S.A.,MATA MORA NORTE,VACA MUERTA,Extracción Efectiva,Petrolífero,Bombeo Mecánico,EXPLOTACION,6495.0,,,851.9344,61.53327,26.96191,30.80903,prod_2026
164376,KIL.Nq.MMo-1059(h),2026-08,PHOENIX GLOBAL RESOURCES S.A.,MATA MORA NORTE,VACA MUERTA,Extracción Efectiva,Petrolífero,Bombeo Mecánico,EXPLOTACION,6390.0,,,513.5894,25.43571,61.239,30.86597,prod_2026
164378,KIL.Nq.MMo-1060(h),2026-08,PHOENIX GLOBAL RESOURCES S.A.,MATA MORA NORTE,VACA MUERTA,Extracción Efectiva,Petrolífero,Bombeo Mecánico,EXPLOTACION,6359.0,,,683.1415,43.15892,38.14337,30.875,prod_2026
164380,KIL.Nq.MMo-1061(h),2026-08,PHOENIX GLOBAL RESOURCES S.A.,MATA MORA NORTE,VACA MUERTA,En Estudio,Petrolífero,Bombeo Mecánico,EXPLOTACION,6430.0,,,0.0,0.0,0.0,0.0,prod_2026
164397,YPF.Nq.LACh-621(h),2026-08,YPF S.A.,LA AMARGA CHICA,VACA MUERTA,Extracción Efectiva,Petrolífero,Bombeo Mecánico,EXPLOTACION,5977.0,,,461.59,28.89,274.24,24.92,prod_2026
164398,YPF.Nq.LACh-622(h),2026-08,YPF S.A.,LA AMARGA CHICA,VACA MUERTA,Extracción Efectiva,Petrolífero,Bombeo Mecánico,EXPLOTACION,6100.0,,,347.75,41.47,102.72,30.98,prod_2026
164399,YPF.Nq.LACh-627(h),2026-08,YPF S.A.,LA AMARGA CHICA,VACA MUERTA,Extracción Efectiva,Petrolífero,Bombeo Mecánico,EXPLOTACION,0.0,,,519.39,77.58,336.5,30.23,prod_2026
164400,YPF.Nq.LACh-628(h),2026-08,YPF S.A.,LA AMARGA CHICA,VACA MUERTA,Extracción Efectiva,Petrolífero,Bombeo Mecánico,EXPLOTACION,5714.0,,,233.74,39.36,481.81,19.83,prod_2026
164401,YPF.Nq.LACh-629(h),2026-08,YPF S.A.,LA AMARGA CHICA,VACA MUERTA,Extracción Efectiva,Petrolífero,Bombeo Mecánico,EXPLOTACION,5945.0,,,385.2,50.43,350.48,30.98,prod_2026
164402,YPF.Nq.LACh-630(h),2026-08,YPF S.A.,LA AMARGA CHICA,VACA MUERTA,Extracción Efectiva,Petrolífero,Bombeo Mecánico,EXPLOTACION,5902.0,,,784.39,60.86,467.16,30.81,prod_2026
164403,YPF.Nq.LACh-635(h),2026-08,YPF S.A.,LA AMARGA CHICA,VACA MUERTA,Extracción Efectiva,Petrolífero,Bombeo Mecánico,EXPLOTACION,0.0,,,716.11,61.08,218.66,30.73,prod_2026
164404,YPF.Nq.LACh-636(h),2026-08,YPF S.A.,LA AMARGA CHICA,VACA MUERTA,Extracción Efectiva,Petrolífero,Bombeo Mecánico,EXPLOTACION,5996.0,,,737.09,92.09,76.06,29.02,prod_2026
164405,YPF.Nq.LACh-637(h),2026-08,YPF S.A.,LA AMARGA CHICA,VACA MUERTA,Extracción Efectiva,Petrolífero,Bombeo Mecánico,EXPLOTACION,6047.0,,,619.57,50.86,141.13,30.65,prod_2026
164406,YPF.Nq.LACh-638(h),2026-08,YPF S.A.,LA AMARGA CHICA,VACA MUERTA,Extracción Efectiva,Petrolífero,Bombeo Mecánico,EXPLOTACION,5961.0,,,1191.76,105.97,139.05,30.9,prod_2026
164407,YPF.Nq.LACh-643(h),2026-08,YPF S.A.,LA AMARGA CHICA,VACA MUERTA,Extracción Efectiva,Petrolífero,Bombeo Mecánico,EXPLOTACION,6048.0,,,953.78,67.85,116.75,30.77,prod_2026
164408,YPF.Nq.LACh-644(h),2026-08,YPF S.A.,LA AMARGA CHICA,VACA MUERTA,Extracción Efectiva,Petrolífero,Surgencia Natural,EXPLOTACION,6018.0,,,2048.05,253.0,179.19,30.71,prod_2026
164409,YPF.Nq.LCav-72(h),2026-08,YPF S.A.,BANDURRIA SUR,VACA MUERTA,Extracción Efectiva,Petrolífero,Surgencia Natural,EXPLOTACION,6294.0,,,1249.44,304.29,886.09,29.94,prod_2026
164410,YPF.Nq.LCav-74(h),2026-08,YPF S.A.,BANDURRIA SUR,VACA MUERTA,Extracción Efectiva,Petrolífero,Surgencia Natural,EXPLOTACION,6288.0,,,1765.37,374.91,531.89,30.73,prod_2026
164411,YPF.Nq.LCav-75(h),2026-08,YPF S.A.,BANDURRIA SUR,VACA MUERTA,Extracción Efectiva,Petrolífero,Surgencia Natural,EXPLOTACION,6109.0,,,905.73,267.07,1109.32,30.77,prod_2026
164412,YPF.Nq.LCav-76(h),2026-08,YPF S.A.,BANDURRIA SUR,VACA MUERTA,Extracción Efectiva,Petrolífero,Surgencia Natural,EXPLOTACION,6263.0,,,1134.93,221.31,959.04,30.73,prod_2026
164413,YPF.Nq.RDMN-255(h),2026-08,YPF S.A.,RINCON DEL MANGRULLO,VACA MUERTA,Extracción Efectiva,Gasífero,Surgencia Natural,EXPLOTACION,6428.0,,,0.87,1244.1,77.35,23.67,prod_2026
164414,YPF.Nq.RDMN-257(h),2026-08,YPF S.A.,RINCON DEL MANGRULLO,VACA MUERTA,Extracción Efectiva,Gasífero,Surgencia Natural,EXPLOTACION,6513.0,,,3.34,3791.0,147.63,16.59,prod_2026
164415,YPF.Nq.RDMN-258(h),2026-08,YPF S.A.,RINCON DEL MANGRULLO,VACA MUERTA,Extracción Efectiva,Gasífero,Surgencia Natural,EXPLOTACION,0.0,,,4.21,4358.62,311.35,19.69,prod_2026
164416,YPF.Nq.RDMN-260(h),2026-08,YPF S.A.,RINCON DEL MANGRULLO,VACA MUERTA,Extracción Efectiva,Gasífero,Surgencia Natural,EXPLOTACION,7303.0,,,0.16,268.0,31.77,2.15,prod_2026
164440,SHE.Nq.CdL-46(h),2026-08,SHELL ARGENTINA S.A.,CRUZ DE LORENA,VACA MUERTA,Extracción Efectiva,Petrolífero,Surgencia Natural,EXPLOTACION,5873.0,,,378.87,37.49,13.62,21.67,prod_2026
164441,SHE.Nq.CdL-47(h),2026-08,SHELL ARGENTINA S.A.,CRUZ DE LORENA,VACA MUERTA,Extracción Efectiva,Petrolífero,Surgencia Natural,EXPLOTACION,5879.0,,,221.38,18.1,15.32,16.0,prod_2026
164442,SHE.Nq.CdL-48(h),2026-08,SHELL ARGENTINA S.A.,CRUZ DE LORENA,VACA MUERTA,Extracción Efectiva,Petrolífero,Surgencia Natural,EXPLOTACION,6030.0,,,370.67,27.2,13.33,22.08,prod_2026
164443,SHE.Nq.CdL-49(h),2026-08,SHELL ARGENTINA S.A.,CRUZ DE LORENA,VACA MUERTA,Extracción Efectiva,Petrolífero,Surgencia Natural,EXPLOTACION,6305.0,,,82.65,10.43,9.39,8.35,prod_2026
164444,SHE.Nq.CdL-50(h),2026-08,SHELL ARGENTINA S.A.,CRUZ DE LORENA,VACA MUERTA,Extracción Efectiva,Petrolífero,Surgencia Natural,EXPLOTACION,5817.0,,,168.07,10.19,5.1,7.65,prod_2026
164445,VIS.Nq.BPO-2321(h),2026-08,VISTA ENERGY ARGENTINA SAU,BAJADA DEL PALO OESTE,VACA MUERTA,Extracción Efectiva,Petrolífero,Gas Lift,EXPLOTACION,6091.0,,,711.046,84.917,11.461,30.635,prod_2026
164446,VIS.Nq.BPO-2322(h),2026-08,VISTA ENERGY ARGENTINA SAU,BAJADA DEL PALO OESTE,VACA MUERTA,Extracción Efectiva,Petrolífero,Gas Lift,EXPLOTACION,6079.0,,,1086.753,123.96,58.169,30.569,prod_2026
164447,VIS.Nq.BPO-2323(h),2026-08,VISTA ENERGY ARGENTINA SAU,BAJADA DEL PALO OESTE,VACA MUERTA,Extracción Efectiva,Petrolífero,Gas Lift,EXPLOTACION,5800.0,,,707.352,92.591,25.624,30.756,prod_2026
164448,VIS.Nq.BPO-2324(h),2026-08,VISTA ENERGY ARGENTINA SAU,BAJADA DEL PALO OESTE,VACA MUERTA,Extracción Efectiva,Petrolífero,Gas Lift,EXPLOTACION,5794.0,,,714.29,93.721,9.0,30.751,prod_2026
164451,TPT.Nq.LTE-1011(h),2026-08,TECPETROL S.A.,LOS TOLDOS ESTE,VACA MUERTA,Extracción Efectiva,Petrolífero,Surgencia Natural,EXPLOTACION,5368.0,,,4596.395,1483.754,1569.445,30.98194,prod_2026
164455,PLU.Nq.LCa-3089(h),2026-08,PLUSPETROL S.A.,LA CALERA,VACA MUERTA,Extracción Efectiva,Gasífero,Surgencia Natural,EXPLOTACION,6315.0,,,1321.424,2608.294,1258.826,31.0,prod_2026
164456,PLU.Nq.LCa-3098(h),2026-08,PLUSPETROL S.A.,LA CALERA,VACA MUERTA,Extracción Efectiva,Gasífero,Surgencia Natural,EXPLOTACION,5846.0,,,800.552,1428.131,1164.899,30.95833,prod_2026
164465,YPF.Nq.LACh-398(h),2026-08,YPF S.A.,LA AMARGA CHICA,VACA MUERTA,Extracción Efectiva,Petrolífero,Surgencia Natural,EXPLOTACION,5514.0,,,525.23,56.58,447.14,12.08,prod_2026
164466,YPF.Nq.LACh-399(h),2026-08,YPF S.A.,LA AMARGA CHICA,VACA MUERTA,Extracción Efectiva,Petrolífero,Surgencia Natural,EXPLOTACION,5635.0,,,558.87,70.2,43.87,22.1,prod_2026
164467,YPF.Nq.LACh-400(h),2026-08,YPF S.A.,LA AMARGA CHICA,VACA MUERTA,Extracción Efectiva,Petrolífero,Surgencia Natural,EXPLOTACION,5790.0,,,1562.64,189.7,538.9,22.08,prod_2026
164468,YPF.Nq.LACh-401(h),2026-08,YPF S.A.,LA AMARGA CHICA,VACA MUERTA,Extracción Efectiva,Petrolífero,Surgencia Natural,EXPLOTACION,5943.0,,,694.68,60.13,494.26,18.44,prod_2026
164469,YPF.Nq.LCav-120(h),2026-08,YPF S.A.,BANDURRIA SUR,VACA MUERTA,Extracción Efectiva,Petrolífero,Bombeo Mecánico,EXPLOTACION,5809.0,,,622.58,118.23,222.92,30.03,prod_2026
164470,YPF.Nq.LCav-122(h),2026-08,YPF S.A.,BANDURRIA SUR,VACA MUERTA,Extracción Efectiva,Petrolífero,Surgencia Natural,EXPLOTACION,5717.0,,,997.13,175.86,435.33,29.43,prod_2026
164471,YPF.Nq.LCav-90(h),2026-08,YPF S.A.,BANDURRIA SUR,VACA MUERTA,Extracción Efectiva,Petrolífero,Surgencia Natural,EXPLOTACION,5665.0,,,565.96,107.0,344.36,28.7,prod_2026
164472,YPF.Nq.LCav-91(h),2026-08,YPF S.A.,BANDURRIA SUR,VACA MUERTA,Extracción Efectiva,Petrolífero,Bombeo Mecánico,EXPLOTACION,5572.0,,,877.58,141.68,204.4,29.33,prod_2026
164498,TPT.Nq.FP-1511(h),2026-08,TECPETROL S.A.,FORTIN DE PIEDRA,VACA MUERTA,Parado Transitoriamente,Gasífero,Surgencia Natural,EXPLOTACION,6141.0,,,127.6706,6188.188,171.6044,17.49861,prod_2026
164499,TPT.Nq.FP-1512(h),2026-08,TECPETROL S.A.,FORTIN DE PIEDRA,VACA MUERTA,Parado Transitoriamente,Gasífero,Surgencia Natural,EXPLOTACION,6218.0,,,34.87288,3457.971,540.2679,16.45347,prod_2026
164500,TPT.Nq.FP-1513(h),2026-08,TECPETROL S.A.,FORTIN DE PIEDRA,VACA MUERTA,Parado Transitoriamente,Gasífero,Surgencia Natural,EXPLOTACION,6089.0,,,116.2804,6879.818,144.9297,23.44653,prod_2026
164501,TPT.Nq.LTE.x-1012(h),2026-08,TECPETROL S.A.,LOS TOLDOS ESTE,VACA MUERTA,Extracción Efectiva,Petrolífero,Surgencia Natural,EXPLORACION,5156.0,,,2738.315,541.6731,1390.782,30.86944,prod_2026
164509,PAE.Nq.LA-398(h),2026-08,PAN AMERICAN ENERGY SL,LINDERO ATRAVESADO OCCIDENTAL,VACA MUERTA,Extracción Efectiva,Petrolífero,Bombeo Mecánico,EXPLOTACION,5865.0,,,461.7868,79.5204,0.0,30.89931,prod_2026
164510,PAE.Nq.LA-416(h),2026-08,PAN AMERICAN ENERGY SL,LINDERO ATRAVESADO OCCIDENTAL,VACA MUERTA,Extracción Efectiva,Petrolífero,Bombeo Mecánico,EXPLOTACION,6185.0,,,722.88,69.20166,38.23768,30.88889,prod_2026
164528,PLU.Nq.LCa-3099(h),2026-08,PLUSPETROL S.A.,LA CALERA,VACA MUERTA,Extracción Efectiva,Gasífero,Surgencia Natural,EXPLOTACION,5791.0,,,652.742,1101.869,1803.605,30.95833,prod_2026
164529,CHA.Nq.ET-2041(h),2026-08,CHEVRON ARGENTINA S.R.L.,EL TRAPIAL ESTE,VACA MUERTA,Extracción Efectiva,Petrolífero,Surgencia Natural,EXPLOTACION,5998.0,,,1655.07,1037.08069,1652.45,30.667,prod_2026
164530,CHA.Nq.ET-2042(h),2026-08,CHEVRON ARGENTINA S.R.L.,EL TRAPIAL ESTE,VACA MUERTA,Extracción Efectiva,Petrolífero,Surgencia Natural,EXPLOTACION,5756.0,,,2357.76,1018.26894,6008.06,30.667,prod_2026
164531,CHA.Nq.ET-2043(h),2026-08,CHEVRON ARGENTINA S.R.L.,EL TRAPIAL ESTE,VACA MUERTA,Extracción Efectiva,Petrolífero,Surgencia Natural,EXPLOTACION,5868.0,,,2113.42,1644.29007,2559.34,30.667,prod_2026
164532,CHA.Nq.ET-2044(h),2026-08,CHEVRON ARGENTINA S.R.L.,EL TRAPIAL ESTE,VACA MUERTA,Extracción Efectiva,Petrolífero,Surgencia Natural,EXPLOTACION,5720.0,,,4136.7,1968.76729,4282.21,30.667,prod_2026
164550,VIS.Nq.BPO-2007(h),2026-08,VISTA ENERGY ARGENTINA SAU,BAJADA DEL PALO OESTE,VACA MUERTA,Extracción Efectiva,Petrolífero,Gas Lift,EXPLOTACION,5462.0,,,976.926,175.137,90.553,30.627,prod_2026
164551,VIS.Nq.BPO-2008(h),2026-08,VISTA ENERGY ARGENTINA SAU,BAJADA DEL PALO OESTE,VACA MUERTA,Extracción Efectiva,Petrolífero,Gas Lift,EXPLOTACION,5410.0,,,906.595,96.899,80.987,30.82,prod_2026
164552,VIS.Nq.BPO-2009(h),2026-08,VISTA ENERGY ARGENTINA SAU,BAJADA DEL PALO OESTE,VACA MUERTA,Extracción Efectiva,Petrolífero,Gas Lift,EXPLOTACION,5484.0,,,1005.095,116.735,64.602,30.775,prod_2026
164553,VIS.Nq.BPO-2010(h),2026-08,VISTA ENERGY ARGENTINA SAU,BAJADA DEL PALO OESTE,VACA MUERTA,Extracción Efectiva,Petrolífero,Gas Lift,EXPLOTACION,5461.0,,,1088.935,163.58,284.774,30.476,prod_2026
164554,PLU.Nq.LCa-3100(h),2026-08,PLUSPETROL S.A.,LA CALERA,VACA MUERTA,Extracción Efectiva,Gasífero,Surgencia Natural,EXPLOTACION,5682.0,,,895.708,1679.61,1936.48,30.95833,prod_2026
164563,YPF.Nq.LACh-604(h),2026-08,YPF S.A.,LA AMARGA CHICA,VACA MUERTA,Extracción Efectiva,Petrolífero,Bombeo Mecánico,EXPLOTACION,5888.0,,,558.77,74.88,342.46,30.98,prod_2026
164564,YPF.Nq.LACh-605(h),2026-08,YPF S.A.,LA AMARGA CHICA,VACA MUERTA,Extracción Efectiva,Petrolífero,Bombeo Mecánico,EXPLOTACION,6010.0,,,67.01,10.01,314.0,30.73,prod_2026
164565,YPF.Nq.LACh-606(h),2026-08,YPF S.A.,LA AMARGA CHICA,VACA MUERTA,Extracción Efectiva,Petrolífero,Bombeo Mecánico,EXPLOTACION,5896.0,,,447.75,52.36,428.36,31.0,prod_2026
164566,YPF.Nq.LCav-53(h),2026-08,YPF S.A.,BANDURRIA SUR,VACA MUERTA,Extracción Efectiva,Petrolífero,Surgencia Natural,EXPLOTACION,5935.0,,,455.68,55.03,294.53,20.75,prod_2026
164567,YPF.Nq.LCav-54(h),2026-08,YPF S.A.,BANDURRIA SUR,VACA MUERTA,Extracción Efectiva,Petrolífero,Bombeo Mecánico,EXPLOTACION,5460.0,,,924.08,516.29,148.17,28.47,prod_2026
164568,YPF.Nq.LCav-55(h),2026-08,YPF S.A.,BANDURRIA SUR,VACA MUERTA,Extracción Efectiva,Petrolífero,Surgencia Natural,EXPLOTACION,5177.0,,,1824.37,339.95,2854.91,30.73,prod_2026
164569,YPF.Nq.LCav-56(h),2026-08,YPF S.A.,BANDURRIA SUR,VACA MUERTA,Extracción Efectiva,Petrolífero,Surgencia Natural,EXPLOTACION,0.0,,,132.29,23.41,1858.96,29.4,prod_2026
164570,YPF.Nq.LLL-1684(h),2026-08,YPF S.A.,LOMA CAMPANA-LLL,VACA MUERTA,Extracción Efectiva,Petrolífero,Bombeo Mecánico,EXPLOTACION,6117.0,,,590.83,82.37,39.56,30.75,prod_2026
164571,YPF.Nq.LLL-1685(h),2026-08,YPF S.A.,LOMA CAMPANA-LLL,VACA MUERTA,Extracción Efectiva,Petrolífero,Bombeo Mecánico,EXPLOTACION,6035.0,,,922.31,117.19,107.66,30.79,prod_2026
164572,YPF.Nq.LLL-1687(h),2026-08,YPF S.A.,LOMA CAMPANA-LLL,VACA MUERTA,Extracción Efectiva,Petrolífero,Bombeo Mecánico,EXPLOTACION,6083.0,,,712.86,102.14,70.44,30.79,prod_2026
164573,YPF.Nq.LLL-1688(h),2026-08,YPF S.A.,LOMA CAMPANA-LLL,VACA MUERTA,Extracción Efectiva,Petrolífero,Bombeo Mecánico,EXPLOTACION,6596.0,,,1682.7,188.22,130.22,30.79,prod_2026
164574,YPF.Nq.LLL-1689(h),2026-08,YPF S.A.,LOMA CAMPANA-LLL,VACA MUERTA,Extracción Efectiva,Petrolífero,Electrosumergible,EXPLOTACION,7784.0,,,1750.44,313.07,33.02,30.04,prod_2026
164575,YPF.Nq.LoAmS-4(h),2026-08,YPF S.A.,LOMA AMARILLA SUR,VACA MUERTA,Parado Transitoriamente,Petrolífero,Surgencia Natural,EXPLOTACION,5496.0,,,0.0,0.0,0.0,0.0,prod_2026
164576,YPF.Nq.LoAmS-5(h),2026-08,YPF S.A.,LOMA AMARILLA SUR,VACA MUERTA,Parado Transitoriamente,Petrolífero,Surgencia Natural,EXPLOTACION,4708.0,,,0.0,0.0,0.0,0.0,prod_2026
164577,YPF.Nq.LoAmS-6(h),2026-08,YPF S.A.,LOMA AMARILLA SUR,VACA MUERTA,Parado Transitoriamente,Petrolífero,Surgencia Natural,EXPLOTACION,5465.0,,,0.0,0.0,0.0,0.0,prod_2026
164578,YPF.Nq.LoAmS-7(h),2026-08,YPF S.A.,LOMA AMARILLA SUR,VACA MUERTA,Parado Transitoriamente,Petrolífero,Surgencia Natural,EXPLOTACION,0.0,,,0.0,0.0,0.0,0.0,prod_2026
164585,PLU.Nq.LCa-3090(h),2026-08,PLUSPETROL S.A.,LA CALERA,VACA MUERTA,En Estudio,Gasífero,Sin Sistema de Extracción,EXPLOTACION,6205.0,,,0.0,0.0,0.0,0.0,prod_2026
164588,PAE.Nq.APO-211(h),2026-08,PAN AMERICAN ENERGY SL,AGUADA PICHANA OESTE,VACA MUERTA,Extracción Efectiva,Gasífero,Surgencia Natural,EXPLOTACION,5911.0,,,0.0,6142.517,573.6763,30.89653,prod_2026
164594,PAE.Nq.ECh-135(h),2026-08,PAN AMERICAN ENERGY SL,LINDERO ATRAVESADO OCCIDENTAL,VACA MUERTA,Extracción Efectiva,Petrolífero,Bombeo Mecánico,EXPLOTACION,6365.0,,,483.0154,73.12579,84.96325,30.95833,prod_2026
164597,PAE.Nq.APO-209(h),2026-08,PAN AMERICAN ENERGY SL,AGUADA PICHANA OESTE,VACA MUERTA,Extracción Efectiva,Gasífero,Surgencia Natural,EXPLOTACION,5902.0,,,0.0,3401.49,233.8374,31.0,prod_2026
164604,PAE.Nq.ECh-139(h),2026-08,PAN AMERICAN ENERGY SL,LINDERO ATRAVESADO OCCIDENTAL,VACA MUERTA,En Estudio,Petrolífero,Bombeo Mecánico,EXPLOTACION,6363.0,,,0.0,0.0,0.0,0.0,prod_2026
164622,VIS.Nq.BPO-2681(h),2026-08,VISTA ENERGY ARGENTINA SAU,BAJADA DEL PALO OESTE,VACA MUERTA,Extracción Efectiva,Petrolífero,Gas Lift,EXPLOTACION,6189.0,,,962.549,66.979,844.198,30.968,prod_2026
164623,VIS.Nq.BPO-2682(h),2026-08,VISTA ENERGY ARGENTINA SAU,BAJADA DEL PALO OESTE,VACA MUERTA,Extracción Efectiva,Petrolífero,Gas Lift,EXPLOTACION,6109.0,,,1101.588,83.528,1088.525,30.995,prod_2026
164624,VIS.Nq.BPO-2683(h),2026-08,VISTA ENERGY ARGENTINA SAU,BAJADA DEL PALO OESTE,VACA MUERTA,Extracción Efectiva,Petrolífero,Gas Lift,EXPLOTACION,5985.0,,,1332.169,88.07,1115.576,30.995,prod_2026
164625,VIS.Nq.BPO-2684(h),2026-08,VISTA ENERGY ARGENTINA SAU,BAJADA DEL PALO OESTE,VACA MUERTA,Extracción Efectiva,Petrolífero,Gas Lift,EXPLOTACION,5900.0,,,684.578,52.214,1208.511,30.995,prod_2026
164628,PAM.Nq.M-2312(h),2026-08,PAMPA ENERGIA S.A.,EL MANGRULLO,VACA MUERTA,Extracción Efectiva,Gasífero,Surgencia Natural,EXPLOTACION,5376.0,,,0.0,4603.652,267.859,31.0,prod_2026
164629,PAM.Nq.M-2314(h),2026-08,PAMPA ENERGIA S.A.,EL MANGRULLO,VACA MUERTA,Extracción Efectiva,Gasífero,Surgencia Natural,EXPLOTACION,5355.0,,,0.0,6405.711,562.719,31.0,prod_2026
164636,PLU.Nq.LCa-3091(h),2026-08,PLUSPETROL S.A.,LA CALERA,VACA MUERTA,Extracción Efectiva,Gasífero,Surgencia Natural,EXPLOTACION,6187.0,,,1084.64,2585.181,2216.405,31.0,prod_2026
164644,YPF.Nq.AdlA-1037(h),2026-08,YPF S.A.,AGUADA DE LA ARENA,VACA MUERTA,Extracción Efectiva,Gasífero,Surgencia Natural,EXPLOTACION,5470.0,,,0.0,9149.05,758.99,31.0,prod_2026
164645,YPF.Nq.AdlA-1038(h),2026-08,YPF S.A.,AGUADA DE LA ARENA,VACA MUERTA,Extracción Efectiva,Gasífero,Surgencia Natural,EXPLOTACION,5512.0,,,0.0,7686.74,2015.02,31.0,prod_2026
164646,YPF.Nq.LACh-393(h),2026-08,YPF S.A.,LA AMARGA CHICA,VACA MUERTA,Extracción Efectiva,Petrolífero,Surgencia Natural,EXPLOTACION,6510.0,,,1236.71,155.27,1397.01,31.0,prod_2026
164647,YPF.Nq.LACh-394(h),2026-08,YPF S.A.,LA AMARGA CHICA,VACA MUERTA,Extracción Efectiva,Petrolífero,Surgencia Natural,EXPLOTACION,6510.0,,,1172.78,145.09,1172.26,30.27,prod_2026
164648,YPF.Nq.LACh-395(h),2026-08,YPF S.A.,LA AMARGA CHICA,VACA MUERTA,Parado Transitoriamente,Petrolífero,Surgencia Natural,EXPLOTACION,6417.0,,,0.0,0.0,0.0,0.0,prod_2026
164649,YPF.Nq.LACh-396(h),2026-08,YPF S.A.,LA AMARGA CHICA,VACA MUERTA,Extracción Efectiva,Petrolífero,Surgencia Natural,EXPLOTACION,6323.0,,,1439.8,190.27,1846.9,30.79,prod_2026
164650,YPF.Nq.LCav-110(h),2026-08,YPF S.A.,BANDURRIA SUR,VACA MUERTA,Parado Transitoriamente,Petrolífero,Surgencia Natural,EXPLOTACION,6233.0,,,0.0,0.0,0.0,0.0,prod_2026
164651,YPF.Nq.LCav-111(h),2026-08,YPF S.A.,BANDURRIA SUR,VACA MUERTA,Extracción Efectiva,Petrolífero,Surgencia Natural,EXPLOTACION,6215.0,,,999.26,185.26,173.58,30.28,prod_2026
164652,YPF.Nq.LCav-112(h),2026-08,YPF S.A.,BANDURRIA SUR,VACA MUERTA,Extracción Efectiva,Petrolífero,Surgencia Natural,EXPLOTACION,6030.0,,,208.69,30.87,74.3,4.0,prod_2026
164653,YPF.Nq.LCav-113(h),2026-08,YPF S.A.,BANDURRIA SUR,VACA MUERTA,Extracción Efectiva,Petrolífero,Surgencia Natural,EXPLOTACION,7087.0,,,1526.58,252.7,165.16,30.74,prod_2026
164654,YPF.Nq.LCav-114(h),2026-08,YPF S.A.,BANDURRIA SUR,VACA MUERTA,Extracción Efectiva,Petrolífero,Surgencia Natural,EXPLOTACION,6903.0,,,220.87,78.47,1158.14,29.05,prod_2026
164655,YPF.Nq.LLL-1658(h),2026-08,YPF S.A.,LOMA CAMPANA-LLL,VACA MUERTA,Extracción Efectiva,Petrolífero,Surgencia Natural,EXPLOTACION,6273.0,,,2380.54,663.98,289.39,30.77,prod_2026
164656,YPF.Nq.LLL-1659(h),2026-08,YPF S.A.,LOMA CAMPANA-LLL,VACA MUERTA,Extracción Efectiva,Petrolífero,Bombeo Mecánico,EXPLOTACION,6166.0,,,931.1,277.52,75.78,22.6,prod_2026
164657,YPF.Nq.LLL-1660(h),2026-08,YPF S.A.,LOMA CAMPANA-LLL,VACA MUERTA,Extracción Efectiva,Petrolífero,Bombeo Mecánico,EXPLOTACION,6327.0,,,1123.25,437.29,50.21,29.02,prod_2026
164658,YPF.Nq.LLL-1661(h),2026-08,YPF S.A.,LOMA CAMPANA-LLL,VACA MUERTA,Extracción Efectiva,Petrolífero,Bombeo Mecánico,EXPLOTACION,6342.0,,,418.54,153.47,31.07,29.38,prod_2026
164659,YPF.Nq.LLL-1662(h),2026-08,YPF S.A.,LOMA CAMPANA-LLL,VACA MUERTA,Extracción Efectiva,Petrolífero,Bombeo Mecánico,EXPLOTACION,6386.0,,,707.27,116.84,17.85,26.33,prod_2026
164660,YPF.Nq.LLL-1663(h),2026-08,YPF S.A.,LOMA CAMPANA-LLL,VACA MUERTA,Extracción Efectiva,Petrolífero,Bombeo Mecánico,EXPLOTACION,6216.0,,,1105.95,507.11,86.74,19.71,prod_2026
164676,SHE.Nq.CASO-24(h),2026-08,SHELL ARGENTINA S.A.,COIRON AMARGO SUR OESTE,VACA MUERTA,Extracción Efectiva,Petrolífero,Bombeo Mecánico,EXPLOTACION,6905.0,,,1023.15,81.98,29.36,31.0,prod_2026
164677,SHE.Nq.CASO-25(h),2026-08,SHELL ARGENTINA S.A.,COIRON AMARGO SUR OESTE,VACA MUERTA,Extracción Efectiva,Petrolífero,Bombeo Mecánico,EXPLOTACION,6179.0,,,519.14,54.23,16.36,31.0,prod_2026
164678,SHE.Nq.CASO-26(h),2026-08,SHELL ARGENTINA S.A.,COIRON AMARGO SUR OESTE,VACA MUERTA,Extracción Efectiva,Petrolífero,Surgencia Natural,EXPLOTACION,6124.0,,,303.68,33.86,18.73,31.0,prod_2026
164679,SHE.Nq.CASO-27(h),2026-08,SHELL ARGENTINA S.A.,COIRON AMARGO SUR OESTE,VACA MUERTA,Extracción Efectiva,Petrolífero,Bombeo Mecánico,EXPLOTACION,6165.0,,,947.13,91.51,38.95,31.0,prod_2026
164680,PET.Nq.MMo-2061(h),2026-08,PHOENIX GLOBAL RESOURCES S.A.,MATA MORA NORTE,VACA MUERTA,Extracción Efectiva,Petrolífero,Bombeo Mecánico,EXPLOTACION,5921.35,,,976.1661,69.23555,0.0,30.89583,prod_2026
164681,PET.Nq.MMo-2062(h),2026-08,PHOENIX GLOBAL RESOURCES S.A.,MATA MORA NORTE,VACA MUERTA,Extracción Efectiva,Petrolífero,Bombeo Mecánico,EXPLOTACION,5851.17,,,645.7676,55.80898,178.8111,28.82917,prod_2026
164682,PET.Nq.MMo-2063(h),2026-08,PHOENIX GLOBAL RESOURCES S.A.,MATA MORA NORTE,VACA MUERTA,Extracción Efectiva,Petrolífero,Bombeo Mecánico,EXPLOTACION,5855.0,,,464.5945,34.05374,15.04638,29.77986,prod_2026
164683,PET.Nq.MMo-2064(h),2026-08,PHOENIX GLOBAL RESOURCES S.A.,MATA MORA NORTE,VACA MUERTA,Extracción Efectiva,Petrolífero,Bombeo Mecánico,EXPLOTACION,5895.0,,,1073.584,85.81068,13.05065,30.08819,prod_2026
164684,PET.Nq.MMo.s-2003,2026-08,PHOENIX GLOBAL RESOURCES S.A.,MATA MORA NORTE,VACA MUERTA,En Inyección Efectiva,Sumidero,Sin Sistema de Extracción,SERVICIO,2215.0,,,0.0,0.0,0.0,0.0,prod_2026
164697,PAE.Nq.ECh-206(h),2026-08,PAN AMERICAN ENERGY SL,LINDERO ATRAVESADO OCCIDENTAL,VACA MUERTA,Extracción Efectiva,Petrolífero,Bombeo Mecánico,EXPLOTACION,6009.0,,,1003.462,76.18661,6.271543,31.0,prod_2026
164701,PAE.Nq.ECh-202(h),2026-08,PAN AMERICAN ENERGY SL,LINDERO ATRAVESADO OCCIDENTAL,VACA MUERTA,Extracción Efectiva,Petrolífero,Bombeo Mecánico,EXPLOTACION,5815.0,,,826.419,60.32532,8.446473,30.98611,prod_2026
164705,TAU.Nq.AP-1061(h),2026-08,TOTAL AUSTRAL S.A.,AGUADA PICHANA ESTE VACA MUERTA,VACA MUERTA,Extracción Efectiva,Gasífero,Surgencia Natural,EXPLOTACION,5904.0,,,93.00381,2626.251,3987.792,30.83681,prod_2026
164706,TAU.Nq.AP-1062(h),2026-08,TOTAL AUSTRAL S.A.,AGUADA PICHANA ESTE VACA MUERTA,VACA MUERTA,Extracción Efectiva,Gasífero,Surgencia Natural,EXPLOTACION,6086.0,,,97.14106,2794.298,51.34047,22.82986,prod_2026
164707,PLU.Nq.LCa-3014(h),2026-08,PLUSPETROL S.A.,LA CALERA,VACA MUERTA,Extracción Efectiva,Gasífero,Surgencia Natural,EXPLOTACION,6110.0,,,851.579,5216.908,277.645,25.84375,prod_2026
164711,VIS.Nq.BPO-2942(h),2026-08,VISTA ENERGY ARGENTINA SAU,BAJADA DEL PALO OESTE,VACA MUERTA,Extracción Efectiva,Petrolífero,Gas Lift,EXPLOTACION,5724.0,,,1371.992,129.369,399.623,30.899,prod_2026
164712,VIS.Nq.BPO-2943(h),2026-08,VISTA ENERGY ARGENTINA SAU,BAJADA DEL PALO OESTE,VACA MUERTA,Extracción Efectiva,Petrolífero,Gas Lift,EXPLOTACION,5879.0,,,992.157,91.691,86.653,30.904,prod_2026
164713,VIS.Nq.BPO-2944(h),2026-08,VISTA ENERGY ARGENTINA SAU,BAJADA DEL PALO OESTE,VACA MUERTA,Extracción Efectiva,Petrolífero,Gas Lift,EXPLOTACION,5920.0,,,1359.624,120.193,419.458,30.527,prod_2026
164717,PAM.Nq.M-2313(h),2026-08,PAMPA ENERGIA S.A.,EL MANGRULLO,VACA MUERTA,Extracción Efectiva,Gasífero,Surgencia Natural,EXPLOTACION,5380.0,,,0.0,5126.387,260.3596,30.95,prod_2026
164723,YPF.Nq.AdCh-1231(h),2026-08,YPF S.A.,LOMA COLORADA,VACA MUERTA,Extracción Efectiva,Petrolífero,Bombeo Mecánico,EXPLOTACION,0.0,,,631.44,110.07,106.73,31.0,prod_2026
164724,YPF.Nq.AdCh-1232(h),2026-08,YPF S.A.,LOMA COLORADA,VACA MUERTA,Extracción Efectiva,Petrolífero,Bombeo Mecánico,EXPLOTACION,6345.0,,,393.58,36.71,45.14,30.6,prod_2026
164725,YPF.Nq.AdCh-1233(h),2026-08,YPF S.A.,LOMA COLORADA,VACA MUERTA,Extracción Efectiva,Petrolífero,Bombeo Mecánico,EXPLOTACION,6040.0,,,399.57,43.64,34.06,23.67,prod_2026
164726,YPF.Nq.AdCh-1234(h),2026-08,YPF S.A.,LOMA COLORADA,VACA MUERTA,Extracción Efectiva,Petrolífero,Bombeo Mecánico,EXPLOTACION,5820.0,,,613.96,84.28,46.53,31.0,prod_2026
164727,YPF.Nq.AdlA-1035(h),2026-08,YPF S.A.,AGUADA DE LA ARENA,VACA MUERTA,Extracción Efectiva,Gasífero,Surgencia Natural,EXPLOTACION,5402.0,,,0.0,6395.29,694.43,30.81,prod_2026
164728,YPF.Nq.AdlA-1036(h),2026-08,YPF S.A.,AGUADA DE LA ARENA,VACA MUERTA,Extracción Efectiva,Gasífero,Surgencia Natural,EXPLOTACION,5541.0,,,0.0,2431.45,887.87,9.96,prod_2026
164729,YPF.Nq.AdlA-1039(h),2026-08,YPF S.A.,AGUADA DE LA ARENA,VACA MUERTA,Extracción Efectiva,Gasífero,Surgencia Natural,EXPLOTACION,5391.0,,,0.0,5206.28,516.9,23.76,prod_2026
164730,YPF.Nq.LACh-246(h),2026-08,YPF S.A.,LA AMARGA CHICA,VACA MUERTA,Extracción Efectiva,Petrolífero,Surgencia Natural,EXPLOTACION,5004.0,,,1204.17,124.57,93.51,17.56,prod_2026
164731,YPF.Nq.LACh-248(h),2026-08,YPF S.A.,LA AMARGA CHICA,VACA MUERTA,Extracción Efectiva,Petrolífero,Surgencia Natural,EXPLOTACION,0.0,,,1245.69,114.73,0.0,17.75,prod_2026
164732,YPF.Nq.LCav-103(h),2026-08,YPF S.A.,BANDURRIA SUR,VACA MUERTA,Extracción Efectiva,Petrolífero,Surgencia Natural,EXPLOTACION,6248.0,,,1502.69,183.53,834.05,30.25,prod_2026
164733,YPF.Nq.LCav-105(h),2026-08,YPF S.A.,BANDURRIA SUR,VACA MUERTA,Extracción Efectiva,Petrolífero,Bombeo Mecánico,EXPLOTACION,6180.0,,,1222.2,137.15,73.14,30.44,prod_2026
164753,PAE.Nq.ECh-137(h),2026-08,PAN AMERICAN ENERGY SL,LINDERO ATRAVESADO OCCIDENTAL,VACA MUERTA,Extracción Efectiva,Petrolífero,Bombeo Mecánico,EXPLOTACION,6262.0,,,611.6822,72.9566,3.645752,30.50694,prod_2026
164757,PAE.Nq.ECh-133(h),2026-08,PAN AMERICAN ENERGY SL,LINDERO ATRAVESADO OCCIDENTAL,VACA MUERTA,Extracción Efectiva,Petrolífero,Bombeo Mecánico,EXPLOTACION,6338.0,,,719.2918,77.99974,33.2685,31.0,prod_2026
164764,PAE.Nq.ECh-204(h),2026-08,PAN AMERICAN ENERGY SL,LINDERO ATRAVESADO OCCIDENTAL,VACA MUERTA,Extracción Efectiva,Petrolífero,Bombeo Mecánico,EXPLOTACION,5851.0,,,762.5769,79.68706,4.039766,30.39931,prod_2026
164767,PAE.Nq.ECh-208(h),2026-08,PAN AMERICAN ENERGY SL,LINDERO ATRAVESADO OCCIDENTAL,VACA MUERTA,Extracción Efectiva,Petrolífero,Bombeo Mecánico,EXPLOTACION,6001.0,,,2201.162,222.2658,97.85072,31.0,prod_2026
164771,PAM.Nq.SCh.x-1007(h),2026-08,PAMPA ENERGIA S.A.,SIERRA CHATA,VACA MUERTA,Extracción Efectiva,Gasífero,Surgencia Natural,EXPLOTACION,5550.0,,,92.66484,809.2086,5.995127,29.49653,prod_2026
164772,PAM.Nq.SCh-1008(h),2026-08,PAMPA ENERGIA S.A.,SIERRA CHATA,VACA MUERTA,Extracción Efectiva,Gasífero,Surgencia Natural,EXPLOTACION,5490.0,,,213.5235,1681.901,12.94052,30.22014,prod_2026
164773,PAM.Nq.SCh-1009(h),2026-08,PAMPA ENERGIA S.A.,SIERRA CHATA,VACA MUERTA,Extracción Efectiva,Gasífero,Surgencia Natural,EXPLOTACION,5554.0,,,205.4974,1807.647,13.91495,29.56458,prod_2026
164776,PLU.Nq.AV.x-2001(h),2026-08,YPF S.A.,AGUADA VILLANUEVA NORTE,VACA MUERTA,Extracción Efectiva,Gasífero,Surgencia Natural,EXPLORACION,5119.0,,,1585.16,3374.2,413.72,28.91,prod_2026
164778,TPT.Nq.FP-1341(h),2026-08,TECPETROL S.A.,FORTIN DE PIEDRA,VACA MUERTA,Extracción Efectiva,Gasífero,Surgencia Natural,EXPLOTACION,5641.0,,,58.43145,423.7472,253.631,20.49306,prod_2026
164779,TPT.Nq.FP-1342(h),2026-08,TECPETROL S.A.,FORTIN DE PIEDRA,VACA MUERTA,Extracción Efectiva,Gasífero,Surgencia Natural,EXPLOTACION,5569.0,,,270.0409,2381.147,513.4882,31.0,prod_2026
164780,TPT.Nq.FP-1343(h),2026-08,TECPETROL S.A.,FORTIN DE PIEDRA,VACA MUERTA,Parado Transitoriamente,Gasífero,Surgencia Natural,EXPLOTACION,5619.0,,,287.0513,2053.719,522.9538,21.18333,prod_2026
164781,PLU.Nq.LCa-3015(h),2026-08,PLUSPETROL S.A.,LA CALERA,VACA MUERTA,Extracción Efectiva,Gasífero,Surgencia Natural,EXPLOTACION,6115.0,,,921.248,5079.227,461.901,26.53125,prod_2026
164788,YPF.Nq.BdTN-64(h),2026-08,YPF S.A.,BAJO DEL TORO NORTE,VACA MUERTA,Extracción Efectiva,Petrolífero,Surgencia Natural,EXPLOTACION,5391.0,,,231.69,38.48,292.54,17.85,prod_2026
164789,YPF.Nq.BdTN-65(h),2026-08,YPF S.A.,BAJO DEL TORO NORTE,VACA MUERTA,Extracción Efectiva,Petrolífero,Surgencia Natural,EXPLOTACION,5731.0,,,1165.08,175.03,301.6,29.71,prod_2026
164790,YPF.Nq.BdTN-66(h),2026-08,YPF S.A.,BAJO DEL TORO NORTE,VACA MUERTA,Extracción Efectiva,Petrolífero,Surgencia Natural,EXPLOTACION,5408.0,,,707.38,139.15,198.14,25.45,prod_2026
164791,YPF.Nq.BdTN-67(h),2026-08,YPF S.A.,BAJO DEL TORO NORTE,VACA MUERTA,Extracción Efectiva,Petrolífero,Surgencia Natural,EXPLOTACION,5654.0,,,23.73,8.16,15.18,1.52,prod_2026
164792,YPF.Nq.LACh-247(h),2026-08,YPF S.A.,LA AMARGA CHICA,VACA MUERTA,Extracción Efectiva,Petrolífero,Bombeo Mecánico,EXPLOTACION,5160.0,,,745.73,61.17,96.61,30.5,prod_2026
164793,YPF.Nq.LACh-249(h),2026-08,YPF S.A.,LA AMARGA CHICA,VACA MUERTA,Extracción Efectiva,Petrolífero,Bombeo Mecánico,EXPLOTACION,5185.0,,,552.14,62.21,463.82,30.75,prod_2026
164795,YPF.Nq.LLL-1586(h),2026-08,YPF S.A.,LOMA CAMPANA-LLL,VACA MUERTA,Extracción Efectiva,Petrolífero,Bombeo Mecánico,EXPLOTACION,0.0,,,1129.47,331.31,270.23,28.78,prod_2026
164796,YPF.Nq.LLL-1587(h),2026-08,YPF S.A.,LOMA CAMPANA-LLL,VACA MUERTA,Extracción Efectiva,Petrolífero,Bombeo Mecánico,EXPLOTACION,0.0,,,1237.24,555.97,198.77,21.39,prod_2026
164797,YPF.Nq.LLL-1634(h),2026-08,YPF S.A.,LOMA CAMPANA-LLL,VACA MUERTA,Extracción Efectiva,Petrolífero,Bombeo Mecánico,EXPLOTACION,6446.0,,,973.34,178.63,99.06,30.69,prod_2026
164798,YPF.Nq.LLL-1635(h),2026-08,YPF S.A.,LOMA CAMPANA-LLL,VACA MUERTA,Extracción Efectiva,Petrolífero,Bombeo Mecánico,EXPLOTACION,0.0,,,1008.49,384.44,80.41,30.48,prod_2026
164799,YPF.Nq.LLL-1636(h),2026-08,YPF S.A.,LOMA CAMPANA-LLL,VACA MUERTA,Extracción Efectiva,Petrolífero,Bombeo Mecánico,EXPLOTACION,7241.0,,,1805.71,291.24,54.49,30.52,prod_2026
164800,YPF.Nq.LLL-1637(h),2026-08,YPF S.A.,LOMA CAMPANA-LLL,VACA MUERTA,Extracción Efectiva,Petrolífero,Bombeo Mecánico,EXPLOTACION,6665.0,,,387.45,72.01,9.46,30.21,prod_2026
164801,YPF.Nq.LLL-1638(h),2026-08,YPF S.A.,LOMA CAMPANA-LLL,VACA MUERTA,Extracción Efectiva,Petrolífero,Surgencia Natural,EXPLOTACION,5383.0,,,277.65,60.9,7.98,30.67,prod_2026
164802,YPF.Nq.LLL-1639(h),2026-08,YPF S.A.,LOMA CAMPANA-LLL,VACA MUERTA,Extracción Efectiva,Petrolífero,Surgencia Natural,EXPLOTACION,7710.0,,,1170.92,154.62,152.95,19.56,prod_2026
164803,YPF.Nq.LLL-1710(h),2026-08,YPF S.A.,LOMA CAMPANA-LLL,VACA MUERTA,Extracción Efectiva,Petrolífero,Surgencia Natural,EXPLOTACION,6784.0,,,673.17,18.71,2567.72,19.15,prod_2026
164804,YPF.Nq.LLL-1711(h),2026-08,YPF S.A.,LOMA CAMPANA-LLL,VACA MUERTA,Extracción Efectiva,Petrolífero,Bombeo Mecánico,EXPLOTACION,5241.0,,,3.24,0.41,155.69,1.58,prod_2026
164805,YPF.Nq.LLL-1713(h),2026-08,YPF S.A.,LOMA CAMPANA-LLL,VACA MUERTA,Parado Transitoriamente,Petrolífero,Bombeo Mecánico,EXPLOTACION,5267.0,,,0.0,0.0,0.0,0.0,prod_2026
164806,YPF.Nq.LLL-1714(h),2026-08,YPF S.A.,LOMA CAMPANA-LLL,VACA MUERTA,Extracción Efectiva,Petrolífero,Surgencia Natural,EXPLOTACION,0.0,,,377.32,32.03,854.18,13.98,prod_2026
164807,YPF.Nq.LLL-1721(h),2026-08,YPF S.A.,LOMA CAMPANA-LLL,VACA MUERTA,Extracción Efectiva,Petrolífero,Bombeo Mecánico,EXPLOTACION,6857.0,,,1374.04,261.69,539.79,29.78,prod_2026
164808,YPF.Nq.LLL-1722(h),2026-08,YPF S.A.,LOMA CAMPANA-LLL,VACA MUERTA,Extracción Efectiva,Petrolífero,Bombeo Mecánico,EXPLOTACION,6698.0,,,734.38,98.74,1851.49,29.04,prod_2026
164809,YPF.Nq.LLL-1723(h),2026-08,YPF S.A.,LOMA CAMPANA-LLL,VACA MUERTA,Extracción Efectiva,Petrolífero,Surgencia Natural,EXPLOTACION,0.0,,,3616.82,1409.22,101.9,31.0,prod_2026
164810,YPF.Nq.LLL-1724(h),2026-08,YPF S.A.,LOMA CAMPANA-LLL,VACA MUERTA,Extracción Efectiva,Petrolífero,Surgencia Natural,EXPLOTACION,6689.0,,,2848.76,984.85,154.77,31.0,prod_2026
164811,YPF.Nq.RDMN-45(h),2026-08,YPF S.A.,RINCON DEL MANGRULLO,VACA MUERTA,Parado Transitoriamente,Gasífero,Surgencia Natural,EXPLOTACION,5998.0,,,0.0,0.0,0.0,0.0,prod_2026
164812,YPF.Nq.RDMN-46(h),2026-08,YPF S.A.,RINCON DEL MANGRULLO,VACA MUERTA,Extracción Efectiva,Gasífero,Surgencia Natural,EXPLOTACION,5909.0,,,0.81,3262.61,365.4,19.63,prod_2026
164813,YPF.Nq.RDMN-47(h),2026-08,YPF S.A.,RINCON DEL MANGRULLO,VACA MUERTA,Extracción Efectiva,Gasífero,Surgencia Natural,EXPLOTACION,6010.0,,,2.11,4090.27,187.85,16.15,prod_2026
164814,YPF.Nq.RDMN-48(h),2026-08,YPF S.A.,RINCON DEL MANGRULLO,VACA MUERTA,Extracción Efectiva,Gasífero,Surgencia Natural,EXPLOTACION,5932.0,,,0.18,2095.35,131.7,8.97,prod_2026
164827,VIS.Nq.BPO-2251(h),2026-08,VISTA ENERGY ARGENTINA SAU,BAJADA DEL PALO OESTE,VACA MUERTA,Extracción Efectiva,Petrolífero,Gas Lift,EXPLOTACION,6230.0,,,1979.271,263.456,368.311,30.95,prod_2026
164828,VIS.Nq.BPO-2252(h),2026-08,VISTA ENERGY ARGENTINA SAU,BAJADA DEL PALO OESTE,VACA MUERTA,Extracción Efectiva,Petrolífero,Gas Lift,EXPLOTACION,6168.0,,,863.576,136.869,1070.66,30.893,prod_2026
164829,VIS.Nq.BPO-2253(h),2026-08,VISTA ENERGY ARGENTINA SAU,BAJADA DEL PALO OESTE,VACA MUERTA,Extracción Efectiva,Petrolífero,Gas Lift,EXPLOTACION,6215.0,,,1312.291,186.116,466.657,30.95,prod_2026
164830,VIS.Nq.BPO-2254(h),2026-08,VISTA ENERGY ARGENTINA SAU,BAJADA DEL PALO OESTE,VACA MUERTA,Extracción Efectiva,Petrolífero,Gas Lift,EXPLOTACION,6175.0,,,923.216,145.881,952.675,30.891,prod_2026
164848,PAE.Nq.BCeDi-143(h),2026-08,PAN AMERICAN ENERGY SL,BANDURRIA CENTRO,VACA MUERTA,Extracción Efectiva,Petrolífero,Bombeo Mecánico,EXPLOTACION,6115.0,,,834.4601,127.172,160.8787,31.0,prod_2026
164851,PAE.Nq.BCeDi-144(h),2026-08,PAN AMERICAN ENERGY SL,BANDURRIA CENTRO,VACA MUERTA,Extracción Efectiva,Petrolífero,Bombeo Mecánico,EXPLOTACION,5937.0,,,624.5433,102.6846,936.6653,31.0,prod_2026
164858,PLU.Nq.LCa-3112(h),2026-08,PLUSPETROL S.A.,LA CALERA,VACA MUERTA,Extracción Efectiva,Gasífero,Surgencia Natural,EXPLOTACION,6555.0,,,1628.49,1755.154,434.286,29.59375,prod_2026
164859,CHA.Nq.ET-2051(h),2026-08,CHEVRON ARGENTINA S.R.L.,EL TRAPIAL ESTE,VACA MUERTA,Extracción Efectiva,Petrolífero,Surgencia Natural,EXPLOTACION,6508.0,,,1460.66,798.24116,292.23,30.771,prod_2026
164860,CHA.Nq.ET-2052(h),2026-08,CHEVRON ARGENTINA S.R.L.,EL TRAPIAL ESTE,VACA MUERTA,Extracción Efectiva,Petrolífero,Surgencia Natural,EXPLOTACION,6279.0,,,2590.12,1106.80833,1933.04,30.771,prod_2026
164861,CHA.Nq.ET-2053(h),2026-08,CHEVRON ARGENTINA S.R.L.,EL TRAPIAL ESTE,VACA MUERTA,Extracción Efectiva,Petrolífero,Surgencia Natural,EXPLOTACION,5984.0,,,1998.4,1543.88116,668.52,30.771,prod_2026
164862,CHA.Nq.ET-2054(h),2026-08,CHEVRON ARGENTINA S.R.L.,EL TRAPIAL ESTE,VACA MUERTA,Extracción Efectiva,Petrolífero,Surgencia Natural,EXPLOTACION,5744.0,,,3770.42,1360.2691700000005,2812.31,30.771,prod_2026
164863,PAM.Nq.M-2309(h),2026-08,PAMPA ENERGIA S.A.,EL MANGRULLO,VACA MUERTA,Extracción Efectiva,Gasífero,Surgencia Natural,EXPLOTACION,5430.0,,,0.0,5140.107,446.9173,30.13889,prod_2026
164864,PAM.Nq.M-2311(h),2026-08,PAMPA ENERGIA S.A.,EL MANGRULLO,VACA MUERTA,Extracción Efectiva,Gasífero,Surgencia Natural,EXPLOTACION,5474.0,,,0.0,4863.632,278.1658,29.99653,prod_2026
164867,PLU.Nq.AV.x-2002(h),2026-08,YPF S.A.,AGUADA VILLANUEVA NORTE,VACA MUERTA,Extracción Efectiva,Gasífero,Surgencia Natural,EXPLORACION,4506.0,,,1933.68,3565.62,604.8,28.26,prod_2026
164868,PLU.Nq.LCa-3111(h),2026-08,PLUSPETROL S.A.,LA CALERA,VACA MUERTA,Extracción Efectiva,Gasífero,Surgencia Natural,EXPLOTACION,6314.0,,,1166.355,1972.08,811.553,30.69792,prod_2026
164869,PLU.Nq.LCa-3016(h),2026-08,PLUSPETROL S.A.,LA CALERA,VACA MUERTA,Extracción Efectiva,Gasífero,Surgencia Natural,EXPLOTACION,6161.0,,,871.332,4659.687,615.602,26.88542,prod_2026
164871,PAM.Nq.M-2310(h),2026-08,PAMPA ENERGIA S.A.,EL MANGRULLO,VACA MUERTA,Extracción Efectiva,Gasífero,Surgencia Natural,EXPLOTACION,5470.0,,,0.0,5566.216,1456.212,30.77431,prod_2026
164882,YPF.Nq.LACh-116(h),2026-08,YPF S.A.,LA AMARGA CHICA,VACA MUERTA,Extracción Efectiva,Petrolífero,Surgencia Natural,EXPLOTACION,0.0,,,1736.82,287.63,323.33,31.0,prod_2026
164883,YPF.Nq.LACh-117(h),2026-08,YPF S.A.,LA AMARGA CHICA,VACA MUERTA,Extracción Efectiva,Petrolífero,Electrosumergible,EXPLOTACION,5681.0,,,1563.95,344.43,1239.22,28.75,prod_2026
164884,YPF.Nq.LACh-118(h),2026-08,YPF S.A.,LA AMARGA CHICA,VACA MUERTA,Extracción Efectiva,Petrolífero,Bombeo Mecánico,EXPLOTACION,5709.0,,,897.61,160.42,296.7,29.77,prod_2026
164885,YPF.Nq.LACh-119(h),2026-08,YPF S.A.,LA AMARGA CHICA,VACA MUERTA,Extracción Efectiva,Petrolífero,Surgencia Natural,EXPLOTACION,5610.0,,,50.46,6.47,46.98,1.0,prod_2026
164886,YPF.Nq.LACh-120(h),2026-08,YPF S.A.,LA AMARGA CHICA,VACA MUERTA,Extracción Efectiva,Petrolífero,Bombeo Mecánico,EXPLOTACION,5695.0,,,815.99,125.73,123.57,25.19,prod_2026
164887,YPF.Nq.LCav-121(h),2026-08,YPF S.A.,BANDURRIA SUR,VACA MUERTA,Extracción Efectiva,Petrolífero,Surgencia Natural,EXPLOTACION,5752.0,,,303.34,46.28,1011.25,18.9,prod_2026
164902,TAU.Nq.AP-1082(h),2026-08,TOTAL AUSTRAL S.A.,AGUADA PICHANA ESTE VACA MUERTA,VACA MUERTA,Extracción Efectiva,Gasífero,Surgencia Natural,EXPLOTACION,6159.0,,,344.2578,3818.379,325.8789,30.60069,prod_2026
164903,TAU.Nq.AP-1083(h),2026-08,TOTAL AUSTRAL S.A.,AGUADA PICHANA ESTE VACA MUERTA,VACA MUERTA,Extracción Efectiva,Gasífero,Surgencia Natural,EXPLOTACION,6088.0,,,249.46,2732.834,220.0029,30.54861,prod_2026
164904,TAU.Nq.AP-1084(h),2026-08,TOTAL AUSTRAL S.A.,AGUADA PICHANA ESTE VACA MUERTA,VACA MUERTA,Extracción Efectiva,Gasífero,Surgencia Natural,EXPLOTACION,6193.0,,,402.31,4451.494,836.0332,30.54514,prod_2026
164905,PET.Nq.MMo-2071(h),2026-08,PHOENIX GLOBAL RESOURCES S.A.,MATA MORA NORTE,VACA MUERTA,Extracción Efectiva,Petrolífero,Bombeo Mecánico,EXPLOTACION,6457.0,,,1257.754,73.12528,11.53974,30.57778,prod_2026
164906,PET.Nq.MMo-2072(h),2026-08,PHOENIX GLOBAL RESOURCES S.A.,MATA MORA NORTE,VACA MUERTA,Extracción Efectiva,Petrolífero,Bombeo Mecánico,EXPLOTACION,6408.0,,,405.5403,10.61967,0.0,30.86944,prod_2026
164907,PET.Nq.MMo-2073(h),2026-08,PHOENIX GLOBAL RESOURCES S.A.,MATA MORA NORTE,VACA MUERTA,Extracción Efectiva,Petrolífero,Bombeo Mecánico,EXPLOTACION,6409.0,,,858.1257,41.09957,18.54679,30.86944,prod_2026
164908,PET.Nq.MMo-2074(h),2026-08,PHOENIX GLOBAL RESOURCES S.A.,MATA MORA NORTE,VACA MUERTA,Extracción Efectiva,Petrolífero,Bombeo Mecánico,EXPLOTACION,6486.0,,,481.4336,22.4801,6.363072,30.85069,prod_2026
164926,SHE.Nq.CASO-32(h),2026-08,SHELL ARGENTINA S.A.,COIRON AMARGO SUR OESTE,VACA MUERTA,Parado Transitoriamente,Petrolífero,Surgencia Natural,EXPLOTACION,7216.0,,,0.0,0.0,0.0,0.0,prod_2026
164927,SHE.Nq.CASO-33(h),2026-08,SHELL ARGENTINA S.A.,COIRON AMARGO SUR OESTE,VACA MUERTA,Extracción Efectiva,Petrolífero,Bombeo Mecánico,EXPLOTACION,6853.0,,,810.92,83.46,50.12,30.98,prod_2026
164928,SHE.Nq.CASO-34(h),2026-08,SHELL ARGENTINA S.A.,COIRON AMARGO SUR OESTE,VACA MUERTA,Extracción Efectiva,Petrolífero,Bombeo Mecánico,EXPLOTACION,6479.0,,,449.69,40.15,52.18,30.48,prod_2026
164929,SHE.Nq.CASO-35(h),2026-08,SHELL ARGENTINA S.A.,COIRON AMARGO SUR OESTE,VACA MUERTA,Extracción Efectiva,Petrolífero,Bombeo Mecánico,EXPLOTACION,7074.0,,,868.78,82.61,47.53,30.94,prod_2026
164930,SHE.Nq.CASO-16(h),2026-08,SHELL ARGENTINA S.A.,COIRON AMARGO SUR OESTE,VACA MUERTA,Extracción Efectiva,Petrolífero,Bombeo Mecánico,EXPLOTACION,6433.0,,,641.94,48.19,99.65,30.9,prod_2026
164931,SHE.Nq.CASO-17(h),2026-08,SHELL ARGENTINA S.A.,COIRON AMARGO SUR OESTE,VACA MUERTA,Extracción Efectiva,Petrolífero,Bombeo Mecánico,EXPLOTACION,6367.0,,,688.34,66.27,88.61,30.88,prod_2026
164932,SHE.Nq.CASO-18(h),2026-08,SHELL ARGENTINA S.A.,COIRON AMARGO SUR OESTE,VACA MUERTA,Extracción Efectiva,Petrolífero,Bombeo Mecánico,EXPLOTACION,6351.0,,,790.43,79.12,145.12,29.88,prod_2026
164933,SHE.Nq.CASO-19(h),2026-08,SHELL ARGENTINA S.A.,COIRON AMARGO SUR OESTE,VACA MUERTA,Extracción Efectiva,Petrolífero,Bombeo Mecánico,EXPLOTACION,6421.0,,,944.7,92.77,181.24,30.77,prod_2026
164934,SHE.Nq.CASO-16(h)v,2026-08,SHELL ARGENTINA S.A.,CRUZ DE LORENA,VACA MUERTA,Extracción Efectiva,Petrolífero,Bombeo Mecánico,EXPLOTACION,6433.0,,,427.96,32.13,66.43,30.9,prod_2026
164935,SHE.Nq.CASO-17(h)v,2026-08,SHELL ARGENTINA S.A.,CRUZ DE LORENA,VACA MUERTA,Extracción Efectiva,Petrolífero,Bombeo Mecánico,EXPLOTACION,6367.0,,,309.26,29.77,39.81,30.88,prod_2026
164936,SHE.Nq.CASO-18(h)v,2026-08,SHELL ARGENTINA S.A.,CRUZ DE LORENA,VACA MUERTA,Extracción Efectiva,Petrolífero,Bombeo Mecánico,EXPLOTACION,6351.0,,,185.41,18.56,34.04,29.88,prod_2026
164937,SHE.Nq.CASO-19(h)v,2026-08,SHELL ARGENTINA S.A.,CRUZ DE LORENA,VACA MUERTA,Extracción Efectiva,Petrolífero,Bombeo Mecánico,EXPLOTACION,6421.0,,,60.3,5.92,11.57,30.77,prod_2026
164941,VIS.Nq.BPO-2801(h),2026-08,VISTA ENERGY ARGENTINA SAU,BAJADA DEL PALO OESTE,VACA MUERTA,Extracción Efectiva,Petrolífero,Gas Lift,EXPLOTACION,6303.0,,,6045.848,727.221,2603.891,31.0,prod_2026
164942,VIS.Nq.BPO-2802(h),2026-08,VISTA ENERGY ARGENTINA SAU,BAJADA DEL PALO OESTE,VACA MUERTA,Extracción Efectiva,Petrolífero,Gas Lift,EXPLOTACION,6495.0,,,1221.921,85.0,123.057,31.0,prod_2026
164943,VIS.Nq.BPO-2803(h),2026-08,VISTA ENERGY ARGENTINA SAU,BAJADA DEL PALO OESTE,VACA MUERTA,Otras Situación Inactivo,Petrolífero,Sin Sistema de Extracción,EXPLOTACION,2307.0,,,0.0,0.0,0.0,0.0,prod_2026
164944,VIS.Nq.BPO-2804(h),2026-08,VISTA ENERGY ARGENTINA SAU,BAJADA DEL PALO OESTE,VACA MUERTA,Extracción Efectiva,Petrolífero,Gas Lift,EXPLOTACION,6503.0,,,1171.187,157.63,16.491,30.919,prod_2026
164945,PLU.Nq.LCa-3110(h),2026-08,PLUSPETROL S.A.,LA CALERA,VACA MUERTA,Extracción Efectiva,Gasífero,Surgencia Natural,EXPLOTACION,5739.0,,,1022.661,1623.878,850.125,31.0,prod_2026
164946,TPT.Nq.FP-1282(h),2026-08,TECPETROL S.A.,FORTIN DE PIEDRA,VACA MUERTA,Extracción Efectiva,Gasífero,Surgencia Natural,EXPLOTACION,5640.0,,,439.3655,3166.018,742.9869,31.0,prod_2026
164947,TAU.Nq.AP-1085(h),2026-08,TOTAL AUSTRAL S.A.,AGUADA PICHANA ESTE VACA MUERTA,VACA MUERTA,Extracción Efectiva,Gasífero,Surgencia Natural,EXPLOTACION,6110.0,,,421.1922,4162.961,170.5136,30.3125,prod_2026
164948,TAU.Nq.AP-1086(h),2026-08,TOTAL AUSTRAL S.A.,AGUADA PICHANA ESTE VACA MUERTA,VACA MUERTA,Extracción Efectiva,Gasífero,Surgencia Natural,EXPLOTACION,6030.0,,,468.7062,4611.526,288.0112,29.12847,prod_2026
164949,TAU.Nq.AP-1087(h),2026-08,TOTAL AUSTRAL S.A.,AGUADA PICHANA ESTE VACA MUERTA,VACA MUERTA,Extracción Efectiva,Gasífero,Surgencia Natural,EXPLOTACION,6034.0,,,357.3011,3552.974,352.6579,29.13889,prod_2026
164962,YPF.Nq.AdCh-1186(h),2026-08,YPF S.A.,LOMA COLORADA,VACA MUERTA,Extracción Efectiva,Petrolífero,Surgencia Natural,EXPLOTACION,5894.0,,,1573.32,126.55,346.54,31.0,prod_2026
164963,YPF.Nq.AdCh-1187(h),2026-08,YPF S.A.,LOMA COLORADA,VACA MUERTA,Extracción Efectiva,Petrolífero,Surgencia Natural,EXPLOTACION,6081.0,,,1038.64,84.55,234.61,30.79,prod_2026
164964,YPF.Nq.AdCh-1188(h),2026-08,YPF S.A.,LOMA COLORADA,VACA MUERTA,Extracción Efectiva,Petrolífero,Surgencia Natural,EXPLOTACION,5935.0,,,991.24,76.59,77.18,31.0,prod_2026
164965,YPF.Nq.AdCh-1189(h),2026-08,YPF S.A.,LOMA COLORADA,VACA MUERTA,Extracción Efectiva,Petrolífero,Surgencia Natural,EXPLOTACION,5733.0,,,1534.14,131.09,403.79,31.0,prod_2026
164967,YPF.Nq.LCav-153(h),2026-08,YPF S.A.,BANDURRIA SUR,VACA MUERTA,Extracción Efectiva,Petrolífero,Surgencia Natural,EXPLOTACION,6342.0,,,2741.45,387.52,164.93,30.6,prod_2026
164968,YPF.Nq.LCav-155(h),2026-08,YPF S.A.,BANDURRIA SUR,VACA MUERTA,En Estudio,Otro tipo,Surgencia Natural,EXPLOTACION,6388.0,,,0.0,0.0,0.0,0.0,prod_2026
164969,YPF.Nq.LCav-185(h),2026-08,YPF S.A.,BANDURRIA SUR,VACA MUERTA,Extracción Efectiva,Petrolífero,Surgencia Natural,EXPLOTACION,0.0,,,1127.84,333.8,193.08,30.63,prod_2026
164970,YPF.Nq.LCav-186(h),2026-08,YPF S.A.,BANDURRIA SUR,VACA MUERTA,Parado Transitoriamente,Petrolífero,Surgencia Natural,EXPLOTACION,0.0,,,0.0,0.0,0.0,0.0,prod_2026
164971,YPF.Nq.LCav-187(h),2026-08,YPF S.A.,BANDURRIA SUR,VACA MUERTA,Extracción Efectiva,Petrolífero,Surgencia Natural,EXPLOTACION,0.0,,,2102.36,277.28,189.64,30.15,prod_2026
164972,YPF.Nq.LCav-188(h),2026-08,YPF S.A.,BANDURRIA SUR,VACA MUERTA,Extracción Efectiva,Petrolífero,Surgencia Natural,EXPLOTACION,6255.0,,,2415.92,327.93,543.76,30.63,prod_2026
164994,PAE.Nq.CASE-105(h),2026-08,PAN AMERICAN ENERGY SL,COIRON AMARGO SUR ESTE,VACA MUERTA,Extracción Efectiva,Petrolífero,Bombeo Mecánico,EXPLOTACION,6439.0,,,1222.674,79.31466,0.0,28.66319,prod_2026
165003,PAE.Nq.CASE-109(h),2026-08,PAN AMERICAN ENERGY SL,COIRON AMARGO SUR ESTE,VACA MUERTA,Extracción Efectiva,Petrolífero,Bombeo Mecánico,EXPLOTACION,6197.0,,,816.5298,44.46062,331.6457,31.0,prod_2026
165005,PAE.Nq.CASE-107(h),2026-08,PAN AMERICAN ENERGY SL,COIRON AMARGO SUR ESTE,VACA MUERTA,Extracción Efectiva,Petrolífero,Bombeo Mecánico,EXPLOTACION,6396.0,,,976.8967,53.89954,258.9997,29.72917,prod_2026
165019,TPT.Nq.FP-1375(h),2026-08,TECPETROL S.A.,FORTIN DE PIEDRA,VACA MUERTA,Extracción Efectiva,Gasífero,Surgencia Natural,EXPLOTACION,4854.0,,,227.3792,1704.908,269.0659,29.29583,prod_2026
165020,TPT.Nq.FP-1376(h),2026-08,TECPETROL S.A.,FORTIN DE PIEDRA,VACA MUERTA,Extracción Efectiva,Gasífero,Surgencia Natural,EXPLOTACION,5310.0,,,444.8502,4084.935,372.3735,31.0,prod_2026
165021,TPT.Nq.FP-1377(h),2026-08,TECPETROL S.A.,FORTIN DE PIEDRA,VACA MUERTA,Extracción Efectiva,Gasífero,Surgencia Natural,EXPLOTACION,5207.0,,,396.3458,3926.872,567.6396,31.0,prod_2026
165022,TPT.Nq.FP-1378(h),2026-08,TECPETROL S.A.,FORTIN DE PIEDRA,VACA MUERTA,Parado Transitoriamente,Gasífero,Surgencia Natural,EXPLOTACION,5303.0,,,16.10441,160.9401,10.72391,11.92083,prod_2026
165025,PLU.Nq.LCa-3116(h),2026-08,PLUSPETROL S.A.,LA CALERA,VACA MUERTA,Extracción Efectiva,Gasífero,Surgencia Natural,EXPLOTACION,5788.0,,,1836.757,1996.601,4953.337,30.79167,prod_2026
165026,VIS.Nq.BPO-2051(h),2026-08,VISTA ENERGY ARGENTINA SAU,BAJADA DEL PALO OESTE,VACA MUERTA,Extracción Efectiva,Petrolífero,Gas Lift,EXPLOTACION,5837.0,,,1300.936,210.495,280.559,30.872,prod_2026
165027,VIS.Nq.BPO-2052(h),2026-08,VISTA ENERGY ARGENTINA SAU,BAJADA DEL PALO OESTE,VACA MUERTA,Extracción Efectiva,Petrolífero,Gas Lift,EXPLOTACION,5913.0,,,1530.609,244.709,119.045,30.899,prod_2026
165029,VIS.Nq.BPO-2053(h),2026-08,VISTA ENERGY ARGENTINA SAU,BAJADA DEL PALO OESTE,VACA MUERTA,Extracción Efectiva,Petrolífero,Gas Lift,EXPLOTACION,5790.0,,,1567.881,279.102,73.675,30.74,prod_2026
165030,VIS.Nq.BPO-2054(h),2026-08,VISTA ENERGY ARGENTINA SAU,BAJADA DEL PALO OESTE,VACA MUERTA,Extracción Efectiva,Petrolífero,Gas Lift,EXPLOTACION,5924.0,,,1812.956,259.985,201.95,30.903,prod_2026
165031,VIS.Nq.BPO-2055(h),2026-08,VISTA ENERGY ARGENTINA SAU,BAJADA DEL PALO OESTE,VACA MUERTA,Extracción Efectiva,Petrolífero,Gas Lift,EXPLOTACION,5846.0,,,1112.016,201.09,144.328,30.913,prod_2026
165032,APS.Nq.ADC-1050(h),2026-08,CAPEX S.A.,AGUA DEL CAJON,VACA MUERTA,Extracción Efectiva,Petrolífero,Gas Lift,EXPLOTACION,5290.0,,,1063.67,83.44,41.8,31.0,prod_2026
165033,APS.Nq.ADC-1051(h),2026-08,CAPEX S.A.,AGUA DEL CAJON,VACA MUERTA,Extracción Efectiva,Petrolífero,Surgencia Natural,EXPLOTACION,5280.0,,,1360.6,124.94,93.3,31.0,prod_2026
165034,APS.Nq.ADC-1052(h),2026-08,CAPEX S.A.,AGUA DEL CAJON,VACA MUERTA,Extracción Efectiva,Petrolífero,Gas Lift,EXPLOTACION,5615.0,,,250.8,27.46,18.6,31.0,prod_2026
165035,APS.Nq.ADC-1053(h),2026-08,CAPEX S.A.,AGUA DEL CAJON,VACA MUERTA,Extracción Efectiva,Petrolífero,Gas Lift,EXPLOTACION,5669.0,,,462.59,23.97,42.0,31.0,prod_2026
165042,YPF.MdN.AN.x-101(h),2026-08,YPF S.A.,CN VII A,VACA MUERTA,Extracción Efectiva,Petrolífero,Surgencia Natural,EXPLORACION,3706.0,,,880.86,1937.13,10.97,30.97,prod_2026
165043,YPF.MdN.PBN.x-101(h),2026-08,YPF S.A.,PASO DE LAS BARDAS NORTE,VACA MUERTA,Extracción Efectiva,Petrolífero,Bombeo Mecánico,EXPLORACION,0.0,,,51.79,6.99,21.42,13.13,prod_2026
165044,YPF.Nq.AdlA-1049(h),2026-08,YPF S.A.,AGUADA DE LA ARENA,VACA MUERTA,Extracción Efectiva,Gasífero,Surgencia Natural,EXPLOTACION,5015.0,,,0.0,10750.08,2686.69,31.0,prod_2026
165045,YPF.Nq.AdlA-1050(h),2026-08,YPF S.A.,AGUADA DE LA ARENA,VACA MUERTA,Extracción Efectiva,Gasífero,Surgencia Natural,EXPLOTACION,4911.0,,,0.0,8055.42,594.43,31.0,prod_2026
165046,YPF.Nq.AdlA-1051(h),2026-08,YPF S.A.,AGUADA DE LA ARENA,VACA MUERTA,Extracción Efectiva,Gasífero,Surgencia Natural,EXPLOTACION,5214.0,,,0.0,4823.9,332.6,13.45,prod_2026
165047,YPF.Nq.LACh-174(h),2026-08,YPF S.A.,LA AMARGA CHICA,VACA MUERTA,Extracción Efectiva,Petrolífero,Bombeo Mecánico,EXPLOTACION,4733.0,,,420.47,13.67,169.91,19.52,prod_2026
165048,YPF.Nq.LACh-175(h),2026-08,YPF S.A.,LA AMARGA CHICA,VACA MUERTA,Extracción Efectiva,Petrolífero,Bombeo Mecánico,EXPLOTACION,4761.0,,,295.0,60.2,266.4,19.52,prod_2026
165049,YPF.Nq.LACh-176(h),2026-08,YPF S.A.,LA AMARGA CHICA,VACA MUERTA,Extracción Efectiva,Petrolífero,Bombeo Mecánico,EXPLOTACION,4792.0,,,511.26,71.99,249.98,30.54,prod_2026
165050,YPF.Nq.LACh-177(h),2026-08,YPF S.A.,LA AMARGA CHICA,VACA MUERTA,Extracción Efectiva,Petrolífero,Bombeo Mecánico,EXPLOTACION,4944.0,,,542.95,70.04,470.65,29.88,prod_2026
165051,YPF.Nq.LACh-384(h),2026-08,YPF S.A.,LA AMARGA CHICA,VACA MUERTA,Extracción Efectiva,Petrolífero,Bombeo Mecánico,EXPLOTACION,5101.0,,,447.34,32.18,750.28,26.98,prod_2026
165052,YPF.Nq.LACh-385(h),2026-08,YPF S.A.,LA AMARGA CHICA,VACA MUERTA,Extracción Efectiva,Petrolífero,Bombeo Mecánico,EXPLOTACION,5027.0,,,426.02,48.31,761.26,30.65,prod_2026
165071,PAM.Nq.SCh.x-1011(h),2026-08,PAMPA ENERGIA S.A.,SIERRA CHATA,VACA MUERTA,Extracción Efectiva,Gasífero,Surgencia Natural,EXPLOTACION,5687.0,,,0.0,5677.026,57.82765,28.69861,prod_2026
165072,PAM.Nq.SCh-1010(h),2026-08,PAMPA ENERGIA S.A.,SIERRA CHATA,VACA MUERTA,Extracción Efectiva,Gasífero,Surgencia Natural,EXPLOTACION,5744.0,,,0.0,6230.887,155.2885,31.0,prod_2026
165073,PAM.Nq.SCh-1012(h),2026-08,PAMPA ENERGIA S.A.,SIERRA CHATA,VACA MUERTA,Extracción Efectiva,Gasífero,Surgencia Natural,EXPLOTACION,5744.0,,,0.0,6281.083,43.44995,31.0,prod_2026
165075,PAE.Nq.APO-129(h),2026-08,PAN AMERICAN ENERGY SL,AGUADA PICHANA OESTE,VACA MUERTA,Extracción Efectiva,Gasífero,Surgencia Natural,EXPLOTACION,5887.0,,,0.0,3826.92,331.9131,30.70417,prod_2026
165079,PAE.Nq.APO-135(h),2026-08,PAN AMERICAN ENERGY SL,AGUADA PICHANA OESTE,VACA MUERTA,Extracción Efectiva,Gasífero,Surgencia Natural,EXPLOTACION,5702.0,,,0.0,2499.871,349.7333,30.93333,prod_2026
165082,PAE.Nq.APO-130(h),2026-08,PAN AMERICAN ENERGY SL,AGUADA PICHANA OESTE,VACA MUERTA,Extracción Efectiva,Gasífero,Surgencia Natural,EXPLOTACION,5983.0,,,0.0,3471.296,195.9591,30.93333,prod_2026
165084,PAE.Nq.APO-131(h),2026-08,PAN AMERICAN ENERGY SL,AGUADA PICHANA OESTE,VACA MUERTA,Extracción Efectiva,Gasífero,Surgencia Natural,EXPLOTACION,5843.0,,,0.0,4933.871,853.0297,30.93333,prod_2026
165089,PAM.Nq.RdA-2001(h),2026-08,PAMPA ENERGIA S.A.,RINCON DE ARANDA,VACA MUERTA,Extracción Efectiva,Petrolífero,Surgencia Natural,EXPLOTACION,4944.0,,,910.3292,82.12606,99.7746,31.0,prod_2026
165091,PET.Nq.MMo-2221(h),2026-08,PHOENIX GLOBAL RESOURCES S.A.,MATA MORA NORTE,VACA MUERTA,Extracción Efectiva,Petrolífero,Bombeo Mecánico,EXPLOTACION,5599.0,,,567.4757,26.94954,435.3359,29.71528,prod_2026
165092,PET.Nq.MMo-2222(h),2026-08,PHOENIX GLOBAL RESOURCES S.A.,MATA MORA NORTE,VACA MUERTA,Extracción Efectiva,Petrolífero,Bombeo Mecánico,EXPLOTACION,5582.0,,,733.268,30.04661,128.9384,30.90278,prod_2026
165093,PET.Nq.MMo-2223(h),2026-08,PHOENIX GLOBAL RESOURCES S.A.,MATA MORA NORTE,VACA MUERTA,Extracción Efectiva,Petrolífero,Bombeo Mecánico,EXPLOTACION,5588.0,,,2125.393,120.7548,352.0083,30.97014,prod_2026
165094,SHE.Nq.CdL-52(h),2026-08,SHELL ARGENTINA S.A.,CRUZ DE LORENA,VACA MUERTA,Extracción Efectiva,Petrolífero,Surgencia Natural,EXPLOTACION,6678.0,,,365.95,10.15,72.68,15.52,prod_2026
165095,SHE.Nq.CdL-53(h),2026-08,SHELL ARGENTINA S.A.,CRUZ DE LORENA,VACA MUERTA,Extracción Efectiva,Petrolífero,Surgencia Natural,EXPLOTACION,6884.0,,,1234.41,52.21,169.16,26.75,prod_2026
165096,SHE.Nq.CdL-54(h),2026-08,SHELL ARGENTINA S.A.,CRUZ DE LORENA,VACA MUERTA,Extracción Efectiva,Petrolífero,Surgencia Natural,EXPLOTACION,7086.0,,,1028.09,73.43,270.45,23.13,prod_2026
165097,SHE.Nq.CdL-55(h),2026-08,SHELL ARGENTINA S.A.,CRUZ DE LORENA,VACA MUERTA,Extracción Efectiva,Petrolífero,Surgencia Natural,EXPLOTACION,7537.0,,,4189.88,416.12,556.66,30.96,prod_2026
165098,SHE.Nq.CdL.a-51(h),2026-08,SHELL ARGENTINA S.A.,CRUZ DE LORENA,VACA MUERTA,Extracción Efectiva,Petrolífero,Surgencia Natural,EXPLOTACION,5942.0,,,1284.58,11.36,114.8,31.0,prod_2026
165099,VIS.Nq.BPO-2531(h),2026-08,VISTA ENERGY ARGENTINA SAU,BAJADA DEL PALO OESTE,VACA MUERTA,Extracción Efectiva,Petrolífero,Gas Lift,EXPLOTACION,6093.0,,,1197.173,88.228,65.043,30.913,prod_2026
165100,VIS.Nq.BPO-2532(h),2026-08,VISTA ENERGY ARGENTINA SAU,BAJADA DEL PALO OESTE,VACA MUERTA,Extracción Efectiva,Petrolífero,Gas Lift,EXPLOTACION,6057.0,,,1108.911,92.514,39.167,30.868,prod_2026
165101,VIS.Nq.BPO-2533(h),2026-08,VISTA ENERGY ARGENTINA SAU,BAJADA DEL PALO OESTE,VACA MUERTA,Extracción Efectiva,Petrolífero,Gas Lift,EXPLOTACION,5800.0,,,975.215,57.555,34.992,30.878,prod_2026
165102,VIS.Nq.BPO-2534(h),2026-08,VISTA ENERGY ARGENTINA SAU,BAJADA DEL PALO OESTE,VACA MUERTA,Otras Situación Inactivo,Otro tipo,Sin Sistema de Extracción,EXPLOTACION,472.0,,,0.0,0.0,0.0,0.0,prod_2026
165103,PLU.Nq.LCa-3117(h),2026-08,PLUSPETROL S.A.,LA CALERA,VACA MUERTA,Extracción Efectiva,Gasífero,Surgencia Natural,EXPLOTACION,5825.0,,,1711.85,1708.396,4277.068,29.57292,prod_2026
165106,PLU.Nq.LCa-3210(h),2026-08,PLUSPETROL S.A.,LA CALERA,VACA MUERTA,Extracción Efectiva,Gasífero,Surgencia Natural,EXPLOTACION,6225.0,,,741.686,715.365,1732.817,30.72917,prod_2026
165107,PLU.Nq.MBE.x-3002(h),2026-08,YPF S.A.,MESETA BUENA ESPERANZA I,VACA MUERTA,Extracción Efectiva,Gasífero,Surgencia Natural,EXPLORACION,4639.0,,,1535.16,8416.66,484.24,27.11,prod_2026
165167,YPF.Nq.AdCh-1227(h),2026-08,YPF S.A.,LOMA COLORADA,VACA MUERTA,Extracción Efectiva,Petrolífero,Surgencia Natural,EXPLOTACION,5545.0,,,1223.69,81.37,199.34,31.0,prod_2026
165168,YPF.Nq.AdCh-1228(h),2026-08,YPF S.A.,LOMA COLORADA,VACA MUERTA,Extracción Efectiva,Petrolífero,Surgencia Natural,EXPLOTACION,5494.0,,,700.89,58.82,180.43,31.0,prod_2026
165169,YPF.Nq.AdCh-1229(h),2026-08,YPF S.A.,LOMA COLORADA,VACA MUERTA,Parado Transitoriamente,Petrolífero,Surgencia Natural,EXPLOTACION,5482.0,,,0.0,0.0,0.0,0.0,prod_2026
165170,YPF.Nq.AdCh-1230(h),2026-08,YPF S.A.,LOMA COLORADA,VACA MUERTA,Extracción Efectiva,Petrolífero,Surgencia Natural,EXPLOTACION,5640.0,,,904.23,57.44,197.81,31.0,prod_2026
165172,YPF.Nq.LACh-125(h),2026-08,YPF S.A.,LA AMARGA CHICA,VACA MUERTA,Extracción Efectiva,Petrolífero,Surgencia Natural,EXPLOTACION,7385.0,,,2118.48,266.4,355.47,31.0,prod_2026
165173,YPF.Nq.LACh-126(h),2026-08,YPF S.A.,LA AMARGA CHICA,VACA MUERTA,Extracción Efectiva,Petrolífero,Electrosumergible,EXPLOTACION,7342.0,,,2146.89,329.55,58.45,21.33,prod_2026
165174,YPF.Nq.LACh-127(h),2026-08,YPF S.A.,LA AMARGA CHICA,VACA MUERTA,Extracción Efectiva,Petrolífero,Electrosumergible,EXPLOTACION,7387.0,,,2094.76,301.2,159.22,30.03,prod_2026
165175,YPF.Nq.LACh-128(h),2026-08,YPF S.A.,LA AMARGA CHICA,VACA MUERTA,Extracción Efectiva,Petrolífero,Surgencia Natural,EXPLOTACION,7343.0,,,2404.69,333.21,1444.31,31.0,prod_2026
165176,YPF.Nq.LACh-198(h),2026-08,YPF S.A.,LA AMARGA CHICA,VACA MUERTA,Extracción Efectiva,Petrolífero,Surgencia Natural,EXPLOTACION,5356.0,,,790.38,90.49,48.84,30.73,prod_2026
165177,YPF.Nq.LACh-199(h),2026-08,YPF S.A.,LA AMARGA CHICA,VACA MUERTA,Extracción Efectiva,Petrolífero,Surgencia Natural,EXPLOTACION,5175.0,,,1085.53,134.51,96.86,30.75,prod_2026
165178,YPF.Nq.LACh-200(h),2026-08,YPF S.A.,LA AMARGA CHICA,VACA MUERTA,Extracción Efectiva,Petrolífero,Surgencia Natural,EXPLOTACION,5305.0,,,1048.83,82.33,75.47,30.81,prod_2026
165179,YPF.Nq.LACh-201(h),2026-08,YPF S.A.,LA AMARGA CHICA,VACA MUERTA,Extracción Efectiva,Petrolífero,Surgencia Natural,EXPLOTACION,5255.0,,,945.66,237.36,240.71,30.6,prod_2026
165180,YPF.Nq.LACh-837(h),2026-08,YPF S.A.,LA AMARGA CHICA,VACA MUERTA,Extracción Efectiva,Petrolífero,Surgencia Natural,EXPLOTACION,5262.0,,,1415.99,187.3,254.21,31.0,prod_2026
165181,YPF.Nq.LACh-838(h),2026-08,YPF S.A.,LA AMARGA CHICA,VACA MUERTA,Extracción Efectiva,Petrolífero,Surgencia Natural,EXPLOTACION,5226.0,,,1056.24,196.8,198.55,31.0,prod_2026
165183,YPF.Nq.SOil-422(h),2026-08,YPF S.A.,LOMA CAMPANA,VACA MUERTA,Extracción Efectiva,Petrolífero,Bombeo Mecánico,EXPLOTACION,5103.0,,,680.56,48.09,232.36,30.67,prod_2026
165184,YPF.Nq.SOil-423(h),2026-08,YPF S.A.,LOMA CAMPANA,VACA MUERTA,Extracción Efectiva,Petrolífero,Bombeo Mecánico,EXPLOTACION,5619.0,,,1256.34,96.1,86.75,30.67,prod_2026
165185,YPF.Nq.SOil-424(h),2026-08,YPF S.A.,LOMA CAMPANA,VACA MUERTA,Extracción Efectiva,Petrolífero,Bombeo Mecánico,EXPLOTACION,5566.0,,,850.06,65.03,223.15,30.46,prod_2026
165186,YPF.Nq.SOil-425(h),2026-08,YPF S.A.,LOMA CAMPANA,VACA MUERTA,Extracción Efectiva,Petrolífero,Bombeo Mecánico,EXPLOTACION,5534.0,,,775.28,69.52,193.22,30.4,prod_2026
165187,YPF.Nq.SOil-426(h),2026-08,YPF S.A.,LOMA CAMPANA,VACA MUERTA,Extracción Efectiva,Petrolífero,Bombeo Mecánico,EXPLOTACION,5837.0,,,1636.84,130.97,209.73,30.67,prod_2026
165188,YPF.Nq.SOil-427(h),2026-08,YPF S.A.,LOMA CAMPANA,VACA MUERTA,Extracción Efectiva,Petrolífero,Bombeo Mecánico,EXPLOTACION,5525.0,,,777.2,77.07,47.93,27.75,prod_2026
165201,PLU.Nq.LCa-3118(h),2026-08,PLUSPETROL S.A.,LA CALERA,VACA MUERTA,Extracción Efectiva,Gasífero,Surgencia Natural,EXPLOTACION,5675.0,,,2365.564,2337.148,3421.355,30.79167,prod_2026
165202,TPT.Nq.FP-1384(h),2026-08,TECPETROL S.A.,FORTIN DE PIEDRA,VACA MUERTA,Extracción Efectiva,Gasífero,Surgencia Natural,EXPLOTACION,5315.0,,,101.7332,851.1642,219.605,30.99514,prod_2026
165203,TPT.Nq.FP-1383(h),2026-08,TECPETROL S.A.,FORTIN DE PIEDRA,VACA MUERTA,Extracción Efectiva,Gasífero,Surgencia Natural,EXPLOTACION,5220.0,,,341.3109,3330.564,1209.881,31.0,prod_2026
165204,TPT.Nq.FP-1382(h),2026-08,TECPETROL S.A.,FORTIN DE PIEDRA,VACA MUERTA,Extracción Efectiva,Gasífero,Surgencia Natural,EXPLOTACION,5287.0,,,415.8648,3690.339,0.0,31.0,prod_2026
165205,TPT.Nq.FP-1381(h),2026-08,TECPETROL S.A.,FORTIN DE PIEDRA,VACA MUERTA,Extracción Efectiva,Gasífero,Surgencia Natural,EXPLOTACION,5263.0,,,444.0379,3931.895,1021.877,29.99514,prod_2026
165206,TPT.Nq.CLN.x-2005(h),2026-08,TECPETROL S.A.,CERRO LAS NIÑAS,VACA MUERTA,Parado Transitoriamente,Gasífero,Surgencia Natural,EXPLORACION,4736.0,,,204.1998,129.1377,83.0807,10.30139,prod_2026
165208,TPT.Nq.CLN.x-2006(h),2026-08,TECPETROL S.A.,CERRO LAS NIÑAS,VACA MUERTA,Extracción Efectiva,Gasífero,Surgencia Natural,EXPLORACION,4674.0,,,1168.215,686.3096,149.5267,26.12847,prod_2026
165215,VIS.Nq.BPE-2181(h),2026-08,VISTA ENERGY ARGENTINA SAU,BAJADA DEL PALO ESTE,VACA MUERTA,Extracción Efectiva,Petrolífero,Gas Lift,EXPLOTACION,6048.0,,,1656.702,91.306,13.051,29.715,prod_2026
165216,VIS.Nq.BPE-2182(h),2026-08,VISTA ENERGY ARGENTINA SAU,BAJADA DEL PALO ESTE,VACA MUERTA,Extracción Efectiva,Petrolífero,Gas Lift,EXPLOTACION,6367.0,,,1090.188,52.811,5.73,30.504,prod_2026
165217,VIS.Nq.BPE-2183(h),2026-08,VISTA ENERGY ARGENTINA SAU,BAJADA DEL PALO ESTE,VACA MUERTA,Extracción Efectiva,Petrolífero,Gas Lift,EXPLOTACION,5984.0,,,1116.757,22.381,6.143,30.505,prod_2026
165219,PAE.Nq.APO-154(h),2026-08,PAN AMERICAN ENERGY SL,AGUADA PICHANA OESTE,VACA MUERTA,Extracción Efectiva,Gasífero,Surgencia Natural,EXPLOTACION,5866.0,,,0.0,4140.09,387.0855,30.875,prod_2026
165221,PAE.Nq.APO-158(h),2026-08,PAN AMERICAN ENERGY SL,AGUADA PICHANA OESTE,VACA MUERTA,Extracción Efectiva,Gasífero,Surgencia Natural,EXPLOTACION,5903.0,,,0.0,3801.154,263.8809,30.86389,prod_2026
165227,PAE.Nq.APO-156(h),2026-08,PAN AMERICAN ENERGY SL,AGUADA PICHANA OESTE,VACA MUERTA,Extracción Efectiva,Gasífero,Surgencia Natural,EXPLOTACION,6002.0,,,0.0,2998.952,1385.932,30.875,prod_2026
165238,PLU.Nq.LCa-3211(h),2026-08,PLUSPETROL S.A.,LA CALERA,VACA MUERTA,Extracción Efectiva,Gasífero,Surgencia Natural,EXPLOTACION,6148.0,,,1084.784,1903.808,1899.001,31.0,prod_2026
165239,SHE.Nq.SB-1037(h),2026-08,SHELL ARGENTINA S.A.,SIERRAS BLANCAS,VACA MUERTA,Extracción Efectiva,Petrolífero,Bombeo Mecánico,EXPLOTACION,7115.0,,,1653.27,133.54,29.44,30.75,prod_2026
165240,SHE.Nq.SB-1038(h),2026-08,SHELL ARGENTINA S.A.,SIERRAS BLANCAS,VACA MUERTA,Extracción Efectiva,Petrolífero,Bombeo Mecánico,EXPLOTACION,7060.0,,,1389.97,60.46,31.76,27.54,prod_2026
165241,SHE.Nq.SB-1039(h),2026-08,SHELL ARGENTINA S.A.,SIERRAS BLANCAS,VACA MUERTA,Extracción Efectiva,Petrolífero,Surgencia Natural,EXPLOTACION,7042.0,,,1097.34,92.35,48.9,30.88,prod_2026
165242,SHE.Nq.SB-1040(h),2026-08,SHELL ARGENTINA S.A.,SIERRAS BLANCAS,VACA MUERTA,Extracción Efectiva,Petrolífero,Surgencia Natural,EXPLOTACION,7108.0,,,1112.38,105.58,46.61,30.88,prod_2026
165243,CHA.Nq.ET-2111(h),2026-08,CHEVRON ARGENTINA S.R.L.,EL TRAPIAL ESTE,VACA MUERTA,Extracción Efectiva,Petrolífero,Surgencia Natural,EXPLOTACION,6449.0,,,1713.93,1410.35496,438.79,30.042,prod_2026
165244,CHA.Nq.ET-2112(h),2026-08,CHEVRON ARGENTINA S.R.L.,EL TRAPIAL ESTE,VACA MUERTA,Extracción Efectiva,Petrolífero,Surgencia Natural,EXPLOTACION,6460.0,,,2340.52,1008.60361,1537.23,30.042,prod_2026
165245,CHA.Nq.ET-2113(h),2026-08,CHEVRON ARGENTINA S.R.L.,EL TRAPIAL ESTE,VACA MUERTA,Extracción Efectiva,Petrolífero,Surgencia Natural,EXPLOTACION,6120.0,,,1819.92,1727.2128499999997,418.4,29.875,prod_2026
165246,CHA.Nq.ET-2114(h),2026-08,CHEVRON ARGENTINA S.R.L.,EL TRAPIAL ESTE,VACA MUERTA,Extracción Efectiva,Petrolífero,Surgencia Natural,EXPLOTACION,5941.0,,,3087.62,1604.6727700000004,2126.59,30.0,prod_2026
165247,TPT.Nq.CLN.x-2002(h),2026-08,TECPETROL S.A.,CERRO LAS NIÑAS,VACA MUERTA,Parado Transitoriamente,Gasífero,Surgencia Natural,EXPLORACION,4695.0,,,3.625218,4.017988,0.579944,0.030556,prod_2026
165252,TPT.Nq.CLN.x-2001(h),2026-08,TECPETROL S.A.,CERRO LAS NIÑAS,VACA MUERTA,Parado Transitoriamente,Gasífero,Surgencia Natural,EXPLORACION,4750.0,,,3.361871,3.966117,0.588636,0.119444,prod_2026
165253,PLU.Nq.LCa-3209(h),2026-08,PLUSPETROL S.A.,LA CALERA,VACA MUERTA,Extracción Efectiva,Gasífero,Surgencia Natural,EXPLOTACION,6283.0,,,983.615,1347.574,1473.757,31.0,prod_2026
165266,YPF.Nq.LACh-210(h),2026-08,YPF S.A.,LA AMARGA CHICA,VACA MUERTA,Extracción Efectiva,Petrolífero,Bombeo Mecánico,EXPLOTACION,6082.0,,,665.2,49.83,68.24,30.92,prod_2026
165267,YPF.Nq.LACh-211(h),2026-08,YPF S.A.,LA AMARGA CHICA,VACA MUERTA,Extracción Efectiva,Petrolífero,Bombeo Mecánico,EXPLOTACION,6073.0,,,779.98,75.0,45.67,27.29,prod_2026
165268,YPF.Nq.LACh-212(h),2026-08,YPF S.A.,LA AMARGA CHICA,VACA MUERTA,Extracción Efectiva,Petrolífero,Bombeo Mecánico,EXPLOTACION,5996.0,,,438.2,42.89,56.37,30.92,prod_2026
165269,YPF.Nq.LACh-213(h),2026-08,YPF S.A.,LA AMARGA CHICA,VACA MUERTA,Extracción Efectiva,Petrolífero,Surgencia Natural,EXPLOTACION,6016.0,,,1203.74,114.13,98.18,31.0,prod_2026
165270,YPF.Nq.LACh-227(h),2026-08,YPF S.A.,LA AMARGA CHICA,VACA MUERTA,Extracción Efectiva,Petrolífero,Electrosumergible,EXPLOTACION,5016.0,,,1940.32,251.9,2828.92,30.08,prod_2026
165271,YPF.Nq.LACh-228(h),2026-08,YPF S.A.,LA AMARGA CHICA,VACA MUERTA,Extracción Efectiva,Petrolífero,Surgencia Natural,EXPLOTACION,5037.0,,,828.21,110.78,186.76,31.0,prod_2026
165272,YPF.Nq.LACh-229(h),2026-08,YPF S.A.,LA AMARGA CHICA,VACA MUERTA,Extracción Efectiva,Petrolífero,Surgencia Natural,EXPLOTACION,4997.0,,,287.36,33.74,476.33,31.0,prod_2026
165273,YPF.Nq.LACh-230(h),2026-08,YPF S.A.,LA AMARGA CHICA,VACA MUERTA,Extracción Efectiva,Petrolífero,Surgencia Natural,EXPLOTACION,5051.0,,,258.4,37.68,157.15,30.9,prod_2026
165274,YPF.Nq.LACh-231(h),2026-08,YPF S.A.,LA AMARGA CHICA,VACA MUERTA,Extracción Efectiva,Petrolífero,Bombeo Mecánico,EXPLOTACION,5062.0,,,626.88,69.99,1201.11,31.0,prod_2026
165275,YPF.Nq.LLL-1646(h),2026-08,YPF S.A.,LOMA CAMPANA-LLL,VACA MUERTA,Extracción Efectiva,Petrolífero,Gas Lift,EXPLOTACION,7244.0,,,2161.56,903.25,627.03,30.75,prod_2026
165276,YPF.Nq.LLL-1647(h),2026-08,YPF S.A.,LOMA CAMPANA-LLL,VACA MUERTA,Extracción Efectiva,Petrolífero,Gas Lift,EXPLOTACION,7093.0,,,1529.44,625.82,434.53,31.0,prod_2026
165277,YPF.Nq.LLL-1649(h),2026-08,YPF S.A.,LOMA CAMPANA-LLL,VACA MUERTA,Parado Transitoriamente,Petrolífero,Surgencia Natural,EXPLOTACION,7247.0,,,0.0,0.0,0.0,0.0,prod_2026
165278,YPF.Nq.LLL-1650(h),2026-08,YPF S.A.,LOMA CAMPANA-LLL,VACA MUERTA,Extracción Efectiva,Petrolífero,Gas Lift,EXPLOTACION,6245.0,,,836.28,302.43,1099.49,31.0,prod_2026
165279,YPF.Nq.LLL-1651(h),2026-08,YPF S.A.,LOMA CAMPANA-LLL,VACA MUERTA,Extracción Efectiva,Petrolífero,Surgencia Natural,EXPLOTACION,7132.0,,,1941.47,941.08,781.8,18.69,prod_2026
165289,TPT.Nq.CLN.x-2001,2026-08,TECPETROL S.A.,CERRO LAS NIÑAS,VACA MUERTA,Abandonado,Otro tipo,Sin Sistema de Extracción,EXPLORACION,4635.0,,,0.0,0.0,0.0,0.0,prod_2026
165290,TPT.Nq.CLN.x-2005,2026-08,TECPETROL S.A.,CERRO LAS NIÑAS,VACA MUERTA,Abandonado,Otro tipo,Sin Sistema de Extracción,EXPLORACION,4736.0,,,0.0,0.0,0.0,0.0,prod_2026
165293,PLU.Nq.MBE.x-3001(h),2026-08,YPF S.A.,MESETA BUENA ESPERANZA I,VACA MUERTA,Extracción Efectiva,Gasífero,Surgencia Natural,EXPLORACION,4596.0,,,2404.4,8734.78,605.91,25.59,prod_2026
165294,VIS.Nq.BPO-2281(h),2026-08,VISTA ENERGY ARGENTINA SAU,BAJADA DEL PALO OESTE,VACA MUERTA,Extracción Efectiva,Petrolífero,Gas Lift,EXPLOTACION,6088.0,,,1054.468,147.369,133.887,30.888,prod_2026
165295,VIS.Nq.BPO-2282(h),2026-08,VISTA ENERGY ARGENTINA SAU,BAJADA DEL PALO OESTE,VACA MUERTA,Extracción Efectiva,Petrolífero,Gas Lift,EXPLOTACION,6039.0,,,1357.417,225.901,316.295,30.931,prod_2026
165296,VIS.Nq.BPO-2283(h),2026-08,VISTA ENERGY ARGENTINA SAU,BAJADA DEL PALO OESTE,VACA MUERTA,Extracción Efectiva,Petrolífero,Gas Lift,EXPLOTACION,6140.0,,,918.187,127.002,163.544,30.888,prod_2026
165298,VIS.Nq.BPO-2284(h),2026-08,VISTA ENERGY ARGENTINA SAU,BAJADA DEL PALO OESTE,VACA MUERTA,Extracción Efectiva,Petrolífero,Gas Lift,EXPLOTACION,6075.0,,,934.198,150.591,251.166,30.894,prod_2026
165305,PAE.Nq.CASE-512(h),2026-08,PAN AMERICAN ENERGY SL,COIRON AMARGO SUR ESTE,VACA MUERTA,Extracción Efectiva,Petrolífero,Bombeo Mecánico,EXPLOTACION,0.0,,,661.9907,59.68167,248.9074,30.54931,prod_2026
165315,PAE.Nq.CASE-514(h),2026-08,PAN AMERICAN ENERGY SL,COIRON AMARGO SUR ESTE,VACA MUERTA,Extracción Efectiva,Petrolífero,Surgencia Natural,EXPLOTACION,0.0,,,647.0364,119.3575,779.7291,30.55278,prod_2026
165321,PAE.Nq.CASE-516(h),2026-08,PAN AMERICAN ENERGY SL,COIRON AMARGO SUR ESTE,VACA MUERTA,Parado Transitoriamente,Petrolífero,Bombeo Mecánico,EXPLOTACION,0.0,,,0.0,0.0,0.0,0.0,prod_2026
165324,SHE.Nq.SB-1062(h),2026-08,SHELL ARGENTINA S.A.,SIERRAS BLANCAS,VACA MUERTA,Extracción Efectiva,Petrolífero,Surgencia Natural,EXPLOTACION,6849.0,,,525.23,59.62,236.18,30.75,prod_2026
165325,SHE.Nq.SB-1063(h),2026-08,SHELL ARGENTINA S.A.,SIERRAS BLANCAS,VACA MUERTA,Extracción Efectiva,Petrolífero,Surgencia Natural,EXPLOTACION,6766.0,,,560.25,48.34,157.2,30.88,prod_2026
165326,SHE.Nq.SB-1064(h),2026-08,SHELL ARGENTINA S.A.,SIERRAS BLANCAS,VACA MUERTA,Extracción Efectiva,Petrolífero,Surgencia Natural,EXPLOTACION,6702.0,,,410.87,31.12,90.33,23.27,prod_2026
165327,SHE.Nq.SB-1065(h),2026-08,SHELL ARGENTINA S.A.,SIERRAS BLANCAS,VACA MUERTA,Extracción Efectiva,Petrolífero,Surgencia Natural,EXPLOTACION,6724.0,,,1017.89,93.46,216.76,30.54,prod_2026
165330,TAU.Nq.AP-1078(h),2026-08,TOTAL AUSTRAL S.A.,AGUADA PICHANA ESTE VACA MUERTA,VACA MUERTA,Parado Transitoriamente,Gasífero,Surgencia Natural,EXPLOTACION,6105.0,,,392.5201,7164.174,1199.157,27.84028,prod_2026
165331,TAU.Nq.AP-1079(h),2026-08,TOTAL AUSTRAL S.A.,AGUADA PICHANA ESTE VACA MUERTA,VACA MUERTA,Parado Transitoriamente,Gasífero,Surgencia Natural,EXPLOTACION,6018.0,,,342.3338,6635.518,884.5076,29.23681,prod_2026
165332,TAU.Nq.AP-1080(h),2026-08,TOTAL AUSTRAL S.A.,AGUADA PICHANA ESTE VACA MUERTA,VACA MUERTA,Extracción Efectiva,Gasífero,Surgencia Natural,EXPLOTACION,6067.0,,,271.5603,4902.618,709.3313,29.31667,prod_2026
165333,PAM.Nq.SCh-1013(h),2026-08,PAMPA ENERGIA S.A.,SIERRA CHATA,VACA MUERTA,Extracción Efectiva,Gasífero,Surgencia Natural,EXPLOTACION,5690.0,,,0.0,9034.257,215.3717,28.40139,prod_2026
165334,PAM.Nq.SCh-1014(h),2026-08,PAMPA ENERGIA S.A.,SIERRA CHATA,VACA MUERTA,Extracción Efectiva,Gasífero,Surgencia Natural,EXPLOTACION,5638.0,,,0.0,6039.803,98.62295,22.96944,prod_2026
165335,PAM.Nq.SCh-1015(h),2026-08,PAMPA ENERGIA S.A.,SIERRA CHATA,VACA MUERTA,Extracción Efectiva,Gasífero,Surgencia Natural,EXPLOTACION,5709.0,,,0.0,9385.309,280.6013,25.98194,prod_2026
165339,TPT.Nq.FP-1465(h),2026-08,TECPETROL S.A.,FORTIN DE PIEDRA,VACA MUERTA,Extracción Efectiva,Gasífero,Surgencia Natural,EXPLOTACION,6550.0,,,50.21165,8301.126,1016.729,23.77361,prod_2026
165340,TPT.Nq.FP-1466(h),2026-08,TECPETROL S.A.,FORTIN DE PIEDRA,VACA MUERTA,Extracción Efectiva,Gasífero,Surgencia Natural,EXPLOTACION,6395.0,,,103.1271,8934.781,731.8221,22.82708,prod_2026
165341,TPT.Nq.FP-1467(h),2026-08,TECPETROL S.A.,FORTIN DE PIEDRA,VACA MUERTA,Extracción Efectiva,Gasífero,Surgencia Natural,EXPLOTACION,6583.0,,,24.27062,2793.169,651.2024,7.546528,prod_2026
165342,TPT.Nq.FP-1468(h),2026-08,TECPETROL S.A.,FORTIN DE PIEDRA,VACA MUERTA,Extracción Efectiva,Gasífero,Surgencia Natural,EXPLOTACION,6520.0,,,24.12764,4561.795,322.5292,19.92431,prod_2026
165347,YPF.Nq.LCav-177(h),2026-08,YPF S.A.,BANDURRIA SUR,VACA MUERTA,Extracción Efectiva,Petrolífero,Surgencia Natural,EXPLOTACION,6484.0,,,600.97,97.38,1266.43,23.55,prod_2026
165348,YPF.Nq.LCav-178(h),2026-08,YPF S.A.,BANDURRIA SUR,VACA MUERTA,Parado Transitoriamente,Petrolífero,Surgencia Natural,EXPLOTACION,6484.0,,,0.0,0.0,0.0,0.0,prod_2026
165349,YPF.Nq.LCav-179(h),2026-08,YPF S.A.,BANDURRIA SUR,VACA MUERTA,Extracción Efectiva,Petrolífero,Surgencia Natural,EXPLOTACION,5696.0,,,235.46,30.9,2691.29,22.23,prod_2026
165350,YPF.Nq.LCav-180(h),2026-08,YPF S.A.,BANDURRIA SUR,VACA MUERTA,Extracción Efectiva,Petrolífero,Surgencia Natural,EXPLOTACION,6503.0,,,739.79,162.27,492.43,20.73,prod_2026
165351,YPF.Nq.LCav-181(h),2026-08,YPF S.A.,BANDURRIA SUR,VACA MUERTA,Extracción Efectiva,Petrolífero,Surgencia Natural,EXPLOTACION,6503.0,,,119.33,22.35,2020.09,30.46,prod_2026
165352,YPF.Nq.LCav-182(h),2026-08,YPF S.A.,BANDURRIA SUR,VACA MUERTA,Extracción Efectiva,Petrolífero,Surgencia Natural,EXPLOTACION,6596.0,,,24.99,2.95,654.91,4.17,prod_2026
165353,YPF.Nq.LCav-380(h),2026-08,YPF S.A.,BANDURRIA SUR,VACA MUERTA,Extracción Efectiva,Petrolífero,Surgencia Natural,EXPLOTACION,5680.0,,,1243.57,299.32,225.65,30.77,prod_2026
165354,YPF.Nq.LCav-381(h),2026-08,YPF S.A.,BANDURRIA SUR,VACA MUERTA,Extracción Efectiva,Petrolífero,Surgencia Natural,EXPLOTACION,5747.0,,,294.81,67.36,68.55,15.65,prod_2026
165355,YPF.Nq.LCav-382(h),2026-08,YPF S.A.,BANDURRIA SUR,VACA MUERTA,Extracción Efectiva,Petrolífero,Surgencia Natural,EXPLOTACION,5351.0,,,1172.89,975.6,119.92,29.75,prod_2026
165356,YPF.Nq.LCav-383(h),2026-08,YPF S.A.,BANDURRIA SUR,VACA MUERTA,Extracción Efectiva,Petrolífero,Surgencia Natural,EXPLOTACION,5657.0,,,1201.37,173.2,162.02,30.77,prod_2026
165357,YPF.Nq.LCav-384(h),2026-08,YPF S.A.,BANDURRIA SUR,VACA MUERTA,Extracción Efectiva,Petrolífero,Surgencia Natural,EXPLOTACION,5706.0,,,491.98,132.99,64.56,28.69,prod_2026
165358,YPF.Nq.LLL-1702(h),2026-08,YPF S.A.,LOMA CAMPANA-LLL,VACA MUERTA,Extracción Efectiva,Petrolífero,Surgencia Natural,EXPLOTACION,5472.0,,,1697.8,195.46,10.28,30.96,prod_2026
165359,YPF.Nq.LLL-1703(h),2026-08,YPF S.A.,LOMA CAMPANA-LLL,VACA MUERTA,Extracción Efectiva,Petrolífero,Bombeo Mecánico,EXPLOTACION,5908.0,,,814.04,147.57,103.98,19.42,prod_2026
165360,YPF.Nq.LLL-1704(h),2026-08,YPF S.A.,LOMA CAMPANA-LLL,VACA MUERTA,Extracción Efectiva,Petrolífero,Bombeo Mecánico,EXPLOTACION,6282.0,,,1148.39,201.27,53.02,28.92,prod_2026
165361,YPF.Nq.LLL-1705(h),2026-08,YPF S.A.,LOMA CAMPANA-LLL,VACA MUERTA,Extracción Efectiva,Petrolífero,Surgencia Natural,EXPLOTACION,6507.0,,,339.87,39.93,443.21,24.75,prod_2026
165362,YPF.Nq.LLL-1770(h),2026-08,YPF S.A.,LOMA CAMPANA-LLL,VACA MUERTA,Extracción Efectiva,Petrolífero,Surgencia Natural,EXPLOTACION,6922.0,,,547.88,58.21,12.19,21.29,prod_2026
165363,YPF.Nq.LLL-1771(h),2026-08,YPF S.A.,LOMA CAMPANA-LLL,VACA MUERTA,Extracción Efectiva,Petrolífero,Surgencia Natural,EXPLOTACION,7062.0,,,2147.69,242.28,276.49,30.96,prod_2026
165373,PLU.Nq.LCa-3043(h),2026-08,PLUSPETROL S.A.,LA CALERA,VACA MUERTA,Extracción Efectiva,Gasífero,Surgencia Natural,EXPLOTACION,6276.0,,,2523.596,3923.372,3081.085,30.65625,prod_2026
165374,VIS.Nq.AF-1561(h),2026-08,VISTA ENERGY ARGENTINA SAU,AGUADA FEDERAL,VACA MUERTA,Extracción Efectiva,Petrolífero,Gas Lift,EXPLOTACION,6340.0,,,1092.625,125.448,172.663,30.907,prod_2026
165375,VIS.Nq.AF-1562(h),2026-08,VISTA ENERGY ARGENTINA SAU,AGUADA FEDERAL,VACA MUERTA,Extracción Efectiva,Petrolífero,Gas Lift,EXPLOTACION,6044.0,,,932.725,108.974,74.662,30.937,prod_2026
165376,VIS.Nq.AF-1563(h),2026-08,VISTA ENERGY ARGENTINA SAU,AGUADA FEDERAL,VACA MUERTA,Extracción Efectiva,Petrolífero,Gas Lift,EXPLOTACION,5809.0,,,1271.97,126.439,84.212,30.915,prod_2026
165402,PLU.Nq.LCa-3045(h),2026-08,PLUSPETROL S.A.,LA CALERA,VACA MUERTA,Extracción Efectiva,Gasífero,Surgencia Natural,EXPLOTACION,6273.0,,,1688.243,2261.726,2676.83,30.65625,prod_2026
165403,PLU.Nq.LJE-1023(h),2026-08,GEOPARK ARGENTINA S.A.,LOMA JARILLOSA ESTE,VACA MUERTA,Extracción Efectiva,Petrolífero,Bombeo Mecánico,EXPLOTACION,6060.0,,,1367.255,107.0114,410.483,30.35417,prod_2026
165404,PLU.Nq.LCa-3291(h),2026-08,PLUSPETROL S.A.,LA CALERA,VACA MUERTA,Extracción Efectiva,Gasífero,Surgencia Natural,EXPLOTACION,6299.0,,,718.996,3057.338,500.779,26.59375,prod_2026
165405,PLU.Nq.LJE-1024(h),2026-08,GEOPARK ARGENTINA S.A.,LOMA JARILLOSA ESTE,VACA MUERTA,Extracción Efectiva,Petrolífero,Bombeo Mecánico,EXPLOTACION,5991.0,,,1051.729,126.0961,315.7891,30.35417,prod_2026
165406,TPT.Nq.FP-1276(h),2026-08,TECPETROL S.A.,PASO DE INDIOS,VACA MUERTA,Otras Situación Inactivo,Otro tipo,Sin Sistema de Extracción,EXPLOTACION,5708.5,,,0.0,0.0,0.0,0.0,prod_2026
165407,TPT.Nq.FP-1132(h),2026-08,TECPETROL S.A.,FORTIN DE PIEDRA,VACA MUERTA,Extracción Efectiva,Gasífero,Surgencia Natural,EXPLOTACION,1843.0,,,105.453,652.8197,78.88339,9.472222,prod_2026
165408,TPT.Nq.FP-1133(h),2026-08,TECPETROL S.A.,FORTIN DE PIEDRA,VACA MUERTA,Extracción Efectiva,Gasífero,Surgencia Natural,EXPLOTACION,6188.0,,,937.9045,3040.105,330.8562,29.89583,prod_2026
165409,TPT.Nq.FP-1134(h),2026-08,TECPETROL S.A.,FORTIN DE PIEDRA,VACA MUERTA,Extracción Efectiva,Gasífero,Surgencia Natural,EXPLOTACION,6227.0,,,1395.551,4184.996,590.1339,30.97222,prod_2026
165413,YPF.Nq.AdCh-1037(h),2026-08,YPF S.A.,LOMA COLORADA,VACA MUERTA,Extracción Efectiva,Petrolífero,Bombeo Mecánico,EXPLOTACION,5406.0,,,1114.92,101.29,140.56,31.0,prod_2026
165414,YPF.Nq.AdCh-1039(h),2026-08,YPF S.A.,LOMA COLORADA,VACA MUERTA,Extracción Efectiva,Petrolífero,Bombeo Mecánico,EXPLOTACION,6694.0,,,1008.99,99.92,40.44,26.02,prod_2026
165415,YPF.Nq.AdCh-1040(h),2026-08,YPF S.A.,LOMA COLORADA,VACA MUERTA,Extracción Efectiva,Petrolífero,Bombeo Mecánico,EXPLOTACION,6316.0,,,1113.38,87.6,83.31,30.94,prod_2026
165416,YPF.Nq.BdTN-70(h),2026-08,YPF S.A.,BAJO DEL TORO NORTE,VACA MUERTA,Extracción Efectiva,Petrolífero,Surgencia Natural,EXPLOTACION,5153.0,,,946.19,176.7,332.02,28.89,prod_2026
165417,YPF.Nq.BdTN-71(h),2026-08,YPF S.A.,BAJO DEL TORO NORTE,VACA MUERTA,Extracción Efectiva,Petrolífero,Surgencia Natural,EXPLOTACION,5109.0,,,495.45,87.64,436.17,19.49,prod_2026
165418,YPF.Nq.LACh-668(h),2026-08,YPF S.A.,LA AMARGA CHICA,VACA MUERTA,Extracción Efectiva,Petrolífero,Surgencia Natural,EXPLOTACION,6044.0,,,2215.86,265.44,2982.52,30.71,prod_2026
165420,YPF.Nq.LCav-118(h),2026-08,YPF S.A.,BANDURRIA SUR,VACA MUERTA,Extracción Efectiva,Petrolífero,Surgencia Natural,EXPLOTACION,6361.0,,,1807.52,206.82,50.46,27.95,prod_2026
165421,YPF.Nq.LCav-786(h),2026-08,YPF S.A.,BANDURRIA SUR,VACA MUERTA,Extracción Efectiva,Petrolífero,Surgencia Natural,EXPLOTACION,6368.0,,,2086.54,247.78,1042.49,28.72,prod_2026
165422,YPF.Nq.LCav-787(h),2026-08,YPF S.A.,BANDURRIA SUR,VACA MUERTA,Extracción Efectiva,Petrolífero,Surgencia Natural,EXPLOTACION,6295.0,,,1659.94,243.78,184.44,28.0,prod_2026
165423,YPF.Nq.LCav-788(h),2026-08,YPF S.A.,BANDURRIA SUR,VACA MUERTA,Extracción Efectiva,Petrolífero,Surgencia Natural,EXPLOTACION,6158.0,,,1014.78,147.28,431.16,25.73,prod_2026
165424,YPF.Nq.LLL-1807(h),2026-08,YPF S.A.,LOMA CAMPANA-LLL,VACA MUERTA,Extracción Efectiva,Petrolífero,Surgencia Natural,EXPLOTACION,5049.0,,,334.9,162.32,82.53,27.23,prod_2026
165425,YPF.Nq.LLL-1808(h),2026-08,YPF S.A.,LOMA CAMPANA-LLL,VACA MUERTA,Extracción Efectiva,Petrolífero,Bombeo Mecánico,EXPLOTACION,5071.0,,,1049.1,410.85,107.67,30.63,prod_2026
165426,YPF.Nq.LLL-1809(h),2026-08,YPF S.A.,LOMA CAMPANA-LLL,VACA MUERTA,Extracción Efectiva,Petrolífero,Bombeo Mecánico,EXPLOTACION,5226.0,,,586.91,505.63,373.6,29.21,prod_2026
165427,YPF.Nq.LLL-1810(h),2026-08,YPF S.A.,LOMA CAMPANA-LLL,VACA MUERTA,Extracción Efectiva,Petrolífero,Bombeo Mecánico,EXPLOTACION,5350.0,,,402.34,515.88,314.2,30.83,prod_2026
165435,VIS.Nq.BPO-2141(h),2026-08,VISTA ENERGY ARGENTINA SAU,BAJADA DEL PALO OESTE,VACA MUERTA,Extracción Efectiva,Petrolífero,Gas Lift,EXPLOTACION,6243.0,,,1604.275,231.995,320.925,30.981,prod_2026
165436,VIS.Nq.BPO-2142(h),2026-08,VISTA ENERGY ARGENTINA SAU,BAJADA DEL PALO OESTE,VACA MUERTA,Extracción Efectiva,Petrolífero,Gas Lift,EXPLOTACION,6014.0,,,1167.415,163.793,76.461,31.0,prod_2026
165437,VIS.Nq.BPO-2143(h),2026-08,VISTA ENERGY ARGENTINA SAU,BAJADA DEL PALO OESTE,VACA MUERTA,Extracción Efectiva,Petrolífero,Gas Lift,EXPLOTACION,6371.0,,,1065.387,152.992,138.696,30.652,prod_2026
165438,VIS.Nq.BPO-2144(h),2026-08,VISTA ENERGY ARGENTINA SAU,BAJADA DEL PALO OESTE,VACA MUERTA,Extracción Efectiva,Petrolífero,Gas Lift,EXPLOTACION,6460.0,,,1479.3,208.076,90.606,30.41,prod_2026
165442,TPT.Nq.FP-1131(h),2026-08,TECPETROL S.A.,FORTIN DE PIEDRA,VACA MUERTA,Extracción Efectiva,Gasífero,Surgencia Natural,EXPLOTACION,6298.0,,,471.1974,3525.77,357.7183,30.96875,prod_2026
165443,PLU.Nq.LCa-3292(h),2026-08,PLUSPETROL S.A.,LA CALERA,VACA MUERTA,Extracción Efectiva,Gasífero,Surgencia Natural,EXPLOTACION,6265.0,,,1064.269,3946.912,773.541,29.90625,prod_2026
165444,PLU.Nq.LCa-3044(h),2026-08,PLUSPETROL S.A.,LA CALERA,VACA MUERTA,Extracción Efectiva,Gasífero,Surgencia Natural,EXPLOTACION,6179.0,,,1301.988,2301.336,4684.867,27.875,prod_2026
165451,PAE.Nq.ACas-107(h),2026-08,PAN AMERICAN ENERGY SL,AGUADA DE CASTRO,VACA MUERTA,Extracción Efectiva,Gasífero,Surgencia Natural,EXPLOTACION,0.0,,,0.0,1119.856,0.0,29.58056,prod_2026
165452,PAE.Nq.ACas-109(h),2026-08,PAN AMERICAN ENERGY SL,AGUADA DE CASTRO,VACA MUERTA,Extracción Efectiva,Gasífero,Surgencia Natural,EXPLOTACION,0.0,,,0.0,951.9351,0.0,29.4875,prod_2026
165455,PAE.Nq.ACas-108(h),2026-08,PAN AMERICAN ENERGY SL,AGUADA DE CASTRO,VACA MUERTA,Extracción Efectiva,Gasífero,Surgencia Natural,EXPLOTACION,0.0,,,0.0,4426.456,0.0,28.14861,prod_2026
165462,XOM.Nq.LTIIO-1002(h),2026-08,CONTINENTAL RESOURCES ARGENTINA SAU.,AGUA DE AFUERA,VACA MUERTA,Parado Transitoriamente,Petrolífero,Surgencia Natural,EXPLOTACION,4558.0,,,0.0,0.0,0.0,0.0,prod_2026
165463,XOM.Nq.LTIIO-1003(h),2026-08,CONTINENTAL RESOURCES ARGENTINA SAU.,AGUA DE AFUERA,VACA MUERTA,Parado Transitoriamente,Petrolífero,Surgencia Natural,EXPLOTACION,4403.0,,,0.0,0.0,0.0,0.0,prod_2026
165464,PLU.Nq.LJE-1025(h),2026-08,GEOPARK ARGENTINA S.A.,LOMA JARILLOSA ESTE,VACA MUERTA,Extracción Efectiva,Petrolífero,Bombeo Mecánico,EXPLOTACION,6055.0,,,0.0,0.0,2942.094,28.20833,prod_2026
165471,PLU.Nq.LCa-3293(h),2026-08,PLUSPETROL S.A.,LA CALERA,VACA MUERTA,Extracción Efectiva,Gasífero,Surgencia Natural,EXPLOTACION,6308.0,,,1201.697,4310.079,607.082,29.94792,prod_2026
165472,PLU.Nq.LCa-3046(h),2026-08,PLUSPETROL S.A.,LA CALERA,VACA MUERTA,Extracción Efectiva,Gasífero,Surgencia Natural,EXPLOTACION,6166.0,,,1404.507,1944.815,700.776,29.98958,prod_2026
165478,TPT.Nq.LTE.a-1016(h),2026-08,TECPETROL S.A.,LOS TOLDOS ESTE,VACA MUERTA,Parado Transitoriamente,Petrolífero,Surgencia Natural,EXPLOTACION,5188.0,,,373.2832,90.85391,288.0501,9.489583,prod_2026
165479,TPT.Nq.LTE.a-1015(h),2026-08,TECPETROL S.A.,LOS TOLDOS ESTE,VACA MUERTA,En Estudio,Otro tipo,Sin Sistema de Extracción,EXPLOTACION,3049.7,,,0.0,0.0,0.0,0.0,prod_2026
165480,TPT.Nq.LTE.a-1015(h)(ST1),2026-08,TECPETROL S.A.,LOS TOLDOS ESTE,VACA MUERTA,Parado Transitoriamente,Petrolífero,Surgencia Natural,EXPLOTACION,5420.0,,,0.0,0.0,0.0,0.0,prod_2026
165481,PET.Nq.MMo-2042(h),2026-08,PHOENIX GLOBAL RESOURCES S.A.,MATA MORA NORTE,VACA MUERTA,Extracción Efectiva,Petrolífero,Bombeo Mecánico,EXPLOTACION,6262.0,,,884.107,55.44729,95.21126,30.76111,prod_2026
165482,PET.Nq.MMo-2043(h),2026-08,PHOENIX GLOBAL RESOURCES S.A.,MATA MORA NORTE,VACA MUERTA,Extracción Efectiva,Petrolífero,Bombeo Mecánico,EXPLOTACION,6228.0,,,1114.253,77.99282,439.012,30.75417,prod_2026
165483,PET.Nq.MMo-2044(h),2026-08,PHOENIX GLOBAL RESOURCES S.A.,MATA MORA NORTE,VACA MUERTA,Extracción Efectiva,Petrolífero,Bombeo Mecánico,EXPLOTACION,6188.0,,,775.0586,45.80404,96.11042,30.70556,prod_2026
165484,PET.Nq.MMo-2041(h),2026-08,PHOENIX GLOBAL RESOURCES S.A.,MATA MORA NORTE,VACA MUERTA,Extracción Efectiva,Petrolífero,Surgencia Natural,EXPLOTACION,6058.0,,,1066.764,61.03544,134.3444,31.0,prod_2026
165485,YPF.Nq.AdCh-1038(h),2026-08,YPF S.A.,LOMA COLORADA,VACA MUERTA,Extracción Efectiva,Petrolífero,Bombeo Mecánico,EXPLOTACION,7120.0,,,1145.74,120.71,287.25,31.0,prod_2026
165487,YPF.Nq.LACh-550(h),2026-08,YPF S.A.,LA AMARGA CHICA,VACA MUERTA,Extracción Efectiva,Petrolífero,Surgencia Natural,EXPLOTACION,4866.0,,,637.86,72.64,212.65,16.19,prod_2026
165488,YPF.Nq.LACh-551(h),2026-08,YPF S.A.,LA AMARGA CHICA,VACA MUERTA,Extracción Efectiva,Petrolífero,Surgencia Natural,EXPLOTACION,5011.0,,,1795.21,174.6,394.86,31.0,prod_2026
165489,YPF.Nq.LACh-552(h),2026-08,YPF S.A.,LA AMARGA CHICA,VACA MUERTA,Extracción Efectiva,Petrolífero,Surgencia Natural,EXPLOTACION,5086.0,,,1546.39,192.9,573.82,31.0,prod_2026
165490,YPF.Nq.LACh-553(h),2026-08,YPF S.A.,LA AMARGA CHICA,VACA MUERTA,Extracción Efectiva,Petrolífero,Surgencia Natural,EXPLOTACION,5195.0,,,1769.55,192.78,313.99,30.92,prod_2026
165491,YPF.Nq.LACh-554(h),2026-08,YPF S.A.,LA AMARGA CHICA,VACA MUERTA,Extracción Efectiva,Petrolífero,Surgencia Natural,EXPLOTACION,5248.0,,,2043.66,256.05,294.32,31.0,prod_2026
165492,YPF.Nq.LACh-555(h),2026-08,YPF S.A.,LA AMARGA CHICA,VACA MUERTA,Extracción Efectiva,Petrolífero,Surgencia Natural,EXPLOTACION,5388.0,,,1664.84,198.2,333.69,31.0,prod_2026
165493,YPF.Nq.LACh-659(h),2026-08,YPF S.A.,LA AMARGA CHICA,VACA MUERTA,Extracción Efectiva,Petrolífero,Surgencia Natural,EXPLOTACION,6062.0,,,775.43,51.6,25.39,17.25,prod_2026
165494,YPF.Nq.LACh-660(h),2026-08,YPF S.A.,LA AMARGA CHICA,VACA MUERTA,Extracción Efectiva,Petrolífero,Surgencia Natural,EXPLOTACION,6024.0,,,1173.47,85.35,1203.4,30.71,prod_2026
165495,YPF.Nq.LACh-661(h),2026-08,YPF S.A.,LA AMARGA CHICA,VACA MUERTA,Extracción Efectiva,Petrolífero,Bombeo Mecánico,EXPLOTACION,6080.0,,,383.87,45.32,227.55,29.52,prod_2026
165496,YPF.Nq.LACh-662(h),2026-08,YPF S.A.,LA AMARGA CHICA,VACA MUERTA,Extracción Efectiva,Petrolífero,Surgencia Natural,EXPLOTACION,5992.0,,,2432.57,210.3,2673.05,30.71,prod_2026
165497,YPF.Nq.LACh-667(h),2026-08,YPF S.A.,LA AMARGA CHICA,VACA MUERTA,Extracción Efectiva,Petrolífero,Surgencia Natural,EXPLOTACION,6051.0,,,829.99,121.97,1625.58,18.67,prod_2026
165498,YPF.Nq.LCav-200(h),2026-08,YPF S.A.,BANDURRIA SUR,VACA MUERTA,En Estudio,Otro tipo,Surgencia Natural,EXPLOTACION,6007.0,,,0.0,0.0,0.0,0.0,prod_2026
165499,YPF.Nq.LCav-201(h),2026-08,YPF S.A.,BANDURRIA SUR,VACA MUERTA,Extracción Efectiva,Petrolífero,Surgencia Natural,EXPLOTACION,5432.0,,,210.57,38.48,51.7,27.38,prod_2026
165500,YPF.Nq.LCav-202(h),2026-08,YPF S.A.,BANDURRIA SUR,VACA MUERTA,Extracción Efectiva,Petrolífero,Surgencia Natural,EXPLOTACION,5995.0,,,716.46,464.94,191.86,21.75,prod_2026
165501,YPF.Nq.LCav-203(h),2026-08,YPF S.A.,BANDURRIA SUR,VACA MUERTA,Extracción Efectiva,Petrolífero,Surgencia Natural,EXPLOTACION,6015.0,,,1514.29,205.6,143.34,30.04,prod_2026
165502,YPF.Nq.LCav-204(h),2026-08,YPF S.A.,BANDURRIA SUR,VACA MUERTA,En Estudio,Otro tipo,Surgencia Natural,EXPLOTACION,6035.0,,,0.0,0.0,0.0,0.0,prod_2026
165503,YPF.Nq.LCav-205(h),2026-08,YPF S.A.,BANDURRIA SUR,VACA MUERTA,Extracción Efectiva,Petrolífero,Surgencia Natural,EXPLOTACION,6006.0,,,678.78,111.6,328.86,26.37,prod_2026
165505,YPF.Nq.LLL-1777(h),2026-08,YPF S.A.,LOMA CAMPANA-LLL,VACA MUERTA,Extracción Efectiva,Petrolífero,Bombeo Mecánico,EXPLOTACION,6313.0,,,359.99,87.66,38.25,30.6,prod_2026
165506,YPF.Nq.LLL-1778(h),2026-08,YPF S.A.,LOMA CAMPANA-LLL,VACA MUERTA,Extracción Efectiva,Petrolífero,Bombeo Mecánico,EXPLOTACION,6047.0,,,547.17,121.11,24.31,26.71,prod_2026
165507,YPF.Nq.LLL-1779(h),2026-08,YPF S.A.,LOMA CAMPANA-LLL,VACA MUERTA,Extracción Efectiva,Petrolífero,Bombeo Mecánico,EXPLOTACION,6131.0,,,968.71,149.07,12.01,30.56,prod_2026
165508,YPF.Nq.LLL-1780(h),2026-08,YPF S.A.,LOMA CAMPANA-LLL,VACA MUERTA,Extracción Efectiva,Petrolífero,Bombeo Mecánico,EXPLOTACION,6239.0,,,1645.59,180.94,255.88,27.6,prod_2026
165509,YPF.Nq.LLL-1781(h),2026-08,YPF S.A.,LOMA CAMPANA-LLL,VACA MUERTA,Extracción Efectiva,Petrolífero,Bombeo Mecánico,EXPLOTACION,6333.0,,,1223.01,310.51,140.05,23.98,prod_2026
165510,YPF.Nq.LLL-1782(h),2026-08,YPF S.A.,LOMA CAMPANA-LLL,VACA MUERTA,Extracción Efectiva,Petrolífero,Electrosumergible,EXPLOTACION,6644.0,,,914.04,123.36,27.36,21.31,prod_2026
165511,YPF.Nq.LLL-1794(h),2026-08,YPF S.A.,LOMA CAMPANA-LLL,VACA MUERTA,Extracción Efectiva,Petrolífero,Electrosumergible,EXPLOTACION,7152.0,,,2098.52,510.81,129.13,30.54,prod_2026
165514,VIS.Nq.BPO-2831(h),2026-08,VISTA ENERGY ARGENTINA SAU,BAJADA DEL PALO OESTE,VACA MUERTA,Extracción Efectiva,Petrolífero,Gas Lift,EXPLOTACION,6859.0,,,1546.505,107.696,383.848,30.861,prod_2026
165515,VIS.Nq.BPO-2832(h),2026-08,VISTA ENERGY ARGENTINA SAU,BAJADA DEL PALO OESTE,VACA MUERTA,Extracción Efectiva,Petrolífero,Gas Lift,EXPLOTACION,6146.0,,,1318.597,91.357,528.01,30.872,prod_2026
165516,VIS.Nq.BPO-2833(h),2026-08,VISTA ENERGY ARGENTINA SAU,BAJADA DEL PALO OESTE,VACA MUERTA,Extracción Efectiva,Petrolífero,Gas Lift,EXPLOTACION,6657.0,,,1232.032,83.473,497.737,30.883,prod_2026
165517,VIS.Nq.BPO-2834(h),2026-08,VISTA ENERGY ARGENTINA SAU,BAJADA DEL PALO OESTE,VACA MUERTA,Extracción Efectiva,Petrolífero,Gas Lift,EXPLOTACION,6301.0,,,0.699,0.044,3.57,0.333,prod_2026
165518,VIS.Nq.BPO-2835(h),2026-08,VISTA ENERGY ARGENTINA SAU,BAJADA DEL PALO OESTE,VACA MUERTA,Extracción Efectiva,Petrolífero,Gas Lift,EXPLOTACION,6447.0,,,1312.225,89.691,704.295,30.991,prod_2026
165525,PAE.Nq.LA-392(h),2026-08,PAN AMERICAN ENERGY SL,LINDERO ATRAVESADO OCCIDENTAL,VACA MUERTA,Extracción Efectiva,Petrolífero,Bombeo Mecánico,EXPLOTACION,6426.0,,,2049.28,229.2152,387.9194,28.88958,prod_2026
165531,PAE.Nq.APO-241(h),2026-08,PAN AMERICAN ENERGY SL,AGUADA PICHANA OESTE,VACA MUERTA,Extracción Efectiva,Gasífero,Surgencia Natural,EXPLOTACION,6095.0,,,0.0,2127.546,114.3198,30.41667,prod_2026
165532,PAE.Nq.LA-396(h),2026-08,PAN AMERICAN ENERGY SL,LINDERO ATRAVESADO OCCIDENTAL,VACA MUERTA,Extracción Efectiva,Petrolífero,Bombeo Mecánico,EXPLOTACION,6335.0,,,2409.292,271.4962,221.0089,29.44444,prod_2026
165535,PAE.Nq.APO-245(h),2026-08,PAN AMERICAN ENERGY SL,AGUADA PICHANA OESTE,VACA MUERTA,Extracción Efectiva,Gasífero,Surgencia Natural,EXPLOTACION,6124.0,,,0.0,4049.65,38.80755,30.15278,prod_2026
165538,PLU.Nq.LCa-3294(h),2026-08,PLUSPETROL S.A.,LA CALERA,VACA MUERTA,Extracción Efectiva,Gasífero,Surgencia Natural,EXPLOTACION,6261.0,,,861.737,3558.471,592.606,29.92708,prod_2026
165545,CHA.Nq.ET-2301(h),2026-08,CHEVRON ARGENTINA S.R.L.,EL TRAPIAL ESTE,VACA MUERTA,Extracción Efectiva,Petrolífero,Surgencia Natural,EXPLOTACION,6500.0,,,2879.51,1400.24532,1135.51,30.479,prod_2026
165546,CHA.Nq.ET-2302(h),2026-08,CHEVRON ARGENTINA S.R.L.,EL TRAPIAL ESTE,VACA MUERTA,Extracción Efectiva,Petrolífero,Surgencia Natural,EXPLOTACION,6500.0,,,1186.74,539.45098,1024.27,15.563,prod_2026
165547,CHA.Nq.ET-2303(h),2026-08,CHEVRON ARGENTINA S.R.L.,EL TRAPIAL ESTE,VACA MUERTA,Extracción Efectiva,Petrolífero,Surgencia Natural,EXPLOTACION,6893.0,,,4330.6,2121.05319,1702.09,30.083,prod_2026
165548,CHA.Nq.ET-2304(h),2026-08,CHEVRON ARGENTINA S.R.L.,EL TRAPIAL ESTE,VACA MUERTA,Extracción Efectiva,Petrolífero,Surgencia Natural,EXPLOTACION,6692.0,,,5581.78,1965.94791,3954.39,30.354,prod_2026
165549,VIS.Nq.BPE-2021(h),2026-08,VISTA ENERGY ARGENTINA SAU,BAJADA DEL PALO ESTE,VACA MUERTA,Extracción Efectiva,Petrolífero,Gas Lift,EXPLOTACION,6265.0,,,1633.619,79.526,132.187,30.694,prod_2026
165550,VIS.Nq.BPE-2022(h),2026-08,VISTA ENERGY ARGENTINA SAU,BAJADA DEL PALO ESTE,VACA MUERTA,Extracción Efectiva,Petrolífero,Gas Lift,EXPLOTACION,6264.0,,,862.186,59.35,9.046,30.842,prod_2026
165551,VIS.Nq.BPE-2023(h),2026-08,VISTA ENERGY ARGENTINA SAU,BAJADA DEL PALO ESTE,VACA MUERTA,Extracción Efectiva,Petrolífero,Gas Lift,EXPLOTACION,6252.0,,,1738.591,69.929,33.95,30.921,prod_2026
165555,PAM.Nq.M-2316(h),2026-08,PAMPA ENERGIA S.A.,EL MANGRULLO,VACA MUERTA,Extracción Efectiva,Gasífero,Surgencia Natural,EXPLOTACION,5450.0,,,0.0,3727.677,1305.774,31.0,prod_2026
165556,PAM.Nq.M-2315(h),2026-08,PAMPA ENERGIA S.A.,EL MANGRULLO,VACA MUERTA,Extracción Efectiva,Gasífero,Surgencia Natural,EXPLOTACION,5354.0,,,0.0,4491.428,1574.141,31.0,prod_2026
165557,PAM.Nq.M-2317(h),2026-08,PAMPA ENERGIA S.A.,EL MANGRULLO,VACA MUERTA,Extracción Efectiva,Gasífero,Surgencia Natural,EXPLOTACION,5477.0,,,0.0,4333.458,920.2297,31.0,prod_2026
165559,VIS.Nq.BPO-2231(h),2026-08,VISTA ENERGY ARGENTINA SAU,BAJADA DEL PALO OESTE,VACA MUERTA,Extracción Efectiva,Petrolífero,Gas Lift,EXPLOTACION,6398.0,,,1636.062,263.285,295.537,30.588,prod_2026
165560,VIS.Nq.BPO-2232(h),2026-08,VISTA ENERGY ARGENTINA SAU,BAJADA DEL PALO OESTE,VACA MUERTA,Extracción Efectiva,Petrolífero,Gas Lift,EXPLOTACION,5982.0,,,1417.684,276.07,593.412,30.446,prod_2026
165561,VIS.Nq.BPO-2233(h),2026-08,VISTA ENERGY ARGENTINA SAU,BAJADA DEL PALO OESTE,VACA MUERTA,Extracción Efectiva,Petrolífero,Gas Lift,EXPLOTACION,6405.0,,,2512.721,400.315,530.175,30.948,prod_2026
165562,VIS.Nq.BPO-2234(h),2026-08,VISTA ENERGY ARGENTINA SAU,BAJADA DEL PALO OESTE,VACA MUERTA,Extracción Efectiva,Petrolífero,Gas Lift,EXPLOTACION,6000.0,,,1288.213,269.676,988.688,30.948,prod_2026
165565,YPF.Nq.AdCh-1150(h),2026-08,YPF S.A.,LOMA COLORADA,VACA MUERTA,Extracción Efectiva,Petrolífero,Bombeo Mecánico,EXPLOTACION,5618.0,,,936.27,95.8,180.56,28.33,prod_2026
165566,YPF.Nq.AdCh-1151(h),2026-08,YPF S.A.,LOMA COLORADA,VACA MUERTA,Extracción Efectiva,Petrolífero,Bombeo Mecánico,EXPLOTACION,5249.0,,,1117.38,112.5,98.2,27.6,prod_2026
165567,YPF.Nq.AdCh-1152(h),2026-08,YPF S.A.,LOMA COLORADA,VACA MUERTA,Extracción Efectiva,Petrolífero,Bombeo Mecánico,EXPLOTACION,5475.0,,,949.84,71.33,331.17,28.45,prod_2026
165568,YPF.Nq.AdCh-1153(h),2026-08,YPF S.A.,LOMA COLORADA,VACA MUERTA,Extracción Efectiva,Petrolífero,Bombeo Mecánico,EXPLOTACION,4454.0,,,616.87,67.23,247.26,28.45,prod_2026
165569,YPF.Nq.BdTN-68(h),2026-08,YPF S.A.,BAJO DEL TORO NORTE,VACA MUERTA,Extracción Efectiva,Petrolífero,Surgencia Natural,EXPLOTACION,4242.0,,,446.48,136.17,91.38,18.29,prod_2026
165570,YPF.Nq.BdTN-69(h),2026-08,YPF S.A.,BAJO DEL TORO NORTE,VACA MUERTA,Extracción Efectiva,Petrolífero,Surgencia Natural,EXPLOTACION,5506.0,,,1160.36,216.22,414.65,29.67,prod_2026
165571,YPF.Nq.LACh-464(h),2026-08,YPF S.A.,LA AMARGA CHICA,VACA MUERTA,Extracción Efectiva,Petrolífero,Surgencia Natural,EXPLOTACION,0.0,,,565.07,55.96,92.24,30.98,prod_2026
165572,YPF.Nq.LACh-465(h),2026-08,YPF S.A.,LA AMARGA CHICA,VACA MUERTA,Extracción Efectiva,Petrolífero,Surgencia Natural,EXPLOTACION,6540.0,,,1104.86,92.4,81.88,31.0,prod_2026
165573,YPF.Nq.LACh-466(h),2026-08,YPF S.A.,LA AMARGA CHICA,VACA MUERTA,Extracción Efectiva,Petrolífero,Surgencia Natural,EXPLOTACION,0.0,,,1198.59,123.2,640.25,31.0,prod_2026
165574,YPF.Nq.LACh-467(h),2026-08,YPF S.A.,LA AMARGA CHICA,VACA MUERTA,Extracción Efectiva,Petrolífero,Surgencia Natural,EXPLOTACION,6434.0,,,1095.41,92.7,49.61,31.0,prod_2026
165575,YPF.Nq.LACh-862(h),2026-08,YPF S.A.,LA AMARGA CHICA,VACA MUERTA,Extracción Efectiva,Petrolífero,Surgencia Natural,EXPLOTACION,5230.0,,,14.84,1.33,1989.16,11.25,prod_2026
165576,YPF.Nq.LACh-863(h),2026-08,YPF S.A.,LA AMARGA CHICA,VACA MUERTA,Extracción Efectiva,Petrolífero,Surgencia Natural,EXPLOTACION,5318.0,,,0.75,0.09,853.83,13.79,prod_2026
165577,YPF.Nq.LACh-864(h),2026-08,YPF S.A.,LA AMARGA CHICA,VACA MUERTA,Extracción Efectiva,Petrolífero,Surgencia Natural,EXPLOTACION,5593.0,,,43.96,3.53,1241.16,17.17,prod_2026
165578,YPF.Nq.LACh-865(h),2026-08,YPF S.A.,LA AMARGA CHICA,VACA MUERTA,Extracción Efectiva,Petrolífero,Surgencia Natural,EXPLOTACION,5806.0,,,166.44,15.47,367.69,13.08,prod_2026
165579,YPF.Nq.LCav-785(h),2026-08,YPF S.A.,BANDURRIA SUR,VACA MUERTA,Extracción Efectiva,Petrolífero,Surgencia Natural,EXPLOTACION,5866.0,,,865.25,130.94,49.61,30.56,prod_2026
165580,YPF.Nq.LCav-86(h),2026-08,YPF S.A.,BANDURRIA SUR,VACA MUERTA,Extracción Efectiva,Petrolífero,Surgencia Natural,EXPLOTACION,5273.0,,,1398.12,229.76,89.94,30.56,prod_2026
165581,YPF.Nq.LCav-87(h),2026-08,YPF S.A.,BANDURRIA SUR,VACA MUERTA,Extracción Efectiva,Petrolífero,Surgencia Natural,EXPLOTACION,5817.0,,,1371.84,187.55,50.13,30.56,prod_2026
165582,YPF.Nq.LCav-88(h),2026-08,YPF S.A.,BANDURRIA SUR,VACA MUERTA,Parado Transitoriamente,Petrolífero,Surgencia Natural,EXPLOTACION,5494.0,,,0.0,0.0,0.0,0.0,prod_2026
165583,YPF.Nq.LCav-89(h),2026-08,YPF S.A.,BANDURRIA SUR,VACA MUERTA,Extracción Efectiva,Petrolífero,Surgencia Natural,EXPLOTACION,5664.0,,,1747.88,323.29,249.51,30.56,prod_2026
165593,TAU.Nq.AP-1088(h).T1,2026-08,TOTAL AUSTRAL S.A.,AGUADA PICHANA ESTE VACA MUERTA,VACA MUERTA,Extracción Efectiva,Gasífero,Surgencia Natural,EXPLOTACION,6065.95,,,296.9109,4564.068,689.3656,22.30903,prod_2026
165594,TAU.Nq.AP-1089(h),2026-08,TOTAL AUSTRAL S.A.,AGUADA PICHANA ESTE VACA MUERTA,VACA MUERTA,Extracción Efectiva,Gasífero,Surgencia Natural,EXPLOTACION,6036.0,,,125.5715,1930.642,208.0979,23.47569,prod_2026
165595,TAU.Nq.AP-1090(h),2026-08,TOTAL AUSTRAL S.A.,AGUADA PICHANA ESTE VACA MUERTA,VACA MUERTA,Extracción Efectiva,Gasífero,Surgencia Natural,EXPLOTACION,6114.0,,,265.9902,4092.476,218.3497,14.72569,prod_2026
165603,SHE.Nq.CASO-28(h),2026-08,SHELL ARGENTINA S.A.,COIRON AMARGO SUR OESTE,VACA MUERTA,Extracción Efectiva,Petrolífero,Surgencia Natural,EXPLOTACION,6525.0,,,135.03,12.55,3.52,3.17,prod_2026
165604,SHE.Nq.CASO-29(h),2026-08,SHELL ARGENTINA S.A.,COIRON AMARGO SUR OESTE,VACA MUERTA,Extracción Efectiva,Petrolífero,Surgencia Natural,EXPLOTACION,6446.0,,,1189.12,94.25,43.14,14.67,prod_2026
165605,SHE.Nq.CASO-30(h),2026-08,SHELL ARGENTINA S.A.,COIRON AMARGO SUR OESTE,VACA MUERTA,Extracción Efectiva,Petrolífero,Surgencia Natural,EXPLOTACION,6567.0,,,78.23,6.96,4.03,2.75,prod_2026
165606,SHE.Nq.CASO-31(h),2026-08,SHELL ARGENTINA S.A.,COIRON AMARGO SUR OESTE,VACA MUERTA,Extracción Efectiva,Petrolífero,Surgencia Natural,EXPLOTACION,6630.0,,,798.02,56.9,31.31,13.17,prod_2026
165607,PAE.Nq.CASE-345(h),2026-08,PAN AMERICAN ENERGY SL,COIRON AMARGO SUR ESTE,VACA MUERTA,Extracción Efectiva,Petrolífero,Surgencia Natural,EXPLOTACION,0.0,,,1410.8,99.03931,34.67998,30.02222,prod_2026
165609,PAE.Nq.CASE-347(h),2026-08,PAN AMERICAN ENERGY SL,COIRON AMARGO SUR ESTE,VACA MUERTA,Extracción Efectiva,Petrolífero,Surgencia Natural,EXPLOTACION,0.0,,,2696.76,185.2854,79.42185,31.0,prod_2026
165631,PLU.Nq.LCa-3092(h),2026-08,PLUSPETROL S.A.,LA CALERA,VACA MUERTA,Extracción Efectiva,Gasífero,Surgencia Natural,EXPLOTACION,6352.0,,,1232.116,2436.293,754.16,31.0,prod_2026
165634,PLU.Nq.LCa-3206(h),2026-08,PLUSPETROL S.A.,LA CALERA,VACA MUERTA,Extracción Efectiva,Gasífero,Surgencia Natural,EXPLOTACION,6270.0,,,1351.462,2386.793,973.094,31.0,prod_2026
165635,PAE.Nq.ECh-147(h),2026-08,PAN AMERICAN ENERGY SL,LINDERO ATRAVESADO OCCIDENTAL,VACA MUERTA,Extracción Efectiva,Petrolífero,Bombeo Mecánico,EXPLOTACION,6589.0,,,1142.942,80.67179,18.4825,31.0,prod_2026
165638,PAE.Nq.LA-318(h),2026-08,PAN AMERICAN ENERGY SL,LINDERO ATRAVESADO OCCIDENTAL,VACA MUERTA,Extracción Efectiva,Petrolífero,Gas Lift,EXPLOTACION,6419.0,,,710.1482,13.59469,0.0,31.0,prod_2026
165644,PAE.Nq.LA-322(h),2026-08,PAN AMERICAN ENERGY SL,LINDERO ATRAVESADO OCCIDENTAL,VACA MUERTA,Extracción Efectiva,Petrolífero,Gas Lift,EXPLOTACION,6445.0,,,904.2135,24.79274,0.0,30.96528,prod_2026
165653,PAE.Nq.ECh-143(h),2026-08,PAN AMERICAN ENERGY SL,LINDERO ATRAVESADO OCCIDENTAL,VACA MUERTA,Extracción Efectiva,Petrolífero,Bombeo Mecánico,EXPLOTACION,6481.0,,,1183.645,102.0367,65.49088,30.02083,prod_2026
165660,VIS.Nq.BPO-21021(h),2026-08,VISTA ENERGY ARGENTINA SAU,BAJADA DEL PALO OESTE,VACA MUERTA,Extracción Efectiva,Petrolífero,Gas Lift,EXPLOTACION,6498.0,,,990.058,280.045,4.662,30.92,prod_2026
165661,VIS.Nq.BPO-21022(h),2026-08,VISTA ENERGY ARGENTINA SAU,BAJADA DEL PALO OESTE,VACA MUERTA,Extracción Efectiva,Petrolífero,Gas Lift,EXPLOTACION,6497.0,,,1277.445,17.404,94.569,30.94,prod_2026
165662,VIS.Nq.BPO-21023(h),2026-08,VISTA ENERGY ARGENTINA SAU,BAJADA DEL PALO OESTE,VACA MUERTA,Extracción Efectiva,Petrolífero,Gas Lift,EXPLOTACION,5963.0,,,748.591,79.576,16.765,30.935,prod_2026
165665,YPF.Nq.LACh-460(h),2026-08,YPF S.A.,LA AMARGA CHICA,VACA MUERTA,Extracción Efectiva,Petrolífero,Surgencia Natural,EXPLOTACION,7163.0,,,1215.57,59.87,238.34,30.96,prod_2026
165666,YPF.Nq.LACh-461(h),2026-08,YPF S.A.,LA AMARGA CHICA,VACA MUERTA,Extracción Efectiva,Petrolífero,Surgencia Natural,EXPLOTACION,7240.0,,,2224.83,103.55,252.7,30.75,prod_2026
165667,YPF.Nq.LACh-462(h),2026-08,YPF S.A.,LA AMARGA CHICA,VACA MUERTA,Extracción Efectiva,Petrolífero,Bombeo Mecánico,EXPLOTACION,6403.0,,,474.97,31.67,112.87,18.04,prod_2026
165668,YPF.Nq.LACh-463(h)(I),2026-08,YPF S.A.,LA AMARGA CHICA,VACA MUERTA,Extracción Efectiva,Petrolífero,Bombeo Mecánico,EXPLOTACION,6741.0,,,541.32,57.3,38.45,29.35,prod_2026
165669,YPF.Nq.LCav-508(h),2026-08,YPF S.A.,BANDURRIA SUR,VACA MUERTA,Extracción Efectiva,Petrolífero,Surgencia Natural,EXPLOTACION,5490.0,,,9.85,1.63,9.63,0.67,prod_2026
165670,YPF.Nq.LCav-509(h),2026-08,YPF S.A.,BANDURRIA SUR,VACA MUERTA,Extracción Efectiva,Petrolífero,Surgencia Natural,EXPLOTACION,5173.0,,,1707.41,277.78,30.72,29.6,prod_2026
165671,YPF.Nq.LCav-510(h),2026-08,YPF S.A.,BANDURRIA SUR,VACA MUERTA,Extracción Efectiva,Petrolífero,Surgencia Natural,EXPLOTACION,5232.0,,,164.3,25.84,994.2,18.65,prod_2026
165672,YPF.Nq.LCav-511(h),2026-08,YPF S.A.,BANDURRIA SUR,VACA MUERTA,Extracción Efectiva,Petrolífero,Surgencia Natural,EXPLOTACION,5177.0,,,29.18,4.56,971.51,16.6,prod_2026
165673,YPF.Nq.LLL-1446(h),2026-08,YPF S.A.,LOMA CAMPANA-LLL,VACA MUERTA,Extracción Efectiva,Petrolífero,Gas Lift,EXPLOTACION,7074.0,,,1962.73,722.41,414.45,30.42,prod_2026
165674,YPF.Nq.LLL-1447(h),2026-08,YPF S.A.,LOMA CAMPANA-LLL,VACA MUERTA,Extracción Efectiva,Petrolífero,Gas Lift,EXPLOTACION,6894.0,,,980.14,786.19,149.32,12.5,prod_2026
165675,YPF.Nq.LLL-1448(h),2026-08,YPF S.A.,LOMA CAMPANA-LLL,VACA MUERTA,Extracción Efectiva,Petrolífero,Gas Lift,EXPLOTACION,7142.0,,,2461.24,1403.17,173.17,31.0,prod_2026
165676,YPF.Nq.LLL-1449(h),2026-08,YPF S.A.,LOMA CAMPANA-LLL,VACA MUERTA,Extracción Efectiva,Petrolífero,Gas Lift,EXPLOTACION,7105.0,,,2194.91,1740.69,328.16,31.0,prod_2026
165677,YPF.Nq.LLL-1450(h),2026-08,YPF S.A.,LOMA CAMPANA-LLL,VACA MUERTA,Extracción Efectiva,Petrolífero,Gas Lift,EXPLOTACION,7022.0,,,1524.43,1211.58,172.19,23.27,prod_2026
165678,YPF.Nq.LLL-1451(h),2026-08,YPF S.A.,LOMA CAMPANA-LLL,VACA MUERTA,Extracción Efectiva,Petrolífero,Gas Lift,EXPLOTACION,7228.0,,,1369.23,840.18,166.58,28.9,prod_2026
165679,YPF.Nq.LLL-1795(h),2026-08,YPF S.A.,LOMA CAMPANA-LLL,VACA MUERTA,Extracción Efectiva,Petrolífero,Surgencia Natural,EXPLOTACION,7013.0,,,2350.17,266.38,460.91,31.0,prod_2026
165680,YPF.Nq.LLL-1796(h),2026-08,YPF S.A.,LOMA CAMPANA-LLL,VACA MUERTA,Extracción Efectiva,Petrolífero,Surgencia Natural,EXPLOTACION,0.0,,,1011.46,113.05,109.38,30.77,prod_2026
165681,YPF.Nq.LLL-1797(h),2026-08,YPF S.A.,LOMA CAMPANA-LLL,VACA MUERTA,Extracción Efectiva,Petrolífero,Surgencia Natural,EXPLOTACION,0.0,,,1602.74,221.55,231.64,30.83,prod_2026
165682,YPF.Nq.LLL-1798(h),2026-08,YPF S.A.,LOMA CAMPANA-LLL,VACA MUERTA,Extracción Efectiva,Petrolífero,Surgencia Natural,EXPLOTACION,5901.0,,,2001.19,197.24,251.23,30.98,prod_2026
165683,YPF.Nq.LLL-1799(h),2026-08,YPF S.A.,LOMA CAMPANA-LLL,VACA MUERTA,Extracción Efectiva,Petrolífero,Surgencia Natural,EXPLOTACION,6325.0,,,2213.89,272.57,177.66,30.98,prod_2026
165684,YPF.Nq.LLL-1800(h),2026-08,YPF S.A.,LOMA CAMPANA-LLL,VACA MUERTA,Extracción Efectiva,Petrolífero,Surgencia Natural,EXPLOTACION,5791.0,,,832.74,91.72,238.87,30.83,prod_2026
165685,YPF.Nq.LajE-172(h),2026-08,YPF S.A.,LA ANGOSTURA SUR I,VACA MUERTA,Extracción Efectiva,Petrolífero,Gas Lift,EXPLOTACION,6394.0,,,1282.69,536.8,9.32,29.22,prod_2026
165686,YPF.Nq.LajE-173(h),2026-08,YPF S.A.,LA ANGOSTURA SUR I,VACA MUERTA,Extracción Efectiva,Petrolífero,Gas Lift,EXPLOTACION,5544.0,,,270.59,82.24,144.84,28.72,prod_2026
165687,YPF.Nq.LajE-184(h),2026-08,YPF S.A.,LA ANGOSTURA SUR I,VACA MUERTA,Extracción Efectiva,Petrolífero,Gas Lift,EXPLOTACION,5542.0,,,549.63,151.37,4.9,27.6,prod_2026
165688,YPF.Nq.LajE-195(h),2026-08,YPF S.A.,LA ANGOSTURA SUR I,VACA MUERTA,Extracción Efectiva,Petrolífero,Gas Lift,EXPLOTACION,5575.0,,,895.82,183.19,3.51,29.04,prod_2026
165692,PLU.Nq.LCa-3093(h),2026-08,PLUSPETROL S.A.,LA CALERA,VACA MUERTA,Extracción Efectiva,Gasífero,Surgencia Natural,EXPLOTACION,6266.0,,,1031.96,1752.135,1249.939,30.71875,prod_2026
165694,PLU.Nq.LCa-3094(h),2026-08,PLUSPETROL S.A.,LA CALERA,VACA MUERTA,Extracción Efectiva,Gasífero,Surgencia Natural,EXPLOTACION,6170.0,,,953.818,2265.966,930.477,31.0,prod_2026
165695,PLU.Nq.LCa-3207(h),2026-08,PLUSPETROL S.A.,LA CALERA,VACA MUERTA,Extracción Efectiva,Gasífero,Surgencia Natural,EXPLOTACION,6182.0,,,1324.188,2148.546,1085.433,31.0,prod_2026
165696,PLU.Nq.LCa-3208(h),2026-08,PLUSPETROL S.A.,LA CALERA,VACA MUERTA,Extracción Efectiva,Gasífero,Surgencia Natural,EXPLOTACION,6030.0,,,1341.431,3170.39,1467.118,30.70833,prod_2026
165698,VIS.Nq.BPO-2651(h),2026-08,VISTA ENERGY ARGENTINA SAU,BAJADA DEL PALO OESTE,VACA MUERTA,Otras Situación Inactivo,Petrolífero,Sin Sistema de Extracción,EXPLOTACION,4176.0,,,0.0,0.0,0.0,0.0,prod_2026
165699,VIS.Nq.BPO-2652(h),2026-08,VISTA ENERGY ARGENTINA SAU,BAJADA DEL PALO OESTE,VACA MUERTA,Extracción Efectiva,Petrolífero,Gas Lift,EXPLOTACION,3814.0,,,441.359,37.431,160.39,30.847,prod_2026
165700,VIS.Nq.BPO-2653(h),2026-08,VISTA ENERGY ARGENTINA SAU,BAJADA DEL PALO OESTE,VACA MUERTA,Extracción Efectiva,Petrolífero,Gas Lift,EXPLOTACION,5637.0,,,2984.247,253.216,490.901,30.662,prod_2026
165701,VIS.Nq.BPO-2654(h),2026-08,VISTA ENERGY ARGENTINA SAU,BAJADA DEL PALO OESTE,VACA MUERTA,Extracción Efectiva,Petrolífero,Gas Lift,EXPLOTACION,6130.0,,,2765.881,232.534,207.843,30.899,prod_2026
165714,YPF.Nq.EOr-30(h),2026-08,YPF S.A.,EL OREJANO,VACA MUERTA,Parado Transitoriamente,Gasífero,Surgencia Natural,EXPLOTACION,4020.0,,,0.0,0.0,0.0,0.0,prod_2026
165715,YPF.Nq.LACh-142(h),2026-08,YPF S.A.,LA AMARGA CHICA,VACA MUERTA,Extracción Efectiva,Petrolífero,Surgencia Natural,EXPLOTACION,5696.0,,,644.77,18.62,23.24,30.67,prod_2026
165716,YPF.Nq.LACh-143(h),2026-08,YPF S.A.,LA AMARGA CHICA,VACA MUERTA,Extracción Efectiva,Petrolífero,Surgencia Natural,EXPLOTACION,5632.0,,,1425.24,48.62,56.79,30.92,prod_2026
165717,YPF.Nq.LACh-144(h),2026-08,YPF S.A.,LA AMARGA CHICA,VACA MUERTA,Extracción Efectiva,Petrolífero,Surgencia Natural,EXPLOTACION,5729.0,,,1262.18,188.3,16.15,30.17,prod_2026
165718,YPF.Nq.LACh-145(h),2026-08,YPF S.A.,LA AMARGA CHICA,VACA MUERTA,Extracción Efectiva,Petrolífero,Surgencia Natural,EXPLOTACION,0.0,,,1816.28,310.15,152.85,31.0,prod_2026
165719,YPF.Nq.LACh-146(h),2026-08,YPF S.A.,LA AMARGA CHICA,VACA MUERTA,Extracción Efectiva,Petrolífero,Surgencia Natural,EXPLOTACION,5682.0,,,2200.65,417.69,198.51,31.0,prod_2026
165720,YPF.Nq.LACh-147(h),2026-08,YPF S.A.,LA AMARGA CHICA,VACA MUERTA,Extracción Efectiva,Petrolífero,Surgencia Natural,EXPLOTACION,5664.0,,,2014.11,239.91,0.0,31.0,prod_2026
165721,YPF.Nq.LACh-148(h),2026-08,YPF S.A.,LA AMARGA CHICA,VACA MUERTA,Extracción Efectiva,Petrolífero,Surgencia Natural,EXPLOTACION,0.0,,,1919.85,341.32,110.18,30.98,prod_2026
165722,YPF.Nq.LLL-1492(h),2026-08,YPF S.A.,LOMA CAMPANA-LLL,VACA MUERTA,Extracción Efectiva,Petrolífero,Bombeo Mecánico,EXPLOTACION,5097.0,,,561.16,143.12,28.31,28.65,prod_2026
165723,YPF.Nq.LLL-1493(h),2026-08,YPF S.A.,LOMA CAMPANA-LLL,VACA MUERTA,Parado Transitoriamente,Petrolífero,Surgencia Natural,EXPLOTACION,2160.0,,,0.0,0.0,0.0,0.0,prod_2026
165724,YPF.Nq.LLL-1494(h),2026-08,YPF S.A.,LOMA CAMPANA-LLL,VACA MUERTA,Extracción Efectiva,Petrolífero,Surgencia Natural,EXPLOTACION,5251.0,,,1743.29,780.59,303.62,30.77,prod_2026
165725,YPF.Nq.LLL-1495(h),2026-08,YPF S.A.,LOMA CAMPANA-LLL,VACA MUERTA,Extracción Efectiva,Petrolífero,Surgencia Natural,EXPLOTACION,5415.0,,,2871.48,1397.09,164.35,30.73,prod_2026
165726,YPF.Nq.LLL-1496(h),2026-08,YPF S.A.,LOMA CAMPANA-LLL,VACA MUERTA,Extracción Efectiva,Petrolífero,Bombeo Mecánico,EXPLOTACION,0.0,,,627.01,214.03,175.05,29.42,prod_2026
165727,YPF.Nq.LLL-1497(h),2026-08,YPF S.A.,LOMA CAMPANA-LLL,VACA MUERTA,Extracción Efectiva,Petrolífero,Bombeo Mecánico,EXPLOTACION,5680.0,,,796.87,262.49,366.19,28.48,prod_2026
165728,YPF.Nq.LajE-6(h),2026-08,YPF S.A.,LA ANGOSTURA SUR I,VACA MUERTA,Extracción Efectiva,Petrolífero,Gas Lift,EXPLOTACION,0.0,,,2529.84,899.6,49.16,29.63,prod_2026
165729,YPF.Nq.LajE-7(h),2026-08,YPF S.A.,LA ANGOSTURA SUR I,VACA MUERTA,Extracción Efectiva,Petrolífero,Gas Lift,EXPLOTACION,5529.0,,,2003.72,1254.04,32.44,30.13,prod_2026
165730,YPF.Nq.LajE-8(h),2026-08,YPF S.A.,LA ANGOSTURA SUR I,VACA MUERTA,Extracción Efectiva,Petrolífero,Surgencia Natural,EXPLOTACION,0.0,,,722.36,178.55,574.42,30.52,prod_2026
165731,YPF.Nq.LajE-9(h),2026-08,YPF S.A.,LA ANGOSTURA SUR I,VACA MUERTA,Extracción Efectiva,Petrolífero,Surgencia Natural,EXPLOTACION,5464.0,,,2541.15,792.24,73.22,29.38,prod_2026
165739,SHE.Nq.SB-1045(h),2026-08,SHELL ARGENTINA S.A.,SIERRAS BLANCAS,VACA MUERTA,Extracción Efectiva,Petrolífero,Surgencia Natural,EXPLOTACION,6807.0,,,759.92,58.65,206.81,30.63,prod_2026
165740,SHE.Nq.SB-1046(h),2026-08,SHELL ARGENTINA S.A.,SIERRAS BLANCAS,VACA MUERTA,Extracción Efectiva,Petrolífero,Surgencia Natural,EXPLOTACION,6657.0,,,1132.16,93.05,289.36,30.81,prod_2026
165741,SHE.Nq.SB-1047(h),2026-08,SHELL ARGENTINA S.A.,SIERRAS BLANCAS,VACA MUERTA,Extracción Efectiva,Petrolífero,Surgencia Natural,EXPLOTACION,6709.0,,,1053.66,80.74,318.38,30.83,prod_2026
165742,SHE.Nq.SB-1048(h),2026-08,SHELL ARGENTINA S.A.,SIERRAS BLANCAS,VACA MUERTA,Extracción Efectiva,Petrolífero,Surgencia Natural,EXPLOTACION,6745.0,,,1122.17,96.02,323.21,30.85,prod_2026
165757,PAE.Nq.APO-243(h),2026-08,PAN AMERICAN ENERGY SL,AGUADA PICHANA OESTE,VACA MUERTA,Extracción Efectiva,Gasífero,Surgencia Natural,EXPLOTACION,6043.0,,,0.0,4751.787,374.1844,30.41667,prod_2026
165767,PAE.Nq.ECh-141(h),2026-08,PAN AMERICAN ENERGY SL,LINDERO ATRAVESADO OCCIDENTAL,VACA MUERTA,Extracción Efectiva,Petrolífero,Bombeo Mecánico,EXPLOTACION,6423.0,,,1182.443,126.4254,320.908,30.12083,prod_2026
165768,PAE.Nq.ECh-145(h),2026-08,PAN AMERICAN ENERGY SL,LINDERO ATRAVESADO OCCIDENTAL,VACA MUERTA,Extracción Efectiva,Petrolífero,Bombeo Mecánico,EXPLOTACION,6475.0,,,643.2683,71.41731,104.7486,26.59028,prod_2026
165774,VIS.Nq.BPE-2131(h),2026-08,VISTA ENERGY ARGENTINA SAU,BAJADA DEL PALO ESTE,VACA MUERTA,Otras Situación Inactivo,Petrolífero,Sin Sistema de Extracción,EXPLOTACION,1269.0,,,0.0,0.0,0.0,0.0,prod_2026
165775,VIS.Nq.BPE-2132(h),2026-08,VISTA ENERGY ARGENTINA SAU,BAJADA DEL PALO ESTE,VACA MUERTA,Extracción Efectiva,Petrolífero,Gas Lift,EXPLOTACION,5538.0,,,578.413,26.583,1.206,30.867,prod_2026
165776,VIS.Nq.BPE-2133(h),2026-08,VISTA ENERGY ARGENTINA SAU,BAJADA DEL PALO ESTE,VACA MUERTA,Extracción Efectiva,Petrolífero,Gas Lift,EXPLOTACION,4804.0,,,225.343,12.839,0.825,30.862,prod_2026
165777,VIS.Nq.BPE-2134(h),2026-08,VISTA ENERGY ARGENTINA SAU,BAJADA DEL PALO ESTE,VACA MUERTA,Extracción Efectiva,Petrolífero,Gas Lift,EXPLOTACION,5963.0,,,2201.705,133.269,21.905,31.0,prod_2026
165780,YPF.Nq.AdCh-1063(h)(I),2026-08,YPF S.A.,LOMA COLORADA,VACA MUERTA,Extracción Efectiva,Petrolífero,Surgencia Natural,EXPLOTACION,0.0,,,2246.14,103.13,66.58,31.0,prod_2026
165781,YPF.Nq.AdCh-1064(h),2026-08,YPF S.A.,LOMA COLORADA,VACA MUERTA,Extracción Efectiva,Petrolífero,Surgencia Natural,EXPLOTACION,0.0,,,1953.36,192.69,1153.91,31.0,prod_2026
165782,YPF.Nq.AdCh-1065(h),2026-08,YPF S.A.,LOMA COLORADA,VACA MUERTA,Extracción Efectiva,Petrolífero,Surgencia Natural,EXPLOTACION,5560.0,,,1088.28,39.9,102.33,15.21,prod_2026
165783,YPF.Nq.AdCh-1066(h),2026-08,YPF S.A.,LOMA COLORADA,VACA MUERTA,Extracción Efectiva,Petrolífero,Bombeo Mecánico,EXPLOTACION,4808.0,,,1326.82,59.75,922.95,29.98,prod_2026
165784,YPF.Nq.LCav-157(h),2026-08,YPF S.A.,BANDURRIA SUR,VACA MUERTA,Extracción Efectiva,Petrolífero,Surgencia Natural,EXPLOTACION,5909.0,,,1370.15,199.93,390.53,30.73,prod_2026
165785,YPF.Nq.LCav-158(h),2026-08,YPF S.A.,BANDURRIA SUR,VACA MUERTA,Extracción Efectiva,Petrolífero,Surgencia Natural,EXPLOTACION,0.0,,,2135.99,285.37,494.24,30.69,prod_2026
165786,YPF.Nq.LCav-159(h),2026-08,YPF S.A.,BANDURRIA SUR,VACA MUERTA,Extracción Efectiva,Petrolífero,Surgencia Natural,EXPLOTACION,6075.0,,,762.56,98.82,847.15,29.29,prod_2026
165787,YPF.Nq.LCav-160(h),2026-08,YPF S.A.,BANDURRIA SUR,VACA MUERTA,Extracción Efectiva,Petrolífero,Surgencia Natural,EXPLOTACION,6061.0,,,2169.39,242.11,1365.77,30.27,prod_2026
165788,YPF.Nq.LCav-161(h),2026-08,YPF S.A.,BANDURRIA SUR,VACA MUERTA,Extracción Efectiva,Petrolífero,Surgencia Natural,EXPLOTACION,6032.0,,,1719.31,313.07,1880.4,30.73,prod_2026
165789,YPF.Nq.LCav-162(h),2026-08,YPF S.A.,BANDURRIA SUR,VACA MUERTA,Extracción Efectiva,Petrolífero,Surgencia Natural,EXPLOTACION,0.0,,,3647.55,739.0,3499.35,30.75,prod_2026
165790,YPF.Nq.LCav-798(h),2026-08,YPF S.A.,BANDURRIA SUR,VACA MUERTA,Extracción Efectiva,Petrolífero,Surgencia Natural,EXPLOTACION,6283.0,,,780.31,267.7,120.94,20.98,prod_2026
165791,YPF.Nq.LCav-803(h),2026-08,YPF S.A.,BANDURRIA SUR,VACA MUERTA,Extracción Efectiva,Petrolífero,Surgencia Natural,EXPLOTACION,6248.0,,,126.44,25.69,2447.31,27.13,prod_2026
165792,YPF.Nq.LCav-804(h),2026-08,YPF S.A.,BANDURRIA SUR,VACA MUERTA,Extracción Efectiva,Petrolífero,Surgencia Natural,EXPLOTACION,6336.0,,,386.96,98.35,322.7,24.13,prod_2026
165793,YPF.Nq.LCav-805(h),2026-08,YPF S.A.,BANDURRIA SUR,VACA MUERTA,Extracción Efectiva,Petrolífero,Surgencia Natural,EXPLOTACION,6427.0,,,693.13,174.29,2071.33,28.19,prod_2026
165794,YPF.Nq.LCav-806(h),2026-08,YPF S.A.,BANDURRIA SUR,VACA MUERTA,Extracción Efectiva,Petrolífero,Surgencia Natural,EXPLOTACION,6501.0,,,112.27,24.93,3653.2,25.49,prod_2026
165795,YPF.Nq.LCav-842(h),2026-08,YPF S.A.,BANDURRIA SUR,VACA MUERTA,Extracción Efectiva,Petrolífero,Surgencia Natural,EXPLOTACION,5405.0,,,123.09,24.87,2375.17,26.48,prod_2026
165800,VIS.Nq.BPE-2341(h),2026-08,VISTA ENERGY ARGENTINA SAU,BAJADA DEL PALO ESTE,VACA MUERTA,Extracción Efectiva,Petrolífero,Gas Lift,EXPLOTACION,6152.0,,,1418.035,69.672,62.867,27.126,prod_2026
165801,VIS.Nq.BPE-2342(h),2026-08,VISTA ENERGY ARGENTINA SAU,BAJADA DEL PALO ESTE,VACA MUERTA,Extracción Efectiva,Petrolífero,Gas Lift,EXPLOTACION,6343.0,,,1195.381,79.58,58.593,27.073,prod_2026
165802,VIS.Nq.BPE-2343(h),2026-08,VISTA ENERGY ARGENTINA SAU,BAJADA DEL PALO ESTE,VACA MUERTA,Extracción Efectiva,Petrolífero,Gas Lift,EXPLOTACION,6482.0,,,1556.752,78.074,85.2,27.178,prod_2026
165803,VIS.Nq.BPE-2344(h),2026-08,VISTA ENERGY ARGENTINA SAU,BAJADA DEL PALO ESTE,VACA MUERTA,Extracción Efectiva,Petrolífero,Gas Lift,EXPLOTACION,6436.0,,,2617.814,124.292,107.511,27.081,prod_2026
165808,PLU.Nq.LJE-1032(h),2026-08,GEOPARK ARGENTINA S.A.,LOMA JARILLOSA ESTE,VACA MUERTA,Extracción Efectiva,Petrolífero,Surgencia Natural,EXPLOTACION,6345.0,,,1216.8,72.53909,1759.68,21.09042,prod_2026
165824,TAU.Nq.Lesc-11(h),2026-08,VACA MUERTA INVERSIONES SAU,LA ESCALONADA,VACA MUERTA,Extracción Efectiva,Petrolífero,Surgencia Natural,EXPLOTACION,6637.0,,,180.78,52.71,1951.78,15.2,prod_2026
165825,TAU.Nq.Lesc-12(h),2026-08,VACA MUERTA INVERSIONES SAU,LA ESCALONADA,VACA MUERTA,Extracción Efectiva,Petrolífero,Surgencia Natural,EXPLOTACION,6533.0,,,163.24,97.81,1568.45,12.38,prod_2026
165829,TPT.Nq.FP-1262(h),2026-08,TECPETROL S.A.,FORTIN DE PIEDRA,VACA MUERTA,Extracción Efectiva,Gasífero,Surgencia Natural,EXPLOTACION,6525.0,,,368.053,4112.339,646.5369,31.0,prod_2026
165830,TPT.Nq.FP-1263(h),2026-08,TECPETROL S.A.,FORTIN DE PIEDRA,VACA MUERTA,Extracción Efectiva,Gasífero,Surgencia Natural,EXPLOTACION,6512.0,,,339.6396,3682.533,220.3883,31.0,prod_2026
165831,TPT.Nq.FP-1264(h),2026-08,TECPETROL S.A.,FORTIN DE PIEDRA,VACA MUERTA,Extracción Efectiva,Gasífero,Surgencia Natural,EXPLOTACION,6614.0,,,379.0744,4071.883,547.9633,29.32639,prod_2026
165832,TPT.Nq.FP-1261(h),2026-08,TECPETROL S.A.,FORTIN DE PIEDRA,VACA MUERTA,Extracción Efectiva,Gasífero,Surgencia Natural,EXPLOTACION,6570.0,,,432.2166,4656.236,671.1332,31.0,prod_2026
166124,YPF.Nq.AdCh-1239(h),2026-08,YPF S.A.,LOMA COLORADA,VACA MUERTA,Extracción Efectiva,Petrolífero,Surgencia Natural,EXPLOTACION,6030.0,,,652.7,54.77,151.99,31.0,prod_2026
166125,YPF.Nq.AdCh-1240(h),2026-08,YPF S.A.,LOMA COLORADA,VACA MUERTA,Parado Transitoriamente,Petrolífero,Surgencia Natural,EXPLOTACION,0.0,,,0.0,0.0,0.0,0.0,prod_2026
166126,YPF.Nq.AdCh-1241(h),2026-08,YPF S.A.,LOMA COLORADA,VACA MUERTA,Extracción Efectiva,Petrolífero,Surgencia Natural,EXPLOTACION,5889.0,,,1982.74,90.02,234.2,31.0,prod_2026
166127,YPF.Nq.AdCh-1242(h)(I),2026-08,YPF S.A.,LOMA COLORADA,VACA MUERTA,Extracción Efectiva,Petrolífero,Surgencia Natural,EXPLOTACION,0.0,,,2671.8,162.97,776.23,31.0,prod_2026
166129,YPF.Nq.LCav-881(h),2026-08,YPF S.A.,BANDURRIA SUR,VACA MUERTA,Extracción Efectiva,Petrolífero,Surgencia Natural,EXPLOTACION,6113.0,,,1139.53,449.93,998.16,25.29,prod_2026
166130,YPF.Nq.LCav-882(h),2026-08,YPF S.A.,BANDURRIA SUR,VACA MUERTA,Extracción Efectiva,Petrolífero,Surgencia Natural,EXPLOTACION,5990.0,,,1064.07,387.86,699.21,30.48,prod_2026
166131,YPF.Nq.LCav-883(h),2026-08,YPF S.A.,BANDURRIA SUR,VACA MUERTA,Extracción Efectiva,Petrolífero,Surgencia Natural,EXPLOTACION,6014.0,,,1076.63,519.42,193.47,25.06,prod_2026
166132,YPF.Nq.LCav-884(h),2026-08,YPF S.A.,BANDURRIA SUR,VACA MUERTA,Extracción Efectiva,Petrolífero,Surgencia Natural,EXPLOTACION,5897.0,,,1604.17,620.81,236.55,26.56,prod_2026
166133,YPF.Nq.LTac-14(h),2026-08,YPF S.A.,LAS TACANAS II,VACA MUERTA,Extracción Efectiva,Gasífero,Surgencia Natural,EXPLORACION,4491.0,,,855.8,4532.91,194.44,26.98,prod_2026
166134,YPF.Nq.LTac-15(h),2026-08,YPF S.A.,LAS TACANAS II,VACA MUERTA,Parado Transitoriamente,Gasífero,Surgencia Natural,EXPLORACION,4455.0,,,0.0,0.0,0.0,0.0,prod_2026
166149,PET.RN.CoN.x-1(st),2026-08,PHOENIX GLOBAL RESOURCES S.A.,CONFLUENCIA NORTE,VACA MUERTA,Extracción Efectiva,Petrolífero,Bombeo Mecánico,EXPLORACION,6270.0,,,2186.275,81.74023,0.0,30.91806,prod_2026
166150,PET.RN.CoN.x-2(h),2026-08,PHOENIX GLOBAL RESOURCES S.A.,CONFLUENCIA NORTE,VACA MUERTA,Extracción Efectiva,Petrolífero,Bombeo Mecánico,EXPLORACION,6240.0,,,1931.78,82.51217,0.0,31.0,prod_2026
166151,PET.RN.CoN.x-3(h),2026-08,PHOENIX GLOBAL RESOURCES S.A.,CONFLUENCIA NORTE,VACA MUERTA,Extracción Efectiva,Petrolífero,Bombeo Mecánico,EXPLORACION,6320.0,,,3255.003,165.1063,0.0,30.98958,prod_2026
166152,VIS.Nq.BPE-2371(h),2026-08,VISTA ENERGY ARGENTINA SAU,BAJADA DEL PALO ESTE,VACA MUERTA,Extracción Efectiva,Petrolífero,Gas Lift,EXPLOTACION,6761.0,,,2339.119,66.671,42.903,30.775,prod_2026
166153,VIS.Nq.BPE-2372(h),2026-08,VISTA ENERGY ARGENTINA SAU,BAJADA DEL PALO ESTE,VACA MUERTA,Extracción Efectiva,Petrolífero,Gas Lift,EXPLOTACION,5073.0,,,1338.565,1.999,19.881,30.772,prod_2026
166156,PAE.Nq.CASE-523(h),2026-08,PAN AMERICAN ENERGY SL,COIRON AMARGO SUR ESTE,VACA MUERTA,Extracción Efectiva,Petrolífero,Surgencia Natural,EXPLOTACION,6442.0,,,2980.191,207.3491,651.8718,31.0,prod_2026
166158,PAE.Nq.CASE-521(h),2026-08,PAN AMERICAN ENERGY SL,COIRON AMARGO SUR ESTE,VACA MUERTA,Extracción Efectiva,Petrolífero,Bombeo Mecánico,EXPLOTACION,6424.0,,,1836.823,84.22162,708.2119,30.27361,prod_2026
166162,PAE.Nq.CASE-519(h),2026-08,PAN AMERICAN ENERGY SL,COIRON AMARGO SUR ESTE,VACA MUERTA,Extracción Efectiva,Petrolífero,Bombeo Mecánico,EXPLOTACION,0.0,,,2487.066,136.7832,133.4552,29.94861,prod_2026
166165,PLU.Nq.LCa-3361(h),2026-08,PLUSPETROL S.A.,LA CALERA,VACA MUERTA,Extracción Efectiva,Gasífero,Surgencia Natural,EXPLOTACION,6610.0,,,127.649,7770.763,1314.894,24.42708,prod_2026
166168,PLU.Nq.LCa-3065(h),2026-08,PLUSPETROL S.A.,LA CALERA,VACA MUERTA,Extracción Efectiva,Gasífero,Surgencia Natural,EXPLOTACION,5960.0,,,1647.785,1777.122,966.354,28.625,prod_2026
166169,PLU.Nq.LCa-3362(h),2026-08,PLUSPETROL S.A.,LA CALERA,VACA MUERTA,Extracción Efectiva,Gasífero,Surgencia Natural,EXPLOTACION,6504.0,,,194.575,8461.039,1005.259,19.59375,prod_2026
166170,TPT.Nq.PPar-271(h),2026-08,TECPETROL S.A.,PUESTO PARADA NC,VACA MUERTA,Extracción Efectiva,Petrolífero,Surgencia Natural,EXPLOTACION,5880.0,,,2315.682,205.0779,0.0,31.0,prod_2026
166171,TPT.Nq.PPar-267(h),2026-08,TECPETROL S.A.,PUESTO PARADA NC,VACA MUERTA,Extracción Efectiva,Petrolífero,Bombeo Mecánico,EXPLOTACION,5847.0,,,1271.97,109.3034,14.96503,31.0,prod_2026
166172,TPT.Nq.PPar-268(h),2026-08,TECPETROL S.A.,PUESTO PARADA NC,VACA MUERTA,Extracción Efectiva,Petrolífero,Bombeo Mecánico,EXPLOTACION,5900.0,,,1280.977,98.60576,6.082499,30.88889,prod_2026
166173,TPT.Nq.PPar-272(h),2026-08,TECPETROL S.A.,PUESTO PARADA NC,VACA MUERTA,Extracción Efectiva,Petrolífero,Bombeo Mecánico,EXPLOTACION,5930.0,,,1426.012,126.6464,0.0,30.85069,prod_2026
166178,PLU.Nq.LJE-1033(h),2026-08,GEOPARK ARGENTINA S.A.,LOMA JARILLOSA ESTE,VACA MUERTA,Parado Transitoriamente,Petrolífero,Surgencia Natural,EXPLOTACION,6294.0,,,0.0,0.0,0.0,0.0,prod_2026
166179,PLU.Nq.LCa-3364(h),2026-08,PLUSPETROL S.A.,LA CALERA,VACA MUERTA,Extracción Efectiva,Gasífero,Surgencia Natural,EXPLOTACION,6462.0,,,108.189,5286.41,898.51,25.91667,prod_2026
166180,PLU.Nq.LCa-3066(h),2026-08,PLUSPETROL S.A.,LA CALERA,VACA MUERTA,Extracción Efectiva,Gasífero,Surgencia Natural,EXPLOTACION,5890.0,,,1301.487,1124.191,204.896,29.79167,prod_2026
166183,YPF.Nq.AdCh-1025(h),2026-08,YPF S.A.,LOMA COLORADA,VACA MUERTA,Extracción Efectiva,Petrolífero,Surgencia Natural,EXPLOTACION,6510.0,,,1313.77,117.78,256.11,31.0,prod_2026
166184,YPF.Nq.AdCh-1026(h),2026-08,YPF S.A.,LOMA COLORADA,VACA MUERTA,Extracción Efectiva,Petrolífero,Surgencia Natural,EXPLOTACION,6305.0,,,1367.3,147.89,261.51,31.0,prod_2026
166185,YPF.Nq.AdCh-1027(h),2026-08,YPF S.A.,LOMA COLORADA,VACA MUERTA,Extracción Efectiva,Petrolífero,Surgencia Natural,EXPLOTACION,5823.0,,,908.69,106.31,399.48,27.96,prod_2026
166186,YPF.Nq.AdCh-1028(h),2026-08,YPF S.A.,LOMA COLORADA,VACA MUERTA,Extracción Efectiva,Petrolífero,Surgencia Natural,EXPLOTACION,5702.0,,,712.31,80.03,283.56,29.98,prod_2026
166190,YPF.Nq.LajE-10(h),2026-08,YPF S.A.,LA ANGOSTURA SUR I,VACA MUERTA,Extracción Efectiva,Petrolífero,Surgencia Natural,EXPLOTACION,6335.0,,,2954.61,693.77,336.46,26.49,prod_2026
166191,YPF.Nq.LajE-11(h),2026-08,YPF S.A.,LA ANGOSTURA SUR I,VACA MUERTA,Extracción Efectiva,Petrolífero,Gas Lift,EXPLOTACION,6374.0,,,346.88,88.16,268.27,8.52,prod_2026
166192,YPF.Nq.LajE-12(h),2026-08,YPF S.A.,LA ANGOSTURA SUR I,VACA MUERTA,Extracción Efectiva,Petrolífero,Gas Lift,EXPLOTACION,6487.0,,,411.01,59.09,63.91,28.01,prod_2026
166193,YPF.Nq.LajE-14(h),2026-08,YPF S.A.,LA ANGOSTURA SUR I,VACA MUERTA,Extracción Efectiva,Petrolífero,Surgencia Natural,EXPLOTACION,5576.0,,,2129.98,769.51,57.73,30.16,prod_2026
166194,YPF.Nq.LajE-15(h),2026-08,YPF S.A.,LA ANGOSTURA SUR I,VACA MUERTA,Extracción Efectiva,Petrolífero,Surgencia Natural,EXPLOTACION,6836.0,,,1024.47,140.64,492.39,30.71,prod_2026
166195,YPF.Nq.LajE-16(h),2026-08,YPF S.A.,LA ANGOSTURA SUR I,VACA MUERTA,Extracción Efectiva,Petrolífero,Surgencia Natural,EXPLOTACION,6878.0,,,1218.31,184.04,636.73,30.83,prod_2026
166196,YPF.Nq.LajE-17(h),2026-08,YPF S.A.,LA ANGOSTURA SUR I,VACA MUERTA,Extracción Efectiva,Petrolífero,Surgencia Natural,EXPLOTACION,5423.0,,,2344.86,1090.42,93.61,30.85,prod_2026
166197,YPF.Nq.LajE-2(h),2026-08,YPF S.A.,LA ANGOSTURA SUR I,VACA MUERTA,Extracción Efectiva,Petrolífero,Gas Lift,EXPLOTACION,6780.0,,,1296.45,695.45,48.28,22.92,prod_2026
166198,YPF.Nq.LajE-4(h),2026-08,YPF S.A.,LA ANGOSTURA SUR I,VACA MUERTA,Extracción Efectiva,Petrolífero,Gas Lift,EXPLOTACION,6506.0,,,1149.8,598.15,10.47,28.01,prod_2026
166199,YPF.Nq.LajE-5(h),2026-08,YPF S.A.,LA ANGOSTURA SUR I,VACA MUERTA,Extracción Efectiva,Petrolífero,Surgencia Natural,EXPLOTACION,6548.0,,,3731.63,1381.45,59.97,30.73,prod_2026
166201,YPF.Nq.SOil-455(h),2026-08,YPF S.A.,LOMA CAMPANA,VACA MUERTA,Extracción Efectiva,Petrolífero,Surgencia Natural,EXPLOTACION,6862.0,,,2892.48,212.56,54.19,31.0,prod_2026
166202,YPF.Nq.SOil-456(h),2026-08,YPF S.A.,LOMA CAMPANA,VACA MUERTA,Extracción Efectiva,Petrolífero,Surgencia Natural,EXPLOTACION,7470.0,,,3341.51,307.0,56.55,31.0,prod_2026
166203,YPF.Nq.SOil-457(h),2026-08,YPF S.A.,LOMA CAMPANA,VACA MUERTA,Extracción Efectiva,Petrolífero,Surgencia Natural,EXPLOTACION,7140.0,,,3485.96,283.05,126.85,30.98,prod_2026
166204,YPF.Nq.SOil-458(h),2026-08,YPF S.A.,LOMA CAMPANA,VACA MUERTA,Extracción Efectiva,Petrolífero,Surgencia Natural,EXPLOTACION,6145.0,,,2895.29,236.02,232.37,31.0,prod_2026
166205,YPF.Nq.SOil-459(h),2026-08,YPF S.A.,LOMA CAMPANA,VACA MUERTA,Extracción Efectiva,Petrolífero,Surgencia Natural,EXPLOTACION,6938.0,,,3012.98,238.97,81.29,31.0,prod_2026
166206,YPF.Nq.SOil-460(h),2026-08,YPF S.A.,LOMA CAMPANA,VACA MUERTA,Extracción Efectiva,Petrolífero,Bombeo Mecánico,EXPLOTACION,6433.0,,,2293.24,194.12,59.11,30.82,prod_2026
166209,PAE.Nq.ACa-206(h),2026-08,PAN AMERICAN ENERGY SL,AGUADA CÁNEPA,VACA MUERTA,Extracción Efectiva,Petrolífero,Surgencia Natural,EXPLOTACION,0.0,,,1381.138,71.47035,35.437,30.93403,prod_2026
166210,PAE.Nq.ACa-205(h),2026-08,PAN AMERICAN ENERGY SL,AGUADA CÁNEPA,VACA MUERTA,Extracción Efectiva,Petrolífero,Surgencia Natural,EXPLOTACION,0.0,,,2026.96,97.8362,135.2353,31.0,prod_2026
166211,PAE.Nq.ACa-204(h),2026-08,PAN AMERICAN ENERGY SL,AGUADA CÁNEPA,VACA MUERTA,Extracción Efectiva,Petrolífero,Surgencia Natural,EXPLOTACION,0.0,,,2709.046,197.018,226.748,31.0,prod_2026
166213,PET.Nq.Mmo-2091(h),2026-08,PHOENIX GLOBAL RESOURCES S.A.,MATA MORA NORTE,VACA MUERTA,En Inyección Efectiva,Sumidero,Sin Sistema de Extracción,EXPLOTACION,3129.0,,,0.0,0.0,0.0,0.0,prod_2026
166214,PET.Nq.Mmo-2092(h),2026-08,PHOENIX GLOBAL RESOURCES S.A.,MATA MORA NORTE,VACA MUERTA,Extracción Efectiva,Petrolífero,Bombeo Hidráulico,EXPLOTACION,6625.0,,,528.9242,60.77388,1227.045,22.01389,prod_2026
166215,PET.Nq.Mmo-2093(h),2026-08,PHOENIX GLOBAL RESOURCES S.A.,MATA MORA NORTE,VACA MUERTA,Extracción Efectiva,Petrolífero,Bombeo Hidráulico,EXPLOTACION,6605.0,,,142.3754,29.76384,2371.865,11.06597,prod_2026
166216,PET.Nq.Mmo-2094(h),2026-08,PHOENIX GLOBAL RESOURCES S.A.,MATA MORA NORTE,VACA MUERTA,Extracción Efectiva,Petrolífero,Bombeo Mecánico,EXPLOTACION,6630.0,,,198.4627,25.10246,2751.206,10.27083,prod_2026
166217,VIS.Nq.BPO-2701(h),2026-08,VISTA ENERGY ARGENTINA SAU,BAJADA DEL PALO OESTE,VACA MUERTA,Extracción Efectiva,Petrolífero,Gas Lift,EXPLOTACION,6344.0,,,1062.906,124.812,574.064,26.708,prod_2026
166218,VIS.Nq.BPO-2702(h),2026-08,VISTA ENERGY ARGENTINA SAU,BAJADA DEL PALO OESTE,VACA MUERTA,Extracción Efectiva,Petrolífero,Gas Lift,EXPLOTACION,6031.0,,,1189.444,88.01,1460.919,30.932,prod_2026
166219,VIS.Nq.BPO-2703(h),2026-08,VISTA ENERGY ARGENTINA SAU,BAJADA DEL PALO OESTE,VACA MUERTA,Extracción Efectiva,Petrolífero,Gas Lift,EXPLOTACION,5900.0,,,212.06,18.003,566.468,13.301,prod_2026
166220,VIS.Nq.BPO-2704(h),2026-08,VISTA ENERGY ARGENTINA SAU,BAJADA DEL PALO OESTE,VACA MUERTA,Extracción Efectiva,Petrolífero,Gas Lift,EXPLOTACION,6325.0,,,124.109,7.814,933.089,15.0,prod_2026
166221,PLU.Nq.LCa-3067(h),2026-08,PLUSPETROL S.A.,LA CALERA,VACA MUERTA,Extracción Efectiva,Gasífero,Surgencia Natural,EXPLOTACION,5910.0,,,1500.352,1309.618,299.326,30.67708,prod_2026
166222,VIS.Nq.BPO-2571(h),2026-08,VISTA ENERGY ARGENTINA SAU,BAJADA DEL PALO OESTE,VACA MUERTA,Extracción Efectiva,Petrolífero,Gas Lift,EXPLOTACION,5935.0,,,1156.06,69.208,41.374,30.915,prod_2026
166223,VIS.Nq.BPO-2572(h),2026-08,VISTA ENERGY ARGENTINA SAU,BAJADA DEL PALO OESTE,VACA MUERTA,Extracción Efectiva,Petrolífero,Gas Lift,EXPLOTACION,6031.0,,,1050.609,85.243,36.233,30.924,prod_2026
166224,VIS.Nq.BPO-2573(h),2026-08,VISTA ENERGY ARGENTINA SAU,BAJADA DEL PALO OESTE,VACA MUERTA,Extracción Efectiva,Petrolífero,Gas Lift,EXPLOTACION,6085.0,,,1314.701,101.698,26.725,30.92,prod_2026
166225,VIS.Nq.BPO-2574(h),2026-08,VISTA ENERGY ARGENTINA SAU,BAJADA DEL PALO OESTE,VACA MUERTA,Extracción Efectiva,Petrolífero,Gas Lift,EXPLOTACION,6038.0,,,888.791,71.73,63.639,30.777,prod_2026
166230,CHA.Nq.ETE-2401(h),2026-08,CHEVRON ARGENTINA S.R.L.,EL TRAPIAL ESTE,VACA MUERTA,Extracción Efectiva,Petrolífero,Surgencia Natural,EXPLOTACION,6504.0,,,1517.6,831.15378,423.51,30.271,prod_2026
166231,CHA.Nq.ETE-2402(h),2026-08,CHEVRON ARGENTINA S.R.L.,EL TRAPIAL ESTE,VACA MUERTA,Extracción Efectiva,Petrolífero,Surgencia Natural,EXPLOTACION,6500.0,,,1032.8,520.51009,672.66,14.167,prod_2026
166232,CHA.Nq.ETE-2403(h),2026-08,CHEVRON ARGENTINA S.R.L.,EL TRAPIAL ESTE,VACA MUERTA,Extracción Efectiva,Petrolífero,Surgencia Natural,EXPLOTACION,5374.0,,,990.3,759.87971,161.35,29.271,prod_2026
166233,CHA.Nq.ETE-2404(h),2026-08,CHEVRON ARGENTINA S.R.L.,EL TRAPIAL ESTE,VACA MUERTA,Extracción Efectiva,Petrolífero,Surgencia Natural,EXPLOTACION,6600.0,,,3456.54,1340.9751,2299.99,29.813,prod_2026
166242,YPF.Nq.LACh-591(h),2026-08,YPF S.A.,LA AMARGA CHICA,VACA MUERTA,Extracción Efectiva,Petrolífero,Surgencia Natural,EXPLOTACION,5464.0,,,411.95,37.46,157.3,13.52,prod_2026
166243,YPF.Nq.LACh-592(h),2026-08,YPF S.A.,LA AMARGA CHICA,VACA MUERTA,Extracción Efectiva,Petrolífero,Bombeo Mecánico,EXPLOTACION,5582.0,,,533.15,55.91,498.72,21.63,prod_2026
166244,YPF.Nq.LACh-593(h),2026-08,YPF S.A.,LA AMARGA CHICA,VACA MUERTA,Extracción Efectiva,Petrolífero,Surgencia Natural,EXPLOTACION,5700.0,,,751.36,83.87,426.64,31.0,prod_2026
166245,YPF.Nq.LACh-594(h),2026-08,YPF S.A.,LA AMARGA CHICA,VACA MUERTA,Extracción Efectiva,Petrolífero,Surgencia Natural,EXPLOTACION,5795.0,,,513.3,61.57,83.79,22.85,prod_2026
166246,YPF.Nq.LACh-595(h),2026-08,YPF S.A.,LA AMARGA CHICA,VACA MUERTA,Extracción Efectiva,Petrolífero,Surgencia Natural,EXPLOTACION,5880.0,,,1038.85,125.34,183.15,31.0,prod_2026
166247,YPF.Nq.LACh-596(h),2026-08,YPF S.A.,LA AMARGA CHICA,VACA MUERTA,Extracción Efectiva,Petrolífero,Surgencia Natural,EXPLOTACION,6052.0,,,1149.5,128.92,420.35,31.0,prod_2026
166248,YPF.Nq.LCav-195(h),2026-08,YPF S.A.,BANDURRIA SUR,VACA MUERTA,Extracción Efectiva,Petrolífero,Surgencia Natural,EXPLOTACION,5818.0,,,1423.36,273.26,820.22,29.46,prod_2026
166249,YPF.Nq.LCav-196(h),2026-08,YPF S.A.,BANDURRIA SUR,VACA MUERTA,Extracción Efectiva,Petrolífero,Surgencia Natural,EXPLOTACION,5603.0,,,1592.93,373.43,150.34,29.71,prod_2026
166250,YPF.Nq.LCav-197(h),2026-08,YPF S.A.,BANDURRIA SUR,VACA MUERTA,Extracción Efectiva,Petrolífero,Surgencia Natural,EXPLOTACION,5281.0,,,780.73,118.75,248.47,22.67,prod_2026
166251,YPF.Nq.LCav-198(h),2026-08,YPF S.A.,BANDURRIA SUR,VACA MUERTA,Extracción Efectiva,Petrolífero,Surgencia Natural,EXPLOTACION,5150.0,,,799.03,138.22,115.72,16.06,prod_2026
166252,YPF.Nq.LLL-1989(h),2026-08,YPF S.A.,LOMA CAMPANA-LLL,VACA MUERTA,Extracción Efectiva,Petrolífero,Surgencia Natural,EXPLOTACION,6786.0,,,1715.64,206.11,318.86,31.0,prod_2026
166253,YPF.Nq.LLL-1990(h),2026-08,YPF S.A.,LOMA CAMPANA-LLL,VACA MUERTA,Extracción Efectiva,Petrolífero,Surgencia Natural,EXPLOTACION,6448.0,,,1604.14,195.21,30.69,30.96,prod_2026
166254,YPF.Nq.LLL-1991(h),2026-08,YPF S.A.,LOMA CAMPANA-LLL,VACA MUERTA,Extracción Efectiva,Petrolífero,Surgencia Natural,EXPLOTACION,6179.0,,,1797.8,201.34,53.71,31.0,prod_2026
166255,YPF.Nq.LLL-1992(h),2026-08,YPF S.A.,LOMA CAMPANA-LLL,VACA MUERTA,Extracción Efectiva,Petrolífero,Surgencia Natural,EXPLOTACION,5986.0,,,218.43,28.96,17.11,28.48,prod_2026
166256,YPF.Nq.LajE-3(h),2026-08,YPF S.A.,LA ANGOSTURA SUR I,VACA MUERTA,Extracción Efectiva,Petrolífero,Surgencia Natural,EXPLOTACION,6290.0,,,978.18,170.24,60.83,30.74,prod_2026
166257,TPT.Nq.PPar-266(h),2026-08,TECPETROL S.A.,PUESTO PARADA NC,VACA MUERTA,Extracción Efectiva,Petrolífero,Electrosumergible,EXPLOTACION,5700.0,,,3180.559,274.8352,51.05528,29.13194,prod_2026
166258,TPT.Nq.FP-1385(h),2026-08,TECPETROL S.A.,FORTIN DE PIEDRA,VACA MUERTA,Extracción Efectiva,Gasífero,Surgencia Natural,EXPLOTACION,5111.0,,,300.5902,3364.92,573.9459,30.68194,prod_2026
166263,TPT.Nq.FP-1386(h),2026-08,TECPETROL S.A.,FORTIN DE PIEDRA,VACA MUERTA,Extracción Efectiva,Gasífero,Surgencia Natural,EXPLOTACION,5095.0,,,450.5261,3692.585,588.32,30.68194,prod_2026
166264,TPT.Nq.FP-1387(h),2026-08,TECPETROL S.A.,FORTIN DE PIEDRA,VACA MUERTA,Extracción Efectiva,Gasífero,Surgencia Natural,EXPLOTACION,5266.5,,,342.4162,3874.634,509.8418,30.70972,prod_2026
166265,TPT.Nq.FP-1388(h),2026-08,TECPETROL S.A.,FORTIN DE PIEDRA,VACA MUERTA,Extracción Efectiva,Gasífero,Surgencia Natural,EXPLOTACION,5144.0,,,255.395,2052.196,136.9731,30.78472,prod_2026
166266,TPT.Nq.PPar-265(h),2026-08,TECPETROL S.A.,PUESTO PARADA NC,VACA MUERTA,Extracción Efectiva,Petrolífero,Surgencia Natural,EXPLOTACION,5871.0,,,58.4957,5.16853,0.0,31.0,prod_2026
166267,TPT.Nq.PPar-269(h),2026-08,TECPETROL S.A.,PUESTO PARADA NC,VACA MUERTA,Extracción Efectiva,Petrolífero,Bombeo Mecánico,EXPLOTACION,5910.0,,,535.9097,47.09069,0.0,31.0,prod_2026
166268,TPT.Nq.PPar-270(h),2026-08,TECPETROL S.A.,PUESTO PARADA NC,VACA MUERTA,Extracción Efectiva,Petrolífero,Surgencia Natural,EXPLOTACION,1136.0,,,74.75559,6.609275,0.0,31.0,prod_2026
166269,TAU.Nq.AP-1092(h),2026-08,TOTAL AUSTRAL S.A.,AGUADA PICHANA ESTE VACA MUERTA,VACA MUERTA,Extracción Efectiva,Gasífero,Surgencia Natural,EXPLOTACION,6028.0,,,313.3706,6930.627,962.2223,27.85764,prod_2026
166270,PLU.Nq.LCa-3365(h),2026-08,PLUSPETROL S.A.,LA CALERA,VACA MUERTA,Extracción Efectiva,Gasífero,Surgencia Natural,EXPLOTACION,2855.0,,,1463.253,8295.176,1655.887,30.20833,prod_2026
166271,TAU.Nq.AP-1093(h),2026-08,TOTAL AUSTRAL S.A.,AGUADA PICHANA ESTE VACA MUERTA,VACA MUERTA,Extracción Efectiva,Gasífero,Surgencia Natural,EXPLOTACION,6038.0,,,349.2548,7781.623,1091.15,27.10764,prod_2026
166272,TAU.Nq.AP-1094(h),2026-08,TOTAL AUSTRAL S.A.,AGUADA PICHANA ESTE VACA MUERTA,VACA MUERTA,Extracción Efectiva,Gasífero,Surgencia Natural,EXPLOTACION,6107.66,,,212.7214,4703.733,2108.598,27.63333,prod_2026
166273,PAE.Nq.ACa-326(h),2026-08,PAN AMERICAN ENERGY SL,AGUADA CÁNEPA,VACA MUERTA,Extracción Efectiva,Petrolífero,Bombeo Mecánico,EXPLOTACION,0.0,,,1142.026,53.29614,12.72749,31.0,prod_2026
166284,PAE.Nq.ACa-328(h),2026-08,PAN AMERICAN ENERGY SL,AGUADA CÁNEPA,VACA MUERTA,Extracción Efectiva,Petrolífero,Bombeo Mecánico,EXPLOTACION,0.0,,,2201.083,108.3372,19.53068,30.72917,prod_2026
166288,PAE.Nq.ACa-327(h),2026-08,PAN AMERICAN ENERGY SL,AGUADA CÁNEPA,VACA MUERTA,Extracción Efectiva,Petrolífero,Bombeo Mecánico,EXPLOTACION,0.0,,,1158.848,55.32033,11.43149,31.0,prod_2026
166299,TPT.Nq.FP-1391(h),2026-08,TECPETROL S.A.,FORTIN DE PIEDRA,VACA MUERTA,Extracción Efectiva,Gasífero,Surgencia Natural,EXPLOTACION,5247.0,,,518.1782,3450.371,427.0963,30.62778,prod_2026
166300,TPT.Nq.FP-1392(h),2026-08,TECPETROL S.A.,FORTIN DE PIEDRA,VACA MUERTA,Extracción Efectiva,Gasífero,Surgencia Natural,EXPLOTACION,5107.0,,,298.4626,2295.391,1398.03,30.72639,prod_2026
166301,TPT.Nq.FP-1393(h),2026-08,TECPETROL S.A.,FORTIN DE PIEDRA,VACA MUERTA,Extracción Efectiva,Gasífero,Surgencia Natural,EXPLOTACION,5145.0,,,297.6989,2493.313,1243.978,30.72639,prod_2026
166302,TPT.Nq.FP-1394(h),2026-08,TECPETROL S.A.,FORTIN DE PIEDRA,VACA MUERTA,Extracción Efectiva,Gasífero,Surgencia Natural,EXPLOTACION,5251.0,,,446.1592,3716.648,648.8224,30.60972,prod_2026
166303,PAM.Nq.RdA.x-2009(h),2026-08,PAMPA ENERGIA S.A.,RINCON DE ARANDA,VACA MUERTA,Extracción Efectiva,Petrolífero,Surgencia Natural,EXPLOTACION,5349.0,,,689.284,94.47827,5264.359,31.0,prod_2026
166304,PAM.Nq.RdA-2008(h),2026-08,PAMPA ENERGIA S.A.,RINCON DE ARANDA,VACA MUERTA,Extracción Efectiva,Petrolífero,Surgencia Natural,EXPLOTACION,5430.0,,,1090.132,133.5082,9886.571,31.0,prod_2026
166305,PAM.Nq.RdA-2010(h),2026-08,PAMPA ENERGIA S.A.,RINCON DE ARANDA,VACA MUERTA,Extracción Efectiva,Petrolífero,Surgencia Natural,EXPLOTACION,5405.0,,,1001.938,125.0508,2572.531,31.0,prod_2026
166306,PAM.Nq.RdA-2011(h),2026-08,PAMPA ENERGIA S.A.,RINCON DE ARANDA,VACA MUERTA,Extracción Efectiva,Petrolífero,Surgencia Natural,EXPLOTACION,5343.0,,,2207.518,253.3972,1935.568,31.0,prod_2026
166307,PLU.Nq.LCa-3366(h),2026-08,PLUSPETROL S.A.,LA CALERA,VACA MUERTA,Extracción Efectiva,Gasífero,Surgencia Natural,EXPLOTACION,6643.0,,,1398.901,6942.613,1141.13,30.35417,prod_2026
166314,YPF.Nq.LACh-476(h),2026-08,YPF S.A.,LA AMARGA CHICA,VACA MUERTA,Extracción Efectiva,Petrolífero,Surgencia Natural,EXPLOTACION,6566.0,,,127.88,36.47,3171.12,27.77,prod_2026
166315,YPF.Nq.LACh-477(h),2026-08,YPF S.A.,LA AMARGA CHICA,VACA MUERTA,Extracción Efectiva,Petrolífero,Surgencia Natural,EXPLOTACION,6683.0,,,2477.61,300.34,335.46,30.54,prod_2026
166316,YPF.Nq.LACh-478(h),2026-08,YPF S.A.,LA AMARGA CHICA,VACA MUERTA,Extracción Efectiva,Petrolífero,Surgencia Natural,EXPLOTACION,6398.0,,,2590.15,257.51,825.14,30.9,prod_2026
166317,YPF.Nq.LACh-479(h),2026-08,YPF S.A.,LA AMARGA CHICA,VACA MUERTA,Extracción Efectiva,Petrolífero,Surgencia Natural,EXPLOTACION,6474.0,,,3715.02,350.28,1123.11,22.46,prod_2026
166319,YPF.Nq.LCav-224(h),2026-08,YPF S.A.,BANDURRIA SUR,VACA MUERTA,Extracción Efectiva,Petrolífero,Surgencia Natural,EXPLOTACION,6056.0,,,2332.05,446.51,663.81,30.17,prod_2026
166320,YPF.Nq.LCav-225(h)(I),2026-08,YPF S.A.,BANDURRIA SUR,VACA MUERTA,Extracción Efectiva,Petrolífero,Surgencia Natural,EXPLOTACION,6152.0,,,1706.12,299.79,515.43,29.57,prod_2026
166321,YPF.Nq.LCav-226(h),2026-08,YPF S.A.,BANDURRIA SUR,VACA MUERTA,Extracción Efectiva,Petrolífero,Surgencia Natural,EXPLOTACION,5938.0,,,1210.68,217.37,627.67,27.17,prod_2026
166322,YPF.Nq.LCav-848(h),2026-08,YPF S.A.,BANDURRIA SUR,VACA MUERTA,Extracción Efectiva,Petrolífero,Surgencia Natural,EXPLOTACION,6035.0,,,724.24,118.69,205.11,18.75,prod_2026
166323,YPF.Nq.LCav-849(h),2026-08,YPF S.A.,BANDURRIA SUR,VACA MUERTA,Extracción Efectiva,Petrolífero,Surgencia Natural,EXPLOTACION,6075.0,,,1468.33,268.05,786.0,29.72,prod_2026
166324,YPF.Nq.LCav-850(h)(I),2026-08,YPF S.A.,BANDURRIA SUR,VACA MUERTA,Extracción Efectiva,Petrolífero,Surgencia Natural,EXPLOTACION,6167.0,,,1700.88,245.98,326.15,20.97,prod_2026
166325,YPF.Nq.LLL-1909(h),2026-08,YPF S.A.,LOMA CAMPANA-LLL,VACA MUERTA,En Espera de Reparación,Otro tipo,Surgencia Natural,EXPLOTACION,5690.0,,,0.0,0.0,0.0,0.0,prod_2026
166326,YPF.Nq.LLL-1910(h),2026-08,YPF S.A.,LOMA CAMPANA-LLL,VACA MUERTA,Extracción Efectiva,Petrolífero,Surgencia Natural,EXPLOTACION,5636.0,,,1786.23,161.69,622.13,31.0,prod_2026
166328,VIS.Nq.BPO-2221(h),2026-08,VISTA ENERGY ARGENTINA SAU,BAJADA DEL PALO OESTE,VACA MUERTA,Extracción Efectiva,Petrolífero,Gas Lift,EXPLOTACION,5855.0,,,1276.882,251.89,146.361,30.489,prod_2026
166329,VIS.Nq.BPO-2222(h),2026-08,VISTA ENERGY ARGENTINA SAU,BAJADA DEL PALO OESTE,VACA MUERTA,Extracción Efectiva,Petrolífero,Gas Lift,EXPLOTACION,6033.0,,,1626.925,207.079,164.778,30.704,prod_2026
166330,VIS.Nq.BPO-2223(h),2026-08,VISTA ENERGY ARGENTINA SAU,BAJADA DEL PALO OESTE,VACA MUERTA,Extracción Efectiva,Petrolífero,Gas Lift,EXPLOTACION,5881.0,,,1593.073,317.415,244.023,30.747,prod_2026
166331,VIS.Nq.BPO-2224(h),2026-08,VISTA ENERGY ARGENTINA SAU,BAJADA DEL PALO OESTE,VACA MUERTA,Extracción Efectiva,Petrolífero,Gas Lift,EXPLOTACION,6022.0,,,2124.677,290.734,259.878,30.538,prod_2026
166336,PLU.Nq.LEN-1003,2026-08,OILSTONE ENERGIA S.A.,LA ESPERANZA,VACA MUERTA,Extracción Efectiva,Petrolífero,Bombeo Mecánico,EXPLOTACION,1200.0,,,18.11355,0.0,3.103253,31.0,prod_2026
166337,Pp.Nq.NA-1001,2026-08,OILSTONE ENERGIA S.A.,CHALLACO,VACA MUERTA,En Estudio,Petrolífero,Bombeo Mecánico,EXPLOTACION,1210.0,,,0.0,0.0,0.0,0.0,prod_2026
166338,YPF.Nq.LE.a-4,2026-08,OILSTONE ENERGIA S.A.,LA ESPERANZA,VACA MUERTA,Extracción Efectiva,Petrolífero,Bombeo Mecánico,EXPLOTACION,1182.0,,,12.0757,0.0,3.103253,31.0,prod_2026
166364,SHE.Nq.AM.e-6(h),2026-08,VISTA ENERGY ARGENTINA SAU,AGUILA MORA,VACA MUERTA,Otras Situación Inactivo,Petrolífero,Sin Sistema de Extracción,EXPLORACION,4450.0,,,0.0,0.0,0.0,0.0,prod_2026
166365,PLU.Nq.LCa-3215(h),2026-08,PLUSPETROL S.A.,LA CALERA,VACA MUERTA,Extracción Efectiva,Gasífero,Surgencia Natural,EXPLOTACION,6164.0,,,1937.307,2491.73,1089.371,30.70833,prod_2026
166366,PLU.Nq.LCa-3367(h),2026-08,PLUSPETROL S.A.,LA CALERA,VACA MUERTA,Extracción Efectiva,Gasífero,Surgencia Natural,EXPLOTACION,6754.0,,,1993.994,9933.173,1730.84,30.32292,prod_2026
166380,PLU.Nq.LCa-3216(h),2026-08,PLUSPETROL S.A.,LA CALERA,VACA MUERTA,Extracción Efectiva,Gasífero,Surgencia Natural,EXPLOTACION,6237.0,,,1433.973,2219.5,818.347,28.79167,prod_2026
166381,TAU.Nq.AP-1096(h),2026-08,TOTAL AUSTRAL S.A.,AGUADA PICHANA ESTE VACA MUERTA,VACA MUERTA,Extracción Efectiva,Gasífero,Surgencia Natural,EXPLOTACION,6178.0,,,320.9122,6351.222,638.1755,30.8125,prod_2026
166382,TAU.Nq.AP-1097(h),2026-08,TOTAL AUSTRAL S.A.,AGUADA PICHANA ESTE VACA MUERTA,VACA MUERTA,Extracción Efectiva,Gasífero,Surgencia Natural,EXPLOTACION,6084.0,,,271.0262,5373.176,920.6357,30.81944,prod_2026
166383,TAU.Nq.AP-1098(h),2026-08,TOTAL AUSTRAL S.A.,AGUADA PICHANA ESTE VACA MUERTA,VACA MUERTA,Extracción Efectiva,Gasífero,Surgencia Natural,EXPLOTACION,6067.0,,,292.3532,5791.973,988.9913,30.81944,prod_2026
166384,VIS.Nq.BPE-2051(h),2026-08,VISTA ENERGY ARGENTINA SAU,BAJADA DEL PALO ESTE,VACA MUERTA,Extracción Efectiva,Petrolífero,Gas Lift,EXPLOTACION,4662.0,,,2922.171,85.208,82.735,30.178,prod_2026
166385,VIS.Nq.BPE-2052(h),2026-08,VISTA ENERGY ARGENTINA SAU,BAJADA DEL PALO ESTE,VACA MUERTA,Extracción Efectiva,Petrolífero,Gas Lift,EXPLOTACION,5117.0,,,1867.138,54.575,164.493,30.317,prod_2026
166386,VIS.Nq.BPE-2053(h),2026-08,VISTA ENERGY ARGENTINA SAU,BAJADA DEL PALO ESTE,VACA MUERTA,Extracción Efectiva,Petrolífero,Gas Lift,EXPLOTACION,4619.0,,,1144.759,69.335,36.82,30.19,prod_2026
166387,VIS.Nq.BPE-2054(h),2026-08,VISTA ENERGY ARGENTINA SAU,BAJADA DEL PALO ESTE,VACA MUERTA,Extracción Efectiva,Petrolífero,Gas Lift,EXPLOTACION,5224.0,,,2157.365,63.233,62.217,30.213,prod_2026
166389,PLU.Nq.LCa-3368(h),2026-08,PLUSPETROL S.A.,LA CALERA,VACA MUERTA,Extracción Efectiva,Gasífero,Surgencia Natural,EXPLOTACION,6695.0,,,2158.939,9684.428,1972.283,30.21875,prod_2026
166393,TPT.Nq.FP-1471(h),2026-08,TECPETROL S.A.,FORTIN DE PIEDRA,VACA MUERTA,Extracción Efectiva,Gasífero,Surgencia Natural,EXPLOTACION,5553.0,,,971.3449,4717.565,770.5698,30.80417,prod_2026
166394,TPT.Nq.FP-1472(h),2026-08,TECPETROL S.A.,FORTIN DE PIEDRA,VACA MUERTA,Extracción Efectiva,Gasífero,Surgencia Natural,EXPLOTACION,5634.0,,,709.4479,4747.218,2343.229,31.0,prod_2026
166395,TPT.Nq.FP-1473(h),2026-08,TECPETROL S.A.,FORTIN DE PIEDRA,VACA MUERTA,Extracción Efectiva,Gasífero,Surgencia Natural,EXPLOTACION,5548.0,,,676.3443,3301.003,2270.26,29.95139,prod_2026
166396,TPT.Nq.FP-1474(h),2026-08,TECPETROL S.A.,FORTIN DE PIEDRA,VACA MUERTA,Extracción Efectiva,Gasífero,Surgencia Natural,EXPLOTACION,5701.0,,,825.7408,6102.533,2085.201,31.0,prod_2026
166436,YPF.Nq.AdCh-1043(h),2026-08,YPF S.A.,LOMA COLORADA,VACA MUERTA,Extracción Efectiva,Petrolífero,Surgencia Natural,EXPLOTACION,6418.0,,,1645.58,104.44,979.47,31.0,prod_2026
166437,YPF.Nq.AdCh-1044(h),2026-08,YPF S.A.,LOMA COLORADA,VACA MUERTA,Extracción Efectiva,Petrolífero,Bombeo Mecánico,EXPLOTACION,6143.0,,,339.8,40.25,207.62,29.75,prod_2026
166438,YPF.Nq.AdCh-1045(h),2026-08,YPF S.A.,LOMA COLORADA,VACA MUERTA,Extracción Efectiva,Petrolífero,Surgencia Natural,EXPLOTACION,6029.0,,,2210.75,165.73,1441.99,31.0,prod_2026
166439,YPF.Nq.AdCh-1046(h),2026-08,YPF S.A.,LOMA COLORADA,VACA MUERTA,Extracción Efectiva,Petrolífero,Bombeo Mecánico,EXPLOTACION,5782.0,,,727.1,67.1,53.96,29.79,prod_2026
166440,YPF.Nq.AdCh-1047(h),2026-08,YPF S.A.,LOMA COLORADA,VACA MUERTA,Extracción Efectiva,Petrolífero,Surgencia Natural,EXPLOTACION,5655.0,,,2541.78,135.52,2808.33,31.0,prod_2026
166441,YPF.Nq.AdCh-1048(h),2026-08,YPF S.A.,LOMA COLORADA,VACA MUERTA,Extracción Efectiva,Petrolífero,Surgencia Natural,EXPLOTACION,5454.0,,,962.74,136.18,38.03,30.1,prod_2026
166442,YPF.Nq.LACh-328(h),2026-08,YPF S.A.,LA AMARGA CHICA,VACA MUERTA,Extracción Efectiva,Petrolífero,Surgencia Natural,EXPLOTACION,4875.0,,,1516.51,188.78,183.97,30.56,prod_2026
166443,YPF.Nq.LACh-329(h),2026-08,YPF S.A.,LA AMARGA CHICA,VACA MUERTA,Extracción Efectiva,Petrolífero,Surgencia Natural,EXPLOTACION,5089.0,,,787.15,85.7,237.61,30.56,prod_2026
166444,YPF.Nq.LACh-330(h),2026-08,YPF S.A.,LA AMARGA CHICA,VACA MUERTA,Extracción Efectiva,Petrolífero,Bombeo Mecánico,EXPLOTACION,4924.0,,,866.91,88.53,359.69,29.52,prod_2026
166445,YPF.Nq.LACh-331(h),2026-08,YPF S.A.,LA AMARGA CHICA,VACA MUERTA,Extracción Efectiva,Petrolífero,Surgencia Natural,EXPLOTACION,4839.0,,,1425.23,172.57,817.0,30.56,prod_2026
166446,YPF.Nq.LACh-332(h),2026-08,YPF S.A.,LA AMARGA CHICA,VACA MUERTA,Extracción Efectiva,Petrolífero,Bombeo Mecánico,EXPLOTACION,4911.0,,,692.48,80.19,142.54,30.29,prod_2026
166447,YPF.Nq.LACh-333(h),2026-08,YPF S.A.,LA AMARGA CHICA,VACA MUERTA,Extracción Efectiva,Petrolífero,Bombeo Mecánico,EXPLOTACION,5025.0,,,588.75,64.68,252.15,26.15,prod_2026
166448,YPF.Nq.LACh-416(h),2026-08,YPF S.A.,LA AMARGA CHICA,VACA MUERTA,Extracción Efectiva,Petrolífero,Surgencia Natural,EXPLOTACION,7774.0,,,2779.9,188.43,2382.66,31.0,prod_2026
166449,YPF.Nq.LACh-417(h),2026-08,YPF S.A.,LA AMARGA CHICA,VACA MUERTA,Extracción Efectiva,Petrolífero,Surgencia Natural,EXPLOTACION,7656.0,,,4646.68,327.95,1945.56,31.0,prod_2026
166450,YPF.Nq.LACh-418(h),2026-08,YPF S.A.,LA AMARGA CHICA,VACA MUERTA,Extracción Efectiva,Petrolífero,Surgencia Natural,EXPLOTACION,7459.0,,,1601.73,153.11,295.32,30.96,prod_2026
166451,YPF.Nq.LACh-419(h),2026-08,YPF S.A.,LA AMARGA CHICA,VACA MUERTA,Extracción Efectiva,Petrolífero,Surgencia Natural,EXPLOTACION,7381.0,,,1790.86,138.1,363.31,18.75,prod_2026
166452,YPF.Nq.LACh-530(h),2026-08,YPF S.A.,LA AMARGA CHICA,VACA MUERTA,Extracción Efectiva,Petrolífero,Surgencia Natural,EXPLOTACION,5745.0,,,1418.04,177.3,1449.1,29.27,prod_2026
166453,YPF.Nq.LACh-531(h),2026-08,YPF S.A.,LA AMARGA CHICA,VACA MUERTA,Extracción Efectiva,Petrolífero,Surgencia Natural,EXPLOTACION,6006.0,,,1494.43,164.34,1135.71,30.58,prod_2026
166454,YPF.Nq.LACh-532(h),2026-08,YPF S.A.,LA AMARGA CHICA,VACA MUERTA,Extracción Efectiva,Petrolífero,Surgencia Natural,EXPLOTACION,6324.0,,,1384.96,169.08,2198.95,30.67,prod_2026
166455,YPF.Nq.LACh-533(h),2026-08,YPF S.A.,LA AMARGA CHICA,VACA MUERTA,Extracción Efectiva,Petrolífero,Surgencia Natural,EXPLOTACION,6400.0,,,1875.18,210.69,701.57,30.38,prod_2026
166457,YPF.Nq.LajE-185(h),2026-08,YPF S.A.,LA ANGOSTURA SUR I,VACA MUERTA,Extracción Efectiva,Petrolífero,Surgencia Natural,EXPLOTACION,6358.0,,,1495.61,187.14,11.92,31.0,prod_2026
166458,YPF.Nq.LajE-186(h),2026-08,YPF S.A.,LA ANGOSTURA SUR I,VACA MUERTA,Extracción Efectiva,Petrolífero,Surgencia Natural,EXPLOTACION,5806.0,,,3762.06,883.94,193.1,30.88,prod_2026
166459,YPF.Nq.LajE-51(h),2026-08,YPF S.A.,LA ANGOSTURA SUR I,VACA MUERTA,Extracción Efectiva,Petrolífero,Surgencia Natural,EXPLOTACION,6369.0,,,700.57,94.37,13.22,29.9,prod_2026
166460,YPF.Nq.LajE-52(h),2026-08,YPF S.A.,LA ANGOSTURA SUR I,VACA MUERTA,Extracción Efectiva,Petrolífero,Surgencia Natural,EXPLOTACION,6380.0,,,1475.16,327.64,33.55,20.26,prod_2026
166461,YPF.Nq.LajE-53(h),2026-08,YPF S.A.,LA ANGOSTURA SUR I,VACA MUERTA,Extracción Efectiva,Petrolífero,Surgencia Natural,EXPLOTACION,6372.0,,,2395.44,302.99,17.43,31.0,prod_2026
166462,YPF.Nq.LajE-54(h),2026-08,YPF S.A.,LA ANGOSTURA SUR I,VACA MUERTA,Extracción Efectiva,Petrolífero,Surgencia Natural,EXPLOTACION,6446.0,,,2306.87,506.57,55.68,30.5,prod_2026
166476,PAE.Nq.APO-213(h),2026-08,PAN AMERICAN ENERGY SL,AGUADA PICHANA OESTE,VACA MUERTA,Extracción Efectiva,Gasífero,Surgencia Natural,EXPLOTACION,5865.0,,,0.0,14379.78,1807.3,30.94097,prod_2026
166477,PAE.Nq.APO-132(h),2026-08,PAN AMERICAN ENERGY SL,AGUADA PICHANA OESTE,VACA MUERTA,Extracción Efectiva,Gasífero,Surgencia Natural,EXPLOTACION,5928.0,,,0.0,4480.806,228.5586,30.95833,prod_2026
166479,PAE.Nq.APO-133(h),2026-08,PAN AMERICAN ENERGY SL,AGUADA PICHANA OESTE,VACA MUERTA,Extracción Efectiva,Gasífero,Surgencia Natural,EXPLOTACION,5893.0,,,0.0,9482.389,1044.777,30.95833,prod_2026
166486,PAE.Nq.APO-136(h),2026-08,PAN AMERICAN ENERGY SL,AGUADA PICHANA OESTE,VACA MUERTA,En Estudio,Gasífero,Surgencia Natural,EXPLOTACION,5899.0,,,0.0,0.0,0.0,0.0,prod_2026
166490,PAE.Nq.APO-212(h),2026-08,PAN AMERICAN ENERGY SL,AGUADA PICHANA OESTE,VACA MUERTA,Extracción Efectiva,Gasífero,Surgencia Natural,EXPLOTACION,6075.0,,,0.0,11178.41,1509.591,31.0,prod_2026
166493,PAE.Nq.APO-134(h),2026-08,PAN AMERICAN ENERGY SL,AGUADA PICHANA OESTE,VACA MUERTA,Extracción Efectiva,Gasífero,Surgencia Natural,EXPLOTACION,5929.0,,,0.0,8481.967,473.8893,30.95833,prod_2026
166495,PLU.Nq.LCa-3102(h),2026-08,PLUSPETROL S.A.,LA CALERA,VACA MUERTA,Extracción Efectiva,Gasífero,Surgencia Natural,EXPLOTACION,6514.0,,,2591.918,6182.799,1490.376,30.41667,prod_2026
166496,PLU.Nq.LCa-3217(h),2026-08,PLUSPETROL S.A.,LA CALERA,VACA MUERTA,Extracción Efectiva,Gasífero,Surgencia Natural,EXPLOTACION,6174.0,,,849.529,1930.533,551.607,30.70833,prod_2026
166497,VIS.Nq.BPO-2961(h),2026-08,VISTA ENERGY ARGENTINA SAU,BAJADA DEL PALO OESTE,VACA MUERTA,Extracción Efectiva,Petrolífero,Gas Lift,EXPLOTACION,5850.0,,,2057.662,170.515,717.781,30.922,prod_2026
166498,VIS.Nq.BPO-2962(h),2026-08,VISTA ENERGY ARGENTINA SAU,BAJADA DEL PALO OESTE,VACA MUERTA,Extracción Efectiva,Petrolífero,Gas Lift,EXPLOTACION,6390.0,,,2158.048,140.103,544.538,30.797,prod_2026
166499,VIS.Nq.BPO-2963(h),2026-08,VISTA ENERGY ARGENTINA SAU,BAJADA DEL PALO OESTE,VACA MUERTA,Extracción Efectiva,Petrolífero,Gas Lift,EXPLOTACION,6679.0,,,2486.61,217.325,650.115,30.922,prod_2026
166500,VIS.Nq.BPO-2964(h),2026-08,VISTA ENERGY ARGENTINA SAU,BAJADA DEL PALO OESTE,VACA MUERTA,Extracción Efectiva,Petrolífero,Gas Lift,EXPLOTACION,6703.0,,,3188.457,236.833,820.649,30.88,prod_2026
166501,PAM.Nq.RdA-2020(h),2026-08,PAMPA ENERGIA S.A.,RINCON DE ARANDA,VACA MUERTA,Extracción Efectiva,Petrolífero,Surgencia Natural,EXPLOTACION,5427.0,,,773.2878,58.03778,170.939,31.0,prod_2026
166502,PAM.Nq.RdA-2021(h),2026-08,PAMPA ENERGIA S.A.,RINCON DE ARANDA,VACA MUERTA,Extracción Efectiva,Petrolífero,Surgencia Natural,EXPLOTACION,5345.0,,,1480.297,126.2787,57.00021,31.0,prod_2026
166503,PAM.Nq.RdA-2022(h),2026-08,PAMPA ENERGIA S.A.,RINCON DE ARANDA,VACA MUERTA,Extracción Efectiva,Petrolífero,Surgencia Natural,EXPLOTACION,5360.0,,,803.8714,61.73343,153.8328,30.97917,prod_2026
166504,PAM.Nq.RdA-2023(h),2026-08,PAMPA ENERGIA S.A.,RINCON DE ARANDA,VACA MUERTA,Extracción Efectiva,Petrolífero,Surgencia Natural,EXPLOTACION,5330.0,,,1704.274,145.5373,650.0527,30.97917,prod_2026
166505,PLU.Nq.LCa-3106(h),2026-08,PLUSPETROL S.A.,LA CALERA,VACA MUERTA,Extracción Efectiva,Gasífero,Surgencia Natural,EXPLOTACION,3059.0,,,2413.26,5352.657,1457.658,30.35417,prod_2026
166522,PET.Nq.MMo-2121(h),2026-08,PHOENIX GLOBAL RESOURCES S.A.,MATA MORA NORTE,VACA MUERTA,Extracción Efectiva,Petrolífero,Surgencia Natural,EXPLOTACION,5920.0,,,1404.856,101.2095,122.4311,31.0,prod_2026
166523,PET.Nq.MMo-2122(h),2026-08,PHOENIX GLOBAL RESOURCES S.A.,MATA MORA NORTE,VACA MUERTA,Extracción Efectiva,Petrolífero,Surgencia Natural,EXPLOTACION,6454.0,,,1559.482,120.2575,102.5898,31.0,prod_2026
166524,PET.Nq.MMo-2123(h),2026-08,PHOENIX GLOBAL RESOURCES S.A.,MATA MORA NORTE,VACA MUERTA,Extracción Efectiva,Petrolífero,Surgencia Natural,EXPLOTACION,6318.0,,,1626.896,134.493,8.502349,31.0,prod_2026
166525,PET.Nq.MMo-2124(h),2026-08,PHOENIX GLOBAL RESOURCES S.A.,MATA MORA NORTE,VACA MUERTA,Extracción Efectiva,Petrolífero,Surgencia Natural,EXPLOTACION,6489.0,,,1608.635,112.0451,57.27904,31.0,prod_2026
166531,PAE.Nq.LA-424(h),2026-08,PAN AMERICAN ENERGY SL,LINDERO ATRAVESADO OCCIDENTAL,VACA MUERTA,Extracción Efectiva,Petrolífero,Surgencia Natural,EXPLOTACION,6719.0,,,2287.417,335.8237,118.5356,31.0,prod_2026
166534,PAE.Nq.LA-428(h),2026-08,PAN AMERICAN ENERGY SL,LINDERO ATRAVESADO OCCIDENTAL,VACA MUERTA,Extracción Efectiva,Petrolífero,Surgencia Natural,EXPLOTACION,6085.0,,,493.3303,74.21265,13.9292,16.52361,prod_2026
166538,APS.Nq.ADC-1060(h),2026-08,CAPEX S.A.,AGUA DEL CAJON,VACA MUERTA,Extracción Efectiva,Petrolífero,Surgencia Natural,EXPLOTACION,5530.0,,,1097.09,87.33,73.5,31.0,prod_2026
166539,APS.Nq.ADC-1061(h),2026-08,CAPEX S.A.,AGUA DEL CAJON,VACA MUERTA,Extracción Efectiva,Petrolífero,Gas Lift,EXPLOTACION,5631.0,,,728.41,51.9,40.2,31.0,prod_2026
166540,APS.Nq.ADC-1062(h),2026-08,CAPEX S.A.,AGUA DEL CAJON,VACA MUERTA,Extracción Efectiva,Petrolífero,Gas Lift,EXPLOTACION,5854.0,,,904.37,72.03,100.2,31.0,prod_2026
166541,APS.Nq.ADC-1063(h),2026-08,CAPEX S.A.,AGUA DEL CAJON,VACA MUERTA,Extracción Efectiva,Petrolífero,Surgencia Natural,EXPLOTACION,5905.0,,,1061.65,84.47,65.2,31.0,prod_2026
166545,YPF.Nq.ChG.x-1(h),2026-08,YPF S.A.,RIO NEUQUEN,VACA MUERTA,Extracción Efectiva,Petrolífero,Surgencia Natural,EXPLORACION,5072.0,,,1132.23,72.29,0.0,30.96,prod_2026
166546,YPF.Nq.ChG.x-2(h),2026-08,YPF S.A.,RIO NEUQUEN,VACA MUERTA,Extracción Efectiva,Petrolífero,Surgencia Natural,EXPLORACION,5096.0,,,1661.42,106.03,0.0,30.96,prod_2026
166549,YPF.Nq.LACh-113(h),2026-08,YPF S.A.,LA AMARGA CHICA,VACA MUERTA,Extracción Efectiva,Petrolífero,Gas Lift,EXPLOTACION,5732.0,,,2891.55,1040.62,856.62,30.81,prod_2026
166550,YPF.Nq.LACh-114(h),2026-08,YPF S.A.,LA AMARGA CHICA,VACA MUERTA,Parado Transitoriamente,Petrolífero,Gas Lift,EXPLOTACION,5627.0,,,0.0,0.0,0.0,0.0,prod_2026
166551,YPF.Nq.LACh-115(h),2026-08,YPF S.A.,LA AMARGA CHICA,VACA MUERTA,Extracción Efectiva,Petrolífero,Gas Lift,EXPLOTACION,5636.0,,,2556.02,710.12,876.07,30.94,prod_2026
166552,YPF.Nq.LACh-698(h),2026-08,YPF S.A.,LA AMARGA CHICA,VACA MUERTA,Extracción Efectiva,Petrolífero,Surgencia Natural,EXPLOTACION,6084.0,,,1099.38,99.88,206.82,30.65,prod_2026
166553,YPF.Nq.LACh-699(h),2026-08,YPF S.A.,LA AMARGA CHICA,VACA MUERTA,Extracción Efectiva,Petrolífero,Surgencia Natural,EXPLOTACION,6010.0,,,1126.47,124.97,1896.05,30.38,prod_2026
166554,YPF.Nq.LACh-700(h),2026-08,YPF S.A.,LA AMARGA CHICA,VACA MUERTA,Extracción Efectiva,Petrolífero,Surgencia Natural,EXPLOTACION,6046.0,,,987.41,103.36,94.03,14.67,prod_2026
166555,YPF.Nq.LACh-701(h),2026-08,YPF S.A.,LA AMARGA CHICA,VACA MUERTA,Extracción Efectiva,Petrolífero,Electrosumergible,EXPLOTACION,5995.0,,,1343.92,156.39,147.68,29.79,prod_2026
166556,YPF.Nq.LACh-702(h),2026-08,YPF S.A.,LA AMARGA CHICA,VACA MUERTA,Extracción Efectiva,Petrolífero,Surgencia Natural,EXPLOTACION,6066.0,,,1113.44,124.89,205.18,30.56,prod_2026
166557,YPF.Nq.LACh-703(h),2026-08,YPF S.A.,LA AMARGA CHICA,VACA MUERTA,Extracción Efectiva,Petrolífero,Electrosumergible,EXPLOTACION,6051.0,,,943.89,94.9,186.04,29.36,prod_2026
166558,YPF.Nq.LACh-855(h),2026-08,YPF S.A.,LA AMARGA CHICA,VACA MUERTA,Extracción Efectiva,Petrolífero,Gas Lift,EXPLOTACION,5546.0,,,2233.25,558.69,386.9,30.94,prod_2026
166559,YPF.Nq.LCav-165(h),2026-08,YPF S.A.,BANDURRIA SUR,VACA MUERTA,Extracción Efectiva,Petrolífero,Surgencia Natural,EXPLOTACION,6754.0,,,639.65,114.69,2375.8,28.31,prod_2026
166560,YPF.Nq.LCav-167(h),2026-08,YPF S.A.,BANDURRIA SUR,VACA MUERTA,Extracción Efectiva,Petrolífero,Surgencia Natural,EXPLOTACION,6757.0,,,2681.27,447.3,173.5,29.01,prod_2026
166561,YPF.Nq.LCav-169(h),2026-08,YPF S.A.,BANDURRIA SUR,VACA MUERTA,Extracción Efectiva,Petrolífero,Surgencia Natural,EXPLOTACION,6749.0,,,2000.69,348.58,1865.23,30.56,prod_2026
166562,YPF.Nq.LCav-171(h),2026-08,YPF S.A.,BANDURRIA SUR,VACA MUERTA,Extracción Efectiva,Petrolífero,Surgencia Natural,EXPLOTACION,6767.0,,,2993.56,514.58,147.45,30.56,prod_2026
166563,YPF.Nq.LCav-173(h),2026-08,YPF S.A.,BANDURRIA SUR,VACA MUERTA,Extracción Efectiva,Petrolífero,Surgencia Natural,EXPLOTACION,6733.0,,,2692.28,444.98,1170.02,30.58,prod_2026
166564,YPF.Nq.LCav-175(h),2026-08,YPF S.A.,BANDURRIA SUR,VACA MUERTA,Extracción Efectiva,Petrolífero,Surgencia Natural,EXPLOTACION,6791.0,,,2737.36,507.28,234.21,30.56,prod_2026
166565,YPF.Nq.LCav-800(h),2026-08,YPF S.A.,BANDURRIA SUR,VACA MUERTA,Extracción Efectiva,Petrolífero,Surgencia Natural,EXPLOTACION,5601.0,,,1751.62,419.82,293.17,30.8,prod_2026
166566,YPF.Nq.LCav-801(h),2026-08,YPF S.A.,BANDURRIA SUR,VACA MUERTA,Extracción Efectiva,Petrolífero,Surgencia Natural,EXPLOTACION,5429.0,,,386.75,74.89,1933.28,30.24,prod_2026
166567,YPF.Nq.LCav-802(h),2026-08,YPF S.A.,BANDURRIA SUR,VACA MUERTA,Extracción Efectiva,Petrolífero,Surgencia Natural,EXPLOTACION,5541.0,,,575.82,96.89,690.68,24.02,prod_2026
166568,YPF.Nq.LCav-854(h),2026-08,YPF S.A.,BANDURRIA SUR,VACA MUERTA,Extracción Efectiva,Petrolífero,Surgencia Natural,EXPLOTACION,5969.0,,,2338.47,638.41,817.37,20.14,prod_2026
166569,YPF.Nq.LLL-2019(h),2026-08,YPF S.A.,LOMA CAMPANA-LLL,VACA MUERTA,Extracción Efectiva,Petrolífero,Surgencia Natural,EXPLOTACION,6820.0,,,3014.16,369.84,28.72,31.0,prod_2026
166570,YPF.Nq.LLL-2020(h),2026-08,YPF S.A.,LOMA CAMPANA-LLL,VACA MUERTA,Extracción Efectiva,Petrolífero,Electrosumergible,EXPLOTACION,6730.0,,,3787.01,473.27,86.58,30.73,prod_2026
166578,SHE.Nq.CASO-36(h),2026-08,SHELL ARGENTINA S.A.,COIRON AMARGO SUR OESTE,VACA MUERTA,Extracción Efectiva,Petrolífero,Surgencia Natural,EXPLOTACION,6502.0,,,940.26,85.28,34.96,30.94,prod_2026
166579,SHE.Nq.CASO-37(h),2026-08,SHELL ARGENTINA S.A.,COIRON AMARGO SUR OESTE,VACA MUERTA,Extracción Efectiva,Petrolífero,Surgencia Natural,EXPLOTACION,6525.0,,,981.64,103.44,118.83,30.98,prod_2026
166580,SHE.Nq.CASO-38(h),2026-08,SHELL ARGENTINA S.A.,COIRON AMARGO SUR OESTE,VACA MUERTA,Extracción Efectiva,Petrolífero,Surgencia Natural,EXPLOTACION,6590.0,,,1082.87,114.78,39.88,30.42,prod_2026
166581,SHE.Nq.CASO-39(h),2026-08,SHELL ARGENTINA S.A.,COIRON AMARGO SUR OESTE,VACA MUERTA,Extracción Efectiva,Petrolífero,Surgencia Natural,EXPLOTACION,6642.0,,,1755.49,154.7,95.44,31.0,prod_2026
166582,SHE.Nq.CdL-76(h),2026-08,SHELL ARGENTINA S.A.,CRUZ DE LORENA,VACA MUERTA,Extracción Efectiva,Petrolífero,Surgencia Natural,EXPLOTACION,7075.0,,,1283.19,116.51,112.13,31.0,prod_2026
166583,SHE.Nq.CdL-77(h),2026-08,SHELL ARGENTINA S.A.,CRUZ DE LORENA,VACA MUERTA,Extracción Efectiva,Petrolífero,Surgencia Natural,EXPLOTACION,7165.0,,,4411.77,448.63,180.37,31.0,prod_2026
166584,SHE.Nq.CdL-78(h),2026-08,SHELL ARGENTINA S.A.,CRUZ DE LORENA,VACA MUERTA,Extracción Efectiva,Petrolífero,Surgencia Natural,EXPLOTACION,7116.0,,,1744.44,244.15,139.87,31.0,prod_2026
166585,SHE.Nq.CdL-79(h),2026-08,SHELL ARGENTINA S.A.,CRUZ DE LORENA,VACA MUERTA,Extracción Efectiva,Petrolífero,Surgencia Natural,EXPLOTACION,7197.0,,,3361.52,43.05,190.77,31.0,prod_2026
166586,PAM.Nq.SCh-1025(h),2026-08,PAMPA ENERGIA S.A.,SIERRA CHATA,VACA MUERTA,Extracción Efectiva,Gasífero,Surgencia Natural,EXPLOTACION,5785.0,,,0.0,15284.16,496.3291,30.85417,prod_2026
166587,PAM.Nq.SCh-1026(h),2026-08,PAMPA ENERGIA S.A.,SIERRA CHATA,VACA MUERTA,Extracción Efectiva,Gasífero,Surgencia Natural,EXPLOTACION,5765.0,,,0.0,15391.87,704.6044,30.9375,prod_2026
166588,PAM.Nq.SCh-1027(h),2026-08,PAMPA ENERGIA S.A.,SIERRA CHATA,VACA MUERTA,Extracción Efectiva,Gasífero,Surgencia Natural,EXPLOTACION,5793.0,,,0.0,16200.04,521.2581,30.97917,prod_2026
166589,CHA.Nq.ETE-2101(h),2026-08,CHEVRON ARGENTINA S.R.L.,EL TRAPIAL ESTE,VACA MUERTA,Extracción Efectiva,Petrolífero,Surgencia Natural,EXPLOTACION,6500.0,,,2618.64,1443.6076,867.5,30.667,prod_2026
166590,CHA.Nq.ETE-2102(h),2026-08,CHEVRON ARGENTINA S.R.L.,EL TRAPIAL ESTE,VACA MUERTA,Extracción Efectiva,Petrolífero,Surgencia Natural,EXPLOTACION,6500.0,,,2792.42,1290.05536,2992.22,30.167,prod_2026
166591,CHA.Nq.ETE-2103(h),2026-08,CHEVRON ARGENTINA S.R.L.,EL TRAPIAL ESTE,VACA MUERTA,Extracción Efectiva,Petrolífero,Surgencia Natural,EXPLOTACION,6900.0,,,3535.92,2462.87758,1410.66,30.667,prod_2026
166592,CHA.Nq.ETE-2104(h),2026-08,CHEVRON ARGENTINA S.R.L.,EL TRAPIAL ESTE,VACA MUERTA,Extracción Efectiva,Petrolífero,Surgencia Natural,EXPLOTACION,6750.0,,,3136.33,1590.44367,3176.02,28.583,prod_2026
166593,PLU.Nq.LCa-3103(h),2026-08,PLUSPETROL S.A.,LA CALERA,VACA MUERTA,Extracción Efectiva,Gasífero,Surgencia Natural,EXPLOTACION,6377.0,,,2848.88,7441.098,2539.798,30.08333,prod_2026
166594,PAM.Nq.RdA-2004(h),2026-08,PAMPA ENERGIA S.A.,RINCON DE ARANDA,VACA MUERTA,Extracción Efectiva,Petrolífero,Surgencia Natural,EXPLOTACION,5445.0,,,1419.701,163.5492,153.0395,31.0,prod_2026
166595,PAM.Nq.RdA.x-2005(h),2026-08,PAMPA ENERGIA S.A.,RINCON DE ARANDA,VACA MUERTA,Extracción Efectiva,Petrolífero,Surgencia Natural,EXPLOTACION,5409.0,,,598.5408,76.81305,4.477873,26.58333,prod_2026
166596,PAM.Nq.RdA-2006(h),2026-08,PAMPA ENERGIA S.A.,RINCON DE ARANDA,VACA MUERTA,Extracción Efectiva,Petrolífero,Surgencia Natural,EXPLOTACION,5435.0,,,373.477,44.4919,7.390773,29.83333,prod_2026
166597,PAM.Nq.RdA-2007(h),2026-08,PAMPA ENERGIA S.A.,RINCON DE ARANDA,VACA MUERTA,Extracción Efectiva,Petrolífero,Surgencia Natural,EXPLOTACION,5403.0,,,1885.888,206.3208,3984.506,31.0,prod_2026
166598,TPT.Nq.FP-1503(h),2026-08,TECPETROL S.A.,FORTIN DE PIEDRA,VACA MUERTA,Parado Transitoriamente,Gasífero,Surgencia Natural,EXPLOTACION,6128.0,,,135.9772,9982.563,1436.8,22.83194,prod_2026
166599,TPT.Nq.FP-1504(h),2026-08,TECPETROL S.A.,FORTIN DE PIEDRA,VACA MUERTA,Parado Transitoriamente,Gasífero,Surgencia Natural,EXPLOTACION,6278.0,,,87.07702,6437.783,1557.198,18.70278,prod_2026
166600,TAU.Nq.AP-1120(h),2026-08,TOTAL AUSTRAL S.A.,AGUADA PICHANA ESTE VACA MUERTA,VACA MUERTA,Extracción Efectiva,Gasífero,Surgencia Natural,EXPLOTACION,5970.0,,,351.6005,8088.408,1017.002,30.77083,prod_2026
166601,TAU.Nq.AP-1121(h),2026-08,TOTAL AUSTRAL S.A.,AGUADA PICHANA ESTE VACA MUERTA,VACA MUERTA,Extracción Efectiva,Gasífero,Surgencia Natural,EXPLOTACION,6037.0,,,287.6868,6682.386,930.4053,30.77083,prod_2026
166603,TAU.Nq.AP-1122(h),2026-08,TOTAL AUSTRAL S.A.,AGUADA PICHANA ESTE VACA MUERTA,VACA MUERTA,Extracción Efectiva,Gasífero,Surgencia Natural,EXPLOTACION,5998.0,,,331.3051,7662.025,298.9234,30.77083,prod_2026
166611,YPF.Nq.AdCh-1255(h),2026-08,YPF S.A.,LOMA COLORADA,VACA MUERTA,Extracción Efectiva,Petrolífero,Bombeo Mecánico,EXPLOTACION,5601.0,,,1723.56,93.48,528.35,29.54,prod_2026
166612,YPF.Nq.AdCh-1256(h),2026-08,YPF S.A.,LOMA COLORADA,VACA MUERTA,Extracción Efectiva,Petrolífero,Surgencia Natural,EXPLOTACION,5516.0,,,2339.62,115.61,579.21,30.29,prod_2026
166613,YPF.Nq.AdCh-1257(h),2026-08,YPF S.A.,LOMA COLORADA,VACA MUERTA,Extracción Efectiva,Petrolífero,Surgencia Natural,EXPLOTACION,5520.0,,,761.62,50.6,72.53,30.92,prod_2026
166614,YPF.Nq.AdCh-1258(h),2026-08,YPF S.A.,LOMA COLORADA,VACA MUERTA,Extracción Efectiva,Petrolífero,Surgencia Natural,EXPLOTACION,5549.0,,,1994.59,101.34,204.79,29.0,prod_2026
166616,YPF.Nq.LLL-1813(h),2026-08,YPF S.A.,LOMA CAMPANA-LLL,VACA MUERTA,Extracción Efectiva,Petrolífero,Gas Lift,EXPLOTACION,6768.0,,,1790.09,571.44,1749.1,23.48,prod_2026
166617,YPF.Nq.LLL-1814(h),2026-08,YPF S.A.,LOMA CAMPANA-LLL,VACA MUERTA,Extracción Efectiva,Petrolífero,Surgencia Natural,EXPLOTACION,6668.0,,,518.22,200.34,4375.91,30.92,prod_2026
166618,YPF.Nq.LLL-1815(h),2026-08,YPF S.A.,LOMA CAMPANA-LLL,VACA MUERTA,Extracción Efectiva,Petrolífero,Surgencia Natural,EXPLOTACION,6669.0,,,324.09,80.59,1506.78,19.21,prod_2026
166619,YPF.Nq.LLL-1816(h),2026-08,YPF S.A.,LOMA CAMPANA-LLL,VACA MUERTA,Extracción Efectiva,Petrolífero,Surgencia Natural,EXPLOTACION,6691.0,,,743.41,228.61,1043.88,23.64,prod_2026
166620,YPF.Nq.LLL-1817(h),2026-08,YPF S.A.,LOMA CAMPANA-LLL,VACA MUERTA,Extracción Efectiva,Petrolífero,Surgencia Natural,EXPLOTACION,6782.0,,,1101.13,362.76,2467.96,29.6,prod_2026
166621,YPF.Nq.LLL-1818(h),2026-08,YPF S.A.,LOMA CAMPANA-LLL,VACA MUERTA,Extracción Efectiva,Petrolífero,Surgencia Natural,EXPLOTACION,6747.0,,,168.26,12.6,2114.39,25.06,prod_2026
166622,YPF.Nq.LLL-2021(h),2026-08,YPF S.A.,LOMA CAMPANA-LLL,VACA MUERTA,Extracción Efectiva,Petrolífero,Surgencia Natural,EXPLOTACION,6667.0,,,2060.17,232.43,22.2,30.96,prod_2026
166623,YPF.Nq.LLL-2022(h),2026-08,YPF S.A.,LOMA CAMPANA-LLL,VACA MUERTA,En Estudio,Otro tipo,Surgencia Natural,EXPLOTACION,7378.0,,,0.0,0.0,0.0,0.0,prod_2026
166624,YPF.Nq.LajE-164(h),2026-08,YPF S.A.,LA ANGOSTURA SUR II,VACA MUERTA,Extracción Efectiva,Petrolífero,Surgencia Natural,EXPLOTACION,5772.0,,,2656.61,1152.21,1782.1,30.83,prod_2026
166625,YPF.Nq.LajE-165(h),2026-08,YPF S.A.,LA ANGOSTURA SUR II,VACA MUERTA,Extracción Efectiva,Petrolífero,Surgencia Natural,EXPLOTACION,5856.0,,,2425.51,1226.88,1436.29,30.94,prod_2026
166626,YPF.Nq.LajE-166(h),2026-08,YPF S.A.,LA ANGOSTURA SUR II,VACA MUERTA,Extracción Efectiva,Petrolífero,Surgencia Natural,EXPLOTACION,5965.0,,,2052.53,1011.87,1321.9,30.88,prod_2026
166627,YPF.Nq.LajE-167(h),2026-08,YPF S.A.,LA ANGOSTURA SUR II,VACA MUERTA,Extracción Efectiva,Petrolífero,Surgencia Natural,EXPLOTACION,7000.0,,,1757.02,816.78,2095.9,30.81,prod_2026
166628,YPF.Nq.LajE-189(h),2026-08,YPF S.A.,LA ANGOSTURA SUR II,VACA MUERTA,Extracción Efectiva,Petrolífero,Surgencia Natural,EXPLOTACION,5565.0,,,1799.3,850.79,1202.21,30.82,prod_2026
166629,YPF.Nq.LajE-190(h),2026-08,YPF S.A.,LA ANGOSTURA SUR II,VACA MUERTA,Extracción Efectiva,Petrolífero,Surgencia Natural,EXPLOTACION,5653.0,,,1037.99,474.44,994.12,23.43,prod_2026
166634,PAE.Nq.LA-432(h),2026-08,PAN AMERICAN ENERGY SL,LINDERO ATRAVESADO OCCIDENTAL,VACA MUERTA,Extracción Efectiva,Petrolífero,Bombeo Mecánico,EXPLOTACION,6664.0,,,729.5708,108.1812,144.5868,18.48472,prod_2026
166637,PAE.Nq.LA-436(h),2026-08,PAN AMERICAN ENERGY SL,LINDERO ATRAVESADO OCCIDENTAL,VACA MUERTA,Extracción Efectiva,Petrolífero,Surgencia Natural,EXPLOTACION,6627.0,,,2556.836,379.9027,333.7377,31.0,prod_2026
166640,PAE.Nq.ECh-207(h),2026-08,PAN AMERICAN ENERGY SL,LINDERO ATRAVESADO OCCIDENTAL,VACA MUERTA,Extracción Efectiva,Petrolífero,Surgencia Natural,EXPLOTACION,6878.0,,,2741.491,192.9181,20.24027,30.83333,prod_2026
166644,PAE.Nq.LA-654(h),2026-08,PAN AMERICAN ENERGY SL,LINDERO ATRAVESADO OCCIDENTAL,VACA MUERTA,Extracción Efectiva,Petrolífero,Surgencia Natural,EXPLOTACION,6632.0,,,7254.85,1218.206,278.9131,30.35764,prod_2026
166645,PAE.Nq.ECh-203(h),2026-08,PAN AMERICAN ENERGY SL,LINDERO ATRAVESADO OCCIDENTAL,VACA MUERTA,Extracción Efectiva,Petrolífero,Surgencia Natural,EXPLOTACION,5821.0,,,422.5902,28.71548,12.04794,24.00764,prod_2026
166651,PAE.Nq.LA-650(h),2026-08,PAN AMERICAN ENERGY SL,LINDERO ATRAVESADO OCCIDENTAL,VACA MUERTA,Extracción Efectiva,Petrolífero,Surgencia Natural,EXPLOTACION,7036.0,,,6620.75,1078.315,172.8428,30.88889,prod_2026
166654,PAM.Nq.RdA-2016(h),2026-08,PAMPA ENERGIA S.A.,RINCON DE ARANDA,VACA MUERTA,Extracción Efectiva,Petrolífero,Surgencia Natural,EXPLOTACION,5424.0,,,766.6174,77.20078,11953.54,31.0,prod_2026
166655,PAM.Nq.RdA-2017(h),2026-08,PAMPA ENERGIA S.A.,RINCON DE ARANDA,VACA MUERTA,Extracción Efectiva,Petrolífero,Surgencia Natural,EXPLOTACION,5303.0,,,885.0032,92.15392,10208.09,31.0,prod_2026
166656,PAM.Nq.RdA-2019(h),2026-08,PAMPA ENERGIA S.A.,RINCON DE ARANDA,VACA MUERTA,Extracción Efectiva,Petrolífero,Surgencia Natural,EXPLOTACION,5415.0,,,1113.259,140.974,7488.736,31.0,prod_2026
166657,VIS.Nq.BPO-2431(h),2026-08,VISTA ENERGY ARGENTINA SAU,BAJADA DEL PALO OESTE,VACA MUERTA,Extracción Efectiva,Petrolífero,Gas Lift,EXPLOTACION,6651.0,,,3590.592,760.698,186.586,30.957,prod_2026
166658,VIS.Nq.BPO-2432(h),2026-08,VISTA ENERGY ARGENTINA SAU,BAJADA DEL PALO OESTE,VACA MUERTA,Extracción Efectiva,Petrolífero,Gas Lift,EXPLOTACION,6729.0,,,3194.627,580.996,225.415,30.957,prod_2026
166659,VIS.Nq.BPO-2433(h),2026-08,VISTA ENERGY ARGENTINA SAU,BAJADA DEL PALO OESTE,VACA MUERTA,Extracción Efectiva,Petrolífero,Gas Lift,EXPLOTACION,6613.0,,,2676.677,624.745,305.951,30.957,prod_2026
166660,VIS.Nq.BPO-2434(h),2026-08,VISTA ENERGY ARGENTINA SAU,BAJADA DEL PALO OESTE,VACA MUERTA,Extracción Efectiva,Petrolífero,Gas Lift,EXPLOTACION,6520.0,,,2640.108,475.285,252.384,30.957,prod_2026
166661,VIS.Nq.BPO-2435(h),2026-08,VISTA ENERGY ARGENTINA SAU,BAJADA DEL PALO OESTE,VACA MUERTA,Extracción Efectiva,Petrolífero,Gas Lift,EXPLOTACION,6345.0,,,2380.212,499.894,456.549,30.927,prod_2026
166662,PLU.Nq.LCa-3101(h),2026-08,PLUSPETROL S.A.,LA CALERA,VACA MUERTA,Extracción Efectiva,Gasífero,Surgencia Natural,EXPLOTACION,6397.0,,,1838.082,3437.721,1279.199,30.10417,prod_2026
166664,TPT.Nq.FP-1501(h),2026-08,TECPETROL S.A.,FORTIN DE PIEDRA,VACA MUERTA,Parado Transitoriamente,Gasífero,Surgencia Natural,EXPLOTACION,6250.0,,,118.7603,8000.371,912.6837,25.31181,prod_2026
166665,TPT.Nq.FP-1502(h),2026-08,TECPETROL S.A.,FORTIN DE PIEDRA,VACA MUERTA,Parado Transitoriamente,Gasífero,Surgencia Natural,EXPLOTACION,6185.0,,,133.7707,6961.592,1103.94,20.63681,prod_2026
166666,TPT.Nq.PPar-122(h),2026-08,TECPETROL S.A.,PUESTO PARADA NC,VACA MUERTA,Extracción Efectiva,Petrolífero,Surgencia Natural,EXPLOTACION,5.552,,,2757.688,241.9514,0.0,31.0,prod_2026
166667,TPT.Nq.PPar-121(h),2026-08,TECPETROL S.A.,PUESTO PARADA NC,VACA MUERTA,Extracción Efectiva,Petrolífero,Bombeo Mecánico,EXPLOTACION,5550.0,,,1190.015,105.6147,0.0,30.95833,prod_2026
166668,TPT.Nq.PPar-123(h),2026-08,TECPETROL S.A.,PUESTO PARADA NC,VACA MUERTA,Extracción Efectiva,Petrolífero,Bombeo Mecánico,EXPLOTACION,5535.0,,,1304.788,115.5602,0.0,30.89236,prod_2026
166670,PLU.Nq.LCa-3105(h),2026-08,PLUSPETROL S.A.,LA CALERA,VACA MUERTA,Extracción Efectiva,Gasífero,Surgencia Natural,EXPLOTACION,6397.0,,,2324.583,5876.533,2574.743,30.33333,prod_2026
166671,YPF.Nq.AdCh-1178(h),2026-08,YPF S.A.,LOMA COLORADA,VACA MUERTA,Extracción Efectiva,Petrolífero,Surgencia Natural,EXPLOTACION,5113.0,,,1050.66,103.95,320.73,24.65,prod_2026
166672,YPF.Nq.AdCh-1179(h),2026-08,YPF S.A.,LOMA COLORADA,VACA MUERTA,Extracción Efectiva,Petrolífero,Surgencia Natural,EXPLOTACION,5402.0,,,852.2,100.71,328.76,30.79,prod_2026
166673,YPF.Nq.AdCh-1180(h),2026-08,YPF S.A.,LOMA COLORADA,VACA MUERTA,Extracción Efectiva,Petrolífero,Surgencia Natural,EXPLOTACION,5922.0,,,887.98,68.67,94.82,24.61,prod_2026
166674,YPF.Nq.AdCh-1181(h),2026-08,YPF S.A.,LOMA COLORADA,VACA MUERTA,Extracción Efectiva,Petrolífero,Surgencia Natural,EXPLOTACION,6112.0,,,1243.72,155.59,519.5,30.92,prod_2026
166675,YPF.Nq.AdCh-1267(h),2026-08,YPF S.A.,LOMA COLORADA,VACA MUERTA,Extracción Efectiva,Petrolífero,Surgencia Natural,EXPLOTACION,6180.0,,,524.77,48.36,404.82,21.06,prod_2026
166676,YPF.Nq.AdlA-1063(h),2026-08,YPF S.A.,AGUADA DE LA ARENA,VACA MUERTA,Extracción Efectiva,Gasífero,Surgencia Natural,EXPLOTACION,5242.0,,,0.0,6371.72,1017.47,23.42,prod_2026
166677,YPF.Nq.AdlA-1064(h),2026-08,YPF S.A.,AGUADA DE LA ARENA,VACA MUERTA,Extracción Efectiva,Gasífero,Surgencia Natural,EXPLOTACION,5107.0,,,0.0,348.81,54.47,0.85,prod_2026
166678,YPF.Nq.BdTN-277(h),2026-08,YPF S.A.,BAJO DEL TORO NORTE,VACA MUERTA,Extracción Efectiva,Petrolífero,Surgencia Natural,EXPLOTACION,6484.0,,,3063.61,418.35,1439.54,30.25,prod_2026
166679,YPF.Nq.BdTN-285(h),2026-08,YPF S.A.,BAJO DEL TORO NORTE,VACA MUERTA,Extracción Efectiva,Petrolífero,Surgencia Natural,EXPLOTACION,6350.0,,,1703.36,222.53,726.17,30.5,prod_2026
166680,YPF.Nq.BdTN-286(h),2026-08,YPF S.A.,BAJO DEL TORO NORTE,VACA MUERTA,Extracción Efectiva,Petrolífero,Surgencia Natural,EXPLOTACION,6718.0,,,2150.91,471.98,811.63,30.1,prod_2026
166681,YPF.Nq.BdTN-293(h),2026-08,YPF S.A.,BAJO DEL TORO NORTE,VACA MUERTA,Extracción Efectiva,Petrolífero,Surgencia Natural,EXPLOTACION,6360.0,,,2950.82,376.63,674.18,30.08,prod_2026
166683,YPF.Nq.LCav-229(h),2026-08,YPF S.A.,BANDURRIA SUR,VACA MUERTA,Extracción Efectiva,Petrolífero,Surgencia Natural,EXPLOTACION,6149.0,,,1990.98,937.09,4309.41,29.71,prod_2026
166684,YPF.Nq.LCav-751(h),2026-08,YPF S.A.,BANDURRIA SUR,VACA MUERTA,Extracción Efectiva,Petrolífero,Surgencia Natural,EXPLOTACION,6259.0,,,1890.34,420.08,4125.11,30.5,prod_2026
166685,YPF.Nq.LCav-752(h),2026-08,YPF S.A.,BANDURRIA SUR,VACA MUERTA,Extracción Efectiva,Petrolífero,Surgencia Natural,EXPLOTACION,6078.0,,,3370.5,749.4,1821.52,30.67,prod_2026
166686,YPF.Nq.LCav-753(h),2026-08,YPF S.A.,BANDURRIA SUR,VACA MUERTA,Extracción Efectiva,Petrolífero,Surgencia Natural,EXPLOTACION,6002.0,,,1780.29,678.51,3418.6,30.67,prod_2026
166687,YPF.Nq.LCav-754(h),2026-08,YPF S.A.,BANDURRIA SUR,VACA MUERTA,Extracción Efectiva,Petrolífero,Surgencia Natural,EXPLOTACION,6034.0,,,2185.92,486.56,2052.44,29.88,prod_2026
166688,YPF.Nq.LCav-756(h),2026-08,YPF S.A.,BANDURRIA SUR,VACA MUERTA,Extracción Efectiva,Petrolífero,Surgencia Natural,EXPLOTACION,5795.0,,,1235.65,307.21,4404.09,26.59,prod_2026
166689,YPF.Nq.LajE-144(h),2026-08,YPF S.A.,LA ANGOSTURA SUR I,VACA MUERTA,Extracción Efectiva,Petrolífero,Surgencia Natural,EXPLOTACION,5656.0,,,2433.53,698.38,1719.63,30.94,prod_2026
166690,YPF.Nq.LajE-145(h),2026-08,YPF S.A.,LA ANGOSTURA SUR I,VACA MUERTA,Extracción Efectiva,Petrolífero,Surgencia Natural,EXPLOTACION,6959.0,,,4395.69,1270.97,3846.82,30.94,prod_2026
166691,YPF.Nq.LajE-146(h),2026-08,YPF S.A.,LA ANGOSTURA SUR I,VACA MUERTA,Extracción Efectiva,Petrolífero,Surgencia Natural,EXPLOTACION,6925.0,,,3592.35,1042.19,4498.56,30.94,prod_2026
166692,YPF.Nq.LajE-147(h),2026-08,YPF S.A.,LA ANGOSTURA SUR I,VACA MUERTA,Extracción Efectiva,Petrolífero,Surgencia Natural,EXPLOTACION,6641.0,,,3103.61,918.44,2982.94,24.1,prod_2026
166693,YPF.Nq.LajE-197(h),2026-08,YPF S.A.,LA ANGOSTURA SUR I,VACA MUERTA,Extracción Efectiva,Petrolífero,Surgencia Natural,EXPLOTACION,6967.0,,,1759.03,521.4,2061.05,16.85,prod_2026
166694,YPF.Nq.LajE-198(h)(I),2026-08,YPF S.A.,LA ANGOSTURA SUR I,VACA MUERTA,Extracción Efectiva,Petrolífero,Surgencia Natural,EXPLOTACION,7026.0,,,1299.47,385.95,1350.84,11.6,prod_2026
166704,PAE.Nq.ECh-201(h),2026-08,PAN AMERICAN ENERGY SL,LINDERO ATRAVESADO OCCIDENTAL,VACA MUERTA,Extracción Efectiva,Petrolífero,Surgencia Natural,EXPLOTACION,7091.0,,,2076.05,195.4217,164.0009,30.77431,prod_2026
166707,PLU.Nq.LCa-3188(h),2026-08,PLUSPETROL S.A.,LA CALERA,VACA MUERTA,Extracción Efectiva,Gasífero,Surgencia Natural,EXPLOTACION,6144.0,,,3287.406,12306.009,2591.5,30.46875,prod_2026
166708,PLU.Nq.LCa-3104(h),2026-08,PLUSPETROL S.A.,LA CALERA,VACA MUERTA,Extracción Efectiva,Gasífero,Surgencia Natural,EXPLOTACION,6361.0,,,1904.721,3383.412,1337.389,30.36458,prod_2026
166709,PLU.Nq.LCa-3189(h),2026-08,PLUSPETROL S.A.,LA CALERA,VACA MUERTA,Extracción Efectiva,Gasífero,Surgencia Natural,EXPLOTACION,6023.0,,,2329.4,8833.1,1473.773,30.46875,prod_2026
166710,VIS.Nq.AF-1351(h),2026-08,VISTA ENERGY ARGENTINA SAU,AGUADA FEDERAL,VACA MUERTA,Extracción Efectiva,Petrolífero,Gas Lift,EXPLOTACION,6273.0,,,1404.667,129.525,188.747,31.0,prod_2026
166711,VIS.Nq.AF-1352(h),2026-08,VISTA ENERGY ARGENTINA SAU,AGUADA FEDERAL,VACA MUERTA,Extracción Efectiva,Petrolífero,Gas Lift,EXPLOTACION,5857.0,,,962.95,98.541,67.535,30.879,prod_2026
166712,VIS.Nq.AF-1353(h),2026-08,VISTA ENERGY ARGENTINA SAU,AGUADA FEDERAL,VACA MUERTA,Extracción Efectiva,Petrolífero,Gas Lift,EXPLOTACION,5874.0,,,1295.613,153.507,88.555,31.0,prod_2026
166713,VIS.Nq.AF-1354(h),2026-08,VISTA ENERGY ARGENTINA SAU,AGUADA FEDERAL,VACA MUERTA,Extracción Efectiva,Petrolífero,Gas Lift,EXPLOTACION,5920.0,,,1130.603,127.493,114.064,31.0,prod_2026
166715,VIS.Nq.BPO-2301(h),2026-08,VISTA ENERGY ARGENTINA SAU,BAJADA DEL PALO OESTE,VACA MUERTA,Extracción Efectiva,Petrolífero,Gas Lift,EXPLOTACION,6802.0,,,1851.687,252.141,379.156,30.687,prod_2026
166716,VIS.Nq.BPO-2302(h),2026-08,VISTA ENERGY ARGENTINA SAU,BAJADA DEL PALO OESTE,VACA MUERTA,Extracción Efectiva,Petrolífero,Gas Lift,EXPLOTACION,6837.0,,,2360.511,380.367,626.554,30.68,prod_2026
166717,VIS.Nq.BPO-2303(h),2026-08,VISTA ENERGY ARGENTINA SAU,BAJADA DEL PALO OESTE,VACA MUERTA,Extracción Efectiva,Petrolífero,Gas Lift,EXPLOTACION,6000.0,,,1330.037,179.878,118.194,30.523,prod_2026
166718,VIS.Nq.BPO-2304(h),2026-08,VISTA ENERGY ARGENTINA SAU,BAJADA DEL PALO OESTE,VACA MUERTA,Extracción Efectiva,Petrolífero,Gas Lift,EXPLOTACION,6828.0,,,1561.733,237.516,930.249,30.494,prod_2026
166731,CHA.Nq.ETE-2241(h),2026-08,CHEVRON ARGENTINA S.R.L.,EL TRAPIAL ESTE,VACA MUERTA,Extracción Efectiva,Petrolífero,Surgencia Natural,EXPLOTACION,6263.0,,,3542.38,1981.32723,1165.97,30.667,prod_2026
166732,CHA.Nq.ETE-2242(h),2026-08,CHEVRON ARGENTINA S.R.L.,EL TRAPIAL ESTE,VACA MUERTA,Extracción Efectiva,Petrolífero,Surgencia Natural,EXPLOTACION,6500.0,,,3841.67,1563.4042500000005,3584.25,30.667,prod_2026
166733,CHA.Nq.ETE-2243(h),2026-08,CHEVRON ARGENTINA S.R.L.,EL TRAPIAL ESTE,VACA MUERTA,Extracción Efectiva,Petrolífero,Surgencia Natural,EXPLOTACION,6850.0,,,4862.01,3182.5477100000007,1392.85,30.667,prod_2026
166734,CHA.Nq.ETE-2244(h),2026-08,CHEVRON ARGENTINA S.R.L.,EL TRAPIAL ESTE,VACA MUERTA,Extracción Efectiva,Petrolífero,Surgencia Natural,EXPLOTACION,6723.0,,,6270.32,2750.3386200000004,5538.32,30.667,prod_2026
166736,VIS.Nq.BPO-2371(h),2026-08,VISTA ENERGY ARGENTINA SAU,BAJADA DEL PALO OESTE,VACA MUERTA,Extracción Efectiva,Petrolífero,Gas Lift,EXPLOTACION,6130.0,,,3780.937,169.298,335.82,30.882,prod_2026
166737,VIS.Nq.BPO-2372(h),2026-08,VISTA ENERGY ARGENTINA SAU,BAJADA DEL PALO OESTE,VACA MUERTA,Extracción Efectiva,Petrolífero,Gas Lift,EXPLOTACION,6052.0,,,4258.153,242.118,459.996,30.864,prod_2026
166744,PLU.Nq.LCa-3190(h),2026-08,PLUSPETROL S.A.,LA CALERA,VACA MUERTA,Extracción Efectiva,Gasífero,Surgencia Natural,EXPLOTACION,5936.0,,,2688.787,9355.125,3374.066,28.82292,prod_2026
166748,PAM.Nq.RDA-2013(h),2026-08,PAMPA ENERGIA S.A.,RINCON DE ARANDA,VACA MUERTA,Extracción Efectiva,Petrolífero,Electrosumergible,EXPLOTACION,5407.0,,,3950.807,469.2744,1733.08,30.91667,prod_2026
166749,PAM.Nq.RDA-2015(h),2026-08,PAMPA ENERGIA S.A.,RINCON DE ARANDA,VACA MUERTA,Extracción Efectiva,Petrolífero,Electrosumergible,EXPLOTACION,5430.0,,,1525.783,164.6169,619.062,17.79167,prod_2026
166750,PAM.Nq.RDA-2012(h),2026-08,PAMPA ENERGIA S.A.,RINCON DE ARANDA,VACA MUERTA,Extracción Efectiva,Petrolífero,Surgencia Natural,EXPLOTACION,5488.0,,,278.1944,17.9163,6.734764,31.0,prod_2026
166751,PAE.Nq.CASE-533(h),2026-08,PAN AMERICAN ENERGY SL,COIRON AMARGO SUR ESTE,VACA MUERTA,Extracción Efectiva,Petrolífero,Surgencia Natural,EXPLOTACION,6394.0,,,844.4699,135.7048,312.3302,27.36111,prod_2026
166756,PAE.Nq.CASE-527(h),2026-08,PAN AMERICAN ENERGY SL,COIRON AMARGO SUR ESTE,VACA MUERTA,Extracción Efectiva,Petrolífero,Surgencia Natural,EXPLOTACION,6563.0,,,2714.85,174.8983,472.9332,31.0,prod_2026
166759,PAE.Nq.CASE-529(h),2026-08,PAN AMERICAN ENERGY SL,COIRON AMARGO SUR ESTE,VACA MUERTA,Extracción Efectiva,Petrolífero,Surgencia Natural,EXPLOTACION,6457.0,,,1946.441,143.8408,907.3422,30.72917,prod_2026
166763,PAE.Nq.CASE-531(h),2026-08,PAN AMERICAN ENERGY SL,COIRON AMARGO SUR ESTE,VACA MUERTA,Parado Transitoriamente,Petrolífero,Surgencia Natural,EXPLOTACION,6396.0,,,375.3381,28.36646,890.3053,28.10903,prod_2026
166769,YPF.Nq.AdCh-1003(h),2026-08,YPF S.A.,LOMA COLORADA,VACA MUERTA,Extracción Efectiva,Petrolífero,Surgencia Natural,EXPLOTACION,5474.0,,,1680.65,108.09,457.73,30.98,prod_2026
166770,YPF.Nq.AdCh-1004(h),2026-08,YPF S.A.,LOMA COLORADA,VACA MUERTA,Extracción Efectiva,Petrolífero,Surgencia Natural,EXPLOTACION,5584.0,,,2306.89,129.95,1447.4,30.5,prod_2026
166771,YPF.Nq.AdCh-1005(h),2026-08,YPF S.A.,LOMA COLORADA,VACA MUERTA,Extracción Efectiva,Petrolífero,Surgencia Natural,EXPLOTACION,5382.0,,,1561.25,98.67,574.51,31.0,prod_2026
166772,YPF.Nq.AdCh-1006(h),2026-08,YPF S.A.,LOMA COLORADA,VACA MUERTA,Extracción Efectiva,Petrolífero,Surgencia Natural,EXPLOTACION,5661.0,,,2021.27,114.77,1337.02,29.98,prod_2026
166773,YPF.Nq.AdCh-1195(h),2026-08,YPF S.A.,LOMA COLORADA,VACA MUERTA,Extracción Efectiva,Petrolífero,Surgencia Natural,EXPLOTACION,6259.0,,,2577.01,193.53,1004.09,31.0,prod_2026
166774,YPF.Nq.AdCh-1196(h),2026-08,YPF S.A.,LOMA COLORADA,VACA MUERTA,Extracción Efectiva,Petrolífero,Surgencia Natural,EXPLOTACION,6051.0,,,1811.88,224.59,935.0,31.0,prod_2026
166775,YPF.Nq.AdCh-1197(h),2026-08,YPF S.A.,LOMA COLORADA,VACA MUERTA,Extracción Efectiva,Petrolífero,Surgencia Natural,EXPLOTACION,6203.0,,,2430.86,222.53,2216.66,31.0,prod_2026
166776,YPF.Nq.LACh-391(h),2026-08,YPF S.A.,LA AMARGA CHICA,VACA MUERTA,Extracción Efectiva,Petrolífero,Surgencia Natural,EXPLOTACION,6269.0,,,593.63,81.41,1062.37,30.96,prod_2026
166777,YPF.Nq.LACh-392(h),2026-08,YPF S.A.,LA AMARGA CHICA,VACA MUERTA,Extracción Efectiva,Petrolífero,Surgencia Natural,EXPLOTACION,6298.0,,,3444.25,526.65,1155.9,30.98,prod_2026
166778,YPF.Nq.LACh-456(h),2026-08,YPF S.A.,LA AMARGA CHICA,VACA MUERTA,Extracción Efectiva,Petrolífero,Surgencia Natural,EXPLOTACION,5835.0,,,2049.2,128.82,288.9,18.15,prod_2026
166779,YPF.Nq.LACh-457(h),2026-08,YPF S.A.,LA AMARGA CHICA,VACA MUERTA,Extracción Efectiva,Petrolífero,Surgencia Natural,EXPLOTACION,7828.0,,,2855.24,207.43,2005.56,24.21,prod_2026
166780,YPF.Nq.LACh-458(h),2026-08,YPF S.A.,LA AMARGA CHICA,VACA MUERTA,Extracción Efectiva,Petrolífero,Surgencia Natural,EXPLOTACION,7816.0,,,5402.04,351.0,788.68,30.35,prod_2026
166781,YPF.Nq.LACh-459(h),2026-08,YPF S.A.,LA AMARGA CHICA,VACA MUERTA,Extracción Efectiva,Petrolífero,Surgencia Natural,EXPLOTACION,7641.0,,,4348.39,300.96,1364.58,25.54,prod_2026
166782,YPF.Nq.LACh-816(h),2026-08,YPF S.A.,LA AMARGA CHICA,VACA MUERTA,Extracción Efectiva,Petrolífero,Surgencia Natural,EXPLOTACION,7625.0,,,1898.16,130.96,272.34,22.79,prod_2026
166783,YPF.Nq.LLL-1864(h),2026-08,YPF S.A.,LOMA CAMPANA-LLL,VACA MUERTA,Extracción Efectiva,Petrolífero,Surgencia Natural,EXPLOTACION,7727.0,,,5662.89,2294.94,987.43,30.77,prod_2026
166784,YPF.Nq.LLL-1866(h),2026-08,YPF S.A.,LOMA CAMPANA-LLL,VACA MUERTA,Extracción Efectiva,Petrolífero,Surgencia Natural,EXPLOTACION,7579.0,,,4510.04,1966.85,676.83,30.96,prod_2026
166785,YPF.Nq.LajE-102(h),2026-08,YPF S.A.,LA ANGOSTURA SUR I,VACA MUERTA,Extracción Efectiva,Petrolífero,Surgencia Natural,EXPLOTACION,6844.0,,,36.97,6.2,1.48,3.05,prod_2026
166786,YPF.Nq.LajE-103(h),2026-08,YPF S.A.,LA ANGOSTURA SUR I,VACA MUERTA,Extracción Efectiva,Petrolífero,Surgencia Natural,EXPLOTACION,6915.0,,,267.12,31.41,194.26,24.26,prod_2026
166787,YPF.Nq.LajE-90(h),2026-08,YPF S.A.,LA ANGOSTURA SUR I,VACA MUERTA,Extracción Efectiva,Petrolífero,Surgencia Natural,EXPLOTACION,1961.0,,,129.09,22.49,1.45,3.0,prod_2026
166789,PLU.Nq.LCa-3191(h),2026-08,PLUSPETROL S.A.,LA CALERA,VACA MUERTA,Extracción Efectiva,Gasífero,Surgencia Natural,EXPLOTACION,6042.0,,,2545.393,7870.267,2103.334,30.39583,prod_2026
166791,PLU.Nq.LCa-3192(h),2026-08,PLUSPETROL S.A.,LA CALERA,VACA MUERTA,Extracción Efectiva,Gasífero,Surgencia Natural,EXPLOTACION,6179.0,,,2418.285,8339.058,1854.183,30.5,prod_2026
166792,PAM.Nq.PNE-2001(h),2026-08,PAMPA ENERGIA S.A.,PARVA NEGRA,VACA MUERTA,Extracción Efectiva,Gasífero,Surgencia Natural,EXPLOTACION,5712.0,,,0.0,3912.069,287.9442,31.0,prod_2026
166793,VIS.Nq.BPE-2193(h),2026-08,VISTA ENERGY ARGENTINA SAU,BAJADA DEL PALO ESTE,VACA MUERTA,Extracción Efectiva,Petrolífero,Gas Lift,EXPLOTACION,6485.0,,,3709.556,257.426,97.662,30.961,prod_2026
166794,VIS.Nq.BPE-2194(h),2026-08,VISTA ENERGY ARGENTINA SAU,BAJADA DEL PALO ESTE,VACA MUERTA,Extracción Efectiva,Petrolífero,Gas Lift,EXPLOTACION,5844.0,,,2649.01,128.708,64.082,30.959,prod_2026
166795,VIS.Nq.BPE-2195(h),2026-08,VISTA ENERGY ARGENTINA SAU,BAJADA DEL PALO ESTE,VACA MUERTA,Extracción Efectiva,Petrolífero,Gas Lift,EXPLOTACION,6667.0,,,2061.358,90.212,53.92,30.705,prod_2026
166797,PLU.Nq.LCa-3193(h),2026-08,PLUSPETROL S.A.,LA CALERA,VACA MUERTA,Extracción Efectiva,Gasífero,Surgencia Natural,EXPLOTACION,5899.0,,,2741.868,9686.508,3972.364,30.5,prod_2026
166803,SHE.Nq.SB-1058(h),2026-08,SHELL ARGENTINA S.A.,SIERRAS BLANCAS,VACA MUERTA,Extracción Efectiva,Petrolífero,Surgencia Natural,EXPLOTACION,7046.0,,,1671.23,203.56,501.5,31.0,prod_2026
166804,SHE.Nq.SB-1059(h),2026-08,SHELL ARGENTINA S.A.,SIERRAS BLANCAS,VACA MUERTA,Extracción Efectiva,Petrolífero,Surgencia Natural,EXPLOTACION,5952.0,,,1984.62,274.82,595.6,31.0,prod_2026
166805,SHE.Nq.SB-1060(h),2026-08,SHELL ARGENTINA S.A.,SIERRAS BLANCAS,VACA MUERTA,Extracción Efectiva,Petrolífero,Surgencia Natural,EXPLOTACION,7032.0,,,326.55,39.05,147.53,31.0,prod_2026
166806,SHE.Nq.SB-1061(h),2026-08,SHELL ARGENTINA S.A.,SIERRAS BLANCAS,VACA MUERTA,Extracción Efectiva,Petrolífero,Surgencia Natural,EXPLOTACION,6995.0,,,2197.33,258.36,643.71,31.0,prod_2026
166807,YPF.Nq.ELg-31(h),2026-08,YPF S.A.,LA ANGOSTURA SUR II,VACA MUERTA,Extracción Efectiva,Petrolífero,Surgencia Natural,EXPLOTACION,5723.0,,,2164.65,807.5,1461.18,30.49,prod_2026
166808,YPF.Nq.LACh-1027(h),2026-08,YPF S.A.,LA AMARGA CHICA,VACA MUERTA,Extracción Efectiva,Petrolífero,Surgencia Natural,EXPLOTACION,7494.0,,,1714.48,209.54,310.85,30.96,prod_2026
166809,YPF.Nq.LACh-206(h),2026-08,YPF S.A.,LA AMARGA CHICA,VACA MUERTA,Extracción Efectiva,Petrolífero,Surgencia Natural,EXPLOTACION,5465.0,,,1353.92,168.95,90.64,21.56,prod_2026
166810,YPF.Nq.LACh-208(h),2026-08,YPF S.A.,LA AMARGA CHICA,VACA MUERTA,Extracción Efectiva,Petrolífero,Surgencia Natural,EXPLOTACION,7482.0,,,2978.54,388.61,991.39,31.0,prod_2026
166811,YPF.Nq.LACh-273(h),2026-08,YPF S.A.,LA AMARGA CHICA,VACA MUERTA,Extracción Efectiva,Petrolífero,Surgencia Natural,EXPLOTACION,6567.0,,,88.7,14.25,1452.11,7.17,prod_2026
166812,YPF.Nq.LACh-274(h),2026-08,YPF S.A.,LA AMARGA CHICA,VACA MUERTA,Extracción Efectiva,Petrolífero,Surgencia Natural,EXPLOTACION,6584.0,,,98.26,8.33,3607.2,18.08,prod_2026
166813,YPF.Nq.LACh-275(h),2026-08,YPF S.A.,LA AMARGA CHICA,VACA MUERTA,Extracción Efectiva,Petrolífero,Surgencia Natural,EXPLOTACION,6593.0,,,153.0,18.36,2585.93,26.08,prod_2026
166814,YPF.Nq.LACh-388(h),2026-08,YPF S.A.,LA AMARGA CHICA,VACA MUERTA,Extracción Efectiva,Petrolífero,Surgencia Natural,EXPLOTACION,6350.0,,,2753.75,464.55,2066.82,31.0,prod_2026
166815,YPF.Nq.LACh-389(h),2026-08,YPF S.A.,LA AMARGA CHICA,VACA MUERTA,Extracción Efectiva,Petrolífero,Surgencia Natural,EXPLOTACION,6393.0,,,4611.08,527.14,829.09,30.85,prod_2026
166816,YPF.Nq.LACh-390(h),2026-08,YPF S.A.,LA AMARGA CHICA,VACA MUERTA,Extracción Efectiva,Petrolífero,Surgencia Natural,EXPLOTACION,6225.0,,,2550.71,390.99,992.98,30.98,prod_2026
166817,YPF.Nq.LACh-817(h),2026-08,YPF S.A.,LA AMARGA CHICA,VACA MUERTA,Extracción Efectiva,Petrolífero,Surgencia Natural,EXPLOTACION,6172.0,,,1106.85,188.02,1100.0,30.98,prod_2026
166818,YPF.Nq.LCav-887(h),2026-08,YPF S.A.,BANDURRIA SUR,VACA MUERTA,Extracción Efectiva,Petrolífero,Surgencia Natural,EXPLOTACION,5544.0,,,2106.04,769.23,348.1,23.49,prod_2026
166819,YPF.Nq.LCav-888(h),2026-08,YPF S.A.,BANDURRIA SUR,VACA MUERTA,Extracción Efectiva,Petrolífero,Surgencia Natural,EXPLOTACION,5491.0,,,1946.2,848.73,430.38,29.36,prod_2026
166820,YPF.Nq.LCav-889(h),2026-08,YPF S.A.,BANDURRIA SUR,VACA MUERTA,Extracción Efectiva,Petrolífero,Surgencia Natural,EXPLOTACION,6039.0,,,2860.75,1075.88,473.19,29.38,prod_2026
166821,YPF.Nq.LLL-1397(h),2026-08,YPF S.A.,LOMA CAMPANA-LLL,VACA MUERTA,A Abandonar,Otro tipo,Surgencia Natural,EXPLOTACION,4830.0,,,0.0,0.0,0.0,0.0,prod_2026
166822,YPF.Nq.LLL-1398(h),2026-08,YPF S.A.,LOMA CAMPANA-LLL,VACA MUERTA,En Estudio,Otro tipo,Surgencia Natural,EXPLOTACION,3061.0,,,0.0,0.0,0.0,0.0,prod_2026
166823,YPF.Nq.LLL-1399(h),2026-08,YPF S.A.,LOMA CAMPANA-LLL,VACA MUERTA,A Abandonar,Otro tipo,Surgencia Natural,EXPLOTACION,3872.0,,,0.0,0.0,0.0,0.0,prod_2026
166824,YPF.Nq.LLL-1712(h),2026-08,YPF S.A.,LOMA CAMPANA-LLL,VACA MUERTA,A Abandonar,Otro tipo,Sin Sistema de Extracción,EXPLOTACION,3095.0,,,0.0,0.0,0.0,0.0,prod_2026
166825,YPF.Nq.LLL-1861(h),2026-08,YPF S.A.,LOMA CAMPANA-LLL,VACA MUERTA,Extracción Efectiva,Petrolífero,Surgencia Natural,EXPLOTACION,8264.0,,,7137.56,2953.24,611.75,30.79,prod_2026
166826,YPF.Nq.LLL-1863(h),2026-08,YPF S.A.,LOMA CAMPANA-LLL,VACA MUERTA,Extracción Efectiva,Petrolífero,Surgencia Natural,EXPLOTACION,7634.0,,,6001.36,2550.37,1348.49,30.85,prod_2026
166827,YPF.Nq.LLL-1865(h),2026-08,YPF S.A.,LOMA CAMPANA-LLL,VACA MUERTA,Extracción Efectiva,Petrolífero,Surgencia Natural,EXPLOTACION,7542.0,,,3200.71,1572.98,638.08,30.98,prod_2026
166829,YPF.Nq.LajE-91(h),2026-08,YPF S.A.,LA ANGOSTURA SUR I,VACA MUERTA,Extracción Efectiva,Petrolífero,Surgencia Natural,EXPLOTACION,6885.0,,,605.01,96.56,822.29,27.8,prod_2026
166830,YPF.Nq.LajE-92(h),2026-08,YPF S.A.,LA ANGOSTURA SUR I,VACA MUERTA,Extracción Efectiva,Petrolífero,Surgencia Natural,EXPLOTACION,6842.0,,,228.68,25.92,187.77,20.09,prod_2026
166831,YPF.Nq.LajE-93(h),2026-08,YPF S.A.,LA ANGOSTURA SUR I,VACA MUERTA,Extracción Efectiva,Petrolífero,Surgencia Natural,EXPLOTACION,6802.0,,,333.74,50.34,242.38,20.31,prod_2026
166832,YPF.Nq.SOil-473(h),2026-08,YPF S.A.,LOMA CAMPANA,VACA MUERTA,Extracción Efectiva,Petrolífero,Surgencia Natural,EXPLOTACION,7814.0,,,4703.3,439.03,121.83,31.0,prod_2026
166833,YPF.Nq.SOil-474(h),2026-08,YPF S.A.,LOMA CAMPANA,VACA MUERTA,Extracción Efectiva,Petrolífero,Surgencia Natural,EXPLOTACION,6979.0,,,4271.07,421.61,121.23,31.0,prod_2026
166834,YPF.Nq.SOil-478(h),2026-08,YPF S.A.,LOMA CAMPANA,VACA MUERTA,Extracción Efectiva,Petrolífero,Surgencia Natural,EXPLOTACION,7716.0,,,4504.49,418.94,147.39,31.0,prod_2026
166840,PAE.Nq.ACa-406(h),2026-08,PAN AMERICAN ENERGY SL,AGUADA CÁNEPA,VACA MUERTA,Extracción Efectiva,Petrolífero,Surgencia Natural,EXPLOTACION,0.0,,,2081.288,43.67307,770.7415,31.0,prod_2026
166844,PAE.Nq.ACa-405(h),2026-08,PAN AMERICAN ENERGY SL,AGUADA CÁNEPA,VACA MUERTA,Extracción Efectiva,Petrolífero,Surgencia Natural,EXPLOTACION,0.0,,,2552.634,24.23803,798.6716,31.0,prod_2026
166848,PLU.Nq.LCa-3039(h),2026-08,PLUSPETROL S.A.,LA CALERA,VACA MUERTA,Extracción Efectiva,Gasífero,Surgencia Natural,EXPLOTACION,6204.0,,,7777.089,11980.697,2590.317,31.0,prod_2026
166849,PAM.Nq.RdA-2048(h),2026-08,PAMPA ENERGIA S.A.,RINCON DE ARANDA,VACA MUERTA,Extracción Efectiva,Petrolífero,Electrosumergible,EXPLOTACION,5784.0,,,1978.446,143.9593,1222.728,20.83333,prod_2026
166850,PAM.Nq.RdA-2049(h),2026-08,PAMPA ENERGIA S.A.,RINCON DE ARANDA,VACA MUERTA,Extracción Efectiva,Petrolífero,Surgencia Natural,EXPLOTACION,5835.0,,,338.5231,20.60153,494.0839,17.95833,prod_2026
166851,PAM.Nq.RdA-2050(h),2026-08,PAMPA ENERGIA S.A.,RINCON DE ARANDA,VACA MUERTA,Extracción Efectiva,Petrolífero,Surgencia Natural,EXPLOTACION,5274.0,,,2094.383,103.6099,1026.994,31.0,prod_2026
166852,PAM.Nq.RdA-2051(h),2026-08,PAMPA ENERGIA S.A.,RINCON DE ARANDA,VACA MUERTA,Extracción Efectiva,Petrolífero,Surgencia Natural,EXPLOTACION,5336.0,,,1596.939,72.18318,797.9044,29.83333,prod_2026
166853,PET.RN.CoS.x-2(st),2026-08,PHOENIX GLOBAL RESOURCES S.A.,CONFLUENCIA SUR,VACA MUERTA,Extracción Efectiva,Petrolífero,Surgencia Natural,EXPLORACION,6468.0,,,4080.977,267.5932,0.0,30.98958,prod_2026
166854,PET.RN.CoS.x-3(h),2026-08,PHOENIX GLOBAL RESOURCES S.A.,CONFLUENCIA SUR,VACA MUERTA,Extracción Efectiva,Petrolífero,Sin Sistema de Extracción,EXPLORACION,6338.0,,,0.0,0.0,0.0,0.0,prod_2026
166855,PET.RN.CoS.x-4(h),2026-08,PHOENIX GLOBAL RESOURCES S.A.,CONFLUENCIA SUR,VACA MUERTA,Extracción Efectiva,Petrolífero,Surgencia Natural,EXPLORACION,6388.0,,,2556.75,149.5643,0.0,31.0,prod_2026
166856,PET.RN.CoS.x-5(h),2026-08,PHOENIX GLOBAL RESOURCES S.A.,CONFLUENCIA SUR,VACA MUERTA,Extracción Efectiva,Petrolífero,Surgencia Natural,EXPLORACION,6344.0,,,2952.81,174.9209,0.0,31.0,prod_2026
166857,VIS.Nq.BPO-2840(h),2026-08,VISTA ENERGY ARGENTINA SAU,BAJADA DEL PALO OESTE,VACA MUERTA,Extracción Efectiva,Petrolífero,Surgencia Natural,EXPLOTACION,6421.0,,,223.851,19.667,90.953,4.765,prod_2026
166858,VIS.Nq.BPO-2842(h),2026-08,VISTA ENERGY ARGENTINA SAU,BAJADA DEL PALO OESTE,VACA MUERTA,Extracción Efectiva,Petrolífero,Gas Lift,EXPLOTACION,5843.0,,,2571.897,118.714,802.553,30.981,prod_2026
166859,VIS.Nq.BPO-2843(h),2026-08,VISTA ENERGY ARGENTINA SAU,BAJADA DEL PALO OESTE,VACA MUERTA,Extracción Efectiva,Petrolífero,Gas Lift,EXPLOTACION,5777.0,,,2742.074,125.925,1075.415,29.0,prod_2026
166860,VIS.Nq.BPO-2844(h),2026-08,VISTA ENERGY ARGENTINA SAU,BAJADA DEL PALO OESTE,VACA MUERTA,Extracción Efectiva,Petrolífero,Gas Lift,EXPLOTACION,6075.0,,,2642.245,178.023,935.626,31.0,prod_2026
166861,VIS.Nq.BPO-2845(h),2026-08,VISTA ENERGY ARGENTINA SAU,BAJADA DEL PALO OESTE,VACA MUERTA,Extracción Efectiva,Petrolífero,Gas Lift,EXPLOTACION,6186.0,,,2056.414,123.029,834.308,31.0,prod_2026
166862,PET.RN.CoS.x-3(h)v,2026-08,PHOENIX GLOBAL RESOURCES S.A.,CONFLUENCIA NORTE,VACA MUERTA,Extracción Efectiva,Petrolífero,Surgencia Natural,EXPLORACION,6338.0,,,8197.839,543.1741,0.0,30.98958,prod_2026
166871,PLU.Nq.LCa-3038(h),2026-08,PLUSPETROL S.A.,LA CALERA,VACA MUERTA,Extracción Efectiva,Gasífero,Surgencia Natural,EXPLOTACION,6107.0,,,3936.474,7472.468,4951.041,30.83333,prod_2026
166873,YPF.Nq.ELg-101(h),2026-08,YPF S.A.,LA ANGOSTURA SUR II,VACA MUERTA,Extracción Efectiva,Petrolífero,Surgencia Natural,EXPLOTACION,7213.0,,,4932.55,1042.93,4349.84,30.6,prod_2026
166874,YPF.Nq.ELg-26(h),2026-08,YPF S.A.,LA ANGOSTURA SUR II,VACA MUERTA,Extracción Efectiva,Petrolífero,Surgencia Natural,EXPLOTACION,7054.0,,,4024.82,978.59,3264.94,30.56,prod_2026
166875,YPF.Nq.ELg-27(h),2026-08,YPF S.A.,LA ANGOSTURA SUR II,VACA MUERTA,Extracción Efectiva,Petrolífero,Surgencia Natural,EXPLOTACION,6294.0,,,3291.42,797.05,2636.9,30.6,prod_2026
166876,YPF.Nq.LCav-1000(h),2026-08,YPF S.A.,BANDURRIA SUR,VACA MUERTA,Extracción Efectiva,Petrolífero,Surgencia Natural,EXPLOTACION,6026.0,,,3481.58,635.11,419.02,29.94,prod_2026
166877,YPF.Nq.LCav-137(h),2026-08,YPF S.A.,BANDURRIA SUR,VACA MUERTA,Extracción Efectiva,Petrolífero,Surgencia Natural,EXPLOTACION,6034.0,,,2093.32,558.03,387.44,29.96,prod_2026
166878,YPF.Nq.LCav-413(h),2026-08,YPF S.A.,BANDURRIA SUR,VACA MUERTA,Extracción Efectiva,Petrolífero,Surgencia Natural,EXPLOTACION,4913.0,,,3122.67,497.82,508.52,30.77,prod_2026
166879,YPF.Nq.LCav-414(h),2026-08,YPF S.A.,BANDURRIA SUR,VACA MUERTA,Extracción Efectiva,Petrolífero,Surgencia Natural,EXPLOTACION,4985.0,,,2703.72,445.76,218.86,30.77,prod_2026
166880,YPF.Nq.LCav-415(h),2026-08,YPF S.A.,BANDURRIA SUR,VACA MUERTA,Extracción Efectiva,Petrolífero,Surgencia Natural,EXPLOTACION,0.0,,,2212.16,344.66,498.62,30.85,prod_2026
166881,YPF.Nq.LCav-416(h),2026-08,YPF S.A.,BANDURRIA SUR,VACA MUERTA,Extracción Efectiva,Petrolífero,Surgencia Natural,EXPLOTACION,0.0,,,5467.33,860.21,278.97,30.88,prod_2026
166882,YPF.Nq.LCav-678(h),2026-08,YPF S.A.,BANDURRIA SUR,VACA MUERTA,Extracción Efectiva,Petrolífero,Surgencia Natural,EXPLOTACION,5924.0,,,1909.38,437.95,769.57,30.39,prod_2026
166883,YPF.Nq.LCav-679(h),2026-08,YPF S.A.,BANDURRIA SUR,VACA MUERTA,Extracción Efectiva,Petrolífero,Surgencia Natural,EXPLOTACION,5912.0,,,2711.53,496.29,220.06,30.39,prod_2026
166884,YPF.Nq.LCav-682(h),2026-08,YPF S.A.,BANDURRIA SUR,VACA MUERTA,Extracción Efectiva,Petrolífero,Surgencia Natural,EXPLOTACION,5998.0,,,2183.23,472.61,265.06,30.21,prod_2026
166885,YPF.Nq.LCav-847(h),2026-08,YPF S.A.,BANDURRIA SUR,VACA MUERTA,Extracción Efectiva,Petrolífero,Surgencia Natural,EXPLOTACION,5953.0,,,2480.54,514.02,1232.98,30.56,prod_2026
166886,YPF.Nq.LCav-885(h),2026-08,YPF S.A.,BANDURRIA SUR,VACA MUERTA,Extracción Efectiva,Petrolífero,Surgencia Natural,EXPLOTACION,5982.0,,,2914.65,1279.22,639.19,29.3,prod_2026
166887,YPF.Nq.LCav-886(h),2026-08,YPF S.A.,BANDURRIA SUR,VACA MUERTA,Extracción Efectiva,Petrolífero,Surgencia Natural,EXPLOTACION,5652.0,,,3584.02,1325.41,1223.48,28.88,prod_2026
166888,YPF.Nq.LCav-890(h),2026-08,YPF S.A.,BANDURRIA SUR,VACA MUERTA,Extracción Efectiva,Petrolífero,Surgencia Natural,EXPLOTACION,5911.0,,,1328.99,517.07,252.44,29.34,prod_2026
166890,YPF.Nq.LLL-1460(h),2026-08,YPF S.A.,LOMA CAMPANA-LLL,VACA MUERTA,Extracción Efectiva,Petrolífero,Surgencia Natural,EXPLOTACION,7677.0,,,3148.09,464.34,133.18,31.0,prod_2026
166891,YPF.Nq.LLL-1862(h),2026-08,YPF S.A.,LOMA CAMPANA-LLL,VACA MUERTA,Extracción Efectiva,Petrolífero,Surgencia Natural,EXPLOTACION,7922.0,,,869.28,295.37,282.95,30.98,prod_2026
166892,YPF.Nq.LajE-193(h),2026-08,YPF S.A.,LA ANGOSTURA SUR I,VACA MUERTA,Extracción Efectiva,Petrolífero,Surgencia Natural,EXPLOTACION,0.0,,,5215.25,1209.83,79.21,30.7,prod_2026
166893,YPF.Nq.LajE-194(h),2026-08,YPF S.A.,LA ANGOSTURA SUR I,VACA MUERTA,Extracción Efectiva,Petrolífero,Surgencia Natural,EXPLOTACION,6382.0,,,1200.96,260.72,32.71,24.1,prod_2026
166894,YPF.Nq.LajE-60(h),2026-08,YPF S.A.,LA ANGOSTURA SUR I,VACA MUERTA,Extracción Efectiva,Petrolífero,Surgencia Natural,EXPLOTACION,6246.0,,,5907.86,1202.42,370.81,30.96,prod_2026
166895,YPF.Nq.LajE-61(h),2026-08,YPF S.A.,LA ANGOSTURA SUR I,VACA MUERTA,Extracción Efectiva,Petrolífero,Surgencia Natural,EXPLOTACION,6291.0,,,2227.22,454.28,64.83,30.92,prod_2026
166896,YPF.Nq.SOil-475(h),2026-08,YPF S.A.,LOMA CAMPANA,VACA MUERTA,Extracción Efectiva,Petrolífero,Surgencia Natural,EXPLOTACION,8239.0,,,4993.66,493.62,216.75,30.79,prod_2026
166897,SHE.Nq.BAn-1003(h),2026-08,SHELL ARGENTINA S.A.,BAJADA DE AÑELO,VACA MUERTA,Otras Situación Inactivo,Gasífero,Surgencia Natural,EXPLOTACION,4890.0,,,0.0,0.0,0.0,0.0,prod_2026
166898,SHE.Nq.BAn-1006(h),2026-08,SHELL ARGENTINA S.A.,BAJADA DE AÑELO,VACA MUERTA,Otras Situación Inactivo,Gasífero,Surgencia Natural,EXPLOTACION,5040.0,,,0.0,0.0,0.0,0.0,prod_2026
166903,PLU.Nq.LCa-3037(h),2026-08,PLUSPETROL S.A.,LA CALERA,VACA MUERTA,Extracción Efectiva,Gasífero,Surgencia Natural,EXPLOTACION,6140.0,,,4023.303,5444.757,2851.204,30.9375,prod_2026
166906,VIS.Nq.BPO-2631(h),2026-08,VISTA ENERGY ARGENTINA SAU,BAJADA DEL PALO OESTE,VACA MUERTA,Extracción Efectiva,Petrolífero,Gas Lift,EXPLOTACION,6096.0,,,1848.976,133.239,581.07,18.364,prod_2026
166907,VIS.Nq.BPO-2632(h),2026-08,VISTA ENERGY ARGENTINA SAU,BAJADA DEL PALO OESTE,VACA MUERTA,Extracción Efectiva,Petrolífero,Gas Lift,EXPLOTACION,6021.0,,,1946.773,236.747,518.363,18.383,prod_2026
166908,VIS.Nq.BPO-2633(h),2026-08,VISTA ENERGY ARGENTINA SAU,BAJADA DEL PALO OESTE,VACA MUERTA,Extracción Efectiva,Petrolífero,Gas Lift,EXPLOTACION,6076.0,,,3443.938,46.013,1094.916,30.595,prod_2026
166909,VIS.Nq.BPO-2634(h),2026-08,VISTA ENERGY ARGENTINA SAU,BAJADA DEL PALO OESTE,VACA MUERTA,Extracción Efectiva,Petrolífero,Gas Lift,EXPLOTACION,5997.0,,,2359.398,54.044,1125.292,23.57,prod_2026
166911,PCN.Nq.BdC-1001(h),2026-08,PLUSPETROL CUENCA NEUQUINA S.R.L.,BAJO DEL CHOIQUE,VACA MUERTA,Extracción Efectiva,Petrolífero,Surgencia Natural,EXPLOTACION,6790.0,,,8197.66,1634.63,2382.85,30.0,prod_2026
166912,PLU.Nq.LCa-3297(h),2026-08,PLUSPETROL S.A.,LA CALERA,VACA MUERTA,Extracción Efectiva,Gasífero,Surgencia Natural,EXPLOTACION,6296.0,,,2619.94,17026.222,2505.873,29.6875,prod_2026
166913,PCN.Nq.BdC-1002(h),2026-08,PLUSPETROL CUENCA NEUQUINA S.R.L.,BAJO DEL CHOIQUE,VACA MUERTA,Extracción Efectiva,Petrolífero,Surgencia Natural,EXPLOTACION,6920.0,,,9036.01,2665.61,3260.67,29.0,prod_2026
166914,PCN.Nq.BdC-1003(h),2026-08,PLUSPETROL CUENCA NEUQUINA S.R.L.,BAJO DEL CHOIQUE,VACA MUERTA,Extracción Efectiva,Petrolífero,Surgencia Natural,EXPLOTACION,6816.0,,,8154.55,1844.25,3960.74,28.0,prod_2026
166915,PCN.Nq.BdC-1004(h),2026-08,PLUSPETROL CUENCA NEUQUINA S.R.L.,BAJO DEL CHOIQUE,VACA MUERTA,Extracción Efectiva,Petrolífero,Surgencia Natural,EXPLOTACION,6330.0,,,5252.21,2582.48,1475.03,31.0,prod_2026
166916,PCN.Nq.BdC-1005(h),2026-08,PLUSPETROL CUENCA NEUQUINA S.R.L.,BAJO DEL CHOIQUE,VACA MUERTA,Extracción Efectiva,Petrolífero,Surgencia Natural,EXPLOTACION,6328.0,,,5705.63,3071.83,1435.26,29.0,prod_2026
166917,PCN.Nq.BdC-1006(h),2026-08,PLUSPETROL CUENCA NEUQUINA S.R.L.,BAJO DEL CHOIQUE,VACA MUERTA,Extracción Efectiva,Petrolífero,Surgencia Natural,EXPLOTACION,6343.0,,,6445.89,1932.78,1476.64,30.0,prod_2026
166924,YPF.Nq.LACh-1028(h),2026-08,YPF S.A.,LA AMARGA CHICA,VACA MUERTA,Extracción Efectiva,Petrolífero,Surgencia Natural,EXPLOTACION,6711.0,,,3173.68,418.44,2287.61,31.0,prod_2026
166925,YPF.Nq.LACh-1029(h)(I),2026-08,YPF S.A.,LA AMARGA CHICA,VACA MUERTA,Extracción Efectiva,Petrolífero,Surgencia Natural,EXPLOTACION,7029.0,,,5296.21,637.82,1493.97,29.83,prod_2026
166926,YPF.Nq.LACh-1030(h),2026-08,YPF S.A.,LA AMARGA CHICA,VACA MUERTA,Extracción Efectiva,Petrolífero,Surgencia Natural,EXPLOTACION,7217.0,,,3467.37,443.02,2995.59,30.88,prod_2026
166927,YPF.Nq.LACh-1031(h),2026-08,YPF S.A.,LA AMARGA CHICA,VACA MUERTA,Extracción Efectiva,Petrolífero,Surgencia Natural,EXPLOTACION,7337.0,,,4732.67,556.21,1613.6,31.0,prod_2026
166928,YPF.Nq.LACh-426(h),2026-08,YPF S.A.,LA AMARGA CHICA,VACA MUERTA,Extracción Efectiva,Petrolífero,Surgencia Natural,EXPLOTACION,7120.0,,,2757.47,383.22,548.76,30.81,prod_2026
166929,YPF.Nq.LACh-427(h),2026-08,YPF S.A.,LA AMARGA CHICA,VACA MUERTA,Extracción Efectiva,Petrolífero,Surgencia Natural,EXPLOTACION,7164.0,,,4023.25,533.81,349.78,30.98,prod_2026
166930,YPF.Nq.LLL-1458(h),2026-08,YPF S.A.,LOMA CAMPANA-LLL,VACA MUERTA,Extracción Efectiva,Petrolífero,Surgencia Natural,EXPLOTACION,7468.0,,,1874.61,291.92,137.44,25.27,prod_2026
166931,YPF.Nq.LLL-1459(h),2026-08,YPF S.A.,LOMA CAMPANA-LLL,VACA MUERTA,Extracción Efectiva,Petrolífero,Surgencia Natural,EXPLOTACION,7586.0,,,4204.96,642.48,365.75,31.0,prod_2026
166932,YPF.Nq.LLL-1699(h),2026-08,YPF S.A.,LOMA CAMPANA-LLL,VACA MUERTA,Extracción Efectiva,Petrolífero,Surgencia Natural,EXPLOTACION,7744.0,,,3609.72,540.48,129.19,28.35,prod_2026
166933,YPF.Nq.LLL-1783(h),2026-08,YPF S.A.,LOMA CAMPANA-LLL,VACA MUERTA,Extracción Efectiva,Petrolífero,Surgencia Natural,EXPLOTACION,7262.0,,,4218.33,464.01,267.04,31.0,prod_2026
166934,YPF.Nq.LLL-1784(h),2026-08,YPF S.A.,LOMA CAMPANA-LLL,VACA MUERTA,Extracción Efectiva,Petrolífero,Surgencia Natural,EXPLOTACION,7033.0,,,3288.31,376.99,243.57,31.0,prod_2026
166935,YPF.Nq.LLL-1785(h),2026-08,YPF S.A.,LOMA CAMPANA-LLL,VACA MUERTA,Extracción Efectiva,Petrolífero,Surgencia Natural,EXPLOTACION,6771.0,,,3035.11,376.5,229.44,31.0,prod_2026
166936,YPF.Nq.LLL-1786(h),2026-08,YPF S.A.,LOMA CAMPANA-LLL,VACA MUERTA,Extracción Efectiva,Petrolífero,Surgencia Natural,EXPLOTACION,6574.0,,,2646.09,317.81,160.86,31.0,prod_2026
166937,YPF.Nq.SOil-476(h),2026-08,YPF S.A.,LOMA CAMPANA,VACA MUERTA,Extracción Efectiva,Petrolífero,Surgencia Natural,EXPLOTACION,8376.0,,,4415.91,474.87,191.17,30.44,prod_2026
166950,SHE.Nq.BAn-1034(h),2026-08,SHELL ARGENTINA S.A.,BAJADA DE AÑELO,VACA MUERTA,Extracción Efectiva,Gasífero,Surgencia Natural,EXPLOTACION,5116.0,,,3397.76,2234.13,544.66,31.0,prod_2026
166951,SHE.Nq.BAn-1035(h),2026-08,SHELL ARGENTINA S.A.,BAJADA DE AÑELO,VACA MUERTA,Extracción Efectiva,Gasífero,Surgencia Natural,EXPLOTACION,5208.0,,,1013.31,355.54,200.61,30.94,prod_2026
166952,SHE.Nq.BAn-1036(h),2026-08,SHELL ARGENTINA S.A.,BAJADA DE AÑELO,VACA MUERTA,Extracción Efectiva,Gasífero,Surgencia Natural,EXPLOTACION,5138.0,,,2597.49,1310.05,317.53,31.0,prod_2026
166953,SHE.Nq.BAn-1037(h),2026-08,SHELL ARGENTINA S.A.,BAJADA DE AÑELO,VACA MUERTA,Extracción Efectiva,Gasífero,Surgencia Natural,EXPLOTACION,5275.0,,,664.21,370.72,93.6,29.05,prod_2026
166958,PAM.Nq.SCh-1017(h),2026-08,PAMPA ENERGIA S.A.,SIERRA CHATA,VACA MUERTA,Extracción Efectiva,Gasífero,Surgencia Natural,EXPLOTACION,6201.0,,,0.0,8808.92,582.3582,30.51389,prod_2026
166959,PAM.Nq.SCh-1020(h),2026-08,PAMPA ENERGIA S.A.,SIERRA CHATA,VACA MUERTA,Extracción Efectiva,Gasífero,Surgencia Natural,EXPLOTACION,6208.0,,,0.0,10832.7,1010.068,30.78056,prod_2026
166960,PLU.Nq.LCa-3036(h),2026-08,PLUSPETROL S.A.,LA CALERA,VACA MUERTA,Extracción Efectiva,Gasífero,Surgencia Natural,EXPLOTACION,6004.0,,,5052.807,9248.065,4477.166,31.0,prod_2026
166961,PLU.Nq.LCa-3035(h),2026-08,PLUSPETROL S.A.,LA CALERA,VACA MUERTA,Extracción Efectiva,Gasífero,Surgencia Natural,EXPLOTACION,6004.0,,,6609.46,10916.854,2680.061,30.77083,prod_2026
166962,PLU.Nq.LCa-3296(h),2026-08,PLUSPETROL S.A.,LA CALERA,VACA MUERTA,Extracción Efectiva,Gasífero,Surgencia Natural,EXPLOTACION,6243.0,,,2438.404,17325.586,2069.78,29.3125,prod_2026
166963,VIS.Nq.BPO-2361(h),2026-08,VISTA ENERGY ARGENTINA SAU,BAJADA DEL PALO OESTE,VACA MUERTA,Extracción Efectiva,Petrolífero,Gas Lift,EXPLOTACION,6305.0,,,4105.818,454.857,808.581,30.722,prod_2026
166964,VIS.Nq.BPO-2364(h),2026-08,VISTA ENERGY ARGENTINA SAU,BAJADA DEL PALO OESTE,VACA MUERTA,Extracción Efectiva,Petrolífero,Gas Lift,EXPLOTACION,6191.0,,,3625.018,215.891,980.95,30.751,prod_2026
166966,VIS.Nq.BPO-2363(h),2026-08,VISTA ENERGY ARGENTINA SAU,BAJADA DEL PALO OESTE,VACA MUERTA,Extracción Efectiva,Petrolífero,Gas Lift,EXPLOTACION,6272.0,,,4019.07,251.27,836.383,30.681,prod_2026
166967,YPF.Nq.AdCh-1114(h),2026-08,YPF S.A.,LOMA COLORADA,VACA MUERTA,Extracción Efectiva,Petrolífero,Surgencia Natural,EXPLOTACION,6369.0,,,2532.27,167.7,656.95,31.0,prod_2026
166968,YPF.Nq.AdCh-1115(h),2026-08,YPF S.A.,LOMA COLORADA,VACA MUERTA,Extracción Efectiva,Petrolífero,Surgencia Natural,EXPLOTACION,6237.0,,,1828.81,137.27,1024.36,31.0,prod_2026
166969,YPF.Nq.AdCh-1116(h),2026-08,YPF S.A.,LOMA COLORADA,VACA MUERTA,Extracción Efectiva,Petrolífero,Surgencia Natural,EXPLOTACION,0.0,,,2786.2,188.01,721.36,31.0,prod_2026
166970,YPF.Nq.AdCh-1117(h),2026-08,YPF S.A.,LOMA COLORADA,VACA MUERTA,Extracción Efectiva,Petrolífero,Surgencia Natural,EXPLOTACION,6236.0,,,1773.38,128.71,1083.89,30.23,prod_2026
166971,YPF.Nq.BaG-3(h),2026-08,YPF S.A.,SIERRA BARROSA,VACA MUERTA,Extracción Efectiva,Petrolífero,Surgencia Natural,EXPLOTACION,0.0,,,1079.32,119.54,11.35,26.67,prod_2026
166972,YPF.Nq.BaG-5(h),2026-08,YPF S.A.,SIERRA BARROSA,VACA MUERTA,Extracción Efectiva,Petrolífero,Surgencia Natural,EXPLOTACION,5966.0,,,2132.77,271.9,41.96,30.44,prod_2026
166973,YPF.Nq.BaG-7(h),2026-08,YPF S.A.,SIERRA BARROSA,VACA MUERTA,Extracción Efectiva,Petrolífero,Surgencia Natural,EXPLOTACION,5958.0,,,1404.46,161.94,27.96,30.58,prod_2026
166974,YPF.Nq.BdT.x-100(h),2026-08,YPF S.A.,BAJO DEL TORO,VACA MUERTA,Extracción Efectiva,Petrolífero,Surgencia Natural,EXPLORACION,5997.0,,,4199.83,736.95,562.35,30.42,prod_2026
166975,YPF.Nq.ELg-19(h),2026-08,YPF S.A.,LA ANGOSTURA SUR II,VACA MUERTA,Extracción Efectiva,Petrolífero,Surgencia Natural,EXPLOTACION,6587.0,,,5337.65,1569.68,5207.91,30.41,prod_2026
166976,YPF.Nq.LACh-424(h),2026-08,YPF S.A.,LA AMARGA CHICA,VACA MUERTA,Extracción Efectiva,Petrolífero,Surgencia Natural,EXPLOTACION,7080.0,,,2030.62,303.82,1005.38,31.0,prod_2026
166977,YPF.Nq.LACh-425(h),2026-08,YPF S.A.,LA AMARGA CHICA,VACA MUERTA,Extracción Efectiva,Petrolífero,Surgencia Natural,EXPLOTACION,7403.0,,,3241.81,448.16,276.21,31.0,prod_2026
166979,YPF.Nq.LCav-396(h),2026-08,YPF S.A.,BANDURRIA SUR,VACA MUERTA,Extracción Efectiva,Petrolífero,Surgencia Natural,EXPLOTACION,5842.0,,,2962.49,554.11,1740.2,30.78,prod_2026
166980,YPF.Nq.LCav-397(h),2026-08,YPF S.A.,BANDURRIA SUR,VACA MUERTA,Extracción Efectiva,Petrolífero,Surgencia Natural,EXPLOTACION,5389.0,,,1401.18,287.31,910.33,23.59,prod_2026
166981,YPF.Nq.LCav-398(h),2026-08,YPF S.A.,BANDURRIA SUR,VACA MUERTA,Extracción Efectiva,Petrolífero,Surgencia Natural,EXPLOTACION,5618.0,,,1688.01,386.04,493.92,24.54,prod_2026
166982,YPF.Nq.LCav-399(h),2026-08,YPF S.A.,BANDURRIA SUR,VACA MUERTA,Extracción Efectiva,Petrolífero,Surgencia Natural,EXPLOTACION,5532.0,,,2464.33,467.34,545.1,30.3,prod_2026
166985,YPF.Nq.LLL-1461(h),2026-08,YPF S.A.,LOMA CAMPANA-LLL,VACA MUERTA,Parado Transitoriamente,Petrolífero,Surgencia Natural,EXPLOTACION,7654.0,,,0.0,0.0,0.0,0.0,prod_2026
166986,YPF.Nq.LajE-168(h),2026-08,YPF S.A.,LA ANGOSTURA SUR I,VACA MUERTA,Extracción Efectiva,Petrolífero,Surgencia Natural,EXPLOTACION,6420.0,,,4786.03,1166.0,76.79,30.6,prod_2026
166987,YPF.Nq.LajE-76(h),2026-08,YPF S.A.,LA ANGOSTURA SUR I,VACA MUERTA,Extracción Efectiva,Petrolífero,Surgencia Natural,EXPLOTACION,6564.0,,,6381.12,1456.62,74.61,30.71,prod_2026
166988,YPF.Nq.LajE-77(h),2026-08,YPF S.A.,LA ANGOSTURA SUR I,VACA MUERTA,Extracción Efectiva,Petrolífero,Surgencia Natural,EXPLOTACION,6516.0,,,3867.57,1031.42,289.96,30.58,prod_2026
166989,YPF.Nq.LajE-78(h),2026-08,YPF S.A.,LA ANGOSTURA SUR I,VACA MUERTA,Extracción Efectiva,Petrolífero,Surgencia Natural,EXPLOTACION,0.0,,,6098.26,1310.41,144.51,30.73,prod_2026
166990,TAU.Nq.RCza.a-6(d),2026-08,VACA MUERTA INVERSIONES SAU,RINCON LA CENIZA,VACA MUERTA,En Estudio,Otro tipo,Surgencia Natural,EXPLOTACION,2527.0,,,0.0,0.0,0.0,0.0,prod_2026
166991,TAU.Nq.RCza.a-9,2026-08,VACA MUERTA INVERSIONES SAU,RINCON LA CENIZA,VACA MUERTA,En Estudio,Otro tipo,Surgencia Natural,EXPLOTACION,4370.0,,,0.0,0.0,0.0,0.0,prod_2026
166994,YPF.Nq.ELg-33(h),2026-08,YPF S.A.,LA ANGOSTURA SUR II,VACA MUERTA,Extracción Efectiva,Petrolífero,Surgencia Natural,EXPLOTACION,6582.0,,,4060.33,1167.87,4270.85,30.64,prod_2026
166995,YPF.Nq.ELg-34(h),2026-08,YPF S.A.,LA ANGOSTURA SUR II,VACA MUERTA,Extracción Efectiva,Petrolífero,Surgencia Natural,EXPLOTACION,6597.0,,,4107.97,1202.1,4571.31,30.58,prod_2026
166997,PAM.Nq.RdA-2040(h),2026-08,PAMPA ENERGIA S.A.,RINCON DE ARANDA,VACA MUERTA,Extracción Efectiva,Petrolífero,Surgencia Natural,EXPLOTACION,5465.0,,,1096.614,128.5299,631.5556,21.5,prod_2026
166998,PAM.Nq.RdA-2041(h),2026-08,PAMPA ENERGIA S.A.,RINCON DE ARANDA,VACA MUERTA,Extracción Efectiva,Petrolífero,Surgencia Natural,EXPLOTACION,5405.0,,,904.7728,125.0987,1178.975,28.29167,prod_2026
166999,PAM.Nq.RdA-2042(h),2026-08,PAMPA ENERGIA S.A.,RINCON DE ARANDA,VACA MUERTA,Extracción Efectiva,Petrolífero,Surgencia Natural,EXPLOTACION,5520.0,,,1336.258,173.7641,1994.915,31.0,prod_2026
167000,PAM.Nq.RdA-2043(h),2026-08,PAMPA ENERGIA S.A.,RINCON DE ARANDA,VACA MUERTA,Extracción Efectiva,Petrolífero,Surgencia Natural,EXPLOTACION,5516.0,,,2084.283,224.5208,1290.237,31.0,prod_2026
167009,PAM.Nq.SCh-1018(h),2026-08,PAMPA ENERGIA S.A.,SIERRA CHATA,VACA MUERTA,Extracción Efectiva,Gasífero,Surgencia Natural,EXPLOTACION,6166.0,,,0.0,7860.36,425.583,30.4375,prod_2026
167010,PAM.Nq.SCh-1019(h),2026-08,PAMPA ENERGIA S.A.,SIERRA CHATA,VACA MUERTA,Extracción Efectiva,Gasífero,Surgencia Natural,EXPLOTACION,6163.0,,,0.0,9623.038,515.7261,30.88125,prod_2026
167011,VIS.Nq.BPO-2241(h),2026-08,VISTA ENERGY ARGENTINA SAU,BAJADA DEL PALO OESTE,VACA MUERTA,Extracción Efectiva,Petrolífero,Gas Lift,EXPLOTACION,6375.0,,,4637.019,506.004,776.48,30.916,prod_2026
167012,VIS.Nq.BPO-2242(h),2026-08,VISTA ENERGY ARGENTINA SAU,BAJADA DEL PALO OESTE,VACA MUERTA,Extracción Efectiva,Petrolífero,Gas Lift,EXPLOTACION,6260.0,,,2380.849,485.292,453.542,21.903,prod_2026
167014,VIS.Nq.BPO-2243(h),2026-08,VISTA ENERGY ARGENTINA SAU,BAJADA DEL PALO OESTE,VACA MUERTA,Extracción Efectiva,Petrolífero,Gas Lift,EXPLOTACION,6322.0,,,4395.141,862.395,2201.271,30.667,prod_2026
167015,VIS.Nq.BPO-2244(h),2026-08,VISTA ENERGY ARGENTINA SAU,BAJADA DEL PALO OESTE,VACA MUERTA,Extracción Efectiva,Petrolífero,Gas Lift,EXPLOTACION,6412.0,,,4582.844,609.504,1183.201,28.411,prod_2026
167016,VIS.Nq.BPO-2245(h),2026-08,VISTA ENERGY ARGENTINA SAU,BAJADA DEL PALO OESTE,VACA MUERTA,Extracción Efectiva,Petrolífero,Gas Lift,EXPLOTACION,6265.0,,,4501.763,761.473,1062.251,30.83,prod_2026
167017,CHA.Nq.ETE-2441(h),2026-08,CHEVRON ARGENTINA S.R.L.,EL TRAPIAL ESTE,VACA MUERTA,Extracción Efectiva,Petrolífero,Surgencia Natural,EXPLOTACION,6479.0,,,4688.02,1583.0933400000004,5513.74,30.354,prod_2026
167018,CHA.Nq.ETE-2442(h),2026-08,CHEVRON ARGENTINA S.R.L.,EL TRAPIAL ESTE,VACA MUERTA,Extracción Efectiva,Petrolífero,Surgencia Natural,EXPLOTACION,6480.0,,,8138.67,2385.28014,7469.93,30.354,prod_2026
167019,CHA.Nq.ETE-2443(h),2026-08,CHEVRON ARGENTINA S.R.L.,EL TRAPIAL ESTE,VACA MUERTA,Extracción Efectiva,Petrolífero,Surgencia Natural,EXPLOTACION,6740.0,,,9998.54,3787.69739,3580.68,30.521,prod_2026
167020,CHA.Nq.ETE-2444(h),2026-08,CHEVRON ARGENTINA S.R.L.,EL TRAPIAL ESTE,VACA MUERTA,Extracción Efectiva,Petrolífero,Surgencia Natural,EXPLOTACION,6605.0,,,7351.26,2282.24285,5084.0,30.479,prod_2026
167021,PLU.Nq.LCa-3034(h),2026-08,PLUSPETROL S.A.,LA CALERA,VACA MUERTA,Extracción Efectiva,Gasífero,Surgencia Natural,EXPLOTACION,6146.0,,,4315.449,6363.504,3075.785,31.0,prod_2026
167022,PLU.Nq.LCa-3295(h),2026-08,PLUSPETROL S.A.,LA CALERA,VACA MUERTA,Extracción Efectiva,Gasífero,Surgencia Natural,EXPLOTACION,6343.0,,,2054.905,17306.238,2424.642,30.0,prod_2026
167023,PAM.Nq.RdA-2032(h),2026-08,PAMPA ENERGIA S.A.,RINCON DE ARANDA,VACA MUERTA,Extracción Efectiva,Petrolífero,Electrosumergible,EXPLOTACION,5517.0,,,4402.453,659.5488,3017.341,29.75,prod_2026
167024,PET.Nq.MMo-2241(h),2026-08,PHOENIX GLOBAL RESOURCES S.A.,MATA MORA NORTE,VACA MUERTA,Extracción Efectiva,Petrolífero,Surgencia Natural,EXPLOTACION,6600.0,,,3457.759,154.7959,91.14416,30.99028,prod_2026
167025,PET.Nq.MMo-2242(h),2026-08,PHOENIX GLOBAL RESOURCES S.A.,MATA MORA NORTE,VACA MUERTA,Extracción Efectiva,Petrolífero,Surgencia Natural,EXPLOTACION,6307.7,,,2815.101,125.565,51.33479,30.98264,prod_2026
167026,PET.Nq.MMo-2243(h),2026-08,PHOENIX GLOBAL RESOURCES S.A.,MATA MORA NORTE,VACA MUERTA,Extracción Efectiva,Petrolífero,Surgencia Natural,EXPLOTACION,6524.0,,,5030.276,256.8282,172.0335,31.0,prod_2026
167027,PET.Nq.MMo-2244(h),2026-08,PHOENIX GLOBAL RESOURCES S.A.,MATA MORA NORTE,VACA MUERTA,Extracción Efectiva,Petrolífero,Surgencia Natural,EXPLOTACION,6653.0,,,3082.867,155.1727,92.60623,31.0,prod_2026
167028,TPT.Nq.FP-1478(h),2026-08,TECPETROL S.A.,FORTIN DE PIEDRA,VACA MUERTA,Extracción Efectiva,Gasífero,Surgencia Natural,EXPLOTACION,5551.0,,,1356.301,7988.792,928.4471,30.09583,prod_2026
167029,TPT.Nq.FP-1482(h),2026-08,TECPETROL S.A.,FORTIN DE PIEDRA,VACA MUERTA,Extracción Efectiva,Gasífero,Surgencia Natural,EXPLOTACION,5400.0,,,1511.244,5910.36,1337.116,31.0,prod_2026
167030,TPT.Nq.FP-1481(h),2026-08,TECPETROL S.A.,FORTIN DE PIEDRA,VACA MUERTA,Extracción Efectiva,Gasífero,Surgencia Natural,EXPLOTACION,5577.0,,,1192.366,7638.053,771.892,31.0,prod_2026
167031,TPT.Nq.FP-1483(h),2026-08,TECPETROL S.A.,FORTIN DE PIEDRA,VACA MUERTA,Extracción Efectiva,Gasífero,Surgencia Natural,EXPLOTACION,5429.0,,,1677.37,7386.69,1121.175,30.78125,prod_2026
167032,TPT.Nq.FP-1484(h),2026-08,TECPETROL S.A.,FORTIN DE PIEDRA,VACA MUERTA,Extracción Efectiva,Gasífero,Surgencia Natural,EXPLOTACION,5597.0,,,1532.971,9191.052,847.492,30.06736,prod_2026
167033,TPT.Nq.FP-1475(h),2026-08,TECPETROL S.A.,FORTIN DE PIEDRA,VACA MUERTA,Extracción Efectiva,Gasífero,Surgencia Natural,EXPLOTACION,5570.0,,,1257.581,6875.717,1229.171,30.93333,prod_2026
167034,TPT.Nq.FP-1476(h),2026-08,TECPETROL S.A.,FORTIN DE PIEDRA,VACA MUERTA,Extracción Efectiva,Gasífero,Surgencia Natural,EXPLOTACION,5604.0,,,963.1185,6438.938,479.2946,30.99306,prod_2026
167035,TPT.Nq.FP-1477(h),2026-08,TECPETROL S.A.,FORTIN DE PIEDRA,VACA MUERTA,Extracción Efectiva,Gasífero,Surgencia Natural,EXPLOTACION,5447.0,,,1262.915,5605.217,2008.151,30.67917,prod_2026
167036,TPT.Nq.LTE-1202(h),2026-08,TECPETROL S.A.,LOS TOLDOS ESTE,VACA MUERTA,Extracción Efectiva,Petrolífero,Surgencia Natural,EXPLOTACION,6370.0,,,2650.754,527.2168,2305.814,17.00833,prod_2026
167037,YPF.Nq.ELg-18(h),2026-08,YPF S.A.,LA ANGOSTURA SUR II,VACA MUERTA,Extracción Efectiva,Petrolífero,Surgencia Natural,EXPLOTACION,6086.0,,,3442.14,950.97,4047.45,30.54,prod_2026
167038,YPF.Nq.LACh-704(h),2026-08,YPF S.A.,LA AMARGA CHICA,VACA MUERTA,Extracción Efectiva,Petrolífero,Surgencia Natural,EXPLOTACION,7317.0,,,3368.97,331.39,105.0,30.69,prod_2026
167039,YPF.Nq.LACh-705(h),2026-08,YPF S.A.,LA AMARGA CHICA,VACA MUERTA,Extracción Efectiva,Petrolífero,Surgencia Natural,EXPLOTACION,7262.0,,,1269.27,130.4,237.55,30.48,prod_2026
167040,YPF.Nq.LACh-710(h),2026-08,YPF S.A.,LA AMARGA CHICA,VACA MUERTA,Extracción Efectiva,Petrolífero,Surgencia Natural,EXPLOTACION,0.0,,,4126.61,365.14,177.43,30.71,prod_2026
167041,YPF.Nq.LACh-711(h),2026-08,YPF S.A.,LA AMARGA CHICA,VACA MUERTA,Extracción Efectiva,Petrolífero,Surgencia Natural,EXPLOTACION,7230.0,,,1945.37,193.37,0.0,30.71,prod_2026
167047,VIS.Nq.BPO-2911(h),2026-08,VISTA ENERGY ARGENTINA SAU,BAJADA DEL PALO OESTE,VACA MUERTA,Extracción Efectiva,Petrolífero,Surgencia Natural,EXPLOTACION,5082.0,,,1854.913,171.382,469.831,29.565,prod_2026
167049,VIS.Nq.BPO-2912(h),2026-08,VISTA ENERGY ARGENTINA SAU,BAJADA DEL PALO OESTE,VACA MUERTA,Extracción Efectiva,Petrolífero,Surgencia Natural,EXPLOTACION,5328.0,,,2163.045,182.451,358.333,24.038,prod_2026
167050,VIS.Nq.BPO-2913(h),2026-08,VISTA ENERGY ARGENTINA SAU,BAJADA DEL PALO OESTE,VACA MUERTA,Extracción Efectiva,Petrolífero,Surgencia Natural,EXPLOTACION,5181.0,,,3769.708,351.934,416.45,26.179,prod_2026
167051,VIS.Nq.BPO-2914(h),2026-08,VISTA ENERGY ARGENTINA SAU,BAJADA DEL PALO OESTE,VACA MUERTA,Extracción Efectiva,Petrolífero,Surgencia Natural,EXPLOTACION,5359.0,,,2283.905,178.1,205.558,21.474,prod_2026
167052,PAM.Nq.RdA-2033(h),2026-08,PAMPA ENERGIA S.A.,RINCON DE ARANDA,VACA MUERTA,Extracción Efectiva,Petrolífero,Surgencia Natural,EXPLOTACION,5435.0,,,660.192,82.04318,430.5788,20.27083,prod_2026
167053,PAM.Nq.RdA-2034(h),2026-08,PAMPA ENERGIA S.A.,RINCON DE ARANDA,VACA MUERTA,Extracción Efectiva,Petrolífero,Surgencia Natural,EXPLOTACION,5468.0,,,167.8189,9.764604,32.29339,20.20833,prod_2026
167054,PAM.Nq.RdA-2035(h),2026-08,PAMPA ENERGIA S.A.,RINCON DE ARANDA,VACA MUERTA,Extracción Efectiva,Petrolífero,Electrosumergible,EXPLOTACION,5450.0,,,2757.621,248.836,1382.851,28.125,prod_2026
167071,TAU.Nq.AP-1100(h),2026-08,TOTAL AUSTRAL S.A.,AGUADA PICHANA ESTE VACA MUERTA,VACA MUERTA,Extracción Efectiva,Gasífero,Surgencia Natural,EXPLOTACION,6075.0,,,511.1213,10979.65,1467.626,30.75694,prod_2026
167072,TAU.Nq.AP-1101(h),2026-08,TOTAL AUSTRAL S.A.,AGUADA PICHANA ESTE VACA MUERTA,VACA MUERTA,Extracción Efectiva,Gasífero,Surgencia Natural,EXPLOTACION,5969.0,,,515.5849,11042.7,2236.322,30.74653,prod_2026
167073,TAU.Nq.AP-1102(h),2026-08,TOTAL AUSTRAL S.A.,AGUADA PICHANA ESTE VACA MUERTA,VACA MUERTA,Extracción Efectiva,Gasífero,Surgencia Natural,EXPLOTACION,6019.0,,,475.8399,10278.71,1372.496,30.75347,prod_2026
167074,TAU.Nq.AP-1103(h),2026-08,TOTAL AUSTRAL S.A.,AGUADA PICHANA ESTE VACA MUERTA,VACA MUERTA,Extracción Efectiva,Gasífero,Surgencia Natural,EXPLOTACION,5972.0,,,569.6044,12139.51,2331.971,30.75347,prod_2026
167075,PAM.Nq.RdA-2024(h),2026-08,PAMPA ENERGIA S.A.,RINCON DE ARANDA,VACA MUERTA,Extracción Efectiva,Petrolífero,Surgencia Natural,EXPLOTACION,4773.0,,,3045.594,287.0356,1417.0,31.0,prod_2026
167076,PAM.Nq.RdA-2025(h),2026-08,PAMPA ENERGIA S.A.,RINCON DE ARANDA,VACA MUERTA,Extracción Efectiva,Petrolífero,Surgencia Natural,EXPLOTACION,5730.0,,,1514.693,116.0421,193.9086,31.0,prod_2026
167077,PAM.Nq.RdA-2026(h),2026-08,PAMPA ENERGIA S.A.,RINCON DE ARANDA,VACA MUERTA,Extracción Efectiva,Petrolífero,Surgencia Natural,EXPLOTACION,5623.0,,,2260.353,193.0327,745.8098,30.875,prod_2026
167078,PAM.Nq.RdA-2027(h),2026-08,PAMPA ENERGIA S.A.,RINCON DE ARANDA,VACA MUERTA,Extracción Efectiva,Petrolífero,Surgencia Natural,EXPLOTACION,5736.0,,,1567.628,122.2847,81.98128,30.97917,prod_2026
167080,YPF.Nq.LACh-1038(h),2026-08,YPF S.A.,LA AMARGA CHICA,VACA MUERTA,Extracción Efectiva,Petrolífero,Surgencia Natural,EXPLOTACION,5654.0,,,1559.11,219.31,63.07,25.44,prod_2026
167081,YPF.Nq.LACh-382(h),2026-08,YPF S.A.,LA AMARGA CHICA,VACA MUERTA,Extracción Efectiva,Petrolífero,Surgencia Natural,EXPLOTACION,0.0,,,3829.43,463.88,551.96,31.0,prod_2026
167082,YPF.Nq.LACh-383(h),2026-08,YPF S.A.,LA AMARGA CHICA,VACA MUERTA,Extracción Efectiva,Petrolífero,Surgencia Natural,EXPLOTACION,6053.0,,,3245.61,416.19,439.23,31.0,prod_2026
167083,YPF.Nq.LACh-436(h),2026-08,YPF S.A.,LA AMARGA CHICA,VACA MUERTA,Extracción Efectiva,Petrolífero,Surgencia Natural,EXPLOTACION,6196.0,,,2454.0,344.26,334.54,25.08,prod_2026
167084,YPF.Nq.LACh-437(h),2026-08,YPF S.A.,LA AMARGA CHICA,VACA MUERTA,Extracción Efectiva,Petrolífero,Surgencia Natural,EXPLOTACION,6215.0,,,2370.76,234.66,152.61,24.94,prod_2026
167085,YPF.Nq.LACh-438(h),2026-08,YPF S.A.,LA AMARGA CHICA,VACA MUERTA,Extracción Efectiva,Petrolífero,Surgencia Natural,EXPLOTACION,6010.0,,,2386.01,269.64,51.75,28.92,prod_2026
167086,YPF.Nq.LACh-439(h),2026-08,YPF S.A.,LA AMARGA CHICA,VACA MUERTA,Extracción Efectiva,Petrolífero,Surgencia Natural,EXPLOTACION,5937.0,,,2107.18,260.8,129.74,25.35,prod_2026
167087,YPF.Nq.LCav-739(h),2026-08,YPF S.A.,BANDURRIA SUR,VACA MUERTA,Extracción Efectiva,Petrolífero,Surgencia Natural,EXPLOTACION,5873.0,,,5770.12,1332.49,2962.54,30.21,prod_2026
167088,YPF.Nq.LCav-741(h),2026-08,YPF S.A.,BANDURRIA SUR,VACA MUERTA,Extracción Efectiva,Petrolífero,Surgencia Natural,EXPLOTACION,6028.0,,,4573.47,1301.05,1900.19,29.58,prod_2026
167089,YPF.Nq.LCav-743(h),2026-08,YPF S.A.,BANDURRIA SUR,VACA MUERTA,Extracción Efectiva,Petrolífero,Surgencia Natural,EXPLOTACION,5891.0,,,4235.27,951.42,2397.64,30.23,prod_2026
167090,YPF.Nq.LCav-745(h),2026-08,YPF S.A.,BANDURRIA SUR,VACA MUERTA,Extracción Efectiva,Petrolífero,Surgencia Natural,EXPLOTACION,5390.0,,,1186.45,293.11,214.63,19.94,prod_2026
167091,YPF.Nq.LCav-747(h),2026-08,YPF S.A.,BANDURRIA SUR,VACA MUERTA,Extracción Efectiva,Petrolífero,Surgencia Natural,EXPLOTACION,5832.0,,,5174.6,1235.0,3197.37,30.15,prod_2026
167092,YPF.Nq.LCav-749(h),2026-08,YPF S.A.,BANDURRIA SUR,VACA MUERTA,Extracción Efectiva,Petrolífero,Surgencia Natural,EXPLOTACION,5842.0,,,3628.65,1127.45,1292.63,30.23,prod_2026
167093,YPF.Nq.LajE-107(h),2026-08,YPF S.A.,LA ANGOSTURA SUR I,VACA MUERTA,Extracción Efectiva,Petrolífero,Surgencia Natural,EXPLOTACION,6895.0,,,3081.9,668.93,123.69,30.82,prod_2026
167094,YPF.Nq.LajE-94(h),2026-08,YPF S.A.,LA ANGOSTURA SUR I,VACA MUERTA,Extracción Efectiva,Petrolífero,Surgencia Natural,EXPLOTACION,0.0,,,5429.54,1002.92,89.44,30.62,prod_2026
167095,YPF.Nq.LajE-95(h),2026-08,YPF S.A.,LA ANGOSTURA SUR I,VACA MUERTA,Extracción Efectiva,Petrolífero,Surgencia Natural,EXPLOTACION,6778.0,,,2599.56,520.11,113.45,30.74,prod_2026
167096,YPF.Nq.LajE-96(h),2026-08,YPF S.A.,LA ANGOSTURA SUR I,VACA MUERTA,Extracción Efectiva,Petrolífero,Surgencia Natural,EXPLOTACION,0.0,,,4725.64,815.71,69.53,30.75,prod_2026
167097,YPF.Nq.RDMS-551(h),2026-08,YPF S.A.,RINCON DEL MANGRULLO,VACA MUERTA,Extracción Efectiva,Gasífero,Surgencia Natural,EXPLOTACION,6918.0,,,26.35,24831.89,970.54,28.96,prod_2026
167098,YPF.Nq.RDMS-552(h),2026-08,YPF S.A.,RINCON DEL MANGRULLO,VACA MUERTA,Parado Transitoriamente,Gasífero,Surgencia Natural,EXPLOTACION,6503.0,,,0.0,0.0,0.0,0.0,prod_2026
167099,YPF.Nq.RDMS-553(h),2026-08,YPF S.A.,RINCON DEL MANGRULLO,VACA MUERTA,Extracción Efectiva,Gasífero,Surgencia Natural,EXPLOTACION,6456.0,,,36.3,34248.46,737.13,28.64,prod_2026
167102,TPT.Nq.LTE-1204(h),2026-08,TECPETROL S.A.,LOS TOLDOS ESTE,VACA MUERTA,Extracción Efectiva,Petrolífero,Surgencia Natural,EXPLOTACION,6445.0,,,1114.731,314.7708,558.9296,17.12708,prod_2026
167103,TPT.Nq.FP-1396(h),2026-08,TECPETROL S.A.,FORTIN DE PIEDRA,VACA MUERTA,Extracción Efectiva,Gasífero,Surgencia Natural,EXPLOTACION,5157.0,,,830.4666,5940.75,1062.369,30.75903,prod_2026
167104,VIS.Nq.BPE-2391(h),2026-08,VISTA ENERGY ARGENTINA SAU,BAJADA DEL PALO ESTE,VACA MUERTA,Extracción Efectiva,Petrolífero,Gas Lift,EXPLOTACION,6618.0,,,2557.733,127.426,44.334,30.083,prod_2026
167105,VIS.Nq.BPE-2392(h),2026-08,VISTA ENERGY ARGENTINA SAU,BAJADA DEL PALO ESTE,VACA MUERTA,Extracción Efectiva,Petrolífero,Gas Lift,EXPLOTACION,6086.0,,,3670.025,145.673,92.904,30.376,prod_2026
167106,VIS.Nq.BPE-2393(h),2026-08,VISTA ENERGY ARGENTINA SAU,BAJADA DEL PALO ESTE,VACA MUERTA,Extracción Efectiva,Petrolífero,Gas Lift,EXPLOTACION,6614.0,,,3421.785,131.557,147.181,30.722,prod_2026
167107,VIS.Nq.BPE-2394(h),2026-08,VISTA ENERGY ARGENTINA SAU,BAJADA DEL PALO ESTE,VACA MUERTA,Extracción Efectiva,Petrolífero,Gas Lift,EXPLOTACION,6727.0,,,4299.624,144.011,275.734,30.66,prod_2026
167116,TAU.Nq.AP-1104(h),2026-08,TOTAL AUSTRAL S.A.,AGUADA PICHANA ESTE VACA MUERTA,VACA MUERTA,Extracción Efectiva,Gasífero,Surgencia Natural,EXPLOTACION,5866.01,,,447.8828,8962.774,2030.109,30.76042,prod_2026
167117,TAU.Nq.AP-1105(h),2026-08,TOTAL AUSTRAL S.A.,AGUADA PICHANA ESTE VACA MUERTA,VACA MUERTA,Extracción Efectiva,Gasífero,Surgencia Natural,EXPLOTACION,6033.4,,,526.4333,10495.04,1537.086,30.70486,prod_2026
167118,TAU.Nq.AP-1107(h),2026-08,TOTAL AUSTRAL S.A.,AGUADA PICHANA ESTE VACA MUERTA,VACA MUERTA,Extracción Efectiva,Gasífero,Surgencia Natural,EXPLOTACION,5965.1,,,498.8946,10030.82,2319.106,30.75694,prod_2026
167119,VIS.Nq.AF-1401(h),2026-08,VISTA ENERGY ARGENTINA SAU,AGUADA FEDERAL,VACA MUERTA,Extracción Efectiva,Petrolífero,Surgencia Natural,EXPLOTACION,6837.0,,,2961.632,241.543,1015.555,30.985,prod_2026
167120,VIS.Nq.AF-1402(h),2026-08,VISTA ENERGY ARGENTINA SAU,AGUADA FEDERAL,VACA MUERTA,Extracción Efectiva,Petrolífero,Surgencia Natural,EXPLOTACION,6763.0,,,3816.871,316.871,1185.939,30.977,prod_2026
167121,VIS.Nq.AF-1403(h),2026-08,VISTA ENERGY ARGENTINA SAU,AGUADA FEDERAL,VACA MUERTA,Extracción Efectiva,Petrolífero,Surgencia Natural,EXPLOTACION,6484.0,,,2540.82,203.085,679.927,30.988,prod_2026
167122,VIS.Nq.AF-1404(h),2026-08,VISTA ENERGY ARGENTINA SAU,AGUADA FEDERAL,VACA MUERTA,Extracción Efectiva,Petrolífero,Surgencia Natural,EXPLOTACION,6720.0,,,3453.81,262.313,1249.651,30.992,prod_2026
167124,PLU.Nq.LCa-3061(h),2026-08,PLUSPETROL S.A.,LA CALERA,VACA MUERTA,Extracción Efectiva,Gasífero,Surgencia Natural,EXPLOTACION,5849.0,,,2570.945,2529.297,1980.373,21.4375,prod_2026
167125,PLU.Nq.LCa-3060(h),2026-08,PLUSPETROL S.A.,LA CALERA,VACA MUERTA,Extracción Efectiva,Gasífero,Surgencia Natural,EXPLOTACION,5692.0,,,1683.503,1566.082,2602.937,20.42361,prod_2026
167126,PLU.Nq.LCa-3059(h),2026-08,PLUSPETROL S.A.,LA CALERA,VACA MUERTA,Extracción Efectiva,Gasífero,Surgencia Natural,EXPLOTACION,5426.0,,,1745.049,1606.214,2619.092,18.17361,prod_2026
167133,YPF.Nq.LACh-379(h),2026-08,YPF S.A.,LA AMARGA CHICA,VACA MUERTA,Extracción Efectiva,Petrolífero,Surgencia Natural,EXPLOTACION,0.0,,,3935.32,471.46,685.46,31.0,prod_2026
167134,YPF.Nq.LACh-380(h),2026-08,YPF S.A.,LA AMARGA CHICA,VACA MUERTA,Extracción Efectiva,Petrolífero,Surgencia Natural,EXPLOTACION,5702.0,,,3499.41,457.25,463.99,31.0,prod_2026
167135,YPF.Nq.LACh-381(h),2026-08,YPF S.A.,LA AMARGA CHICA,VACA MUERTA,Extracción Efectiva,Petrolífero,Surgencia Natural,EXPLOTACION,5853.0,,,3332.16,420.2,503.92,31.0,prod_2026
167136,YPF.Nq.LCav-724(h),2026-08,YPF S.A.,BANDURRIA SUR,VACA MUERTA,Extracción Efectiva,Petrolífero,Surgencia Natural,EXPLOTACION,0.0,,,2763.2,708.81,1839.68,25.79,prod_2026
167137,YPF.Nq.LCav-725(h),2026-08,YPF S.A.,BANDURRIA SUR,VACA MUERTA,Extracción Efectiva,Petrolífero,Surgencia Natural,EXPLOTACION,6120.0,,,1852.33,389.07,437.63,26.1,prod_2026
167138,YPF.Nq.LCav-726(h),2026-08,YPF S.A.,BANDURRIA SUR,VACA MUERTA,Extracción Efectiva,Petrolífero,Surgencia Natural,EXPLOTACION,5817.0,,,3620.15,761.1,2476.2,26.34,prod_2026
167139,YPF.Nq.LCav-727(h),2026-08,YPF S.A.,BANDURRIA SUR,VACA MUERTA,Extracción Efectiva,Petrolífero,Surgencia Natural,EXPLOTACION,6068.0,,,1861.76,360.25,398.92,24.94,prod_2026
167140,YPF.Nq.LCav-728(h),2026-08,YPF S.A.,BANDURRIA SUR,VACA MUERTA,Extracción Efectiva,Petrolífero,Surgencia Natural,EXPLOTACION,6134.0,,,3241.21,786.88,2411.46,30.54,prod_2026
167141,YPF.Nq.LLL-1825(h),2026-08,YPF S.A.,LOMA CAMPANA-LLL,VACA MUERTA,Extracción Efectiva,Petrolífero,Surgencia Natural,EXPLOTACION,0.0,,,10440.41,3637.21,1777.38,30.94,prod_2026
167142,YPF.Nq.LLL-1826(h),2026-08,YPF S.A.,LOMA CAMPANA-LLL,VACA MUERTA,Extracción Efectiva,Petrolífero,Surgencia Natural,EXPLOTACION,7552.0,,,7088.59,2290.09,4008.42,31.0,prod_2026
167143,YPF.Nq.LajE-152(h),2026-08,YPF S.A.,LA ANGOSTURA SUR I,VACA MUERTA,Extracción Efectiva,Petrolífero,Surgencia Natural,EXPLOTACION,5697.0,,,4622.31,721.8,95.36,31.0,prod_2026
167144,YPF.Nq.LajE-153(h),2026-08,YPF S.A.,LA ANGOSTURA SUR I,VACA MUERTA,Extracción Efectiva,Petrolífero,Surgencia Natural,EXPLOTACION,0.0,,,3024.95,502.34,71.65,30.88,prod_2026
167145,YPF.Nq.LajE-154(h),2026-08,YPF S.A.,LA ANGOSTURA SUR I,VACA MUERTA,Extracción Efectiva,Petrolífero,Surgencia Natural,EXPLOTACION,5839.0,,,4644.01,755.1,111.32,30.88,prod_2026
167146,YPF.Nq.LajE-155(h),2026-08,YPF S.A.,LA ANGOSTURA SUR I,VACA MUERTA,Extracción Efectiva,Petrolífero,Surgencia Natural,EXPLOTACION,5896.0,,,2743.83,398.26,88.61,31.0,prod_2026
167147,YPF.Nq.LajE-66(h),2026-08,YPF S.A.,LA ANGOSTURA SUR I,VACA MUERTA,Extracción Efectiva,Petrolífero,Surgencia Natural,EXPLOTACION,0.0,,,3783.92,634.89,88.58,30.91,prod_2026
167148,YPF.Nq.LajE-67(h),2026-08,YPF S.A.,LA ANGOSTURA SUR I,VACA MUERTA,Extracción Efectiva,Petrolífero,Surgencia Natural,EXPLOTACION,6846.0,,,9779.17,1689.04,566.94,30.92,prod_2026
167149,YPF.Nq.N-35(h),2026-08,YPF S.A.,NARAMBUENA,VACA MUERTA,Extracción Efectiva,Petrolífero,Surgencia Natural,EXPLOTACION,5784.0,,,2303.34,495.98,1262.4,30.99,prod_2026
167150,YPF.Nq.N-36(h),2026-08,YPF S.A.,NARAMBUENA,VACA MUERTA,Extracción Efectiva,Petrolífero,Surgencia Natural,EXPLOTACION,5748.0,,,3775.33,868.84,2554.22,30.98,prod_2026
167151,YPF.Nq.N-37(h),2026-08,YPF S.A.,NARAMBUENA,VACA MUERTA,Extracción Efectiva,Petrolífero,Surgencia Natural,EXPLOTACION,5799.0,,,6266.09,1983.6,2537.19,31.0,prod_2026
167152,YPF.Nq.N-38(h),2026-08,YPF S.A.,NARAMBUENA,VACA MUERTA,Extracción Efectiva,Petrolífero,Surgencia Natural,EXPLOTACION,6736.0,,,4608.74,750.45,2418.77,31.0,prod_2026
167153,SHE.Nq.BAñ-1002(h),2026-08,SHELL ARGENTINA S.A.,BAJADA DE AÑELO,VACA MUERTA,Parado Transitoriamente,Gasífero,Surgencia Natural,EXPLOTACION,4604.0,,,0.0,0.0,0.0,0.0,prod_2026
167154,TPT.Nq.FP-1395(h),2026-08,TECPETROL S.A.,FORTIN DE PIEDRA,VACA MUERTA,Extracción Efectiva,Gasífero,Surgencia Natural,EXPLOTACION,5084.0,,,730.3661,5137.772,1650.867,30.76319,prod_2026
167155,TPT.Nq.FP-1397(h),2026-08,TECPETROL S.A.,FORTIN DE PIEDRA,VACA MUERTA,Extracción Efectiva,Gasífero,Surgencia Natural,EXPLOTACION,5121.0,,,1179.214,7395.791,1473.838,30.65278,prod_2026
167156,TPT.Nq.FP-1398(h),2026-08,TECPETROL S.A.,FORTIN DE PIEDRA,VACA MUERTA,Extracción Efectiva,Gasífero,Surgencia Natural,EXPLOTACION,5265.0,,,1076.459,7821.25,983.7972,30.23542,prod_2026
167157,TPT.Nq.PPar-139(h),2026-08,TECPETROL S.A.,PUESTO PARADA NC,VACA MUERTA,Extracción Efectiva,Petrolífero,Surgencia Natural,EXPLOTACION,5599.0,,,4489.345,418.1778,0.0,30.78472,prod_2026
167158,TPT.Nq.PPar-140(h),2026-08,TECPETROL S.A.,PUESTO PARADA NC,VACA MUERTA,Extracción Efectiva,Petrolífero,Surgencia Natural,EXPLOTACION,5569.0,,,3727.801,344.0135,0.0,30.5625,prod_2026
167159,TPT.Nq.PPar-141(h),2026-08,TECPETROL S.A.,PUESTO PARADA NC,VACA MUERTA,Extracción Efectiva,Petrolífero,Surgencia Natural,EXPLOTACION,5606.0,,,3282.579,302.471,0.0,30.74931,prod_2026
167161,PAE.Nq.APO-137(h),2026-08,PAN AMERICAN ENERGY SL,AGUADA PICHANA OESTE,VACA MUERTA,Extracción Efectiva,Gasífero,Surgencia Natural,EXPLOTACION,6384.0,,,0.0,19572.99,5053.838,30.89375,prod_2026
167162,PAE.Nq.APO-139(h),2026-08,PAN AMERICAN ENERGY SL,AGUADA PICHANA OESTE,VACA MUERTA,Extracción Efectiva,Gasífero,Surgencia Natural,EXPLOTACION,6410.0,,,0.0,17244.07,2283.87,30.98611,prod_2026
167164,PAE.Nq.APO-141(h),2026-08,PAN AMERICAN ENERGY SL,AGUADA PICHANA OESTE,VACA MUERTA,Extracción Efectiva,Gasífero,Surgencia Natural,EXPLOTACION,6287.0,,,0.0,19379.27,3577.42,30.99306,prod_2026
167168,PAE.Nq.APO-149(h),2026-08,PAN AMERICAN ENERGY SL,AGUADA PICHANA OESTE,VACA MUERTA,Extracción Efectiva,Gasífero,Surgencia Natural,EXPLOTACION,6368.0,,,0.0,22106.3,1940.168,31.0,prod_2026
167171,PAE.Nq.ECh-205(h),2026-08,PAN AMERICAN ENERGY SL,LINDERO ATRAVESADO OCCIDENTAL,VACA MUERTA,Extracción Efectiva,Petrolífero,Surgencia Natural,EXPLOTACION,6906.0,,,1113.693,104.38,7.25984,30.57639,prod_2026
167172,PAE.Nq.APO-147(h),2026-08,PAN AMERICAN ENERGY SL,AGUADA PICHANA OESTE,VACA MUERTA,Extracción Efectiva,Gasífero,Surgencia Natural,EXPLOTACION,6378.0,,,0.0,24144.01,3703.871,31.0,prod_2026
167177,PAE.Nq.APO-145(h),2026-08,PAN AMERICAN ENERGY SL,AGUADA PICHANA OESTE,VACA MUERTA,Extracción Efectiva,Gasífero,Surgencia Natural,EXPLOTACION,6417.0,,,0.0,21722.47,2270.144,30.98264,prod_2026
167178,PAM.Nq.RdA-2084(h),2026-08,PAMPA ENERGIA S.A.,RINCON DE ARANDA,VACA MUERTA,Extracción Efectiva,Petrolífero,Surgencia Natural,EXPLOTACION,5866.0,,,1603.613,64.46268,455.8881,31.0,prod_2026
167179,PAM.Nq.RdA-2085(h),2026-08,PAMPA ENERGIA S.A.,RINCON DE ARANDA,VACA MUERTA,Extracción Efectiva,Petrolífero,Surgencia Natural,EXPLOTACION,3706.0,,,564.7628,18.01174,112.8653,30.04167,prod_2026
167180,PAM.Nq.RdA-2086(h),2026-08,PAMPA ENERGIA S.A.,RINCON DE ARANDA,VACA MUERTA,Extracción Efectiva,Petrolífero,Surgencia Natural,EXPLOTACION,5838.0,,,2045.417,92.17283,802.6258,31.0,prod_2026
167182,PCN.Nq.BdC-1007(h),2026-08,PLUSPETROL CUENCA NEUQUINA S.R.L.,BAJO DEL CHOIQUE,VACA MUERTA,Extracción Efectiva,Petrolífero,Surgencia Natural,EXPLOTACION,6826.0,,,3927.69,1901.29,5769.04,28.0,prod_2026
167183,PCN.Nq.BdC-1008(h),2026-08,PLUSPETROL CUENCA NEUQUINA S.R.L.,BAJO DEL CHOIQUE,VACA MUERTA,Extracción Efectiva,Petrolífero,Surgencia Natural,EXPLOTACION,6802.0,,,9500.29,3410.36,4327.77,26.0,prod_2026
167184,PCN.Nq.BdC-1009(h),2026-08,PLUSPETROL CUENCA NEUQUINA S.R.L.,BAJO DEL CHOIQUE,VACA MUERTA,Extracción Efectiva,Petrolífero,Surgencia Natural,EXPLOTACION,6843.0,,,5073.54,2301.2,7562.33,28.0,prod_2026
167185,PCN.Nq.BdC-1010(h),2026-08,PLUSPETROL CUENCA NEUQUINA S.R.L.,BAJO DEL CHOIQUE,VACA MUERTA,Extracción Efectiva,Petrolífero,Surgencia Natural,EXPLOTACION,6033.0,,,10677.15,3315.0,6089.13,31.0,prod_2026
167186,PCN.Nq.BdC-1011(h),2026-08,PLUSPETROL CUENCA NEUQUINA S.R.L.,BAJO DEL CHOIQUE,VACA MUERTA,Extracción Efectiva,Petrolífero,Surgencia Natural,EXPLOTACION,6862.0,,,13415.0,4205.56,5507.86,31.0,prod_2026
167187,PAM.Nq.RdA-2052(h),2026-08,PAMPA ENERGIA S.A.,RINCON DE ARANDA,VACA MUERTA,Extracción Efectiva,Petrolífero,Surgencia Natural,EXPLOTACION,5915.0,,,5378.555,302.4391,522.863,30.91667,prod_2026
167188,PAM.Nq.RdA-2053(h),2026-08,PAMPA ENERGIA S.A.,RINCON DE ARANDA,VACA MUERTA,Extracción Efectiva,Petrolífero,Surgencia Natural,EXPLOTACION,5889.0,,,3239.934,192.5093,778.1266,24.16667,prod_2026
167189,PAM.Nq.RdA-2054(h),2026-08,PAMPA ENERGIA S.A.,RINCON DE ARANDA,VACA MUERTA,Extracción Efectiva,Petrolífero,Surgencia Natural,EXPLOTACION,5860.0,,,4207.903,246.3162,1458.278,30.89583,prod_2026
167190,PAM.Nq.RdA-2055(h),2026-08,PAMPA ENERGIA S.A.,RINCON DE ARANDA,VACA MUERTA,Extracción Efectiva,Petrolífero,Surgencia Natural,EXPLOTACION,5888.0,,,5995.652,250.4617,2279.794,30.91667,prod_2026
167191,PLU.Nq.LCa-3057(h),2026-08,PLUSPETROL S.A.,LA CALERA,VACA MUERTA,Extracción Efectiva,Gasífero,Surgencia Natural,EXPLOTACION,5813.0,,,1806.272,1826.137,1401.442,15.20833,prod_2026
167192,PLU.Nq.LCa-3056(h),2026-08,PLUSPETROL S.A.,LA CALERA,VACA MUERTA,Extracción Efectiva,Gasífero,Surgencia Natural,EXPLOTACION,5777.0,,,1769.805,1694.909,2005.563,16.27083,prod_2026
167196,VIS.Nq.BPO-21002(h),2026-08,VISTA ENERGY ARGENTINA SAU,BAJADA DEL PALO OESTE,VACA MUERTA,Extracción Efectiva,Petrolífero,Surgencia Natural,EXPLOTACION,6074.0,,,5165.503,360.68,1114.476,30.972,prod_2026
167197,VIS.Nq.BPO-21003(h),2026-08,VISTA ENERGY ARGENTINA SAU,BAJADA DEL PALO OESTE,VACA MUERTA,Extracción Efectiva,Petrolífero,Surgencia Natural,EXPLOTACION,5452.0,,,2569.272,159.462,870.804,30.967,prod_2026
167198,VIS.Nq.BPO-21004(h),2026-08,VISTA ENERGY ARGENTINA SAU,BAJADA DEL PALO OESTE,VACA MUERTA,Extracción Efectiva,Petrolífero,Surgencia Natural,EXPLOTACION,6688.0,,,4199.1,240.529,380.389,30.981,prod_2026
167199,VIS.Nq.BPO-21005(h),2026-08,VISTA ENERGY ARGENTINA SAU,BAJADA DEL PALO OESTE,VACA MUERTA,Extracción Efectiva,Petrolífero,Surgencia Natural,EXPLOTACION,5804.0,,,5273.69,369.701,2737.37,30.978,prod_2026
167200,PET.Nq.MMo-2141(h),2026-08,PHOENIX GLOBAL RESOURCES S.A.,MATA MORA NORTE,VACA MUERTA,Extracción Efectiva,Petrolífero,Surgencia Natural,EXPLOTACION,6399.0,,,4308.655,325.5131,574.7724,30.97222,prod_2026
167201,PET.Nq.MMo-2142(h),2026-08,PHOENIX GLOBAL RESOURCES S.A.,MATA MORA NORTE,VACA MUERTA,Extracción Efectiva,Petrolífero,Surgencia Natural,EXPLOTACION,6366.0,,,3504.623,251.6815,239.1044,30.9875,prod_2026
167202,PET.Nq.MMo-2143(h),2026-08,PHOENIX GLOBAL RESOURCES S.A.,MATA MORA NORTE,VACA MUERTA,Extracción Efectiva,Petrolífero,Surgencia Natural,EXPLOTACION,6326.0,,,3800.842,278.4223,513.5532,30.98611,prod_2026
167203,PET.Nq.MMo-2144(h),2026-08,PHOENIX GLOBAL RESOURCES S.A.,MATA MORA NORTE,VACA MUERTA,Extracción Efectiva,Petrolífero,Surgencia Natural,EXPLOTACION,6397.0,,,3692.144,302.498,587.5839,30.96875,prod_2026
167204,YPF.Nq.AdlA-1020(h),2026-08,YPF S.A.,AGUADA DE LA ARENA,VACA MUERTA,Parado Transitoriamente,Gasífero,Surgencia Natural,EXPLOTACION,5095.0,,,0.0,0.0,0.0,0.0,prod_2026
167205,YPF.Nq.AdlA-1021(h),2026-08,YPF S.A.,AGUADA DE LA ARENA,VACA MUERTA,Parado Transitoriamente,Gasífero,Surgencia Natural,EXPLOTACION,4980.0,,,0.0,0.0,0.0,0.0,prod_2026
167206,YPF.Nq.LCav-119(h),2026-08,YPF S.A.,BANDURRIA SUR,VACA MUERTA,Extracción Efectiva,Petrolífero,Surgencia Natural,EXPLOTACION,6793.0,,,1583.72,192.76,3375.52,25.01,prod_2026
167207,YPF.Nq.LCav-129(h),2026-08,YPF S.A.,BANDURRIA SUR,VACA MUERTA,Extracción Efectiva,Petrolífero,Surgencia Natural,EXPLOTACION,6628.0,,,7020.21,1106.93,949.44,28.7,prod_2026
167208,YPF.Nq.LCav-230(h),2026-08,YPF S.A.,BANDURRIA SUR,VACA MUERTA,Extracción Efectiva,Petrolífero,Surgencia Natural,EXPLOTACION,6262.0,,,7295.79,1172.9,1197.64,29.12,prod_2026
167209,YPF.Nq.LCav-231(h),2026-08,YPF S.A.,BANDURRIA SUR,VACA MUERTA,Extracción Efectiva,Petrolífero,Surgencia Natural,EXPLOTACION,6187.0,,,6637.12,1066.1,884.99,28.32,prod_2026
167210,YPF.Nq.LCav-723(h),2026-08,YPF S.A.,BANDURRIA SUR,VACA MUERTA,Extracción Efectiva,Petrolífero,Surgencia Natural,EXPLOTACION,5942.0,,,7484.92,1715.83,2539.25,30.56,prod_2026
167211,YPF.Nq.LCav-789(h),2026-08,YPF S.A.,BANDURRIA SUR,VACA MUERTA,Extracción Efectiva,Petrolífero,Surgencia Natural,EXPLOTACION,5668.0,,,6633.57,1007.59,1550.22,28.31,prod_2026
167212,YPF.Nq.LLL-1827(h),2026-08,YPF S.A.,LOMA CAMPANA-LLL,VACA MUERTA,Extracción Efectiva,Petrolífero,Surgencia Natural,EXPLOTACION,7543.0,,,9342.36,2775.98,929.65,31.0,prod_2026
167213,YPF.Nq.LLL-1960(h),2026-08,YPF S.A.,LOMA CAMPANA-LLL,VACA MUERTA,Extracción Efectiva,Petrolífero,Surgencia Natural,EXPLOTACION,5870.0,,,3324.96,1199.67,1306.44,30.83,prod_2026
167214,YPF.Nq.LLL-1961(h),2026-08,YPF S.A.,LOMA CAMPANA-LLL,VACA MUERTA,Extracción Efectiva,Petrolífero,Surgencia Natural,EXPLOTACION,0.0,,,2791.73,1249.29,2053.29,30.96,prod_2026
167215,YPF.Nq.LLL-1962(h),2026-08,YPF S.A.,LOMA CAMPANA-LLL,VACA MUERTA,Extracción Efectiva,Petrolífero,Surgencia Natural,EXPLOTACION,6451.0,,,3066.84,901.41,1161.45,30.83,prod_2026
167216,YPF.Nq.LLL-1963(h),2026-08,YPF S.A.,LOMA CAMPANA-LLL,VACA MUERTA,Extracción Efectiva,Petrolífero,Surgencia Natural,EXPLOTACION,6427.0,,,1932.61,766.57,1399.84,29.25,prod_2026
167217,YPF.Nq.LLL-1964(h),2026-08,YPF S.A.,LOMA CAMPANA-LLL,VACA MUERTA,Extracción Efectiva,Petrolífero,Surgencia Natural,EXPLOTACION,6497.0,,,3530.03,846.64,1455.69,30.35,prod_2026
167218,YPF.Nq.LLL-1965(h),2026-08,YPF S.A.,LOMA CAMPANA-LLL,VACA MUERTA,Extracción Efectiva,Petrolífero,Surgencia Natural,EXPLOTACION,6396.0,,,4170.26,1164.35,1343.39,30.89,prod_2026
167219,YPF.Nq.LajE-56(h),2026-08,YPF S.A.,LA ANGOSTURA SUR I,VACA MUERTA,Extracción Efectiva,Petrolífero,Surgencia Natural,EXPLOTACION,0.0,,,10036.52,467.19,279.38,31.0,prod_2026
167220,YPF.Nq.LajE-57(h),2026-08,YPF S.A.,LA ANGOSTURA SUR I,VACA MUERTA,Extracción Efectiva,Petrolífero,Surgencia Natural,EXPLOTACION,6305.0,,,4229.42,834.89,131.77,31.0,prod_2026
167221,YPF.Nq.LajE-58(h),2026-08,YPF S.A.,LA ANGOSTURA SUR I,VACA MUERTA,Extracción Efectiva,Petrolífero,Surgencia Natural,EXPLOTACION,6308.0,,,7454.25,1267.96,238.42,30.98,prod_2026
167222,PAM.Nq.SCh-1054(h),2026-08,PAMPA ENERGIA S.A.,SIERRA CHATA,VACA MUERTA,Extracción Efectiva,Gasífero,Surgencia Natural,EXPLOTACION,6296.0,,,0.0,22709.99,1605.735,31.0,prod_2026
167223,PAM.Nq.SCh-1057(h),2026-08,PAMPA ENERGIA S.A.,SIERRA CHATA,VACA MUERTA,Extracción Efectiva,Gasífero,Surgencia Natural,EXPLOTACION,6234.0,,,0.0,20994.17,1320.832,31.0,prod_2026
167227,PAE.Nq.CASE-524(h),2026-08,PAN AMERICAN ENERGY SL,COIRON AMARGO SUR ESTE,VACA MUERTA,Extracción Efectiva,Petrolífero,Surgencia Natural,EXPLOTACION,6520.0,,,3620.498,284.2746,1304.217,30.98958,prod_2026
167235,PAE.Nq.CASE-518(h),2026-08,PAN AMERICAN ENERGY SL,COIRON AMARGO SUR ESTE,VACA MUERTA,Extracción Efectiva,Petrolífero,Surgencia Natural,EXPLOTACION,6523.0,,,1501.974,80.73538,213.8742,31.0,prod_2026
167236,PAE.Nq.CASE-522(h),2026-08,PAN AMERICAN ENERGY SL,COIRON AMARGO SUR ESTE,VACA MUERTA,Extracción Efectiva,Petrolífero,Surgencia Natural,EXPLOTACION,6462.0,,,2802.839,192.108,454.0776,30.39583,prod_2026
167239,PAE.Nq.CASE-520(h),2026-08,PAN AMERICAN ENERGY SL,COIRON AMARGO SUR ESTE,VACA MUERTA,Extracción Efectiva,Petrolífero,Surgencia Natural,EXPLOTACION,6413.0,,,2339.498,170.5869,400.3306,31.0,prod_2026
167242,TPT.Nq.LTE-1201(h),2026-08,TECPETROL S.A.,LOS TOLDOS ESTE,VACA MUERTA,Parado Transitoriamente,Petrolífero,Surgencia Natural,EXPLOTACION,6199.0,,,0.0,0.0,0.0,0.0,prod_2026
167243,TPT.Nq.LTE-1203(h),2026-08,TECPETROL S.A.,LOS TOLDOS ESTE,VACA MUERTA,Extracción Efectiva,Petrolífero,Surgencia Natural,EXPLOTACION,6272.0,,,2658.701,546.456,3359.588,16.46875,prod_2026
167244,TPT.Nq.FP.x-1357(h),2026-08,TECPETROL S.A.,FORTIN DE PIEDRA,VACA MUERTA,Extracción Efectiva,Gasífero,Surgencia Natural,EXPLORACION,4963.0,,,2295.159,13609.57,2548.421,31.0,prod_2026
167245,PAM.Nq.SCh-1055(h),2026-08,PAMPA ENERGIA S.A.,SIERRA CHATA,VACA MUERTA,Extracción Efectiva,Gasífero,Surgencia Natural,EXPLOTACION,6141.0,,,0.0,21958.94,1436.477,31.0,prod_2026
167246,PAM.Nq.SCh-1056(h),2026-08,PAMPA ENERGIA S.A.,SIERRA CHATA,VACA MUERTA,Extracción Efectiva,Gasífero,Surgencia Natural,EXPLOTACION,6160.0,,,0.0,20525.35,1561.851,31.0,prod_2026
167247,TPT.Nq.FP.x-1355,2026-08,TECPETROL S.A.,FORTIN DE PIEDRA,VACA MUERTA,Abandonado,Otro tipo,Sin Sistema de Extracción,EXPLORACION,2867.0,,,0.0,0.0,0.0,0.0,prod_2026
167248,VIS.Nq.BPE-2322(h),2026-08,VISTA ENERGY ARGENTINA SAU,BAJADA DEL PALO ESTE,VACA MUERTA,Extracción Efectiva,Petrolífero,Surgencia Natural,EXPLOTACION,6376.0,,,8863.948,371.174,1131.359,30.922,prod_2026
167249,VIS.Nq.BPE-2323(h),2026-08,VISTA ENERGY ARGENTINA SAU,BAJADA DEL PALO ESTE,VACA MUERTA,Extracción Efectiva,Petrolífero,Surgencia Natural,EXPLOTACION,5854.0,,,10822.208,487.779,2860.572,30.922,prod_2026
167250,VIS.Nq.BPE-2324(h),2026-08,VISTA ENERGY ARGENTINA SAU,BAJADA DEL PALO ESTE,VACA MUERTA,Extracción Efectiva,Petrolífero,Surgencia Natural,EXPLOTACION,6505.0,,,3586.457,106.594,452.134,30.922,prod_2026
167253,PCN.Nq.BdC-1012(h),2026-08,PLUSPETROL CUENCA NEUQUINA S.R.L.,BAJO DEL CHOIQUE,VACA MUERTA,Extracción Efectiva,Petrolífero,Surgencia Natural,EXPLOTACION,6431.0,,,8727.9,2723.06,7467.7,31.0,prod_2026
167254,PCN.Nq.BdC-1013(h),2026-08,PLUSPETROL CUENCA NEUQUINA S.R.L.,BAJO DEL CHOIQUE,VACA MUERTA,Extracción Efectiva,Petrolífero,Surgencia Natural,EXPLOTACION,6488.0,,,9062.43,2753.8,6516.77,31.0,prod_2026
167255,PCN.Nq.BdC-1014(h),2026-08,PLUSPETROL CUENCA NEUQUINA S.R.L.,BAJO DEL CHOIQUE,VACA MUERTA,Extracción Efectiva,Petrolífero,Surgencia Natural,EXPLOTACION,6378.0,,,6667.64,1945.63,9662.88,31.0,prod_2026
167256,PCN.Nq.BdC-1015(h)(I),2026-08,PLUSPETROL CUENCA NEUQUINA S.R.L.,BAJO DEL CHOIQUE,VACA MUERTA,Extracción Efectiva,Petrolífero,Surgencia Natural,EXPLOTACION,6515.0,,,8706.55,2887.95,5195.86,31.0,prod_2026
167257,PCN.Nq.BdC-1016(h),2026-08,PLUSPETROL CUENCA NEUQUINA S.R.L.,BAJO DEL CHOIQUE,VACA MUERTA,Extracción Efectiva,Petrolífero,Surgencia Natural,EXPLOTACION,6415.0,,,6915.62,2026.07,10163.89,31.0,prod_2026
167258,PCN.Nq.BdC-1126(h),2026-08,PLUSPETROL CUENCA NEUQUINA S.R.L.,BAJO DEL CHOIQUE,VACA MUERTA,Extracción Efectiva,Petrolífero,Surgencia Natural,EXPLOTACION,6986.0,,,13110.97,4668.24,4281.64,31.0,prod_2026
167260,VIS.Nq.BPO-2691(h),2026-08,VISTA ENERGY ARGENTINA SAU,BAJADA DEL PALO OESTE,VACA MUERTA,Extracción Efectiva,Petrolífero,Surgencia Natural,EXPLOTACION,6648.0,,,2789.816,87.244,461.118,30.984,prod_2026
167261,VIS.Nq.BPO-2692(h),2026-08,VISTA ENERGY ARGENTINA SAU,BAJADA DEL PALO OESTE,VACA MUERTA,Extracción Efectiva,Petrolífero,Surgencia Natural,EXPLOTACION,6605.0,,,3415.374,122.033,347.63,30.945,prod_2026
167262,VIS.Nq.BPO-2693(h),2026-08,VISTA ENERGY ARGENTINA SAU,BAJADA DEL PALO OESTE,VACA MUERTA,Extracción Efectiva,Petrolífero,Surgencia Natural,EXPLOTACION,6505.0,,,2479.96,117.083,3525.684,30.984,prod_2026
167263,VIS.Nq.BPO-2694(h),2026-08,VISTA ENERGY ARGENTINA SAU,BAJADA DEL PALO OESTE,VACA MUERTA,Extracción Efectiva,Petrolífero,Surgencia Natural,EXPLOTACION,6602.0,,,3809.564,129.352,928.697,30.984,prod_2026
167264,VIS.Nq.BPO-2695(h),2026-08,VISTA ENERGY ARGENTINA SAU,BAJADA DEL PALO OESTE,VACA MUERTA,Extracción Efectiva,Petrolífero,Surgencia Natural,EXPLOTACION,5957.0,,,2280.682,107.418,4757.545,30.984,prod_2026
167265,SHE.Nq.BAn-1046(h),2026-08,SHELL ARGENTINA S.A.,BAJADA DE AÑELO,VACA MUERTA,Extracción Efectiva,Gasífero,Surgencia Natural,EXPLOTACION,6402.0,,,2775.11,1916.78,580.84,31.0,prod_2026
167266,SHE.Nq.BAn-1048(h),2026-08,SHELL ARGENTINA S.A.,BAJADA DE AÑELO,VACA MUERTA,Extracción Efectiva,Gasífero,Surgencia Natural,EXPLOTACION,6308.0,,,4345.55,3335.14,1160.32,30.96,prod_2026
167267,SHE.Nq.BAn-1049(h),2026-08,SHELL ARGENTINA S.A.,BAJADA DE AÑELO,VACA MUERTA,Extracción Efectiva,Gasífero,Surgencia Natural,EXPLOTACION,6311.0,,,9502.05,8256.77,1676.94,30.88,prod_2026
167268,SHE.Nq.BAn-1050(h),2026-08,SHELL ARGENTINA S.A.,BAJADA DE AÑELO,VACA MUERTA,Extracción Efectiva,Gasífero,Surgencia Natural,EXPLOTACION,6285.0,,,2817.63,2496.23,755.99,30.94,prod_2026
167269,SHE.Nq.BAn-1051(h),2026-08,SHELL ARGENTINA S.A.,BAJADA DE AÑELO,VACA MUERTA,Extracción Efectiva,Gasífero,Surgencia Natural,EXPLOTACION,6054.0,,,2525.49,2048.93,478.24,31.0,prod_2026
167270,SHE.Nq.BAn-1052(h),2026-08,SHELL ARGENTINA S.A.,BAJADA DE AÑELO,VACA MUERTA,Extracción Efectiva,Gasífero,Surgencia Natural,EXPLOTACION,6062.0,,,4988.4,3687.8,1214.0,31.0,prod_2026
167271,SHE.Nq.BAn-1053(h),2026-08,SHELL ARGENTINA S.A.,BAJADA DE AÑELO,VACA MUERTA,Extracción Efectiva,Gasífero,Surgencia Natural,EXPLOTACION,6510.0,,,3290.21,2329.04,528.42,30.67,prod_2026
167272,SHE.Nq.CdL-62(h),2026-08,SHELL ARGENTINA S.A.,CRUZ DE LORENA,VACA MUERTA,Extracción Efectiva,Petrolífero,Surgencia Natural,EXPLOTACION,7207.0,,,5420.63,449.93,1170.19,31.0,prod_2026
167273,SHE.Nq.CdL-63(h),2026-08,SHELL ARGENTINA S.A.,CRUZ DE LORENA,VACA MUERTA,Extracción Efectiva,Petrolífero,Surgencia Natural,EXPLOTACION,7216.0,,,8875.2,773.05,551.97,31.0,prod_2026
167274,SHE.Nq.CdL-64(h),2026-08,SHELL ARGENTINA S.A.,CRUZ DE LORENA,VACA MUERTA,Extracción Efectiva,Petrolífero,Surgencia Natural,EXPLOTACION,7133.0,,,5776.56,490.73,981.7,31.0,prod_2026
167275,SHE.Nq.CdL-65(h),2026-08,SHELL ARGENTINA S.A.,CRUZ DE LORENA,VACA MUERTA,Extracción Efectiva,Petrolífero,Surgencia Natural,EXPLOTACION,7183.0,,,9019.25,808.06,920.28,31.0,prod_2026
167277,PLU.Nq.LCa-3058(h),2026-08,PLUSPETROL S.A.,LA CALERA,VACA MUERTA,Extracción Efectiva,Gasífero,Surgencia Natural,EXPLOTACION,5654.0,,,1761.693,1681.815,2875.562,19.13194,prod_2026
167282,PAE.Nq.LA-358(h),2026-08,PAN AMERICAN ENERGY SL,LINDERO ATRAVESADO OCCIDENTAL,VACA MUERTA,Extracción Efectiva,Petrolífero,Surgencia Natural,EXPLOTACION,7040.0,,,8362.603,955.019,3152.004,30.96181,prod_2026
167283,PAE.Nq.LA-370(h),2026-08,PAN AMERICAN ENERGY SL,LINDERO ATRAVESADO OCCIDENTAL,VACA MUERTA,Extracción Efectiva,Petrolífero,Surgencia Natural,EXPLOTACION,6801.0,,,5374.016,585.9906,2447.473,30.98611,prod_2026
167284,PAE.Nq.LA-366(h),2026-08,PAN AMERICAN ENERGY SL,LINDERO ATRAVESADO OCCIDENTAL,VACA MUERTA,Extracción Efectiva,Petrolífero,Surgencia Natural,EXPLOTACION,6708.0,,,5614.696,612.042,2104.723,31.0,prod_2026
167293,PAE.Nq.LA-362(h),2026-08,PAN AMERICAN ENERGY SL,LINDERO ATRAVESADO OCCIDENTAL,VACA MUERTA,Extracción Efectiva,Petrolífero,Surgencia Natural,EXPLOTACION,0.0,,,4499.399,475.6804,2143.079,31.0,prod_2026
167294,TPT.Nq.FP.x-1355(h),2026-08,TECPETROL S.A.,FORTIN DE PIEDRA,VACA MUERTA,Extracción Efectiva,Gasífero,Surgencia Natural,EXPLORACION,4911.0,,,1216.655,8403.415,1459.433,30.98958,prod_2026
167295,TPT.Nq.FP.x-1356(h),2026-08,TECPETROL S.A.,FORTIN DE PIEDRA,VACA MUERTA,Extracción Efectiva,Gasífero,Surgencia Natural,EXPLORACION,4879.0,,,2635.889,12870.39,2540.154,31.0,prod_2026
167296,TPT.Nq.FP-1461(h),2026-08,TECPETROL S.A.,FORTIN DE PIEDRA,VACA MUERTA,Extracción Efectiva,Gasífero,Surgencia Natural,EXPLOTACION,6735.0,,,208.2448,18843.04,3065.279,26.38333,prod_2026
167297,TPT.Nq.FP-1462(h),2026-08,TECPETROL S.A.,FORTIN DE PIEDRA,VACA MUERTA,Extracción Efectiva,Gasífero,Surgencia Natural,EXPLOTACION,6731.0,,,176.0569,23305.68,3912.828,30.72222,prod_2026
167298,TPT.Nq.FP-1463(h),2026-08,TECPETROL S.A.,FORTIN DE PIEDRA,VACA MUERTA,Extracción Efectiva,Gasífero,Surgencia Natural,EXPLOTACION,6817.0,,,230.6827,24815.89,4220.686,30.87431,prod_2026
167299,TPT.Nq.FP-1464(h),2026-08,TECPETROL S.A.,FORTIN DE PIEDRA,VACA MUERTA,Extracción Efectiva,Gasífero,Surgencia Natural,EXPLOTACION,6495.0,,,309.7593,23179.87,3439.199,31.0,prod_2026
167301,PET.Nq.MMo-2251(h),2026-08,PHOENIX GLOBAL RESOURCES S.A.,MATA MORA NORTE,VACA MUERTA,Extracción Efectiva,Petrolífero,Surgencia Natural,EXPLOTACION,6397.0,,,4935.051,391.896,590.31,31.0,prod_2026
167302,PET.Nq.MMo-2252(h),2026-08,PHOENIX GLOBAL RESOURCES S.A.,MATA MORA NORTE,VACA MUERTA,Extracción Efectiva,Petrolífero,Surgencia Natural,EXPLOTACION,6403.0,,,5940.079,466.838,850.622,30.9,prod_2026
167303,PET.Nq.MMo-2253(h),2026-08,PHOENIX GLOBAL RESOURCES S.A.,MATA MORA NORTE,VACA MUERTA,Extracción Efectiva,Petrolífero,Surgencia Natural,EXPLOTACION,6436.0,,,5324.808,408.03,292.387,31.0,prod_2026
167305,YPF.Nq.AdlA-1017(h),2026-08,YPF S.A.,AGUADA DE LA ARENA,VACA MUERTA,Parado Transitoriamente,Gasífero,Surgencia Natural,EXPLOTACION,4881.0,,,0.0,0.0,0.0,0.0,prod_2026
167306,YPF.Nq.AdlA-1018(h),2026-08,YPF S.A.,AGUADA DE LA ARENA,VACA MUERTA,Parado Transitoriamente,Gasífero,Surgencia Natural,EXPLOTACION,5118.0,,,0.0,0.0,0.0,0.0,prod_2026
167307,YPF.Nq.AdlA-1019(h),2026-08,YPF S.A.,AGUADA DE LA ARENA,VACA MUERTA,Parado Transitoriamente,Gasífero,Surgencia Natural,EXPLOTACION,5028.0,,,0.0,0.0,0.0,0.0,prod_2026
167309,YPF.Nq.LACh-360(h),2026-08,YPF S.A.,LA AMARGA CHICA,VACA MUERTA,Extracción Efectiva,Petrolífero,Surgencia Natural,EXPLOTACION,6111.0,,,5910.22,757.71,555.45,30.98,prod_2026
167310,YPF.Nq.LACh-362(h),2026-08,YPF S.A.,LA AMARGA CHICA,VACA MUERTA,Extracción Efectiva,Petrolífero,Surgencia Natural,EXPLOTACION,6042.0,,,3599.07,484.35,980.38,31.0,prod_2026
167311,YPF.Nq.LACh-363(h),2026-08,YPF S.A.,LA AMARGA CHICA,VACA MUERTA,Extracción Efectiva,Petrolífero,Surgencia Natural,EXPLOTACION,5188.0,,,4092.09,522.09,342.53,30.48,prod_2026
167312,YPF.Nq.LACh-397(h),2026-08,YPF S.A.,LA AMARGA CHICA,VACA MUERTA,Extracción Efectiva,Petrolífero,Surgencia Natural,EXPLOTACION,0.0,,,6959.19,982.66,2078.31,30.98,prod_2026
167313,YPF.Nq.LACh-526(h),2026-08,YPF S.A.,LA AMARGA CHICA,VACA MUERTA,Extracción Efectiva,Petrolífero,Surgencia Natural,EXPLOTACION,6575.0,,,7913.81,1118.47,2105.89,31.0,prod_2026
167314,YPF.Nq.LACh-527(h),2026-08,YPF S.A.,LA AMARGA CHICA,VACA MUERTA,Extracción Efectiva,Petrolífero,Surgencia Natural,EXPLOTACION,6496.0,,,4956.31,691.16,1686.45,31.0,prod_2026
167315,YPF.Nq.LACh-528(h),2026-08,YPF S.A.,LA AMARGA CHICA,VACA MUERTA,Extracción Efectiva,Petrolífero,Surgencia Natural,EXPLOTACION,6624.0,,,5379.69,769.4,1829.16,31.0,prod_2026
167316,YPF.Nq.LACh-529(h),2026-08,YPF S.A.,LA AMARGA CHICA,VACA MUERTA,Extracción Efectiva,Petrolífero,Surgencia Natural,EXPLOTACION,5036.0,,,2194.64,316.37,948.58,30.98,prod_2026
167317,YPF.Nq.LACh-560(h),2026-08,YPF S.A.,LA AMARGA CHICA,VACA MUERTA,Extracción Efectiva,Petrolífero,Surgencia Natural,EXPLOTACION,6560.0,,,8215.88,1158.73,2110.6,30.94,prod_2026
167318,YPF.Nq.LCav-424(h),2026-08,YPF S.A.,BANDURRIA SUR,VACA MUERTA,Extracción Efectiva,Petrolífero,Surgencia Natural,EXPLOTACION,6994.0,,,2045.6,1095.45,2377.49,29.34,prod_2026
167319,YPF.Nq.LCav-437(h),2026-08,YPF S.A.,BANDURRIA SUR,VACA MUERTA,Extracción Efectiva,Petrolífero,Surgencia Natural,EXPLOTACION,6954.0,,,2293.42,1071.38,2687.96,29.26,prod_2026
167320,YPF.Nq.LCav-439(h),2026-08,YPF S.A.,BANDURRIA SUR,VACA MUERTA,Extracción Efectiva,Petrolífero,Surgencia Natural,EXPLOTACION,6996.0,,,4892.79,2582.8,3764.25,29.26,prod_2026
167321,YPF.Nq.LLL-1828(h),2026-08,YPF S.A.,LOMA CAMPANA-LLL,VACA MUERTA,Extracción Efectiva,Petrolífero,Surgencia Natural,EXPLOTACION,7449.0,,,5402.96,1829.91,3618.47,30.87,prod_2026
167322,YPF.Nq.LajE-170(h),2026-08,YPF S.A.,LA ANGOSTURA SUR I,VACA MUERTA,Extracción Efectiva,Petrolífero,Surgencia Natural,EXPLOTACION,5858.0,,,9225.67,2838.23,469.62,30.97,prod_2026
167323,YPF.Nq.LajE-171(h),2026-08,YPF S.A.,LA ANGOSTURA SUR I,VACA MUERTA,Extracción Efectiva,Petrolífero,Surgencia Natural,EXPLOTACION,0.0,,,6997.13,2241.21,563.8,30.9,prod_2026
167324,YPF.Nq.LajE-59(h),2026-08,YPF S.A.,LA ANGOSTURA SUR I,VACA MUERTA,Extracción Efectiva,Petrolífero,Surgencia Natural,EXPLOTACION,6292.0,,,9126.78,2886.22,446.39,30.98,prod_2026
167326,YPF.Nq.RDMN-218(h),2026-08,YPF S.A.,RINCON DEL MANGRULLO,VACA MUERTA,Extracción Efectiva,Gasífero,Surgencia Natural,EXPLOTACION,5753.0,,,71.73,6141.96,669.88,14.63,prod_2026
167327,YPF.Nq.RDMN-219(h),2026-08,YPF S.A.,RINCON DEL MANGRULLO,VACA MUERTA,Extracción Efectiva,Gasífero,Surgencia Natural,EXPLOTACION,6135.0,,,177.2,10535.19,2325.1,29.17,prod_2026
167328,YPF.Nq.RDMN-220(h),2026-08,YPF S.A.,RINCON DEL MANGRULLO,VACA MUERTA,Extracción Efectiva,Gasífero,Surgencia Natural,EXPLOTACION,6177.0,,,70.32,6031.29,1121.73,14.57,prod_2026
167329,YPF.Nq.RDMN-221(h),2026-08,YPF S.A.,RINCON DEL MANGRULLO,VACA MUERTA,Extracción Efectiva,Gasífero,Surgencia Natural,EXPLOTACION,6102.0,,,136.38,10404.01,1761.83,24.44,prod_2026
167331,TAU.Nq.AP-1116(h),2026-08,TOTAL AUSTRAL S.A.,AGUADA PICHANA ESTE VACA MUERTA,VACA MUERTA,Extracción Efectiva,Gasífero,Surgencia Natural,EXPLOTACION,6159.1,,,492.9416,13191.02,2286.407,30.98611,prod_2026
167332,TAU.Nq.AP-1117(h),2026-08,TOTAL AUSTRAL S.A.,AGUADA PICHANA ESTE VACA MUERTA,VACA MUERTA,Extracción Efectiva,Gasífero,Surgencia Natural,EXPLOTACION,5996.3,,,519.8938,13770.98,3875.042,30.98611,prod_2026
167334,CHA.Nq.ETE-1991(h),2026-08,CHEVRON ARGENTINA S.R.L.,EL TRAPIAL ESTE,VACA MUERTA,Extracción Efectiva,Petrolífero,Surgencia Natural,EXPLOTACION,6500.0,,,911.99,279.76223,3235.6,26.438,prod_2026
167335,CHA.Nq.ETE-1992(h),2026-08,CHEVRON ARGENTINA S.R.L.,EL TRAPIAL ESTE,VACA MUERTA,Extracción Efectiva,Petrolífero,Surgencia Natural,EXPLOTACION,6500.0,,,1554.9,712.39026,2417.24,26.813,prod_2026
167336,CHA.Nq.ETE-1993(h),2026-08,CHEVRON ARGENTINA S.R.L.,EL TRAPIAL ESTE,VACA MUERTA,Extracción Efectiva,Petrolífero,Surgencia Natural,EXPLOTACION,6106.0,,,1162.06,447.3334900000001,2707.48,26.813,prod_2026
167337,CHA.Nq.ETE-1994(h),2026-08,CHEVRON ARGENTINA S.R.L.,EL TRAPIAL ESTE,VACA MUERTA,Extracción Efectiva,Petrolífero,Surgencia Natural,EXPLOTACION,6710.0,,,1490.68,1102.34417,1962.25,25.604,prod_2026
167338,CHA.Nq.ETE-1981(h),2026-08,CHEVRON ARGENTINA S.R.L.,EL TRAPIAL ESTE,VACA MUERTA,Extracción Efectiva,Petrolífero,Surgencia Natural,EXPLOTACION,6500.0,,,0.5,0.00059,408.38,5.896,prod_2026
167339,CHA.Nq.ETE-1982(h),2026-08,CHEVRON ARGENTINA S.R.L.,EL TRAPIAL ESTE,VACA MUERTA,Extracción Efectiva,Petrolífero,Surgencia Natural,EXPLOTACION,6500.0,,,0.5,0.0006,415.16,6.0,prod_2026
167340,CHA.Nq.ETE-1983(h),2026-08,CHEVRON ARGENTINA S.R.L.,EL TRAPIAL ESTE,VACA MUERTA,Extracción Efectiva,Petrolífero,Surgencia Natural,EXPLOTACION,6020.0,,,0.5,0.0006,415.16,6.0,prod_2026
167341,CHA.Nq.ETE-1984(h),2026-08,CHEVRON ARGENTINA S.R.L.,EL TRAPIAL ESTE,VACA MUERTA,Extracción Efectiva,Petrolífero,Surgencia Natural,EXPLOTACION,6267.0,,,0.5,0.0006,415.16,6.0,prod_2026
167343,PCN.Nq.BdC-1127(h),2026-08,PLUSPETROL CUENCA NEUQUINA S.R.L.,BAJO DEL CHOIQUE,VACA MUERTA,Extracción Efectiva,Petrolífero,Surgencia Natural,EXPLOTACION,6888.0,,,7954.59,2387.16,3184.93,31.0,prod_2026
167344,PCN.Nq.BdC-1128(h),2026-08,PLUSPETROL CUENCA NEUQUINA S.R.L.,BAJO DEL CHOIQUE,VACA MUERTA,Extracción Efectiva,Petrolífero,Surgencia Natural,EXPLOTACION,6777.0,,,11582.93,4070.15,3798.02,31.0,prod_2026
167347,PCR.MdN.PRo.x-4004(d),2026-08,PETROQUIMICA COMODORO RIVADAVIA S.A.,PUESTO ROJAS,VACA MUERTA,Extracción Efectiva,Petrolífero,Bombeo Mecánico,EXPLORACION,2521.0,,,0.0,0.0,0.0,0.0,prod_2026
167349,SHE.Nq.CdL-59(h),2026-08,SHELL ARGENTINA S.A.,CRUZ DE LORENA,VACA MUERTA,Extracción Efectiva,Petrolífero,Surgencia Natural,EXPLOTACION,5489.0,,,6164.7,667.6,153.05,30.92,prod_2026
167350,SHE.Nq.CdL-60(h),2026-08,SHELL ARGENTINA S.A.,CRUZ DE LORENA,VACA MUERTA,Extracción Efectiva,Petrolífero,Surgencia Natural,EXPLOTACION,6058.0,,,7081.17,712.76,187.17,30.92,prod_2026
167351,SHE.Nq.CdL-61(h),2026-08,SHELL ARGENTINA S.A.,CRUZ DE LORENA,VACA MUERTA,Extracción Efectiva,Petrolífero,Surgencia Natural,EXPLOTACION,6806.0,,,7730.89,771.19,253.71,30.92,prod_2026
167359,YPF.Nq.BdTN-74(h),2026-08,YPF S.A.,BAJO DEL TORO NORTE,VACA MUERTA,Extracción Efectiva,Petrolífero,Surgencia Natural,EXPLOTACION,7371.0,,,5142.43,1110.81,11808.35,29.78,prod_2026
167360,YPF.Nq.BdTN-75(h),2026-08,YPF S.A.,BAJO DEL TORO NORTE,VACA MUERTA,Extracción Efectiva,Petrolífero,Surgencia Natural,EXPLOTACION,7340.0,,,7028.26,993.26,16821.33,28.38,prod_2026
167361,YPF.Nq.BdTN-82(h),2026-08,YPF S.A.,BAJO DEL TORO NORTE,VACA MUERTA,Extracción Efectiva,Petrolífero,Surgencia Natural,EXPLOTACION,7337.0,,,2780.5,425.89,7438.85,28.34,prod_2026
167362,YPF.Nq.BdTN-90(h),2026-08,YPF S.A.,BAJO DEL TORO NORTE,VACA MUERTA,Extracción Efectiva,Petrolífero,Surgencia Natural,EXPLOTACION,7310.0,,,7691.46,1170.82,13414.66,29.49,prod_2026
167363,YPF.Nq.LACh-129(h),2026-08,YPF S.A.,LA AMARGA CHICA,VACA MUERTA,Extracción Efectiva,Petrolífero,Surgencia Natural,EXPLOTACION,6160.0,,,3208.29,391.4,1028.77,30.98,prod_2026
167364,YPF.Nq.LACh-130(h),2026-08,YPF S.A.,LA AMARGA CHICA,VACA MUERTA,Extracción Efectiva,Petrolífero,Surgencia Natural,EXPLOTACION,5451.0,,,4862.21,608.12,1615.92,30.94,prod_2026
167365,YPF.Nq.LACh-131(h),2026-08,YPF S.A.,LA AMARGA CHICA,VACA MUERTA,Extracción Efectiva,Petrolífero,Surgencia Natural,EXPLOTACION,6203.0,,,8213.83,1095.84,2698.06,30.98,prod_2026
167367,YPF.Nq.LCav-145(h),2026-08,YPF S.A.,BANDURRIA SUR,VACA MUERTA,Extracción Efectiva,Petrolífero,Surgencia Natural,EXPLOTACION,6104.0,,,5837.68,1184.03,5730.28,29.62,prod_2026
167368,YPF.Nq.LCav-146(h),2026-08,YPF S.A.,BANDURRIA SUR,VACA MUERTA,Extracción Efectiva,Petrolífero,Surgencia Natural,EXPLOTACION,6197.0,,,4396.85,941.16,6561.01,29.69,prod_2026
167369,YPF.Nq.LCav-147(h),2026-08,YPF S.A.,BANDURRIA SUR,VACA MUERTA,Extracción Efectiva,Petrolífero,Surgencia Natural,EXPLOTACION,5931.0,,,1269.05,332.24,6302.47,29.53,prod_2026
167370,YPF.Nq.LCav-148(h),2026-08,YPF S.A.,BANDURRIA SUR,VACA MUERTA,Extracción Efectiva,Petrolífero,Surgencia Natural,EXPLOTACION,6301.0,,,3474.73,682.53,4670.94,29.34,prod_2026
167371,YPF.Nq.LCav-183(h),2026-08,YPF S.A.,BANDURRIA SUR,VACA MUERTA,Extracción Efectiva,Petrolífero,Surgencia Natural,EXPLOTACION,6205.0,,,4565.86,971.02,7351.4,30.45,prod_2026
167372,YPF.Nq.LCav-184(h),2026-08,YPF S.A.,BANDURRIA SUR,VACA MUERTA,Extracción Efectiva,Petrolífero,Surgencia Natural,EXPLOTACION,0.0,,,10217.11,1667.12,2620.74,30.08,prod_2026
167373,YPF.Nq.LCav-426(h),2026-08,YPF S.A.,BANDURRIA SUR,VACA MUERTA,Extracción Efectiva,Petrolífero,Surgencia Natural,EXPLOTACION,0.0,,,3203.02,1385.87,2343.74,27.34,prod_2026
167374,YPF.Nq.LCav-441(h),2026-08,YPF S.A.,BANDURRIA SUR,VACA MUERTA,Extracción Efectiva,Petrolífero,Surgencia Natural,EXPLOTACION,6930.0,,,1236.91,589.69,1701.96,27.49,prod_2026
167375,YPF.Nq.LCav-443(h),2026-08,YPF S.A.,BANDURRIA SUR,VACA MUERTA,Extracción Efectiva,Petrolífero,Surgencia Natural,EXPLOTACION,7029.0,,,1010.18,541.38,1919.36,27.67,prod_2026
167376,YPF.Nq.LLL-1819(h),2026-08,YPF S.A.,LOMA CAMPANA-LLL,VACA MUERTA,Extracción Efectiva,Petrolífero,Surgencia Natural,EXPLOTACION,6110.0,,,4804.44,1584.67,4716.28,29.9,prod_2026
167377,YPF.Nq.LLL-1820(h),2026-08,YPF S.A.,LOMA CAMPANA-LLL,VACA MUERTA,Extracción Efectiva,Petrolífero,Surgencia Natural,EXPLOTACION,6070.0,,,3766.39,1311.65,5779.68,28.69,prod_2026
167378,YPF.Nq.LLL-1821(h),2026-08,YPF S.A.,LOMA CAMPANA-LLL,VACA MUERTA,Extracción Efectiva,Petrolífero,Surgencia Natural,EXPLOTACION,6051.0,,,6934.09,4017.38,5382.85,30.71,prod_2026
167379,YPF.Nq.LLL-1824(h),2026-08,YPF S.A.,LOMA CAMPANA-LLL,VACA MUERTA,Extracción Efectiva,Petrolífero,Surgencia Natural,EXPLOTACION,6217.0,,,3464.68,2409.82,2445.97,29.85,prod_2026
167380,YPF.Nq.LLL-1829(h),2026-08,YPF S.A.,LOMA CAMPANA-LLL,VACA MUERTA,Extracción Efectiva,Petrolífero,Surgencia Natural,EXPLOTACION,7468.0,,,565.52,150.16,243.44,30.94,prod_2026
167384,TPT.Nq.FP-1451(h),2026-08,TECPETROL S.A.,FORTIN DE PIEDRA,VACA MUERTA,Extracción Efectiva,Gasífero,Surgencia Natural,EXPLOTACION,5320.0,,,1221.943,8161.648,3840.342,31.0,prod_2026
167385,TPT.Nq.FP-1452(h),2026-08,TECPETROL S.A.,FORTIN DE PIEDRA,VACA MUERTA,Extracción Efectiva,Gasífero,Surgencia Natural,EXPLOTACION,5135.0,,,1863.215,11523.62,8892.1,31.0,prod_2026
167386,TPT.Nq.FP-1453(h),2026-08,TECPETROL S.A.,FORTIN DE PIEDRA,VACA MUERTA,Extracción Efectiva,Gasífero,Surgencia Natural,EXPLOTACION,5270.0,,,1628.652,11450.39,4548.458,29.98542,prod_2026
167387,TPT.Nq.FP-1454(h),2026-08,TECPETROL S.A.,FORTIN DE PIEDRA,VACA MUERTA,Extracción Efectiva,Gasífero,Surgencia Natural,EXPLOTACION,1974.0,,,2317.379,11319.72,5671.489,30.97431,prod_2026
167393,PAE.Nq.CASE-539(h),2026-08,PAN AMERICAN ENERGY SL,COIRON AMARGO SUR ESTE,VACA MUERTA,Extracción Efectiva,Petrolífero,Surgencia Natural,EXPLOTACION,6399.0,,,3428.256,161.2582,1297.417,27.85486,prod_2026
167399,PAE.Nq.CASE-537(h),2026-08,PAN AMERICAN ENERGY SL,COIRON AMARGO SUR ESTE,VACA MUERTA,Extracción Efectiva,Petrolífero,Surgencia Natural,EXPLOTACION,6373.0,,,3058.541,179.5598,966.5987,31.0,prod_2026
167400,PAE.Nq.CASE-541(h),2026-08,PAN AMERICAN ENERGY SL,COIRON AMARGO SUR ESTE,VACA MUERTA,Extracción Efectiva,Petrolífero,Surgencia Natural,EXPLOTACION,6442.0,,,3784.922,208.285,1010.73,30.98264,prod_2026
167407,VIS.Nq.BPO-2471(h),2026-08,VISTA ENERGY ARGENTINA SAU,BAJADA DEL PALO OESTE,VACA MUERTA,Extracción Efectiva,Petrolífero,Surgencia Natural,EXPLOTACION,6489.0,,,5012.304,446.355,6684.255,30.974,prod_2026
167408,VIS.Nq.BPO-2472(h),2026-08,VISTA ENERGY ARGENTINA SAU,BAJADA DEL PALO OESTE,VACA MUERTA,Extracción Efectiva,Petrolífero,Surgencia Natural,EXPLOTACION,6348.0,,,3378.007,327.464,5761.042,31.0,prod_2026
167409,VIS.Nq.BPO-2473(h),2026-08,VISTA ENERGY ARGENTINA SAU,BAJADA DEL PALO OESTE,VACA MUERTA,Extracción Efectiva,Petrolífero,Surgencia Natural,EXPLOTACION,6318.0,,,2381.781,189.405,4143.968,31.0,prod_2026
167410,VIS.Nq.BPO-2474(h),2026-08,VISTA ENERGY ARGENTINA SAU,BAJADA DEL PALO OESTE,VACA MUERTA,Extracción Efectiva,Petrolífero,Surgencia Natural,EXPLOTACION,6384.0,,,3264.841,272.96,3958.073,30.974,prod_2026
167411,VIS.Nq.BPO-2475(h),2026-08,VISTA ENERGY ARGENTINA SAU,BAJADA DEL PALO OESTE,VACA MUERTA,Extracción Efectiva,Petrolífero,Surgencia Natural,EXPLOTACION,6242.0,,,3083.744,273.222,3578.36,30.833,prod_2026
167412,VIS.Nq.BPO-2476(h),2026-08,VISTA ENERGY ARGENTINA SAU,BAJADA DEL PALO OESTE,VACA MUERTA,Extracción Efectiva,Petrolífero,Surgencia Natural,EXPLOTACION,6190.0,,,1842.706,115.25,2789.721,29.212,prod_2026
167413,PCN.Nq.BdC-1034(h),2026-08,PLUSPETROL CUENCA NEUQUINA S.R.L.,BAJO DEL CHOIQUE,VACA MUERTA,Extracción Efectiva,Petrolífero,Surgencia Natural,EXPLOTACION,6807.0,,,13022.08,3423.97,8332.29,31.0,prod_2026
167414,PCN.Nq.BdC-1035(h),2026-08,PLUSPETROL CUENCA NEUQUINA S.R.L.,BAJO DEL CHOIQUE,VACA MUERTA,Extracción Efectiva,Petrolífero,Surgencia Natural,EXPLOTACION,6875.0,,,12496.72,3822.36,4703.36,31.0,prod_2026
167415,PCN.Nq.BdC-1036(h),2026-08,PLUSPETROL CUENCA NEUQUINA S.R.L.,BAJO DEL CHOIQUE,VACA MUERTA,Extracción Efectiva,Petrolífero,Surgencia Natural,EXPLOTACION,6821.0,,,8239.53,2113.56,7429.67,31.0,prod_2026
167418,VIS.Nq.BPO-2071(h),2026-08,VISTA ENERGY ARGENTINA SAU,BAJADA DEL PALO OESTE,VACA MUERTA,Extracción Efectiva,Petrolífero,Surgencia Natural,EXPLOTACION,6489.0,,,1140.718,92.114,940.065,13.007,prod_2026
167419,VIS.Nq.BPO-2072(h),2026-08,VISTA ENERGY ARGENTINA SAU,BAJADA DEL PALO OESTE,VACA MUERTA,Extracción Efectiva,Petrolífero,Surgencia Natural,EXPLOTACION,6348.0,,,205.525,20.547,2677.091,14.604,prod_2026
167420,VIS.Nq.BPO-2073(h),2026-08,VISTA ENERGY ARGENTINA SAU,BAJADA DEL PALO OESTE,VACA MUERTA,Extracción Efectiva,Petrolífero,Surgencia Natural,EXPLOTACION,6318.0,,,698.036,54.656,1600.643,16.191,prod_2026
167421,VIS.Nq.BPO-2074(h),2026-08,VISTA ENERGY ARGENTINA SAU,BAJADA DEL PALO OESTE,VACA MUERTA,Extracción Efectiva,Petrolífero,Surgencia Natural,EXPLOTACION,6384.0,,,2180.183,203.69,2167.863,18.413,prod_2026
167425,PAM.Nq.RdA-2068(h),2026-08,PAMPA ENERGIA S.A.,RINCON DE ARANDA,VACA MUERTA,Extracción Efectiva,Petrolífero,Surgencia Natural,EXPLOTACION,5320.0,,,1987.0,137.8001,5183.0,27.0,prod_2026
167426,PAM.Nq.RdA-2069(h),2026-08,PAMPA ENERGIA S.A.,RINCON DE ARANDA,VACA MUERTA,Extracción Efectiva,Petrolífero,Surgencia Natural,EXPLOTACION,5405.0,,,2946.0,169.1091,5966.0,30.0,prod_2026
167427,PAM.Nq.RdA-2070(h),2026-08,PAMPA ENERGIA S.A.,RINCON DE ARANDA,VACA MUERTA,Extracción Efectiva,Petrolífero,Surgencia Natural,EXPLOTACION,5375.0,,,2356.0,142.4154,6060.0,28.0,prod_2026
167428,PAM.Nq.RdA-2071(h),2026-08,PAMPA ENERGIA S.A.,RINCON DE ARANDA,VACA MUERTA,Extracción Efectiva,Petrolífero,Surgencia Natural,EXPLOTACION,5446.0,,,2098.0,127.2861,6189.0,30.0,prod_2026
167429,PAM.Nq.RdA-2072(h),2026-08,PAMPA ENERGIA S.A.,RINCON DE ARANDA,VACA MUERTA,Extracción Efectiva,Petrolífero,Surgencia Natural,EXPLOTACION,5828.0,,,2464.0,216.4041,6346.0,28.0,prod_2026
167430,PAM.Nq.RdA-2073(h),2026-08,PAMPA ENERGIA S.A.,RINCON DE ARANDA,VACA MUERTA,Extracción Efectiva,Petrolífero,Surgencia Natural,EXPLOTACION,5820.0,,,3873.0,293.5195,5549.0,30.0,prod_2026
167431,PAM.Nq.RdA-2074(h),2026-08,PAMPA ENERGIA S.A.,RINCON DE ARANDA,VACA MUERTA,Extracción Efectiva,Petrolífero,Surgencia Natural,EXPLOTACION,5929.0,,,2330.0,181.7019,5725.0,27.0,prod_2026
167432,PAM.Nq.RdA-2075(h),2026-08,PAMPA ENERGIA S.A.,RINCON DE ARANDA,VACA MUERTA,Extracción Efectiva,Petrolífero,Surgencia Natural,EXPLOTACION,5848.0,,,2511.0,200.5386,6932.0,30.0,prod_2026
167433,PAM.Nq.RdA-2096(h),2026-08,PAMPA ENERGIA S.A.,RINCON DE ARANDA,VACA MUERTA,Extracción Efectiva,Petrolífero,Surgencia Natural,EXPLOTACION,5368.0,,,1904.0,134.1909,7006.0,29.0,prod_2026
167434,PAM.Nq.RdA-2098(h),2026-08,PAMPA ENERGIA S.A.,RINCON DE ARANDA,VACA MUERTA,Extracción Efectiva,Petrolífero,Surgencia Natural,EXPLOTACION,5450.0,,,2084.0,177.5666,7260.0,30.0,prod_2026
167439,YPF.Nq.LCav-392(h)(I),2026-08,YPF S.A.,BANDURRIA SUR,VACA MUERTA,Extracción Efectiva,Petrolífero,Surgencia Natural,EXPLOTACION,7096.0,,,3617.38,506.81,3510.76,29.94,prod_2026
167440,YPF.Nq.LCav-393(h),2026-08,YPF S.A.,BANDURRIA SUR,VACA MUERTA,Extracción Efectiva,Petrolífero,Surgencia Natural,EXPLOTACION,6853.0,,,3584.68,523.87,2737.7,30.04,prod_2026
167441,YPF.Nq.LCav-394(h),2026-08,YPF S.A.,BANDURRIA SUR,VACA MUERTA,Extracción Efectiva,Petrolífero,Surgencia Natural,EXPLOTACION,0.0,,,4626.03,658.45,2868.63,29.5,prod_2026
167442,YPF.Nq.LCav-795(h),2026-08,YPF S.A.,BANDURRIA SUR,VACA MUERTA,Extracción Efectiva,Petrolífero,Surgencia Natural,EXPLOTACION,6427.0,,,1868.33,448.7,3149.55,30.5,prod_2026
167443,YPF.Nq.LCav-796(h),2026-08,YPF S.A.,BANDURRIA SUR,VACA MUERTA,Extracción Efectiva,Petrolífero,Surgencia Natural,EXPLOTACION,0.0,,,2778.98,624.23,5649.55,30.17,prod_2026
167444,YPF.Nq.LCav-797(h),2026-08,YPF S.A.,BANDURRIA SUR,VACA MUERTA,Extracción Efectiva,Petrolífero,Surgencia Natural,EXPLOTACION,0.0,,,2935.99,746.13,4027.24,28.34,prod_2026
167445,YPF.Nq.LCav-851(h),2026-08,YPF S.A.,BANDURRIA SUR,VACA MUERTA,Extracción Efectiva,Petrolífero,Surgencia Natural,EXPLOTACION,0.0,,,4192.53,1153.8,3202.14,29.94,prod_2026
167446,YPF.Nq.LCav-852(h),2026-08,YPF S.A.,BANDURRIA SUR,VACA MUERTA,Extracción Efectiva,Petrolífero,Surgencia Natural,EXPLOTACION,0.0,,,1898.94,482.4,3204.12,28.54,prod_2026
167447,YPF.Nq.LLL-1972(h),2026-08,YPF S.A.,LOMA CAMPANA-LLL,VACA MUERTA,Extracción Efectiva,Petrolífero,Surgencia Natural,EXPLOTACION,6453.0,,,5889.54,1038.1,3461.12,30.94,prod_2026
167448,YPF.Nq.LLL-1973(h),2026-08,YPF S.A.,LOMA CAMPANA-LLL,VACA MUERTA,Extracción Efectiva,Petrolífero,Surgencia Natural,EXPLOTACION,6199.0,,,6562.49,1206.31,3373.55,30.73,prod_2026
167449,YPF.Nq.LLL-1974(h),2026-08,YPF S.A.,LOMA CAMPANA-LLL,VACA MUERTA,Extracción Efectiva,Petrolífero,Surgencia Natural,EXPLOTACION,6030.0,,,2787.66,534.4,4300.31,29.9,prod_2026
167450,YPF.Nq.LLL-1975(h),2026-08,YPF S.A.,LOMA CAMPANA-LLL,VACA MUERTA,Extracción Efectiva,Petrolífero,Surgencia Natural,EXPLOTACION,5993.0,,,5696.0,1015.34,3629.52,30.94,prod_2026
167451,YPF.Nq.LLL-1976(h),2026-08,YPF S.A.,LOMA CAMPANA-LLL,VACA MUERTA,Extracción Efectiva,Petrolífero,Surgencia Natural,EXPLOTACION,5863.0,,,2113.47,416.29,3331.39,25.16,prod_2026
167452,YPF.Nq.LLL-1995(h),2026-08,YPF S.A.,LOMA CAMPANA-LLL,VACA MUERTA,Extracción Efectiva,Petrolífero,Surgencia Natural,EXPLOTACION,7561.0,,,1330.08,166.08,2554.92,25.75,prod_2026
167453,YPF.Nq.LLL-1996(h),2026-08,YPF S.A.,LOMA CAMPANA-LLL,VACA MUERTA,Extracción Efectiva,Petrolífero,Surgencia Natural,EXPLOTACION,7906.0,,,3395.03,389.04,4538.95,30.94,prod_2026
167454,YPF.Nq.LLL-1997(h),2026-08,YPF S.A.,LOMA CAMPANA-LLL,VACA MUERTA,Extracción Efectiva,Petrolífero,Surgencia Natural,EXPLOTACION,0.0,,,6939.5,831.72,6681.35,30.13,prod_2026
167455,YPF.Nq.LLL-1998(h),2026-08,YPF S.A.,LOMA CAMPANA-LLL,VACA MUERTA,Extracción Efectiva,Petrolífero,Surgencia Natural,EXPLOTACION,0.0,,,5333.38,603.03,5670.58,30.92,prod_2026
167456,YPF.Nq.LLL-1999(h),2026-08,YPF S.A.,LOMA CAMPANA-LLL,VACA MUERTA,Extracción Efectiva,Petrolífero,Surgencia Natural,EXPLOTACION,0.0,,,6752.47,774.27,6093.33,30.94,prod_2026
167457,YPF.Nq.LajE-68(h),2026-08,YPF S.A.,LA ANGOSTURA SUR I,VACA MUERTA,Extracción Efectiva,Petrolífero,Surgencia Natural,EXPLOTACION,7234.0,,,4708.68,653.19,2073.78,30.98,prod_2026
167458,YPF.Nq.LajE-69(h),2026-08,YPF S.A.,LA ANGOSTURA SUR I,VACA MUERTA,Extracción Efectiva,Petrolífero,Surgencia Natural,EXPLOTACION,7160.0,,,2928.01,527.81,1535.64,30.97,prod_2026
167459,YPF.Nq.LajE-70(h),2026-08,YPF S.A.,LA ANGOSTURA SUR I,VACA MUERTA,Extracción Efectiva,Petrolífero,Surgencia Natural,EXPLOTACION,0.0,,,3085.4,509.74,1379.92,30.98,prod_2026
167460,YPF.Nq.LajE-71(h),2026-08,YPF S.A.,LA ANGOSTURA SUR I,VACA MUERTA,Extracción Efectiva,Petrolífero,Surgencia Natural,EXPLOTACION,7268.0,,,4078.73,631.79,1782.82,30.98,prod_2026
167461,YPF.Nq.LajE-72(h),2026-08,YPF S.A.,LA ANGOSTURA SUR I,VACA MUERTA,Extracción Efectiva,Petrolífero,Surgencia Natural,EXPLOTACION,0.0,,,4316.21,773.4,1842.13,30.98,prod_2026
167462,YPF.Nq.LajE-73(h),2026-08,YPF S.A.,LA ANGOSTURA SUR I,VACA MUERTA,Extracción Efectiva,Petrolífero,Surgencia Natural,EXPLOTACION,7081.0,,,5806.55,882.87,2105.04,30.98,prod_2026
167463,YPF.Nq.LajE-74(h),2026-08,YPF S.A.,LA ANGOSTURA SUR I,VACA MUERTA,Extracción Efectiva,Petrolífero,Surgencia Natural,EXPLOTACION,0.0,,,5796.39,851.12,2250.87,30.99,prod_2026
167464,YPF.Nq.LajE-75(h),2026-08,YPF S.A.,LA ANGOSTURA SUR I,VACA MUERTA,Extracción Efectiva,Petrolífero,Surgencia Natural,EXPLOTACION,0.0,,,6616.21,933.29,1991.66,30.99,prod_2026
167466,PET.Nq.MMo-2351(h),2026-08,PHOENIX GLOBAL RESOURCES S.A.,MATA MORA NORTE,VACA MUERTA,Extracción Efectiva,Petrolífero,Surgencia Natural,EXPLOTACION,6667.9,,,4322.905,256.1485,1430.174,30.9375,prod_2026
167467,PET.Nq.MMo-2352(h),2026-08,PHOENIX GLOBAL RESOURCES S.A.,MATA MORA NORTE,VACA MUERTA,Extracción Efectiva,Petrolífero,Surgencia Natural,EXPLOTACION,6632.9,,,5300.497,327.886,1483.65,30.71875,prod_2026
167468,PET.Nq.MMo-2353(h),2026-08,PHOENIX GLOBAL RESOURCES S.A.,MATA MORA NORTE,VACA MUERTA,Extracción Efectiva,Petrolífero,Surgencia Natural,EXPLOTACION,6627.9,,,4368.895,260.7121,924.2419,30.95208,prod_2026
167469,PET.Nq.MMo-2354(h),2026-08,PHOENIX GLOBAL RESOURCES S.A.,MATA MORA NORTE,VACA MUERTA,Extracción Efectiva,Petrolífero,Surgencia Natural,EXPLOTACION,6655.9,,,5130.167,309.119,2558.582,30.94306,prod_2026
167471,PAE.Nq.CASE-126(h),2026-08,PAN AMERICAN ENERGY SL,COIRON AMARGO SUR ESTE,VACA MUERTA,Extracción Efectiva,Petrolífero,Surgencia Natural,EXPLOTACION,6290.0,,,5847.168,387.865,1451.175,30.97569,prod_2026
167476,PAE.Nq.CASE-198(h)(I),2026-08,PAN AMERICAN ENERGY SL,COIRON AMARGO SUR ESTE,VACA MUERTA,Extracción Efectiva,Petrolífero,Surgencia Natural,EXPLOTACION,0.0,,,5940.592,396.0788,1031.869,30.9375,prod_2026
167477,PAE.Nq.CASE-197(h),2026-08,PAN AMERICAN ENERGY SL,COIRON AMARGO SUR ESTE,VACA MUERTA,Extracción Efectiva,Petrolífero,Surgencia Natural,EXPLOTACION,6398.0,,,4496.476,301.1002,2125.606,30.97569,prod_2026
167481,PAE.Nq.CASE-199(h),2026-08,PAN AMERICAN ENERGY SL,COIRON AMARGO SUR ESTE,VACA MUERTA,Extracción Efectiva,Petrolífero,Surgencia Natural,EXPLOTACION,6532.0,,,2328.377,157.4857,3508.744,30.96528,prod_2026
167514,VIS.Nq.BPE-2421(h),2026-08,VISTA ENERGY ARGENTINA SAU,BAJADA DEL PALO ESTE,VACA MUERTA,Extracción Efectiva,Petrolífero,Surgencia Natural,EXPLOTACION,6667.0,,,0.0,0.0,124.583,1.083,prod_2026
167515,VIS.Nq.BPE-2422(h),2026-08,VISTA ENERGY ARGENTINA SAU,BAJADA DEL PALO ESTE,VACA MUERTA,Otras Situación Inactivo,Petrolífero,Sin Sistema de Extracción,EXPLOTACION,6613.0,,,0.0,0.0,0.0,0.0,prod_2026
167516,VIS.Nq.BPE-2423(h),2026-08,VISTA ENERGY ARGENTINA SAU,BAJADA DEL PALO ESTE,VACA MUERTA,Otras Situación Inactivo,Petrolífero,Sin Sistema de Extracción,EXPLOTACION,6613.0,,,0.0,0.0,0.0,0.0,prod_2026
167520,PLU.Nq.LJE-1029(h),2026-08,GEOPARK ARGENTINA S.A.,LOMA JARILLOSA ESTE,VACA MUERTA,Extracción Efectiva,Petrolífero,Surgencia Natural,EXPLOTACION,5703.0,,,832.31,56.33957,3351.901,27.52083,prod_2026
167521,PLU.Nq.LJE-1030(h),2026-08,GEOPARK ARGENTINA S.A.,LOMA JARILLOSA ESTE,VACA MUERTA,Extracción Efectiva,Petrolífero,Surgencia Natural,EXPLOTACION,6287.0,,,1935.91,104.9675,1787.18,24.68042,prod_2026
167522,PLU.Nq.LJE-1031(h),2026-08,GEOPARK ARGENTINA S.A.,LOMA JARILLOSA ESTE,VACA MUERTA,Extracción Efectiva,Petrolífero,Surgencia Natural,EXPLOTACION,6223.0,,,764.93,40.01228,2706.34,23.75708,prod_2026
167523,PCN.Nq.BdC-1037(h),2026-08,PLUSPETROL CUENCA NEUQUINA S.R.L.,BAJO DEL CHOIQUE,VACA MUERTA,Extracción Efectiva,Petrolífero,Surgencia Natural,EXPLOTACION,6989.0,,,299.43,90.1,612.48,5.0,prod_2026
167524,PCN.Nq.BdC-1038(h),2026-08,PLUSPETROL CUENCA NEUQUINA S.R.L.,BAJO DEL CHOIQUE,VACA MUERTA,Extracción Efectiva,Petrolífero,Surgencia Natural,EXPLOTACION,7071.0,,,310.11,91.79,367.95,4.0,prod_2026
167525,PCN.Nq.BdC-1039(h),2026-08,PLUSPETROL CUENCA NEUQUINA S.R.L.,BAJO DEL CHOIQUE,VACA MUERTA,Extracción Efectiva,Petrolífero,Surgencia Natural,EXPLOTACION,7100.0,,,189.62,48.7,263.89,3.0,prod_2026
167526,PCN.Nq.BdC-1040(h),2026-08,PLUSPETROL CUENCA NEUQUINA S.R.L.,BAJO DEL CHOIQUE,VACA MUERTA,Extracción Efectiva,Petrolífero,Surgencia Natural,EXPLOTACION,7158.0,,,45.95,23.24,35.67,2.0,prod_2026
167527,VIS.Nq.BPO-2621(h),2026-08,VISTA ENERGY ARGENTINA SAU,BAJADA DEL PALO OESTE,VACA MUERTA,,,,EXPLOTACION,6058.0,,,0.0,0.0,0.0,0.0,prod_2026
167528,VIS.Nq.BPO-2622(h),2026-08,VISTA ENERGY ARGENTINA SAU,BAJADA DEL PALO OESTE,VACA MUERTA,,,,EXPLOTACION,6005.0,,,0.0,0.0,0.0,0.0,prod_2026
167529,VIS.Nq.BPO-2623(h),2026-08,VISTA ENERGY ARGENTINA SAU,BAJADA DEL PALO OESTE,VACA MUERTA,,,,EXPLOTACION,6079.0,,,0.0,0.0,0.0,0.0,prod_2026
167530,VIS.Nq.BPO-2624(h),2026-08,VISTA ENERGY ARGENTINA SAU,BAJADA DEL PALO OESTE,VACA MUERTA,,,,EXPLOTACION,6004.0,,,0.0,0.0,0.0,0.0,prod_2026
167540,YPF.Nq.ChSN-702(h),2026-08,YPF S.A.,CHIHUIDO DE LA SIERRA NEGRA,VACA MUERTA,Extracción Efectiva,Petrolífero,Surgencia Natural,EXPLOTACION,4953.0,,,7.67,13.38,785.81,8.0,prod_2026
167541,YPF.Nq.ChSN-703(h),2026-08,YPF S.A.,CHIHUIDO DE LA SIERRA NEGRA,VACA MUERTA,Parado Transitoriamente,Petrolífero,Surgencia Natural,EXPLOTACION,4926.0,,,0.0,0.0,0.0,0.0,prod_2026
167542,YPF.Nq.LACh-238(h),2026-08,YPF S.A.,LA AMARGA CHICA,VACA MUERTA,Extracción Efectiva,Petrolífero,Surgencia Natural,EXPLOTACION,6100.0,,,2430.0,176.96,2434.55,14.0,prod_2026
167543,YPF.Nq.LACh-239(h),2026-08,YPF S.A.,LA AMARGA CHICA,VACA MUERTA,Extracción Efectiva,Petrolífero,Surgencia Natural,EXPLOTACION,6222.0,,,486.54,46.44,3311.89,14.0,prod_2026
167544,YPF.Nq.LACh-240(h),2026-08,YPF S.A.,LA AMARGA CHICA,VACA MUERTA,Extracción Efectiva,Petrolífero,Surgencia Natural,EXPLOTACION,6376.0,,,971.38,92.65,3133.04,13.98,prod_2026
167545,YPF.Nq.LACh-241(h),2026-08,YPF S.A.,LA AMARGA CHICA,VACA MUERTA,Extracción Efectiva,Petrolífero,Surgencia Natural,EXPLOTACION,6416.0,,,973.07,92.87,3137.58,14.0,prod_2026
167546,YPF.Nq.LACh-873(h),2026-08,YPF S.A.,LA AMARGA CHICA,VACA MUERTA,Extracción Efectiva,Petrolífero,Surgencia Natural,EXPLOTACION,7769.0,,,3293.91,418.3,7258.18,19.98,prod_2026
167547,YPF.Nq.LACh-874(h),2026-08,YPF S.A.,LA AMARGA CHICA,VACA MUERTA,Extracción Efectiva,Petrolífero,Surgencia Natural,EXPLOTACION,7519.0,,,1846.94,244.33,8701.94,20.0,prod_2026
167552,PAE.Nq.CASE-112(h),2026-08,PAN AMERICAN ENERGY SL,COIRON AMARGO SUR ESTE,VACA MUERTA,Extracción Efectiva,Petrolífero,Surgencia Natural,EXPLOTACION,6507.0,,,33.36951,2.273522,2341.334,18.49653,prod_2026
167555,PAE.Nq.CASE-114(h),2026-08,PAN AMERICAN ENERGY SL,COIRON AMARGO SUR ESTE,VACA MUERTA,Extracción Efectiva,Petrolífero,Surgencia Natural,EXPLOTACION,6567.0,,,19.11347,0.786576,2390.28,18.53056,prod_2026
167559,PAE.Nq.CASE-113(h),2026-08,PAN AMERICAN ENERGY SL,COIRON AMARGO SUR ESTE,VACA MUERTA,Extracción Efectiva,Petrolífero,Surgencia Natural,EXPLOTACION,6372.0,,,10.75133,0.444325,2384.167,18.5125,prod_2026
34769,BRI.Nq.AB.LA-74,2026-08,PAN AMERICAN ENERGY SL,LINDERO ATRAVESADO OCCIDENTAL,VACA MUERTA,A Abandonar,Petrolífero,Surgencia Natural,,3885.0,,,0.0,0.0,0.0,0.0,prod_2026
3640,PPC.Nq.EC-4,2026-08,TANGO ENERGY ARGENTINA S.A.,EL CARACOL,VACA MUERTA,Parado Transitoriamente,Petrolífero,Bombeo Mecánico,EXPLOTACION,2585.0,,,0.0,0.0,0.0,0.0,prod_2026
3648,PPC.Nq.EC-11,2026-08,TANGO ENERGY ARGENTINA S.A.,EL CARACOL,VACA MUERTA,En Estudio,Petrolífero,Sin Sistema de Extracción,EXPLOTACION,2225.0,,,0.0,0.0,0.0,0.0,prod_2026
42900,YPF.Nq.BP.x-2,2026-08,VISTA ENERGY ARGENTINA SAU,BAJADA DEL PALO,VACA MUERTA,Extracción Efectiva,Petrolífero,Bombeo Mecánico,EXPLORACION,3120.0,,,0.0,0.0,0.0,0.0,prod_2026
42905,YPF.Nq.BP.a-7,2026-08,VISTA ENERGY ARGENTINA SAU,BAJADA DEL PALO,VACA MUERTA,Extracción Efectiva,Petrolífero,Bombeo Mecánico,EXPLOTACION,2792.0,,,0.0,0.0,0.0,0.0,prod_2026
42927,PC.Nq.BMo-1001,2026-08,VISTA ENERGY ARGENTINA SAU,BORDE MONTUOSO,VACA MUERTA,Extracción Efectiva,Petrolífero,Bombeo Mecánico,EXPLOTACION,3554.0,,,0.0,0.0,0.0,0.0,prod_2026
42928,PC.Nq.BMo.x-1002,2026-08,VISTA ENERGY ARGENTINA SAU,BORDE MONTUOSO,VACA MUERTA,Extracción Efectiva,Petrolífero,Sin Sistema de Extracción,EXPLORACION,3373.0,,,0.0,0.0,0.0,0.0,prod_2026
42933,YPF.Nq.MDM-2,2026-08,VISTA ENERGY ARGENTINA SAU,MEDANO DE LA MORA,VACA MUERTA,Extracción Efectiva,Petrolífero,Bombeo Mecánico,EXPLOTACION,3330.0,,,0.0,0.0,0.0,0.0,prod_2026
42936,YPF.Nq.PSNo.x-2,2026-08,VISTA ENERGY ARGENTINA SAU,PUESTO SIN NOMBRE,VACA MUERTA,Extracción Efectiva,Petrolífero,Surgencia Natural,EXPLORACION,3447.0,,,0.0,0.0,0.0,0.0,prod_2026
51120,PNR.NQ.NdM-50,2026-08,OILSTONE ENERGIA S.A.,NEUQUEN DEL MEDIO,VACA MUERTA,En Estudio,Petrolífero,Bombeo Mecánico,,2802.0,,,0.0,0.0,0.0,0.0,prod_2026
528,YPF.Nq.SD.x-1,2026-08,ARGENTA ENERGIA S.A.,BAJO GUANACO,VACA MUERTA,Otras Situación Inactivo,Otro tipo,Sin Sistema de Extracción,EXPLORACION,2364.0,,,0.0,0.0,0.0,0.0,prod_2026
78106,YPF.Nq.LB-28,2026-08,OILSTONE ENERGIA S.A.,AGUADA BAGUALES,VACA MUERTA,Abandonado,Petrolífero,Sin Sistema de Extracción,EXPLORACION,1850.0,,,0.0,0.0,0.0,0.0,prod_2026
78111,YPF.Nq.NX-6,2026-08,OILSTONE ENERGIA S.A.,AGUADA BAGUALES,VACA MUERTA,Abandonado,Petrolífero,Sin Sistema de Extracción,EXPLORACION,1250.0,,,0.0,0.0,0.0,0.0,prod_2026
78125,Pp.Nq.Ce.a-1185(d),2026-08,FLXS OGE S.A,CENTENARIO BLOQUE II,VACA MUERTA,Abandonado,Petrolífero,Sin Sistema de Extracción,EXPLOTACION,3900.0,,,0.0,0.0,0.0,0.0,prod_2026
78404,Pp.Nq.Ce-1183,2026-08,FLXS OGE S.A,CENTENARIO CENTRO,VACA MUERTA,Extracción Efectiva,Gasífero,Surgencia Natural,EXPLOTACION,3152.0,,,1.812334,48.0069,4.092,31.0,prod_2026
78485,YPF.Nq.Ce.a-38,2026-08,FLXS OGE S.A,CENTENARIO CENTRO,VACA MUERTA,Abandonado,Petrolífero,Sin Sistema de Extracción,EXPLOTACION,2604.0,,,0.0,0.0,0.0,0.0,prod_2026
78495,YPF.Nq.Ce.a-64,2026-08,FLXS OGE S.A,CENTENARIO BLOQUE II,VACA MUERTA,Abandonado,Petrolífero,Sin Sistema de Extracción,EXPLOTACION,2642.0,,,0.0,0.0,0.0,0.0,prod_2026
78577,YPF.Nq.Ce-76,2026-08,FLXS OGE S.A,CENTENARIO BLOQUE II,VACA MUERTA,Abandonado,Petrolífero,Sin Sistema de Extracción,EXPLORACION,2761.0,,,0.0,0.0,0.0,0.0,prod_2026
78578,YPF.Nq.Ce-78,2026-08,FLXS OGE S.A,CENTENARIO BLOQUE II,VACA MUERTA,Abandonado,Petrolífero,Sin Sistema de Extracción,EXPLORACION,2563.0,,,0.0,0.0,0.0,0.0,prod_2026
78805,YPF.Nq.NA-104,2026-08,OILSTONE ENERGIA S.A.,CHALLACO,VACA MUERTA,En Estudio,Inyección de Agua,Sin Sistema de Extracción,,1410.0,,,0.0,0.0,0.0,0.0,prod_2026
78885,YPF.Nq.NA-167,2026-08,OILSTONE ENERGIA S.A.,CHALLACO,VACA MUERTA,Abandonado,Petrolífero,Sin Sistema de Extracción,EXPLORACION,1012.0,,,0.0,0.0,0.0,0.0,prod_2026
79250,Pp.Nq.Ce-1198(d),2026-08,FLXS OGE S.A,CENTENARIO CENTRO,VACA MUERTA,Extracción Efectiva,Gasífero,Surgencia Natural,EXPLOTACION,2762.0,,,0.53101,45.6632,0.57,31.0,prod_2026
8043,YPF.Nq.FP.x-2,2026-08,TECPETROL S.A.,FORTIN DE PIEDRA,VACA MUERTA,Parado Transitoriamente,Gasífero,Sin Sistema de Extracción,EXPLORACION,3243.0,,,0.0,0.0,0.0,0.0,prod_2026
